swahili_id,kitaifa,michezo,biashara,kimataifa,burudani
001dd47ac202d9db6624a5ff734a5e7dddafeaf2,0.87672955,0.010219679,0.109292164,0.0035829386,0.0001755541
0043d97f7690e9bc02f0ed8bb2b260d1d44bad92,0.025723489,0.9676415,0.00036539897,0.0050754533,0.0011940729
00579c2307b5c11003d21c40c3ecff5e922c3fd8,0.17144541,0.0017451876,0.8210617,0.0049415845,0.0008060871
00868eeee349e286303706ef0ffd851f39708d37,0.6961049,0.032435007,0.2541879,0.015502077,0.0017701439
00a5cb12d3058dcf2e42f277eee599992db32412,0.62235045,0.005378813,0.36673734,0.005130102,0.00040322213
00a93e174866089d7f4b59b72645573f963da555,0.017917762,0.97782284,0.0001869509,0.0033409928,0.000731419
00caee8b79f36cc0a5ae4fe86b8abbedeef6c705,0.81207114,0.0073938007,0.17631926,0.003984847,0.00023095
00e72e69de296484ccacd96e38240844ac61be23,0.048778094,0.93932533,0.00082951185,0.008906678,0.0021603976
018effc3b6ce812c825fb01d244f4b849658ef3c,0.021496732,0.973899,0.00022449042,0.0036237694,0.00075592485
01996c3787dbce345ac122a8912dc9ab57334e2e,0.2041941,0.73317844,0.009116219,0.040865656,0.0126456255
01a58fd93c05d8febbd10824b162ba00f51a9fcd,0.8668866,0.012125407,0.11666452,0.004118157,0.00020536089
027063d6cb270ff8b60a4ced0c7d3835628286d5,0.84749395,0.017817104,0.12822242,0.006105891,0.00036056174
02824fb4c78d076c52d71f21f50c7e33fac4a530,0.08071629,0.00078725343,0.914584,0.0032189607,0.0006936788
02c1bb0911f056f18e04a9e831b405cfa721b62e,0.8437108,0.009629921,0.1423554,0.0040907785,0.00021305561
032bcb8f892f50c0f4698d550e140474cc0a2e25,0.021712922,0.9724088,0.00030655344,0.0045084893,0.0010631774
034185c116681f9afdefd8445f0a9896b9673f9d,0.14180212,0.0021040638,0.8484497,0.0063468777,0.0012972697
0355be98526df7da1e8da43c81f012551fd53a74,0.87685055,0.012082109,0.106828734,0.004037894,0.00020073277
03817b4b8fa61ee0176ac9c5cbf66fec86f2ed3a,0.4234522,0.014064494,0.54620636,0.014166419,0.0021105052
0388b907e596357c5bbee251003dcdf97d679c89,0.85070986,0.022960545,0.11901377,0.006903398,0.00041256935
0480c08ce9059abe99336f4b39a41f4562150848,0.05762612,0.0005282396,0.93842256,0.002766962,0.0006560557
04d7e75611796f3ce8ec460f1eb6bffa9da15676,0.024270562,0.97084045,0.00024962137,0.0038576173,0.00078176596
050e737c0998f7ba049bc0f02d5a4b64e7f0625e,0.031838793,0.9585261,0.0006831744,0.007085339,0.0018665884
0516a757aad1d09f893091602ad05505b5e88401,0.1084032,0.0011312496,0.8854023,0.004191788,0.0008715536
05d499508761de20c4ae1f9fee1e204bd435edd9,0.13659921,0.0010513802,0.8582576,0.0034982741,0.0005936384
05ea491371ea5305802da17a93f27ecf8e59bb49,0.026515132,0.9647163,0.00052987033,0.0064852103,0.0017534549
05ee92945a93072bd98b56eaa9917e73584c0d2f,0.88586205,0.01590781,0.09359473,0.004416456,0.00021893471
060017feb4ec0ef7415dad6cc02e33842dfcfbb2,0.48347092,0.004157846,0.5066803,0.005208094,0.00048286788
0689b40d0a24ac5152e62aad9d112138e7aabe11,0.054919172,0.00061488623,0.94047046,0.0031746645,0.0008207416
06bc918b17a76ca6f18a3341f7da78d1fd02a326,0.020581568,0.97487974,0.00022423074,0.0035430565,0.00077156
07556b566255f261f362d7b6dd317cf7c8722507,0.76080847,0.005486766,0.22964944,0.0038231926,0.00023204728
075bbea3663e0db97fcd4a2687ef2d47236dac28,0.8911024,0.010800296,0.09456714,0.0033785647,0.000151628
07ad07b3e6307bc93b4abf80011e4630058b665e,0.8738916,0.008514113,0.11423643,0.0032082917,0.00014951354
07e372ce107507e12c04bcc938f1014a190c4912,0.060658198,0.00054160523,0.9352287,0.0028606823,0.00071080925
07e92959da333f858fffbcb3d9598ccfe7d2da34,0.36529222,0.0030843443,0.6258746,0.005168338,0.0005804446
07ea328f3b14346960dc9ee5be834753bb1261e7,0.57152426,0.024167424,0.38395625,0.017857581,0.0024945077
07ec88b88bba066163e7aa27228b6263ee506390,0.83591646,0.01599669,0.14184329,0.005888714,0.00035487622
081412e435970d66e6a60e9406148323605d7171,0.5331123,0.008534352,0.44926333,0.008224695,0.0008654153
08275ea9ddafd22b968c99f94db32c366a9b94d8,0.029796716,0.9618888,0.00046367588,0.0063079526,0.0015429736
0890a8acfb73d35080feb74458c9792b1d57fe6f,0.870583,0.007357035,0.11895226,0.0029715642,0.00013608257
08df63a437025893af3ef60b87a702ad20dac5a3,0.04159017,0.9473253,0.00074220693,0.00830822,0.0020341126
0943b6968f97bdcdb50614734e04244199588da6,0.03151728,0.96002716,0.00050047116,0.0063739093,0.001581263
09b4ed7da8e5f8780ea8d3123478d6b42be31dfc,0.5826777,0.006027457,0.4051309,0.0056762155,0.00048773794
09e50d9ada0f258798d3a9ae312d4783589e5fc9,0.05792618,0.0006165524,0.93766385,0.00303235,0.0007611162
0a0c86c5a3e9253c647297a0fdf9355262620f8b,0.48067772,0.005828513,0.50606585,0.0067310585,0.0006968596
0a223acab39e9b37cc0ec89b241874869c79cef9,0.8539684,0.026391914,0.111802615,0.00736742,0.00046972648
0a25a12bcfb1bcee66a0fd936b305251082736ef,0.019849254,0.9753704,0.00023676435,0.0037273455,0.0008162946
0a6152dbcfdcc0e8f2980179f6319d511d86e258,0.83451134,0.0067912578,0.1552411,0.0032894402,0.0001668802
0a8af0671430846c40524d56d374035793d03247,0.018683972,0.9776612,0.00017489566,0.002907892,0.00057184487
0b01e6d23ead0ce43ee3cb719a84694cb634c84b,0.019560505,0.9762344,0.00018654985,0.0033225568,0.00069600414
0b39b6b564a36e71f36a9b2da87e1d8b0edc1926,0.8483597,0.013409335,0.13270962,0.005198136,0.00032317295
0b47e2144dc890d150c60a32986e2b130fa1e6ce,0.07731541,0.0006868893,0.918205,0.0031070546,0.00068560854
0b556c8ed912121e0574b62a5e41d68e771ed380,0.83469385,0.011253031,0.1490526,0.0047323178,0.00026830062
0ba0156e5105e73cdc1c9c6e0b247be99c8b8be7,0.853244,0.008296683,0.13473305,0.0035506343,0.00017565142
0c272f5d8f6746d7b77b3d8dfff502c55b7b6612,0.8700378,0.013923545,0.11132302,0.0044873883,0.00022812485
0c970a83167a984294a4f45f714cc117adca3b91,0.8951515,0.0376258,0.060656812,0.0062208963,0.00034499101
0cdc764a2cf4f38e3b734dda222498daaae7762b,0.0880823,0.00061612396,0.90818423,0.0026125836,0.00050477916
0cfbd5179035e5e22964b1fa9c764337cc816bc4,0.60923386,0.006518779,0.37757295,0.0061639743,0.00051040447
0d15d685fd32390bac5ba568a7ad5cac59313f78,0.024321869,0.9703479,0.00026771115,0.0041567096,0.0009058193
0d1637e139b088cf1d9a114ca48a5676abca4161,0.07284527,0.00051796885,0.9235594,0.0025435574,0.00053378794
0d2e3cdfa1c479f93d7d19008616c7331df1d4d1,0.058920346,0.00037727228,0.93822867,0.0020359678,0.0004377178
0d33de20de638919329d55c90d8eeb6e6c05d8bf,0.06579168,0.0007682721,0.929056,0.0035242275,0.0008598772
0d8e8bb5db320bc6c7c048d0bed7b17a4e52fd4c,0.77963126,0.018252978,0.19349834,0.008014497,0.0006029199
0da943ec51a642a6c551c33e260fac9702db1261,0.019116698,0.97662485,0.00019514444,0.0033472502,0.0007160057
0dad250b74ae3fac96a6ea95da3908cff18481e3,0.9083038,0.012495247,0.075891,0.0031755853,0.0001344182
0dbb48e484af46a1567888ee8cad187011cffe91,0.86667204,0.016847992,0.11098316,0.0052133766,0.0002834757
0dbff8419b10d05274f9ae806c3a80f4182e9533,0.81886494,0.008971498,0.16756457,0.0043594018,0.00023954632
0dc7aa83d132722c26c404bcc4c3beff84a4f6a9,0.7925833,0.13787521,0.05100934,0.0169425,0.0015896398
0e43e7f0e72fd33f0fbf9cccf323f5075970ebb1,0.14371388,0.0011314173,0.850998,0.0035705809,0.00058607635
0e9ac91411adcd07930eec2cb5aca10edbcb5baf,0.88839823,0.013582851,0.09387692,0.003954428,0.00018754642
0ebce7758de01efa31f6cb32923137d89af0eea0,0.04711417,0.94156325,0.0008275802,0.00844857,0.0020465017
0ecd111de63881bf6a1a5737ab588f514c96c70c,0.8877309,0.012951705,0.09519922,0.0039240983,0.00019407342
0eec26a488ff8052197a3b5390b418ac1c12ba6f,0.81757873,0.07438194,0.090867855,0.015720328,0.0014511761
0f3cbf200b1576ec06958663630b1fe0296dc147,0.8064449,0.032163724,0.14995305,0.010613971,0.00082432874
0f549457628a1f540d3d5940ac5d21ba5f258533,0.4886546,0.004385721,0.5012158,0.005247444,0.0004964507
0f5bf82dcbb81f6291a8dc85ed6e306e15a1cbea,0.05562344,0.00038744294,0.9413159,0.0021789512,0.0004943392
0f5c284178765d0a6d07ce07bf4fe33f92e06202,0.7424119,0.0058216252,0.24745432,0.0040632095,0.0002489536
105b495562a154cbbcadcffad1064e8118242c74,0.021554176,0.9739919,0.00021556548,0.0035078356,0.0007304977
107dd7197b90fdfbe1a98b86dadfa8bfac9bfedf,0.049956966,0.00054987654,0.9456689,0.003038594,0.0007855823
10b03eaffdc3304770628c87bda11e0267eed7eb,0.02836529,0.964381,0.00042976244,0.0055136774,0.0013103633
11066cccc8556d9216650f0e9b8a11bea7bda395,0.84249455,0.00898632,0.14445059,0.0038675235,0.0002009914
1146d6b4b5f38d1e47599fc43dc2416ab09a9c6b,0.8514424,0.076539844,0.06043607,0.010797836,0.00078389153
115f11eb5f7d4ec8c9ed994f7a613024d7495529,0.052433174,0.00046272314,0.9439174,0.002545015,0.0006416434
1166f416e9abde5e66f0073ad84fab41e55d2f5f,0.044799667,0.00034652057,0.9522586,0.0020900138,0.00050529017
117475559a39a6e0c91bc8146d3af16441445958,0.79310673,0.044023026,0.1469593,0.014585696,0.0013253498
11cfaf6f1cb4d9e912f67fc7bba2dd20617a54e5,0.7567919,0.16698253,0.05426039,0.019867677,0.0020975182
11ebf20c51938edb9f0bb485fdcb764dec79b720,0.070319645,0.00058750674,0.925583,0.002873432,0.00063638564
11f2336ac02a445727c4c70267c96c26165e5160,0.031679053,0.96131754,0.00040242335,0.005408775,0.0011921416
12bfbc98cc72f5b4325559a389d68642841bb352,0.83729273,0.009739223,0.14852293,0.0042206,0.00022442998
12d9b3e67591a19adb213cc10fce955b95975b59,0.033541534,0.9589233,0.00041896786,0.005827078,0.0012891525
12e3516097ebeb561a648ed3b80c84831b2373d5,0.07435561,0.00045641366,0.92252403,0.002222047,0.00044189984
1317a6c2be8b08e66c44be5fb0fa0abd95dc1122,0.06406212,0.00061160495,0.93160623,0.0030207236,0.00069930655
13299c54cb74ce4c8714de5e4a9bccbb9a556f96,0.01818097,0.9776048,0.00019524693,0.003298134,0.00072085357
13451413c35a1bcc624706c98bcb353fd910f62a,0.034813207,0.9573368,0.0004840009,0.0060158875,0.0013500528
141df8d7c9720327fef3166a4946149d4597520a,0.122430705,0.0011749484,0.87169194,0.0039602355,0.00074217387
144800063ce42c96dfa9cdddd36d622159cef6fa,0.86137277,0.016384501,0.11668497,0.0052730585,0.00028473337
145d0710b6bb3db5a6f1bb4781468967ab8f363b,0.8327383,0.013209897,0.14841491,0.005330566,0.00030634154
1490e2b0c8e2ce49cc21aedb335c55c4b8df719a,0.24083793,0.002703633,0.74988055,0.005722532,0.00085531914
14fcb47517af5bcf9fefb157fcef1ba616a7c081,0.8490554,0.0077176983,0.13961652,0.0034419408,0.00016838685
1531d5b6c12ec1d135669ae9484671aea15423d6,0.042875677,0.00029536514,0.95450443,0.001878269,0.00044629694
15881754e95674ca3089e2c229cf14ca385993e1,0.023185859,0.9714239,0.0002972146,0.0041722846,0.00092068175
158cc5c81fe5b29eacb35b95b6e0e56d09d8e758,0.018915543,0.9766248,0.0002014734,0.0034937803,0.0007644225
159224fc313fc2d9b3ef32df8c20c53fb98725a2,0.8289059,0.012698676,0.15275478,0.005330786,0.0003099104
15b073c6c1159056affcb7b1d5fd094d2fa178d5,0.02744443,0.966663,0.0002962799,0.0046095103,0.0009867444
15e01f45d706c15014d706a000efc2548eb33980,0.08027122,0.0009331385,0.9138652,0.003988667,0.00094181974
15e5a9271c80e1c7161e468adfb58a694c737ae8,0.047518495,0.0004196985,0.9490635,0.0024030113,0.0005953074
1641eb85255f102592a85d3cba2cb9cacb8b4051,0.021742398,0.97277933,0.00026871823,0.0042376104,0.00097197806
167e0483268b98bf5fe1a5aad41cd95eac382f0f,0.6568491,0.006298734,0.3313532,0.005120805,0.0003782177
16a0e237108278566224aab63145df19b683c705,0.059146333,0.0004526569,0.9374544,0.0024026113,0.00054401305
16a56f26b6f696151809e0cb26b75093ec47a58d,0.021372011,0.9734935,0.00025834682,0.0039906986,0.0008855026
16b770f6de7ce9481b84051fc4e124b792695910,0.43149745,0.004155526,0.55781645,0.0059159817,0.000614598
17aafba88458bfd29ddf9b7cbd159c191f7a1118,0.8255974,0.0130664995,0.15554968,0.005463507,0.00032291323
17dd7effc40752af58e35c37c5895d4ba5d84269,0.019329155,0.9754362,0.00025073704,0.004027158,0.0009567109
18595209cee4049feb8c24a6fd25aafd9d0d755c,0.15204975,0.8006885,0.0069030244,0.030985259,0.009373418
18a3d479d214f7c41b65ecd6abfbea8e124d5ea6,0.059868895,0.9259315,0.0011050313,0.010494703,0.0025998582
18bbb303cb556aa3dd69b6705893649b194b875f,0.11329338,0.0010388431,0.88120496,0.0037335486,0.0007292874
18fdf5f0583fe8b0cd324b2324e235a7cadc9143,0.026364923,0.96608436,0.00042102803,0.0057129795,0.0014167716
197baa2e7a1a9b5e091c5dda305922b912b5f000,0.039112672,0.00029558892,0.95825595,0.0018774607,0.00045844386
19f510e2874c0b863f7b753a1fd624e1cf7f65a7,0.8595198,0.008459569,0.12845461,0.0034017754,0.00016430343
1a17c80adddd2c806c7c006c1c6664551f639945,0.90960306,0.012551211,0.07452612,0.0031824275,0.0001371279
1a2945de7db7d664a6a47aa9d4ca66f32f70b007,0.8590385,0.008844876,0.1283489,0.0035893922,0.00017838179
1a434697e5ed37622d6e242b2661e1b5f15fa4bf,0.8604249,0.01853436,0.11470697,0.005979476,0.00035443224
1a4ea72aade16ffb2a8a5482d687c49f28e5748e,0.850421,0.016261442,0.12735309,0.0056443084,0.00032010992
1a8feb5bc2c7f920cc90e2d48e1aa165756d8e40,0.80135053,0.010470126,0.18283662,0.005036396,0.00030632043
1ae7db637de02c1433a216bff407f1e00b7746ed,0.077470884,0.00058604684,0.9186403,0.0027332706,0.0005694708
1af7c0ced692824637718b5bc494b3f369c27ae9,0.058165886,0.00080680696,0.935863,0.0040607974,0.0011034582
1b1dc07761bcf39e979dfb1718967a78d0aee790,0.70890087,0.0061026094,0.28023982,0.0044629616,0.0002937344
1b50390e6648cebfec8fe3a6aef61a0b066febf9,0.8832881,0.007611823,0.10619004,0.002787387,0.00012262676
1b5736b3ac4f1db6c28a7818835cdf7a9574658a,0.17485349,0.0063719377,0.8000177,0.014755775,0.0040011588
1b5e71255db35337b4ed41409ad2a02e2631eb7f,0.8126466,0.011759894,0.16994242,0.0053396635,0.00031147856
1b9efa38da384b10eaa53d56a07a9094febd5c6c,0.8545648,0.009242352,0.13225748,0.0037503925,0.00018495937
1bc2142fc267f7d22be3b03f1d8b96791148b0cb,0.022508737,0.97014004,0.00041769037,0.005514798,0.0014186242
1bc5f88ecb46e60f0f63bef176307d245171062e,0.030139767,0.9639493,0.0003351829,0.0046206485,0.0009551151
1c3ece194677524c78a9f91716667bce5fb9b7eb,0.069353804,0.0006520167,0.9261518,0.003130471,0.00071190274
1c626c21d45834c3cee43ec7ec17c73629afce5f,0.89005953,0.013934716,0.091803454,0.00401055,0.00019160725
1c73a9479849e76c9269bf9f1542e264493cd91b,0.07950507,0.00051863096,0.91712594,0.0023855327,0.00046473794
1c7e51812e18ca91b75484915554483ce2a55119,0.19064905,0.0027296273,0.798391,0.0069772634,0.0012530715
1c9268524736398ee3e60880113cc4d92f934989,0.86192495,0.014143241,0.11885003,0.0048221126,0.00025963195
1ca667458b92c09852f3e4a2d3be77fd0064c069,0.15219961,0.81466043,0.0053497497,0.022474464,0.0053156787
1cb82db6885a902029c17c04ae7511653a1d23b9,0.074920766,0.8844963,0.003984901,0.026439847,0.010158241
1cca7897a49ff7f29aafea06ccafc2ab7f050d9e,0.041673508,0.9485208,0.0006058447,0.007462568,0.0017372589
1d21046991eae6f767d0af4f3e2df0c41d57376d,0.053541712,0.0003529127,0.9437056,0.001958646,0.00044114364
1d3892ce2970b5f0ab94bd5d6df178022b82fb75,0.7070182,0.008163676,0.2786763,0.0057441154,0.00039772977
1d3b44ab1c7acfdf3850e0f32c81ac0733875299,0.021522596,0.97393125,0.00021779921,0.0035887624,0.00073953916
1d7c293d74195e673ba22ac413866beec98ca7ba,0.032536436,0.9593344,0.0004891086,0.0062110615,0.0014289406
1db409415257ad5afb7d1a4301b5bdd7e4b23a4f,0.018073076,0.9780759,0.00017496519,0.003039555,0.0006364582
1deae0ba27a1dff11ac59bca2da59863dcc89401,0.027897082,0.9626722,0.00062375405,0.006941357,0.001865588
1e5f02f3348efc9deda3149c6dcb24262b68e0bc,0.019379502,0.9767468,0.00017834989,0.0030756206,0.0006198182
1e6b54269bbced15cb129fd99873927aab30fd92,0.10449586,0.0007876635,0.8910111,0.0031180845,0.00058727706
1f306e0c91d64cf18674974f3520900b53ae60d0,0.018392917,0.97737324,0.00020357445,0.0033173233,0.0007129006
1f8ae4a40785fe5619988e033a6bdd897823827d,0.6876847,0.009065599,0.29622945,0.0065280935,0.00049212313
1f91a15048e3ee430b307e0d25298ccb4d778c78,0.029736971,0.9625085,0.0004727829,0.0058630104,0.0014189195
1f93a643487d5fc6008d958f25d7ee0ff54a7d11,0.34868097,0.0025345595,0.6438402,0.0044505238,0.00049373147
1fa318e91639e14ded7d95319fe5e497b89c1c6b,0.7383817,0.008593571,0.24721104,0.0054424964,0.0003712053
1fec12dabcfdbf1509bf3c4a94af4f3be401a957,0.8855392,0.012623631,0.09787425,0.0037886228,0.00017439683
20514b3a900e6865ddbee4dc7f3ac9a494c3982e,0.8664127,0.01139376,0.11789269,0.004090104,0.00021076137
20db7329999438154327e166b1e270010149814a,0.42795584,0.50348467,0.030143175,0.032761242,0.0056551397
2186342b9a2ac3d8370cd188deeb4460adc17368,0.023211418,0.97144556,0.0002785608,0.0041503296,0.00091415556
219c4fdda89354527ee17ad814be82a051c69f85,0.09262702,0.0006449357,0.90339917,0.0027854622,0.00054329034
21d98fb6b5204400522e33450b68f43377298c45,0.1285274,0.0011592191,0.8656731,0.0039359676,0.00070421223
22133cda28691ae1c52d81796c20644a27ad65b5,0.798313,0.011281194,0.18458188,0.005484052,0.00033980806
2232f3e8f9147b183adc5e5922031ada4617fe49,0.8862324,0.039082944,0.067058615,0.007180584,0.00044554935
22650528be024b0ae698b5211306bc3732636d13,0.16580865,0.0012078703,0.8288325,0.0035944395,0.0005566059
2271fe2c21330c061b949ee2ef4e519280852b13,0.49456,0.00946908,0.48540616,0.009463966,0.0011006679
228a29757133e396c6f0962ee01ecd920542a044,0.8761825,0.025130553,0.09195905,0.006366444,0.00036135255
229d4fe6fec882e0612a7ceeda6ac8204de18c82,0.8310361,0.009871418,0.15442528,0.004422713,0.00024436502
22a7967c345454212d50c6f8b35414ca1947cfed,0.8617818,0.013323742,0.1201893,0.004479204,0.00022592048
22aa78381e31b43c9ae7f2a931d04e5fe3a9e2e1,0.035506252,0.95591956,0.0005420799,0.0065125227,0.0015196209
22c65d35241b8783cbb04b57e5d8bbf67b18466d,0.021600815,0.97280496,0.00030650492,0.0042853015,0.0010024691
22d51c0b65218f37924043f86cad2836c06750f4,0.8575157,0.012960503,0.12461521,0.0046652784,0.00024328839
22d605a5ecf7c468fa8ca8482cb4295a0c6622f0,0.8981906,0.010953037,0.087589,0.0031331892,0.0001342595
22da997d2d5a443d57cc82b9c0b996d4444012aa,0.022311965,0.97314703,0.00021305427,0.0035986202,0.00072928827
2331aed1ec908a42e14752a12d2ff6db43352185,0.08959408,0.00077655277,0.9055964,0.0033305737,0.0007025083
23432f8e81eae4e9d012a18339e19ab9076f72b2,0.8293123,0.008514771,0.15794119,0.0040212953,0.00021035364
234503eb2811a7bd940e16cb63e858165b824b02,0.038801618,0.95258325,0.0005437418,0.0066106515,0.001460736
2389fbac7e9352ec0de7cc8775f2efc4b4cf6b5a,0.018420907,0.97767067,0.00018623001,0.0030867876,0.00063538173
2396eedfb4b784c10e02b5ff30b30a67b2b43c8b,0.17394146,0.00092403963,0.8219194,0.0028122992,0.00040283173
241de8bd14a3c5059ba72e47c9c7d81256740add,0.056338724,0.00038655676,0.9406625,0.0021372659,0.00047492326
24951db6a078339cfc92582044799ca6e960669f,0.029251574,0.96313643,0.00044361196,0.0058044684,0.0013638642
251bd51aa700823c7d36d58b331cdc110a1701f6,0.32216483,0.004664571,0.6637313,0.0082230205,0.0012163033
25222836d355cefbeb28dce0331b511c5504d970,0.87062305,0.009035948,0.11687676,0.0033086808,0.00015557624
25310ef53a4af995ebd5cd6ebf505eb496bd1f82,0.8989908,0.008746515,0.08938009,0.00276539,0.00011727834
258ac68db6c7767d8e8ba2c49921e2c329aa0f88,0.025751058,0.96896434,0.00027586168,0.004158582,0.0008502869
25c7ddcde232773eeb3487aa8e6cf929750416b8,0.8805907,0.0087612625,0.10741006,0.0030988706,0.00013913985
260a4acadfa1c8e2a5b405b858b556fb841b39c2,0.840451,0.009642515,0.14546047,0.0042160675,0.00022987553
26498a5987dbab32e9e3841a04434d9d6216f7e1,0.04351875,0.0004893141,0.95245385,0.0028009994,0.0007371017
264fa2dc9c98b37c6db6f1f7c8b7f54fce27c993,0.8928805,0.011743768,0.09174097,0.0034773443,0.00015727086
267db0653386b9e84e4130fd216b57a77289b54d,0.025012856,0.9684645,0.00033482627,0.0050082034,0.0011796737
2682e0c1a27de26e0649f196994225173d6323ba,0.84956706,0.04620831,0.09307209,0.010359636,0.00079289346
2683a7feb3b17d27344244cb210cd148d35223f0,0.028614022,0.965542,0.00032968778,0.004565062,0.00094920606
268b71f045246efde4ea467a4ccfcea2c2804b51,0.043471605,0.00035749635,0.9534896,0.0021547396,0.00052645546
2691ac6f3a6e113168f145237d836b60df881924,0.6599882,0.029996786,0.2935783,0.014837956,0.0015987876
26b702a06ae1e864430330d015aaaa35f21d4eeb,0.8963663,0.011806386,0.088303156,0.003375751,0.00014833083
26bf62e344aaec65d875ad14fd562aa40b49408f,0.060667645,0.00042399482,0.9361262,0.0022761144,0.0005060534
271825ae352bcae7618044ca2b5719b6f67c6e07,0.023100488,0.9714504,0.00027927823,0.004229094,0.0009407262
27234421a1cc225bbf6d4795f3488dfdf1d2a1c4,0.09625219,0.00086741516,0.8986322,0.0035279135,0.0007202037
27559809240c440f0b528fbc1af7e5cbe1b8fea0,0.059028503,0.9277887,0.00089155877,0.009967579,0.0023235797
2799426ff8c1dda3701fbc7dcbb624bdb230cae3,0.103034936,0.80794233,0.012082125,0.051018532,0.02592212
27ec30c7c2416334df93fd818a58e3d9554913b5,0.048632715,0.00036976958,0.9483699,0.0021300323,0.00049754046
27fab48d0e16964ff46d6c5b904ebdf9e81e8747,0.8464785,0.012344316,0.136095,0.0048170136,0.00026516063
2851c1456c5a6737c8594631348781c2ebfa30cb,0.2239144,0.004757797,0.759601,0.009860928,0.0018657984
28667773b1bcb3baf526df79f8f3296c0d4c9674,0.019118892,0.9765669,0.0001941172,0.0033903657,0.0007298118
28a78ac3fea8a67371457536a90b0e9567273865,0.73577946,0.013740147,0.24207574,0.007789177,0.00061550236
28dc3ee972f8779bb4b14107db268c8409f50219,0.017918894,0.9780618,0.00017908646,0.0031581223,0.00068222784
28e36096ebda6cb2169943384d6c1fa8180fd9c0,0.87378347,0.011430249,0.11064424,0.003947566,0.0001944539
290c85dac0aae4c60fc1f957f7b17b380e049c23,0.032597184,0.95655495,0.000822936,0.007923455,0.0021014917
2949d2d118a3240ba3c654d7c7e93169307176b3,0.025897516,0.9673555,0.0003435142,0.0051905694,0.0012129225
2957893c8d9481ae20b144a940ea8a293d90d18d,0.020870281,0.9748463,0.00020364214,0.0033927748,0.0006870713
29a252032b84ce882412cf07189c50cb15514eeb,0.8653838,0.008454858,0.12267163,0.0033333017,0.00015644808
29b49407d4bf17d71f7bd1d4f4e47c4a899a28ed,0.839999,0.0075513218,0.14873719,0.0035345433,0.00017782251
29c81c827ac7170ca7898afd9b27347ff592bdfc,0.88377756,0.027658831,0.08176015,0.0064235292,0.00037993758
29e5ea1ed4816d8687114bbb13162d9a074e7eb8,0.030489657,0.9618072,0.00044250465,0.005870159,0.001390564
29f93cb4ecd517363279aecef84e97875d5545a6,0.8956654,0.02133544,0.077922955,0.004835788,0.00024045857
2a84a5008e52e2a6656bb548d835335011aaaf74,0.021891749,0.9725664,0.00027547704,0.004279037,0.000987373
2a9af38c7e7210b6ba6c72cf5864052629eb3b6f,0.7706739,0.01281058,0.20949985,0.006567034,0.00044858686
2ab0ef31dad96da6e0da678339f3f4f045ac1076,0.8576139,0.011712994,0.12614988,0.004303077,0.000220158
2ac85346f12429c41daf50490f042007dcd08c83,0.077557705,0.90785503,0.0014223468,0.010786362,0.002378476
2ad94bd023bc1acacfed6a3352a100906678b109,0.4077652,0.558129,0.014063727,0.01786141,0.002180623
2b48e2cac369ea2abb17921a610162bd33f74d68,0.87248147,0.010989437,0.11244885,0.0038889346,0.00019130546
2b95c79271040f8a030d774286ad44053ee16b9d,0.5107478,0.0060299137,0.4755595,0.0069774403,0.00068531185
2bba32730836833faaeb1a263ed29ab4df5735a5,0.8606043,0.010693558,0.12443659,0.004060751,0.00020480275
2bd8ed9333cd7b9864725f1742a689df365ad51c,0.25677222,0.0016930953,0.73723257,0.0038182556,0.0004839195
2be0d207f3a86e11d08edc1188508e1af1d63fb0,0.13419291,0.82520896,0.004949325,0.027526567,0.008122231
2c498e330e035ae446ecde1a08bbf4f9598ea178,0.08485939,0.00047606818,0.9119783,0.0022533876,0.00043291066
2c6451ee38d8ba82c2d43d23ada828a269ca4116,0.023777587,0.97096145,0.00027336873,0.0041068597,0.00088067714
2c966c3f4143d9c68580bf1c3d404a59137ae609,0.035730448,0.94979084,0.0010008678,0.010291311,0.0031866145
2cada7f16de01df9295a1b644efe5c619ac8a2b2,0.061997484,0.00058687537,0.9337339,0.0029771575,0.0007046038
2cae18f86c326b0eb16f03b0aa9c75818a977448,0.06125022,0.00072119996,0.9336151,0.0035268299,0.00088666694
2cc876deb0920ade25c16884bb57a0aa8359c43a,0.023588253,0.97087437,0.00029147693,0.004302914,0.0009430506
2d2fe22b39e39e7bb306d5e84dc9f9c4d470114e,0.020812733,0.97365993,0.00028762137,0.004234963,0.0010046505
2d9c99c1154e7e7bce3b3f191f4d828672ea27a6,0.0641582,0.00044050478,0.93262607,0.0022800537,0.0004951869
2dff481ee72ac1bcde6262b26c372a9e8b7c7497,0.8700334,0.0076088966,0.119153276,0.0030627467,0.00014170264
2e543d501ac8b6dd450fef9425cae55ff7b50a73,0.25409037,0.0031026714,0.73538566,0.006443392,0.000977891
2ea80316710f886c245ae2e2d45915567e548c7c,0.26500553,0.0023197832,0.72710854,0.0049070506,0.00065919117
2ebfaa78df27a0a64d26bf6772757307c9ff975a,0.14015482,0.0019312676,0.8510807,0.005707464,0.0011258138
2ed11ec456a062d53dba7f7a9d57534d12acdb95,0.8732249,0.022309406,0.09811334,0.0060156654,0.00033662622
2ef825bd7e0591e0e7cb78dae66ce5a2b6c40f5d,0.063892215,0.0007742129,0.9305767,0.0037546847,0.0010022757
2f011c8fb460b9dd5e28275c0362745a010f4ca8,0.9003485,0.011887002,0.084289186,0.0033270512,0.00014830708
2f508eb79e87d75611f3ddba309163ce9d0835c8,0.021609196,0.9738608,0.00022265801,0.0035634595,0.0007437933
2f79ff4c3493a02edea1636bcfcf555b1bf7d64f,0.4275283,0.0029656815,0.5647251,0.004357403,0.0004235385
2f85f84d5136cdf6e1ede869b0015b7bfea6b800,0.024346389,0.96958333,0.00031162653,0.004672923,0.0010858149
2fb671633b2e8316879cf56b830a57c8b33983fe,0.8998205,0.01394496,0.08235636,0.0037099384,0.00016828439
2fbe2ccec11883bffc4a999febefd5f09b871424,0.023232702,0.9718079,0.00026149655,0.0038788845,0.0008190938
302994572385583073738f971152dc77783b528d,0.84480363,0.086986534,0.05639078,0.011027141,0.0007918455
30bdb11d5166101e7dbb5634d71c2575b6e5f54e,0.82067657,0.008926056,0.16593236,0.004220953,0.0002440768
313225e9af2ad60d37829216caf4bce04f23ea92,0.021951111,0.9734259,0.00022072515,0.0036465111,0.0007557854
31964043423a074f2a221988df0c76b5e6b8f5b2,0.022711989,0.9719902,0.0002636472,0.004122752,0.00091144064
31c938d5ecab1bf0f1c4e8082776f0361a50f27d,0.047037162,0.0003705458,0.9498769,0.0021861892,0.00052915193
31f73e02023dfa2d1e29e8ff41fd9b18c79878c7,0.028203454,0.9635061,0.0005509847,0.0062085674,0.001530816
326da275051ca238a24ffeaf166b24c00be6216f,0.7799933,0.008081299,0.20692486,0.0047115777,0.00028899618
32f27dc369df8e68abab72fede10e6a6ed9ffbfc,0.3929915,0.0031139348,0.59823966,0.0051055113,0.0005494288
33892ecb8c7c790fcbc2105f390c491c08963ea2,0.88803494,0.012677972,0.0953516,0.0037607502,0.00017472981
33a7bd491294f9bd4db119b53c5ad00ed70bc6c2,0.8560629,0.018204747,0.11950192,0.0058844644,0.00034604114
33b2fcf2f8546fae425948d41785c784da14d6f9,0.76322687,0.011323715,0.21917285,0.0058753435,0.00040124424
33c00e4613dc29cfd313ec0b072111e354130d9a,0.087781094,0.0008249664,0.9070869,0.0035469914,0.00076011836
33c58ca9d55b9898c0c1d86a2321bf4da5e1f0c3,0.46184766,0.0046772095,0.5267884,0.00606365,0.000623086
33c989d20b0b8cda8a03f2f35a54c9f20d4358ed,0.24131174,0.0019249795,0.75199646,0.0042127315,0.0005539823
33e428a439707970edb08701626948e828fdcdd5,0.19600339,0.0016422647,0.7975849,0.0041646888,0.0006048397
342f45fb99ca21761635a2554f6874290379264f,0.6864301,0.21575963,0.06431551,0.029462727,0.004031994
34c01b50cfbf61b078e8b418bbdca0a04a3748df,0.8421078,0.02237397,0.12784813,0.007200992,0.0004691004
34c47b3aa1a1f73b6c8b2ef6ea2c5b9dc18feca9,0.90277475,0.01537787,0.07793062,0.0037437354,0.00017293141
3503923351a4e5b9f1526ebe2bb91828008c7ba0,0.022641877,0.9711572,0.00032580775,0.0047431993,0.0011319418
3515161f7bd3c88c82fc4880721c119c8b65b6a2,0.09499978,0.8826926,0.002182107,0.016093954,0.004031453
352512f17d97d8c2ec89b553c49d9b66b73cfd29,0.15200907,0.001782227,0.8401272,0.0051565454,0.00092487776
353f1104abb19365f64a32a062aee01bb7b736ef,0.6700244,0.08343789,0.21325976,0.028807992,0.0044699926
35cc4d648238374926f5b1c5dba18f64a62aa3f7,0.020759515,0.9750504,0.00019478043,0.0033200737,0.0006752752
35dcca283f314298e197346f79866e31c4c9a806,0.019417446,0.9764598,0.00019142964,0.0032555782,0.0006757407
35df43cc777af342d62d49720a39d7cc544672db,0.86729836,0.01373124,0.11411777,0.0046103485,0.00024224113
35f111d0e97cc60de6b2295b0dbb3bd3c185cce6,0.026124194,0.96586275,0.0004529853,0.006019447,0.0015407433
360dacf49e0f34b5d7ca48bbab59ed497f667a1f,0.04999647,0.9269895,0.0019026187,0.015767178,0.005344253
3616b750238fde10f0af92b39f8642ed04f4292d,0.05276152,0.0004008792,0.9440422,0.0022720583,0.0005232661
361806eaeeb8e109ee70a5a7682afb4c62db6a6b,0.02413908,0.97005993,0.00030610617,0.0044841105,0.001010787
3667780549f63698b6bcda210f734afe6f00b6f5,0.23140328,0.0017100229,0.76207256,0.004235347,0.0005787603
368581ce89aa3d42dd5da5b819eaed2a7518d5f8,0.09728343,0.0011033865,0.8969117,0.0038866084,0.00081483345
368e350eda45f3d79eee691af6eec3b5ac67734d,0.85235566,0.009489893,0.134036,0.003920938,0.00019754628
36a25b2cd071cd97e370fe277ecc4ac8143298ec,0.028821593,0.9650804,0.00038268953,0.0047221542,0.0009931679
372a5ed3b413fac23455e6f6c7b06707653d3d73,0.32500267,0.0038261341,0.6634539,0.0068239705,0.0008934382
376e988ff1fcf958808647649e2cdf3d01ea4602,0.09201796,0.00073581154,0.90362084,0.0030371598,0.0005881711
379e9ff20a7faf7614ccfbcc1157a2ba9c1649df,0.045089632,0.0003826292,0.95170224,0.002264813,0.0005607303
3885298536c50c15602b994f492a3160010dee2f,0.021129021,0.9743147,0.00021142217,0.0035913156,0.0007535172
38dc25352f81252d7e3e6510f383867dfac5c1c2,0.13720359,0.000930041,0.8580725,0.0032388244,0.0005550214
396d208d43ce393a6dccab5756f7277841766af2,0.07150588,0.00063740823,0.9242798,0.0029337099,0.0006432725
3970b66161631251dbe027dd83cece64dd0de64f,0.8907351,0.011426617,0.094198875,0.0034813804,0.00015801148
398a4144007d77ecf3ec1c1deebee3b6f4cea7e1,0.89953065,0.009314764,0.08816506,0.0028684211,0.00012108628
399d32183389be62b9e3e781c566f30a35c0aef7,0.020408737,0.97538835,0.00019242898,0.0033260877,0.0006844216
3a1253a00f5dd488cf15f8679bab5ef457a3a969,0.13476509,0.0010569984,0.8600613,0.003522723,0.0005938651
3a3f9fbb047cfee35b1f0fd80ccef2c4f6fd1867,0.026623182,0.96613556,0.0004385448,0.0054658805,0.0013368457
3a4658180642cbe2761195b9b7780b1fc18b0766,0.020609342,0.97487813,0.00020793708,0.0035485355,0.0007560742
3a5d3d3191b1a854703715c46186fb9122eef2d2,0.06763078,0.0006323493,0.92807746,0.0029815037,0.00067782577
3a6f248cd6c1eac31bf2c6ca7d6686f08a259b94,0.8824369,0.012950685,0.10044327,0.003978685,0.00019053472
3adef46c0ad4a98d53de3f6bcff7507e9adaa103,0.024477609,0.9697188,0.0003223115,0.0044682785,0.0010129676
3b0a48a292ee2314e553b3ae0e9fcfe5acd82924,0.3065334,0.002767716,0.684968,0.005095534,0.0006352984
3b2fba8eab2d0c87c14342ab93f9593833a58ccd,0.5168197,0.0070340675,0.46729362,0.008026304,0.0008263051
3b4fe73c7a6f4cd4809eadcc3a8ddd5c26a7b329,0.023646485,0.9714983,0.00024290501,0.0038201734,0.00079213106
3b66c5b3641287eb6bcfdfaf1432db339d636699,0.036575314,0.9549716,0.00049082795,0.0064972653,0.001464918
3b99fb4e5cdd412fd4a195cc34cbdb68f95023d3,0.029340679,0.962914,0.00043919313,0.005894536,0.0014116281
3baaafacbb8a56cdbf2f0606aae30356237e7a36,0.2155719,0.0026351707,0.7748907,0.0059642764,0.0009380081
3bb07573a736eb7a159fc4266b7cfab3e2caa588,0.8799065,0.022662666,0.09131597,0.005780429,0.0003343902
3bed99a322bab956e678483c2ed0338635bae020,0.06261386,0.0005329998,0.9335649,0.0026803997,0.00060789747
3c194dad83f96a132dc193cb478b44cb3461480d,0.7556171,0.18040134,0.046061993,0.016412633,0.0015068534
3c2d132307838479da9a7ea2aeaf7b49bb1f0e98,0.032028366,0.96181464,0.0004169342,0.004786319,0.0009537465
3c2fbf3e89cf8927e65c8c95dc1f965f97088d1c,0.029310707,0.96326005,0.00038614677,0.005698077,0.0013449929
3c49e11299417669bb889f53ee69a9eac81f3c00,0.025453705,0.96847624,0.00035628807,0.0046518035,0.0010620082
3c63bba60c34b790de86d559d5c64bf24983e7d8,0.027418882,0.96649194,0.00031523212,0.0047503626,0.0010236113
3c9fe40cd16d06c217583aa70ff91ff98449a19b,0.06211843,0.00043193268,0.9346752,0.0022777605,0.00049657957
3d1d32fa2c804524e6be92202fcb61c9c6f6e6bb,0.06290775,0.0003928998,0.93414676,0.0021027997,0.00044975572
3d27f4b78d09d18c7fdab658245b1acfcdbb1ce2,0.056213416,0.9290835,0.0015079334,0.010622332,0.0025727758
3d7646aa97f7a6fd4d5d7962fe039ea0267ce82e,0.36251965,0.5456014,0.0215708,0.054100685,0.01620744
3d7b8c6d5faa987683984b2e13370fac13d99bce,0.023345293,0.9722801,0.00022720649,0.0034684096,0.0006790158
3d7eb9ce8727645ee4ec20bef250e766d937bc33,0.030066047,0.9597974,0.0006253444,0.007427679,0.0020835332
3d968ff12649d5fadfc7bb51a998e81141b6af67,0.0320754,0.9601143,0.00045598444,0.0059847035,0.0013695456
3dca37fb5b222754452768c19679c0a1e6350aa8,0.9026633,0.022174548,0.07032111,0.0046081985,0.00023285218
3e2708a682dc263246f9339ad8336ecb8ebab0a1,0.021217968,0.9738709,0.00024544544,0.0038229097,0.00084289967
3e4a810a0d73e508de6c53ecdfcc3db19b6defc7,0.04598134,0.0003931823,0.95075303,0.0023077952,0.00056469993
3e75e226e7455e797ba49e7a71bdfda5584c345d,0.8837122,0.013021896,0.09907951,0.0039927224,0.00019366693
3edc14fd83dd2a5a168cb887b108488e39d07676,0.42362463,0.0030232386,0.56858826,0.0043479055,0.0004159705
3efab5e77da8308ee9d10d8377599e04f4541b65,0.88358283,0.011822297,0.10068872,0.0037295194,0.00017666473
3f21caf8ed997cfa7908f309bbc09978d7fa138f,0.48394483,0.031627487,0.45336094,0.026260847,0.0048059104
3f991b7a289f5c96810a62e767d9e8e4a8506c89,0.8943219,0.028047038,0.07161155,0.005716966,0.00030259593
3fb4a05a1d41f82013c9b5bb2162253d7ddb8041,0.82557255,0.01150552,0.15752268,0.0051026773,0.0002965895
3fd93c73799d370d5fdd697bf21bb51a46ffc60f,0.86989146,0.01682045,0.10779611,0.005207562,0.0002844712
3ff07631c53fb574981f8a8566ad1df74e9b38fe,0.12578015,0.0008251194,0.8699781,0.00292954,0.00048698645
406e2d7535778e94393ce2e5d838c09362780035,0.023708064,0.9701137,0.0003350943,0.004727724,0.001115412
40aa2348315c7f16368b4f6a53455fe9be5af037,0.112331085,0.79141057,0.015463325,0.05446111,0.026333857
40e0e34c64479a19963ba2b3a4ca66ad2fce2a0d,0.050082915,0.00038980803,0.94676536,0.0022367656,0.0005251585
4139d0cd9dd188d32c4bd09f1f615c9f8f074a78,0.74913365,0.008598923,0.23661657,0.0053076255,0.00034324845
419f3484c1d4d86a847a90dd8b750219233fc02e,0.86221,0.039842356,0.08795929,0.009331335,0.0006570979
420d57cb8b69cb097e553a18b2ae5496b90fe177,0.8846642,0.008359732,0.1039132,0.0029335304,0.00012944071
425fa2c3e26db62deeade6a465c14fe6ba7a5769,0.0180765,0.97790754,0.00017855452,0.0031735941,0.0006639479
4266cd82b4012f07076553cbc7637904c4434738,0.023523513,0.97123563,0.00026898686,0.0040957145,0.000876158
42748c8819059ab2e3e4a11e49b4904d18f6dde7,0.2195324,0.0019182875,0.7738205,0.004159355,0.0005694582
429b3c1cc70b8987fbb65cc64ddbb2ac4af2e413,0.8882642,0.012765856,0.09496446,0.0038263085,0.00017923179
42c2f1c46d8cc0e1e53d3ee5a982b6b6b134cb11,0.1419786,0.0027445129,0.8457724,0.0077301892,0.0017742906
42c69bfd2bdcd6f298cfd1d2c80a28ac3b11bb2d,0.026226979,0.9670798,0.00035321058,0.005137959,0.0012020671
42d72fdf8b86e46185455a13c498c706f024f0d0,0.8664203,0.010167345,0.119522884,0.0037082972,0.00018131502
42da4b38de50486157849b2a650b7450582f1538,0.045515165,0.00036290011,0.95147425,0.0021388733,0.0005088643
431fe08349f4b79dfda06907dede71aa34837c5c,0.43658817,0.5142592,0.020172931,0.025298879,0.003680825
439d7e5cc85ec84ff8c5b289de3cc9418bb25654,0.59363014,0.0052531557,0.39550027,0.0051844385,0.00043196985
43a4f680a89759370ccdb4593b8adee125300d3a,0.01840172,0.97776854,0.00016910878,0.0030392834,0.00062131305
43f86b4839c0ec3eb2d84e81a856e227a90dcb74,0.35220122,0.5894415,0.016976705,0.034317534,0.0070630647
43ffd5ed227791dd5c9851f7d905e9f82d8143b6,0.5427785,0.005799061,0.4447553,0.0061015487,0.0005655908
44223f4d8c80798db4c67a3886f9998440e8bd36,0.32660076,0.0025428082,0.665491,0.004804624,0.00056078634
44a93f93ec30d799bea904fe8a6c590449bfbbc1,0.04853612,0.00054642546,0.94713086,0.0030053502,0.0007812823
44ac3f9e2b4857633860cbfb643520d2531fb490,0.01689963,0.979474,0.00015208297,0.0028812399,0.0005931203
44f5d1ed2fc82b23b06512ed53b1b98d9b274abc,0.70883185,0.0055840802,0.28101647,0.004284792,0.00028284077
44f5e18fed1a59fde38b7115f238e5fc874979d1,0.024579532,0.969105,0.0003404168,0.0048183072,0.0011567759
452786c6035f1b0993d6df134bc1c59f80bafac7,0.06319354,0.00046329913,0.93339837,0.0024108142,0.00053393084
454d211c41b771239334065bdf189c9f96c24f7a,0.027967844,0.9657894,0.00034956407,0.00485023,0.0010429489
45bb6098cebfcadc5640c6624b3fcb9631ac2b68,0.021952413,0.9728856,0.00026179475,0.0040103314,0.00088992616
45d0b1a2040340f9781bdaee64f3fc6c7901bcc1,0.019527353,0.97676533,0.00017109411,0.0029546148,0.0005816667
46d17d2861e55a2d3a7dc177936d3ab6cd60812e,0.457113,0.4859405,0.018912569,0.032308616,0.005725278
46f7d99c5024a91169d68f7a9001524b7aabc64a,0.06873053,0.0007264037,0.92620766,0.0034972713,0.0008381089
4718fa12fbae9140868d4fdbdba755d1b9b1196b,0.7623249,0.0093592405,0.22263345,0.0053349496,0.00034739205
475bc2d8c167d10a9866a5220a35adf48ac6a4e4,0.023894295,0.9696017,0.0003511706,0.0049507814,0.0012020639
47732d84ebc10d114f7343b35b8c819ced7ecc7e,0.85284215,0.02444125,0.11447639,0.007708013,0.00053225725
4844cb02f7be947986205fd1be1e54359d5babdb,0.044624265,0.00041581478,0.9518229,0.0024969315,0.000640221
48b701e4a229a02017217ed52c9b8e224e7e46f2,0.18508117,0.0029641904,0.8034163,0.0071884166,0.001349934
48cbaad2e505e5ff8a6daf0e65ddcfa7b9dab801,0.03292065,0.95984715,0.0004126686,0.005564718,0.001254805
48ed17ea7e5054a02febfc7c5ab01ea3963d49f3,0.017154321,0.97839046,0.00020612204,0.0034613837,0.0007877029
4924991c24da1d29571b87e46a77aa26629bf211,0.020955723,0.9746079,0.0002067635,0.0035025717,0.0007271065
49332e6f1f7ababfd0fc18e396eca6de1db6b11a,0.12436797,0.001048577,0.87048435,0.0034951165,0.00060404453
49740fefc32e31129f8c9dc2aa6ff7f84f0ecf12,0.07007869,0.00050776196,0.9263257,0.002539815,0.00054809905
49f5d3d270928177b9704551664459ecf50ee002,0.048832238,0.00040627344,0.9478895,0.002313818,0.0005581143
4a3c5532a96ee5d9cca5495b0c891b5b65b2b18c,0.021713916,0.9716466,0.00036160657,0.004981911,0.0012958536
4a9a5b9ce7c49ef6d3025a1a36236ee187311423,0.8103472,0.008773,0.17605653,0.004555282,0.0002679587
4abffcd8cff043da06735cf2de74fecaf0708e43,0.85017216,0.015368649,0.12871625,0.005438051,0.00030481635
4ad2d58e8d4159b492758479cc2ca008a2a8160a,0.35915208,0.5701132,0.025527725,0.03734697,0.007860057
4b1b9aaa2431e1fd6c17d0b7915989bfe28c9b22,0.018061012,0.9777363,0.00018880772,0.0032995092,0.0007142596
4b316bdcd74d1c4cd61a2f73940cce36a3e38775,0.07616263,0.0009835875,0.91767,0.004170965,0.0010127521
4b6eddb260cf69fa0ec1d343699edaa3c91de592,0.0271422,0.96515864,0.00043804455,0.005818433,0.0014426389
4b7f4f3ec8977c4bd930528c5a16f614edd59433,0.038583532,0.00028095135,0.9588563,0.0018326744,0.00044658454
4bc882e9e5a9a33ac6310e9e66234803cb51b2b6,0.032271292,0.96093136,0.00037146188,0.0052991556,0.0011266441
4c5fec07ab429a07e915617d597778e7d7b3bc83,0.7630057,0.16947994,0.045681365,0.019812644,0.0020204028
4c7aadef8f8567eede8cb0690f090afe1b26c815,0.5881113,0.0053248857,0.40090534,0.005232017,0.0004264048
4c92d992f539b1c7935a2ad8919ea143ec457bd5,0.13739632,0.0016582855,0.8548289,0.0051274006,0.0009891144
4cccc9422b54fc433479e10306a5293839cd1891,0.8750266,0.013968185,0.10641552,0.0043702186,0.00021935819
4cee51b2788d75bf3cc62fe90ad2c44c35b96b8a,0.02182106,0.9729865,0.00025368232,0.004024295,0.00091462734
4cfa6e5fd96a7e01e57d3112ad22a99bea040aed,0.023910394,0.9700366,0.00032044604,0.0046714046,0.001061168
4d243e1434da227f8f665bb2f3f42e3e9a240197,0.12570725,0.0018640109,0.8654427,0.005730656,0.0012554044
4d30e5726e84c02fae86f224a0bec2b2f27f0997,0.032193135,0.9607393,0.00041749724,0.005478214,0.0011718596
4d4b0b920ca88db835c48891e2bc915ed37ddb2d,0.021234421,0.9745792,0.00019864051,0.003316517,0.0006711724
4d991190f7265ce225ec8e954110adf7812a9fb4,0.019615078,0.9759833,0.00021566947,0.0034417182,0.0007441427
4dab277070219a9e560f549a49f8a6b5c78bd86e,0.17392601,0.0016650768,0.81914127,0.004500463,0.00076713646
4de4d5dfb2f1584da96dcf14b1b38077b284a9f4,0.82347345,0.009915262,0.16178894,0.0045662327,0.00025614683
4df59854dd007fb1ab530e4f2c592afbaa6c89e2,0.09522418,0.0008614022,0.8997813,0.003437402,0.0006957318
4e5bd6e8961e9c4799618f589d470f6878326c06,0.06667116,0.9137901,0.0014825241,0.014196132,0.0038599928
4e6c10248378a0d05b5a65f983463c558e52070c,0.023083445,0.97057265,0.00034366956,0.004821453,0.0011787661
4eb936b5f5f9af34bce71a68a663708d05d7c160,0.7801167,0.005587197,0.21073002,0.0033746578,0.0001915058
4fc0752c514347b8d2143130e12894fc9dc29341,0.032791767,0.96067935,0.0004102881,0.0050603272,0.0010581338
4fdd17f3d722646d7523eba88c70d71bc581b121,0.88988274,0.01147167,0.09499848,0.0034886783,0.00015839291
50092d4f78944002cd8907b6f0e18aaa47e38681,0.022466637,0.971999,0.00029857724,0.0042667086,0.00096905883
501365960bedde7040ab68ccae6c1fb3a9fb8162,0.051620316,0.00037144462,0.94544655,0.0020798096,0.0004819706
5016b0996b59b836fb5b7212d0e75013495fadd4,0.0529291,0.00032336474,0.9444545,0.0018778502,0.00041519746
5018c43ac36a275028ed9e1048fca60e68f1e7b8,0.046445873,0.9430326,0.00072066754,0.007906663,0.0018941548
501b5e2676faf018e4737f586ec6e62fc385f168,0.15156199,0.83313614,0.0029951893,0.010716707,0.0015899832
5026edc3937dc8e12639053066b8a7130746c56d,0.025105225,0.9687709,0.00032773972,0.00471429,0.0010817305
502842bf998366359620b9486789f1e85582c4d4,0.16829549,0.001464936,0.82543087,0.0041532507,0.0006554473
50619271d55a78bf05f2dff89cdc893c8291f74e,0.058908116,0.00053226063,0.93713975,0.00276883,0.0006509816
50a8b92b597491939365a098c448b79c8d283334,0.7568442,0.067185566,0.15314445,0.020543983,0.0022817028
50e24045ab34f9a06798545f90b82d7faebbab6a,0.063426755,0.926959,0.0008377423,0.0074243853,0.0013521513
50e33fbb7c515474bb684b8312b877f75c64d5d2,0.85988,0.010204785,0.12586044,0.003860243,0.00019451085
51613eb8ad494addcab281bb55bcfa4d1362935a,0.057280112,0.000625095,0.9380536,0.0032307615,0.00081055163
52004be06c1495c8a2e8d3af7be60f4a3978f103,0.8656479,0.012799299,0.11701352,0.004324339,0.00021496008
521947b7254043afad5321488b45bd86bc9fa9e4,0.8913699,0.01100698,0.09408414,0.003386464,0.00015249154
52389364131fc64749e056382f21e7ab23096fb7,0.87677866,0.02046147,0.09695788,0.0055025234,0.00029936008
52488500b9cb9ad27efd3e9c7e1b6069d76f9ed4,0.036795,0.9553562,0.00049355027,0.0060443366,0.0013109321
524ee4d9cd355c91d4dffe1725197af0d6918333,0.031333733,0.9615082,0.00041067717,0.005518141,0.0012291785
52a9e8ca172d2bde982c97193a5ee5f7a6a97c15,0.061500695,0.00037403163,0.9357169,0.0019906561,0.00041764876
52e207a7301dbed444e95437b27b36f9c739fe13,0.86965007,0.06417473,0.055860262,0.009647516,0.0006672955
52eee36406e8117cf59be7b9906e0dd085b70f49,0.09823766,0.0023230107,0.88967174,0.0077011045,0.0020665366
52f3116321ab77268a26b15caa4b5977934d21df,0.8549643,0.03565235,0.10011095,0.008678419,0.00059398165
531188121a60a5fc43d8ad724fc134a921e73659,0.71336967,0.006570672,0.2749521,0.0047896933,0.00031792014
53175daa7da6c12a02bb5d43fe53bb144d52c844,0.7148571,0.0067647975,0.2731076,0.004940171,0.00033028025
53332d2e0363433b554581a07239a648c5bccaff,0.77718246,0.00910835,0.20846522,0.0049374765,0.00030656508
5369aaeedb5bc24f9ef3f1bc3030397a5eee1ba4,0.88437814,0.024325652,0.08533124,0.005652252,0.0003126472
53ebd8e93dc6ac7e39f636449ebc6bcb84a7eba1,0.4334367,0.010960121,0.5416394,0.012321418,0.0016424492
53fd639b02e2f3b268a5f0258e0ff0945f01f3dd,0.028155115,0.9659096,0.0003223234,0.0046317894,0.0009811512
54067c7a878c3b58fd11de9198320fa4b253e3de,0.13611962,0.81383955,0.0070176357,0.032333113,0.010690044
542e0fdca9eca8f1a8ac3f759f2320f897941e3d,0.8853826,0.026396241,0.0817298,0.0061432207,0.0003480564
54c6327ea2d922515d7163f6b7d440651e35cc17,0.024623554,0.9702736,0.00028002844,0.004009341,0.0008134435
54c6903a8b969096bb76ec66c4a13b6e0b79c7cb,0.022674443,0.9721876,0.00026050454,0.004007586,0.0008698462
5503e470d7193f77e462e47a43d9f9b6b66bf91b,0.83525485,0.008852824,0.15167846,0.004002226,0.00021170544
555ed405d478feb0d94588bbac2b59a51f6fc4a5,0.019527517,0.97578114,0.00021907638,0.0036624053,0.00080990465
558bb6fa5f377c6c25426487db900d7fda9bbeb2,0.4875343,0.015788672,0.47935694,0.015196173,0.0021238523
55da7de7ff954cfc1a71aea496f4ed5b9cdc8bc9,0.028965825,0.96446323,0.0003651063,0.0050798804,0.0011258797
560fae6ec45faca058217fe528498b8f3f60cfae,0.13656496,0.0009205104,0.8588341,0.0031578427,0.00052252866
5617a7b9fb9683f0d8f9252e693e44b0f056df7b,0.035643622,0.95117635,0.00090961694,0.009493797,0.002776553
562784ca558a3edd53d16967c5c8289e67ac2b31,0.70902026,0.012015951,0.27033362,0.007978928,0.0006512117
56b8911bb19bc8102fe4fd245f0de4a221bdd5bb,0.08500429,0.0005915355,0.9112658,0.0026263956,0.00051202637
5732dbb50d3e1063ee48700c04b4ecd8164ed3b9,0.7977998,0.012854566,0.18296738,0.0060005896,0.00037763154
57453b728072b8f4ac1a990da4c20fac8ae2bd17,0.88724726,0.007283347,0.10264106,0.002710109,0.000118246106
5745f26be877d7bc6841578e9976b7975cb0a50f,0.6652202,0.21912485,0.072243825,0.037385143,0.0060259877
575669e9a06757b33795350edf2ecc3dc7c55b5f,0.026921274,0.9660638,0.0003792999,0.005386025,0.0012496744
578b9b45ee51e49001a85f9d4c2fa417109a2d55,0.87421584,0.013497484,0.10770285,0.0043587843,0.00022513392
5799cd2160dee3092a53dc89f8bdf4fb810a2c80,0.8785126,0.019526482,0.09626317,0.0054005333,0.00029713346
580f1261670fc795dee645c261a1c8a14473b21b,0.18336217,0.0012863673,0.81123024,0.0035891992,0.00053211034
5818195dc82ef1b86aa03ed7644cb973307a2f9e,0.8787244,0.009098628,0.108765274,0.0032617152,0.00014998596
581978bb76e9d205671c4fccd7ca5efe25afc973,0.14619623,0.0011050962,0.8484359,0.0036500571,0.00061266724
583018a3e6b001d56495e5b2c5f0af165905c0c5,0.82859796,0.013550996,0.15192847,0.005596843,0.00032573479
58797486ce63157a998329605a155c6226ec4cba,0.019082531,0.97618425,0.00021947395,0.0036794196,0.0008344058
58aee3aa1d94554ff57e6a053dbd60658e4890ff,0.0230573,0.97193944,0.00024537017,0.0039173895,0.00084051833
58b15b8d9ba8a56c867a26c0598bd613a57cb77c,0.06596648,0.0004627907,0.93072605,0.0023457725,0.00049897603
58bf4ab284faea337a0d32107f98fad33ca5ae72,0.0803461,0.0009227209,0.9140489,0.003827471,0.00085486786
58e14980924abd6531656ef3af536852284084f8,0.029735757,0.9649751,0.00030843526,0.004178886,0.0008018925
5959fab7b3f173e06a13ced0f5aecc60cbde40c1,0.028081492,0.966995,0.00029146214,0.0039278353,0.00070418196
59aa58b5a39079b7f52fbb08f024848e4c2a1edc,0.8897488,0.00957123,0.09740194,0.0031385773,0.0001393979
59ccdd7b9de47214adaacc2b67ce9923dc382f62,0.85223097,0.0073885387,0.13694309,0.003277901,0.00015954509
59ee593b27cb3b792b3f4d9c7ff0509265409521,0.025802381,0.96870977,0.00027761952,0.0043119593,0.00089836237
5a2d56de8f4035ee0f63b1eb158fc1474ead5633,0.8708107,0.011919762,0.113035604,0.004036844,0.00019710354
5a6e4698b3f6b34fdcc3f4cea46be02316337834,0.02656014,0.9599818,0.0010465173,0.009312229,0.0030993363
5a772ebe24a1a88a37e93bb5d5e09f527a31d14b,0.06559654,0.0006572378,0.9297768,0.0032151076,0.0007544059
5aa9f42e2997030682037a7545035c07b2f9d10c,0.042786527,0.00030226258,0.9545555,0.0018999967,0.00045577376
5acfc258efd4d5fa8756ea3cbc7a25bac5203274,0.033568386,0.9580296,0.0004890771,0.006396836,0.0015162408
5b17d138a5aa1cf2c6016e9b0aa92a893f2bc3bf,0.8812824,0.011135752,0.10380598,0.003607443,0.00016843171
5b1ad0ee8439755707f2651b62a58eceba714a1e,0.1160894,0.0011668736,0.8778344,0.0041009993,0.0008083546
5b32610d9fb1e6c06c9a759c9325afe1c580bcc6,0.8648142,0.0113422815,0.119595945,0.004045789,0.00020170718
5b5467b06ed20a92a9137215df91d48e80aa33c4,0.038349703,0.9513576,0.0006765605,0.0077393344,0.0018767458
5b8bbeb9a7ca0e754c4d54d25d164f9ad29f592c,0.04961751,0.0004409234,0.94681656,0.0025142413,0.0006106991
5b8dbd2f3e9a7a2bc4281d4cbff969b8fc191e86,0.29654592,0.0035987576,0.6924586,0.0065167514,0.0008799418
5c16246513e338b4ebe14d84ecc16ee1f87447a0,0.037130132,0.95066833,0.0009572426,0.008796391,0.0024477614
5c72a46844f5cb42829a1f1845c3d60d72fbf310,0.068602204,0.9172184,0.0010906316,0.0106193395,0.0024694959
5c86228fe34314d82d5db352632cf55f9d450c48,0.8898537,0.007845524,0.09946665,0.0027171862,0.00011698109
5c8cef625915c6a1220f0cd86ce0ac0dd78a6e6d,0.85717005,0.013751764,0.12393814,0.0048739705,0.0002660924
5cbeb23ec37cd92586317894971a58371c66dd5e,0.7209733,0.19157177,0.06163993,0.023227481,0.002587479
5cf8576037a8428434adf073dfa7fcdc1d4b91fa,0.09962474,0.0008433761,0.89562064,0.00327803,0.00063314184
5d087f02d1541d434bf4a32e539c1d0d1868bffa,0.025199305,0.96854055,0.00033883392,0.004820518,0.0011007768
5d5311827f2cfeec7edfe2f8870a2b865a07dc1f,0.8824977,0.011488199,0.102254584,0.0035921186,0.0001673409
5d5634590701455990abe734d362c5d5c7bee90f,0.3143385,0.6554394,0.010318896,0.017450567,0.0024526175
5d8ea177728d8ea79812d96a27219a7d5d2620c5,0.89277714,0.011322439,0.09240261,0.003348693,0.00014904691
5d96d8e3f4ed7494a97ee83502cae3f3f87d7b9c,0.07096243,0.00060264557,0.9248862,0.0029077337,0.0006408772
5dc9d7f6d10704dfcb4fbdc56e4bca75400ab27f,0.08453064,0.0011443342,0.9086871,0.0045338394,0.0011041244
5e3775e6cd75950ecfb2dd52d44c0e40b59de390,0.022527412,0.97215873,0.00028077062,0.0041208034,0.00091213745
5f01334d1c0dbfe04ccecfaa6eec1cc5cc534e3d,0.8868418,0.009712485,0.100091435,0.003211392,0.0001429205
5f23900038a99e911753e9c154bddadb5d15508b,0.029010225,0.9636874,0.00041964292,0.005583981,0.0012987069
5f75d7ccb5d7641dfd0c6dba3dc61942ff643b72,0.09775783,0.0007141785,0.8981856,0.0028266085,0.0005157548
5fdef434a2b49463e5cbb4a729574345647a194b,0.15005894,0.0026703787,0.8389129,0.0069403974,0.0014173562
5fe829f295891aa0dab6a838791b576c5660d6a9,0.045517147,0.0003154539,0.9518206,0.0019021492,0.00044466573
5ff773a6eeb3180c55f96aa7c5e4eb6183a5273b,0.8873683,0.013657169,0.09473267,0.0040431796,0.00019858815
604802030b06eeae31f0f9f9f44885a00a60ca5a,0.053228937,0.0004338202,0.9433934,0.0023812626,0.0005625547
605af423115f4f3a1242799fd315157efcd34729,0.025348868,0.970029,0.00025275184,0.0036572076,0.00071213575
60a41d7436e2647a15c7d57aadaf1d6fb7e37974,0.8408042,0.012180416,0.1418424,0.004901702,0.00027127258
60e112b51e98a607921c2a29cf2e46d57df95921,0.052527286,0.00057624927,0.9430371,0.0030785394,0.00078082416
61023bd78d026327e80ea3a76d8231e54c72ce55,0.85286814,0.045828283,0.09072679,0.009875291,0.00070150633
6104898c110df931c113d79fe356470934a27d28,0.031955827,0.9596751,0.00052794407,0.006306566,0.0015345978
614fd786adf4a1876a5d5b7c43897e7fbce29c06,0.860223,0.007090805,0.12943943,0.0031003072,0.00014654349
617137f0bd56b49da4ed41bc8caf9ac0eae9eedc,0.8608488,0.008388159,0.12720858,0.0033923413,0.00016218898
617227c2d4b80a8f4c20b82535aac34dfadcfa17,0.12805557,0.8024529,0.0136906905,0.04024477,0.015556016
618ceb1dd4ea60b89c8c921896c37f3dcf45714f,0.053942382,0.92683464,0.0017339146,0.01342732,0.004061832
618d36b105582d3ceb1bf8b194f99d9bd3bb2e02,0.07593865,0.8931534,0.0038567267,0.019986354,0.0070648324
61b4d23253eecd6cf2fe1a8ffd335d2e5f937810,0.08038195,0.00050866435,0.9163424,0.0023205492,0.00044647334
61d337198d7bc3441d0a5ca14d17c32a2eb922a3,0.023682142,0.97071403,0.00028607209,0.004341314,0.00097639096
61f0326e3ed61b418db3656ec18884cafa1e705d,0.029433593,0.962976,0.00045521694,0.005767968,0.0013672523
624320fff44f833c1c8296fb299ab6825c2c5b42,0.020536957,0.9747574,0.0002180607,0.0036884088,0.00079910614
6263d9a1596e632b0e35af422c6c7b7c19319d34,0.706518,0.008752829,0.27839285,0.0059052897,0.00043094356
6290717e64a93dca3056942ef52034b12e2e0891,0.022576094,0.9715559,0.00030783188,0.004497656,0.0010625417
62e30da20c6583c451115b772c017f0ad8837eb4,0.033176832,0.9550666,0.00076318986,0.008546759,0.0024467395
62fa2d435fe7c8fd8c397d9203b0efed7702eea9,0.84255433,0.091648564,0.05277367,0.01208789,0.00093556714
633d378a5ddbb5f2b7cc63788a66ba8cd43591ab,0.01913664,0.97630113,0.00021176353,0.0035770047,0.0007734388
6357380f249a669fb4943a25c1f519152b9c3bf4,0.018139303,0.9781702,0.00016837058,0.0029268218,0.0005952443
635df35717a0191c013fc3eed105d72f350f89e9,0.8988902,0.012010654,0.08546499,0.0034736053,0.00016049868
6360d3db5c148abb44efb1722f91ee852935b23e,0.026323365,0.9677557,0.00031803708,0.0045946958,0.0010082052
637dd71e973595ece26e0c25f9b2a93f4bc494b3,0.024393007,0.9702799,0.00026889777,0.0041664545,0.00089175923
639cd49dede254f5fa9b8b5e95f15a6118eadf03,0.061883215,0.0004960626,0.93449694,0.002546288,0.0005774972
63bc19b4b88d7bb78c33368241e3ecc8617012c7,0.8205739,0.014344121,0.15945694,0.005303154,0.0003218882
63f56c8cad492e08f889b57e038a78e5557e5254,0.795272,0.007988709,0.19212326,0.004364585,0.000251396
6424e559f393310c073f4d6fe7c78eec68a2e4b4,0.4320219,0.0042106966,0.55725354,0.005875008,0.00063890975
64871a0691cddf644392c9d099016c4580e226fb,0.86327374,0.024908364,0.10460471,0.006807255,0.00040594416
64a93a8c68b5deb4b10a11724d4168953da105d8,0.02136003,0.9729645,0.00029182795,0.0043726023,0.0010110482
64ac267142e26e3b5fe2faf8d8a52a92bec46034,0.06383297,0.00072705303,0.9311384,0.0034395985,0.00086203363
64b3100a90d7b579b4f66545e43c10fe9c0d8d42,0.061977983,0.0004887543,0.93441296,0.002543082,0.000577279
64b8e10e63d628388b011950c876f16442751bca,0.04645876,0.0005291676,0.9491362,0.003063837,0.0008120327
64fa4e7b5eaa2a99c56443b65507159d60e1e960,0.023980971,0.9708947,0.0002534466,0.004029141,0.0008416206
657815adacf02df2786a40af37c538fcfd4888c9,0.88798183,0.009998897,0.09858714,0.003283315,0.00014886475
6619b1412033a3a2101a83acc0886e7e5eb4202d,0.110502854,0.0015359245,0.8819867,0.0048597152,0.0011148318
66233feabe9d6522180481e341a021a46f43ce61,0.8913264,0.014101466,0.0904842,0.00390739,0.00018053396
666d159ddea5ec0bb15462f9c781fa72fc2152ad,0.106194496,0.8653995,0.003597575,0.019523947,0.0052844076
66bc5c0a87bb4f42fc38fed7345879c55cc91a6d,0.2653939,0.0029891918,0.72484887,0.0059123635,0.0008557092
66e3665d6c0148cc17e299050f744290b8a3d093,0.06670227,0.0005130633,0.92982876,0.0024366553,0.0005192111
67739262a5ab2475ae7180e250e62e8d3e7e3db2,0.06682548,0.00034668547,0.9305907,0.001857476,0.00037958517
6785befb8d46eba5ab121260b0712c1a47d7f5ea,0.06217115,0.9235191,0.0010217726,0.010692844,0.0025952505
6789d7f08729f9f8fa244f46b6a7bed62f5159e5,0.026007472,0.968402,0.00027951418,0.0043920213,0.0009190229
679aa28fed2eb1a03cbed1fe216be4df18fc1712,0.869211,0.011015875,0.1156803,0.003901406,0.00019143194
6882c98a5a411b163d838e9aea148cebd5aab5c4,0.042754956,0.94468606,0.00093004754,0.009186903,0.0024419227
68cfb4cefd190d64520200428b1a773d5ac65853,0.86867243,0.01878242,0.106698304,0.0055424804,0.000304386
68cff36caed2898f19953a94b3aed78b29116044,0.021813791,0.97339386,0.00024142463,0.0037530682,0.0007977871
68f2fa12b2724f34f4a5eb70f9a9d61d32cedd5b,0.8642532,0.009292625,0.12271294,0.0035685785,0.00017267738
6921316307f25e1f070c18a393f61ca57040842d,0.02432785,0.9702051,0.0002692622,0.0042835902,0.00091413915
6924a0be0cfb962389189d06d94520969f1edb6c,0.025625482,0.9682903,0.00032633345,0.0047068917,0.0010510165
697fe27651f3e320d31b68f340d284f4d1ceb3a2,0.06536674,0.9235021,0.0010573204,0.008405796,0.0016680658
69bb74d66efe6e02fdc08fd29a1ccdd84a09db62,0.21080786,0.0022796674,0.7806913,0.0053563053,0.0008648327
69c800368874c2c6aa0a05203ca693b518288bfc,0.06376816,0.000615753,0.93181837,0.0030779166,0.00071980176
69ec582506cb25ebc18e901e321f06fd9013aca8,0.020821152,0.97392005,0.00026343254,0.0040735737,0.0009217534
6a1392c6a0d3ebddd1de6e260b5862d1a572896c,0.7399843,0.008356006,0.2460958,0.0052137626,0.0003501759
6a274eccab7892485536c065854a6da4b496a625,0.8735516,0.012805023,0.10916746,0.0042597707,0.0002160857
6a58f97d959a1a061cc94e0ee613986c7d017ad8,0.022229545,0.972014,0.00028098834,0.004447296,0.0010281734
6a8a58f0394fa1b8b9fa401bdd88d3d103fecb47,0.8183815,0.024845017,0.14727694,0.008861075,0.0006355864
6afc6c4f1d14d5569ca59ec6a8366f24617cdc49,0.68642247,0.0068526766,0.3013454,0.0050206524,0.00035883224
6b0cf9f25c17d4548d4efab83260f8038a6de4ef,0.043855924,0.0003551802,0.9531509,0.0021229957,0.000514903
6b262ee93120e0a1644994735fe7b346a3a2225b,0.35125315,0.0042479807,0.63712484,0.006573274,0.000800755
6b9453518b7e7749cff874b821f8d104f0a1ad7c,0.8888233,0.017249446,0.089033835,0.0046551353,0.0002382619
6ba8844ddadcac56422e8034a0425e7747265d9e,0.037006296,0.9562713,0.00050491554,0.0051430482,0.0010743698
6bbbf6f199215b285ef61d9aeeb1c93e9c560864,0.070924394,0.00060607225,0.92493945,0.0028956833,0.0006343426
6c235a74119d55dbd3559b0b7d1bbc04e9f787bf,0.841981,0.0075983186,0.14676265,0.0034849215,0.00017307495
6c923170e43107bf80cdf29d092a8e2fab805c30,0.023981206,0.9699856,0.00032019764,0.0046550664,0.0010579
6ca7be5ba4e89977b21edcdbed449805b7588524,0.025129909,0.9687986,0.00031931486,0.0046934565,0.001058694
6cd87e2b10f1c509ad970c519843efd4fea963fa,0.30639878,0.0027949149,0.6849222,0.005245829,0.0006383132
6d2bcb3ddb35a2d843625a75e0b35b3d4e334c54,0.87275714,0.0070408816,0.1172451,0.0028299058,0.00012708559
6dceade8d897ae6d1a852562410c6b3696125d05,0.039927047,0.9535788,0.0004160519,0.005072639,0.0010055075
6dd5e61f60beff3e1b431d679dd5854f6fd8dd7f,0.11228918,0.0008338568,0.8830829,0.0031957286,0.00059828465
6e21bfa733cef237f87765595749641afce188eb,0.016943911,0.9794033,0.00015734775,0.0028950907,0.00060029
6e7c9c3cafdf89e02fa3b4a3d5615574bf778123,0.8670479,0.045385227,0.078463584,0.0085534295,0.00054978917
6ea294001b6f78003b2e13e85b0252dfe7105302,0.020115012,0.9757396,0.0001926915,0.0032793547,0.000673326
6ed4417d3de4a939fdb48b3e110d9e5e8b47bde4,0.47971892,0.010021233,0.4983372,0.010627997,0.0012945492
6ee12308a614a08079b7e7884e9b154437eced0e,0.026074352,0.9678366,0.0003304119,0.004723618,0.0010349969
6ee3c1053c82b37f43a87086e0496f11a1cd9fcf,0.05155704,0.0005524455,0.9440918,0.0030204551,0.0007782023
6f1c14f17352c43f8f613478bfa9094fe6081c95,0.903597,0.013133699,0.079771675,0.0033523187,0.00014532979
6f1d449838e0268bcf3f98b1f75599acb264606d,0.022801789,0.9729149,0.00023500851,0.0033935143,0.0006549602
6f2b7f26b1a1f59e014c572ee6f38802da8e5974,0.6741105,0.013073563,0.30316058,0.008894351,0.00076104986
6f487919066078ae5e2d08c7e2b4f593eca6b3d6,0.023618527,0.9699257,0.00034394453,0.0049124616,0.001199418
6fca45a91078b43e391fa3181c2d12643fdb713d,0.8586045,0.0073617985,0.13071662,0.0031659456,0.00015113274
6fd8d72582414959b81f736ce615be6460be48b8,0.86983764,0.007928679,0.11894345,0.0031430956,0.00014708895
70c478677047b4b00cecd462c30b55ace1eb086d,0.89196634,0.01734448,0.086010486,0.004462369,0.00021641949
7141cc0565e4ade59694dea1fc763addd0248c49,0.025723087,0.9668304,0.00043261828,0.005601487,0.0014123016
71a2a1345d8a2c4f0207ce2a3dfa51f4b43a58cd,0.8953716,0.010721419,0.09055123,0.0032143816,0.00014141438
71b9276ee4c3ee28476615bae7af34d619ab1650,0.106304534,0.0010090944,0.8881688,0.0037747747,0.000742758
71bd90d681e50bb0e10723525ed6c5ac126503e4,0.07170461,0.000839027,0.92297685,0.0036346465,0.0008449071
71fd4d43438e740869f1302716a03863d57bc88b,0.038343545,0.95375705,0.00047125926,0.0061420845,0.0012860607
72047c2ecc3dd679c4f0cd8276612934114ac56e,0.46104288,0.0039738785,0.52902675,0.0054110344,0.0005454181
721a31c9ac2b94a4e71f0680efbc0a8a48388f89,0.024083704,0.96826315,0.00043358136,0.005723473,0.0014960632
72239f6ee95fc60332e5551aa9210cb7a412cd08,0.34943813,0.00486932,0.63699377,0.007675972,0.0010227887
72562d5df82cf681a20660315014691be110e15a,0.23506398,0.0043431194,0.74982065,0.009112146,0.0016600306
727432189a618542e8c5f0279d02042fbf38627e,0.8881487,0.03136308,0.073496185,0.0066041173,0.00038792109
72b0721d459d10fa5f3fbdbc54890e7fc4322857,0.13815252,0.0009859711,0.856944,0.0033489768,0.00056850945
733b492f2dce7e6a7431535c9ac2bff218ae7310,0.82464266,0.010118302,0.16031358,0.004665179,0.0002603232
735f520a7acfb1da864d7ed41eb9ca907018a02e,0.051962715,0.00036178614,0.9451339,0.002072595,0.00046900965
73758ef1f2c1c88bfa2460e56c1014d9cdbd5bb6,0.894533,0.01670165,0.08428376,0.0042724907,0.00020912994
737e9bc0682fa0c1da5460a75c38d5b5fb9f626f,0.7064276,0.0068259053,0.28151307,0.0048983325,0.000335064
7391478a4a6cd67e15d01e0de0280028935012fa,0.28424433,0.66215867,0.013671061,0.03274142,0.0071845152
73b484b59fe8ccd1ea387781cfcb307f64626a04,0.075426385,0.0006441486,0.92022365,0.003040099,0.0006657275
740ddb0b1253eaf5a8f694c1561aab3898f94236,0.8823719,0.027006682,0.08444003,0.0058724624,0.00030894612
743280d1f3d59a6fd96d6bab8633f94eed8de854,0.05374953,0.0004073793,0.9430796,0.0022513634,0.0005120708
745d2597fff1e7faed78b9bfe5fd7078b2e8ae76,0.88024056,0.0108972015,0.10502552,0.0036629587,0.00017380329
7460c0dc2c2b4409c875dd838a8ac4d0e7640c82,0.08087546,0.90412986,0.001658593,0.0110586565,0.0022773878
74d4900964a84fd9af5d4f67a4d7ff23486b046d,0.8469871,0.017040366,0.12967849,0.005949188,0.0003447849
75174185e289225d5ef42a17ff7541d79409d81e,0.8691181,0.010544222,0.116342396,0.0038096413,0.00018565176
75380a38f0bd7cd8b49565a6c79ac63a7e7a0d64,0.85653794,0.011277484,0.12774245,0.0042269835,0.00021520755
758cb430b7a1813d360d9183978d8317773815ce,0.86390275,0.02312508,0.10581271,0.0067339805,0.00042540624
75c582ba616d8f7bb3bc0cbe3a0f2d900d3fe25e,0.024034774,0.97049147,0.00029636317,0.004253983,0.00092335703
7631d2a4862b8696d037be74ae03ca6783d2d02d,0.0732536,0.91552943,0.0012830995,0.0085206805,0.0014132777
7710932bde4ca0ccea17ce889cdc9a97eff2947e,0.0869947,0.0006278021,0.90896064,0.0028438685,0.00057301874
771992f1d27f0aa23708611b5733980796971e89,0.88726586,0.011700968,0.097273655,0.0035946039,0.00016485514
774e3340401efb155d9fe6b6335d82daa423706f,0.7995761,0.006977276,0.18933132,0.0038958709,0.0002193737
77a4a170e752706645ab29dad6fba028607ffdcd,0.8832491,0.025181463,0.08505338,0.0061426046,0.0003733218
77c028788501d4cee3d89bdbc6df7c88355db164,0.7717628,0.008094687,0.21503615,0.004806268,0.0003001793
781b31cc1654baefc49002bd7f5f20fd6f06ece5,0.8813393,0.010049807,0.1050294,0.0034223099,0.00015916585
784a31a5aa4c0a985c8a57178b4f926dd0d2490e,0.036878094,0.9497187,0.0009781783,0.009688732,0.0027362825
784d5231d4e9490ad83bc2d0e437e3b2ffd388aa,0.05867229,0.00045736218,0.9379041,0.0024053922,0.00056079606
78f5d6ab6b21bf131c81d2271eac5f741b454ee1,0.07001825,0.0007607286,0.92484653,0.0035378397,0.0008367065
790bb0e9ee9dc366865dca419180d5ccd5f4f0d5,0.9050365,0.017069211,0.07380149,0.0039176927,0.00017512443
790ddca5decc331d39c21cddcdd8757fae87c86b,0.06106866,0.0006589409,0.9343614,0.003126483,0.0007844578
7920d21b1ccca84da6df5d6510aa6d30300b7fd9,0.87176096,0.013374614,0.11035311,0.004295445,0.00021583513
794825ac8ea36a584d28ccca0e5f081dcb149b53,0.021353254,0.97331053,0.00026364904,0.004132307,0.0009402615
796c2db2137687c4114afdf82a60921372160764,0.88909227,0.015331357,0.09114999,0.0042214543,0.00020489382
79b06459a66f92a021e085710b3cd44c286c6013,0.052156586,0.00047230837,0.94415486,0.0025938665,0.0006223623
7a5152f7711ca295a3f854a8bde2563c49e398fe,0.88025683,0.017140213,0.097425,0.0049221837,0.00025569642
7a6ff39cbdda2ad3b37cff9702af218ebde5ed34,0.8876107,0.012218312,0.09629811,0.0037021695,0.0001706573
7a7fbfd1cbe94d882aaa08cd5cd244fab33893a4,0.14400159,0.0011214003,0.8504645,0.003759634,0.00065291504
7a952147c1ea570c66008cd1dd170227c064403f,0.038830794,0.94578075,0.001115186,0.01094233,0.0033309914
7ad9326bc9500287e796d0f23f529e2dbc2282b5,0.7323719,0.0049972157,0.2586122,0.0037850058,0.00023365222
7ade65877708417e5d7e0e781209c4147029c7cf,0.031006183,0.96316415,0.00035613016,0.004553209,0.00092022005
7aed818a1c94c2d05baf2b2ee73b12803878e0f4,0.88955474,0.03140315,0.07242853,0.0062690466,0.00034455254
7b281087a160effcf89502a1789c4a61edabbe83,0.03795004,0.95030034,0.00075446453,0.0087025575,0.002292656
7b431d5b6dde0737aa12f92435e0fd3d7306051b,0.025811335,0.96757823,0.00037172064,0.0050781737,0.0011606361
7b57ec1a95b89697a7eacf7247674a332edf3a44,0.02648969,0.96572065,0.00044972,0.0058721798,0.0014678476
7b6d3e6f1a05874adc5f5929c4d6d50931fc6494,0.20905189,0.656212,0.027992634,0.073833205,0.032910265
7b877dccd9212dff93e51b26105ff48d48d40786,0.90030634,0.01598636,0.07955092,0.0039734873,0.00018285748
7c3b0de651ebf290fca93f600a03a59de64ef5cd,0.026656216,0.96758795,0.00030828686,0.00449868,0.000948782
7c6fec764798444ba48b9e29c28907b52a9f7461,0.8688893,0.014916811,0.11131987,0.004637577,0.0002364252
7c9c60384f852b1018b03d72d522bbd5f47c30eb,0.059586413,0.000385716,0.93745846,0.0021078144,0.00046161187
7ca1b27aba0d373e72143b6d4829b1766cab05a4,0.048639126,0.00038194284,0.9482463,0.0022102322,0.0005223089
7cf05f7bef40f282ee3505f13f7c8c9400c065e4,0.047766205,0.00031265983,0.949593,0.0018915193,0.0004366457
7df19dbbe38fc64abb38dbf77823f33eff95a0ff,0.025528463,0.96913,0.00027591962,0.0041930806,0.00087242655
7e2c139357e1aa60a9eb5f8b55704e9b8c99aaf2,0.87618595,0.012440721,0.10714237,0.004033754,0.00019721666
7e628d0421fcb4bb226d1e96075626288b65c711,0.020884743,0.97332776,0.00032698532,0.004376167,0.0010842966
7e6b5bac0cd7dc4a049dd244f3ae5d3e92e645b9,0.0738397,0.0005954766,0.9221336,0.0028291885,0.0006020198
7eac2bf5cda2744a31d4344ec96acec36f0a2a54,0.022546588,0.9713917,0.00031702724,0.0046388777,0.0011057196
7ebce418a37093c4bab86409c3c2e0f428e88175,0.8691302,0.010533242,0.11649525,0.0036639913,0.00017741804
7ed93ef2f8f44850ba66eca3f0e7cb75f0057af6,0.018427327,0.97722477,0.00020356431,0.0034044213,0.00073995534
7ef98c43fe16c30a6ccc0740ea9125f15bca547d,0.025186218,0.96856046,0.00032811848,0.0048164125,0.0011089154
7f09297fc1b6574f88998b31c1d81b3e91a18c48,0.87263656,0.015517858,0.106739976,0.004840016,0.00026554446
7f9997156d9570ecaffc25844119687e0163c182,0.021013511,0.9739701,0.00024556112,0.003908697,0.00086213375
7f9c782a3bb19fc187af4483ee8853f27d7ad88f,0.88278323,0.008642724,0.10538017,0.0030559655,0.000137915
7fa086a2728956870a846a86da4e02671eb25a7d,0.032592256,0.959937,0.0004193014,0.0057369154,0.0013146352
7fa49d935dcbc001b9a575a44b671de14baa5812,0.029713588,0.9633656,0.00038007993,0.005356657,0.0011839732
802bb47bbac63060cc2a31ea488a3e88e898fd24,0.06481613,0.00044815097,0.93191916,0.0023174537,0.00049914705
80657bbb29eaf7a9bb0e49ed7e8d6b3f7f5930b2,0.020356769,0.9753416,0.00021244824,0.0033826665,0.0007065239
8073e0fec4423f60bca714433d608d84f98043a1,0.054876983,0.0004197476,0.9418598,0.002308731,0.0005348312
809931de28ac84cde391bb4184fe3cbb8a8fb3d2,0.023461746,0.97166777,0.00024442308,0.0038317249,0.0007944127
8099b0a0e3cc5f9932577b989819453fc85d4930,0.84497863,0.0062210886,0.1456234,0.003030166,0.0001467225
80a72a4970ce34d789d3bde3bdcc1897a4d96d74,0.85914576,0.008563024,0.12851909,0.0035929705,0.00017918192
80b72ffb6209c77a1b6317a35491a2ded6b52321,0.88214207,0.011645152,0.10229885,0.0037382676,0.00017557864
80be339d9c32080b162f55e76cb3d04c646f1571,0.06238423,0.00051157275,0.93386054,0.0026460818,0.0005975433
813c5ddd13ccdd76a16ecb6ecbeefa0477e6471c,0.023175677,0.9714939,0.0002813315,0.0041445144,0.0009045823
8157913bf8aed60ca8bb93efddb90d2803aa6a6f,0.05927496,0.00060692267,0.9362667,0.0030925984,0.0007587858
818f42973d933924c2459d0a3051233e8b572558,0.8699197,0.013934393,0.11139478,0.004516942,0.00023418896
81a21083e49c2c7cb50a59102453bc94da5dc661,0.310353,0.002274973,0.68255216,0.0043208017,0.0004989866
81eee390bfa2ba4a6783bf742d7c1f5577872727,0.035436735,0.95772994,0.00042013533,0.005312345,0.0011008484
81f4e7e4447feb07eeace7a9e61165191bc5fbe2,0.2553351,0.0046614376,0.73033136,0.00833229,0.0013397594
81f5fc093364e94b8bd6e20ceef313e89e5a307f,0.628206,0.0061430326,0.35961106,0.0056035463,0.00043622561
81fb4fef951ee50c5311c6f270321d2419f27e6f,0.8760424,0.012893332,0.1067577,0.0041064997,0.00020012268
82402665be55b87f84aca36ef2f01139a704e6af,0.3532551,0.0027141839,0.6390413,0.004500579,0.00048890774
825097219ff0a24995bd0c1990e7aad327633d41,0.12349385,0.001198989,0.8703027,0.004205068,0.00079945184
82741a528f701adadc471d3025bb9781b5dbac08,0.17162916,0.8040846,0.005413791,0.016038427,0.0028340146
828eb52539fabb6f2a63b32d3f2ae8a783f0e924,0.86214316,0.023847753,0.1068487,0.0067564477,0.00040406059
8295a1111aafc032d6aac0577cd2ae74f2d6ef18,0.5595796,0.0047439802,0.43012553,0.0051174653,0.00043340435
82aa9714c0624a02478fcca3f7e098c1a5a61513,0.82252336,0.013816522,0.15746209,0.005838145,0.00035989095
82beb10b4596758f4a7f7026962e218ff67d952a,0.05579689,0.9324339,0.0008904998,0.008897274,0.0019814735
832cc72e0de7acae91cea6cfda292a0b29a2765a,0.172735,0.0012831506,0.82164377,0.0037532912,0.00058480253
8372eb7514a3de5ef20435e1aabf0808e7f25604,0.095550306,0.00082392246,0.89959085,0.0033562956,0.0006785965
83833f6832ba25805852cd145ae2a0a1c5ba0001,0.05729256,0.00054197916,0.9386758,0.0028207337,0.00066892756
8421b52dfc2c73a5c1a5bb5492a9093f019e40f1,0.8392409,0.0134347,0.14176482,0.0052655134,0.00029415343
84a12a8fb9ffb82c79899838ffaa32cce933a8f5,0.8275562,0.07931844,0.07668188,0.0151203405,0.0013230963
84a84af332d8410a649bdd889722d90fddd46bec,0.025875574,0.96765286,0.00034461138,0.00497906,0.0011478626
84c6dadff44ba7c6d6daa7a2e59e0b59d46364a0,0.5897973,0.017024718,0.37814316,0.013377862,0.0016568863
851a6548977da40c3fe95f93c8fa63820618640d,0.08416802,0.0006415527,0.9117208,0.002886098,0.0005835132
8564e8dd4c184aa8f193e7ffd7a19529a2ada380,0.85095614,0.008970727,0.13609964,0.0037811,0.00019242137
85b739fb368731cd3a22a740d1b08dc8377200b5,0.26694682,0.0020362097,0.72579485,0.0046193474,0.0006027112
85b9380dd8658400eddbc561f13b9e2602d25585,0.024796236,0.9701716,0.00025358459,0.003963123,0.0008154278
85fc7c85ce292cf90c89ac9de6920fb23355dd90,0.78555036,0.060936183,0.13644911,0.015654659,0.0014096854
86b0edba7f83c164a8cb1b597e84cbaf473771b6,0.8338865,0.013772873,0.14659226,0.0054385173,0.0003098221
87344c94ad76e7e284ae2c6ea21f2fb4af2d6e6f,0.044332948,0.9422208,0.0010608347,0.009804183,0.0025811433
875b40e7c1a60b0df8559f1570f8f66691bb9cb4,0.042802367,0.9405416,0.0012865068,0.011715957,0.0036534842
87681f25a07d0a804ce9e362e1567a0d587b4815,0.05195741,0.0003611185,0.9451331,0.0020722947,0.00047613686
8771c61774bafb439e99f54fe2f1ec8a595f6a15,0.6824314,0.007064371,0.3048205,0.0053068143,0.00037688177
8799b775bb3366dfbeddbdd164c29abdef9d282e,0.09405457,0.0006947008,0.9017596,0.002928794,0.00056235894
87b2eec153fcdc330b4c1bd0afab63e028638377,0.72519886,0.08230695,0.16435699,0.024932357,0.0032047613
87b3e02af79114d65b1f4b982d644dfa8ecd49f9,0.13944925,0.80378973,0.008338235,0.03617108,0.012251649
880628b7c9df29b90860022f0ac69ed3cc1b4d29,0.83991575,0.008728713,0.14725634,0.003899138,0.00020016894
8817d1ef9dbe2964ee7ad49511b168e0ca188c34,0.8877051,0.021341594,0.0852325,0.0054270867,0.00029371824
88265a7926dd85e77d10f015df7158e877b450a9,0.04826274,0.9415231,0.0007080567,0.0077955835,0.0017105642
88ec6deb265592eacf5180b3720bfd69274b3a03,0.486699,0.004710523,0.50233406,0.0057151173,0.00054130296
8925998973a33a0580f4b36f6249793330e00448,0.1347894,0.003141055,0.8518505,0.008173624,0.002045419
8927230a94cc87b5007f95b83a056838711a8d18,0.025355365,0.96821356,0.0003771437,0.004923173,0.0011308022
8944fdc054984a2d284ab4b46cae71a7425927bb,0.031242961,0.9597493,0.00058970304,0.0067023025,0.0017158507
8964da0bbf32d72667b4a8a7132c59a21efb5ad4,0.8859651,0.018736139,0.089974836,0.005046815,0.00027713153
8971560da841654042f221f023b57627ffb3c68a,0.6561588,0.0058350787,0.33262047,0.0049884547,0.00039723757
897bf1448815e1b20b77416abcd4502baa854609,0.04862019,0.9313721,0.0017036084,0.013986499,0.004317615
89af600c262bf0f90467ddc60a798c710409ca5b,0.06660634,0.92521733,0.0008729787,0.006348449,0.0009549351
89b3233697a364f36648f5cc762b8871bb796219,0.024945704,0.9699313,0.00026245698,0.004024907,0.0008356611
8a00e47d47f430d08e977673bb3aa1260773505a,0.22286637,0.0028745944,0.76699877,0.006283052,0.00097726
8a04bf8e4820320ed7dba53cf31d7346ac0cf6f8,0.8487431,0.0075382655,0.14018986,0.0033642582,0.0001645477
8aa6e6fbcd12d694dbdd004d64ccde6fc467e228,0.022465026,0.9728415,0.0002186694,0.003710459,0.0007641973
8ac57b97d3011dd06d76b12f98d6ba6e379a8583,0.08389605,0.00051492004,0.912736,0.0023841814,0.0004688222
8b6d5c21a1cd3fdc808991200d40ed4216fb434f,0.11294468,0.0008546763,0.8824204,0.0032200194,0.00056012726
8ba27d258fde5d01ce3a01d3b32e3a77f5aaa01c,0.8937215,0.023837328,0.077041715,0.005137318,0.00026211928
8bac789341101abeb21ae2bc647a5ac4537d8bf9,0.03185439,0.9622655,0.00039170092,0.0045665842,0.00092181005
8bb8c2e76969a4d5dbf60a5d57eb04af8b20c4bd,0.80849177,0.0080209095,0.17909954,0.0041590286,0.00022867309
8c0d596e13f61b8f2785d18f7728cd7f59dfd91a,0.4461375,0.0036538513,0.5446207,0.005093296,0.0004946346
8c399ef2d3cecd969018e5919f079602ec8592d0,0.49943587,0.0048933052,0.48937765,0.005753127,0.00053996977
8d71c5e43546c487adfe2376024bca4f71f13cf9,0.024682773,0.9693662,0.0003556275,0.0045820344,0.0010134184
8daef43d6364153b91cdbc9ce110c9768d62c747,0.022787273,0.9725577,0.00022937305,0.0036796557,0.0007460621
8de16294c60318a5e14f3d75ff1c31efd33f4929,0.020190252,0.9748659,0.00024689463,0.0038289747,0.00086803566
8def6fa867c1f6fa018a75d9437c96da27ebc653,0.019811844,0.97506297,0.0002458263,0.0039661187,0.00091329974
8e09bf48158e6e3f1895bedab209af94422a38d7,0.05181594,0.00043398954,0.9447765,0.002396248,0.000577278
8e29e7517b9d8cc0bec21b841cf4bbc2dfb1f2c9,0.8695512,0.012993276,0.11285187,0.004382284,0.00022142763
8e5d659c8dce795ec6ab2ed7a1b61cd39688cb5a,0.24707751,0.002107158,0.74548256,0.004689069,0.00064374803
8eb1126142f953756615fafcbb2cc29557298c18,0.05258623,0.0004995267,0.9436135,0.0026566638,0.00064414693
8ebd13d8cc5bf38e26fba6b558a3ebb6e425ac5a,0.060039535,0.0005385255,0.93604606,0.002727382,0.00064853556
8eed74ac393a9c28b1553d8f19bef476e170be8e,0.05646872,0.000631528,0.938936,0.0031708768,0.0007929472
8f157f16224358eff499e4d516646d594376bc53,0.038917903,0.949948,0.00068425207,0.008297284,0.0021526073
8f21bba585efc8b1d70bbbce9453745a6f07fe3e,0.05542086,0.00034704828,0.94190395,0.0019095715,0.00041843415
8f6025914c3d077bae6b408315ada9c4838de506,0.033889055,0.95493615,0.0007583873,0.008210119,0.0022062375
8fcfecacd3c47dafbddcbfaeb72a09f51e04b494,0.05090746,0.0004805255,0.94524044,0.0027018038,0.00066981406
8fe33e7476cb5b7f63150df082a0f91bde079be5,0.3775655,0.019295998,0.5782937,0.02080434,0.004040508
9055ab4f12aad23abe3b5dafc2d48c5c293d17cf,0.058046002,0.0004642838,0.9384558,0.0024691024,0.000564701
9066fc88715e33b69494562e2417356810a0286c,0.89073914,0.008514728,0.097680226,0.0029330393,0.00013296018
907fdc32fd896f08a94c5b27ac8913bda5e0aaaf,0.65709907,0.005719234,0.3320187,0.0048118285,0.00035124898
90e0b14f284e0319a84dab9ba868a0201b8406a1,0.061556064,0.9205867,0.001418706,0.012920466,0.003518023
90eda08f48d3f894a1ec1e7e68ca42eec7b9ab9c,0.06690519,0.0005161703,0.92947084,0.0025559885,0.0005517627
90f9f6236bf100916598e240422ed7143d336444,0.5961114,0.025469998,0.35982028,0.016420493,0.0021777842
910dbff5c52c1ca9c7e90f66ac8ccb6fd9f61958,0.023573253,0.9714877,0.0002577368,0.0038622806,0.00081896526
914b001550281785098ac4cb2fbf6f1d2ef65a41,0.020543693,0.97499985,0.00021427288,0.0034986432,0.00074356544
914d19fd563923a99daf22b5f4bb076be008a2fd,0.021704895,0.9729445,0.00027778608,0.0041291425,0.0009436331
9153e54b3bc15a1e89adc3fdc502966689bf1e71,0.021814344,0.9734677,0.00022254373,0.003711943,0.00078330166
915ba928b81b61b9c0e562cd0d444499f382f4f1,0.8533499,0.0088787,0.13393535,0.0036554534,0.00018058954
91fb902c1e4ec7acc975c5120a24a2d2cb500220,0.05445621,0.9308615,0.0013783537,0.010662063,0.0026419463
92019adc09c1a28bb28b43afe1815e06f2fad72e,0.08504104,0.0005637362,0.91126174,0.0026093072,0.00052412215
92053977a6b28dde78f6becc7609e7e36ff8ef9a,0.34205678,0.60114807,0.012039314,0.03638686,0.008368974
9228c551e38331bec7142222e3c95cb5f96a0247,0.10618514,0.0011926937,0.8873895,0.004336871,0.0008957589
927e636fa2d50337331faf0a3d5173850529489b,0.85131323,0.02184495,0.12049705,0.0059974757,0.00034739054
9299e6433f32a140e3b56adb2aeb3661afb103e9,0.8769757,0.00835796,0.11144313,0.003083234,0.00013994666
92dce967653e37b0587255194db8191acff0bdd2,0.069055386,0.00049674313,0.9275054,0.0024243752,0.00051810243
92e0f406a48566b9bca344f49c38f8c339c657e7,0.8861536,0.010596194,0.099679634,0.0034148851,0.00015572141
9300f3171f0a4df9abcb3e456046f7562e8be257,0.021689951,0.97375417,0.00021915633,0.003591578,0.0007451731
93090a1272d6e9c4070b181a3dc61b17c6ad7c8b,0.01779325,0.9784864,0.0001690147,0.0029430862,0.00060826994
9315a4e62cbf0be09064a1543983028800e3ec36,0.027045194,0.96688384,0.00030491577,0.0047467626,0.0010192672
93528a47cb418a0d319023602d2d1dbe22a14124,0.06039827,0.0007169657,0.9345728,0.0034473957,0.00086455
935df75fb21adc0c4008726e4baeb0337fc03307,0.90043527,0.016256511,0.07940548,0.0037344415,0.00016835086
9362cab7b1f02ae1e56b9b62b23f16bddc55b1b5,0.06259704,0.00050615944,0.9337719,0.0025464245,0.0005784525
93e4e980d21e107163b60e3d56869b48ef0071d2,0.048627697,0.0005400444,0.9470462,0.0030025148,0.0007835565
93fb42d64b30c15216541fa674a3a463d55b36bc,0.89012873,0.010625989,0.09574372,0.0033495056,0.00015200324
94b0f94445627a400153dd2edd229fe138391de0,0.853279,0.010533635,0.13197955,0.0040037544,0.00020413304
950827f1535e1865470ab879f625a407cfeefa52,0.050629187,0.00032199628,0.94674057,0.0018843353,0.0004239455
950e83f2fba446a7cca7d0387f3ce3235a596ea4,0.08094703,0.8639981,0.008127704,0.032986894,0.013940252
9514ae4eeea6d081cd345c84180d44defe56eca9,0.02576045,0.9664247,0.0004706181,0.0058507207,0.0014934128
952b5f73d99ad910a2b872562ed92deb32f6c9ac,0.08843924,0.0010896429,0.90506566,0.0044063292,0.0009991465
953dbdc2712c9e869fa8a37870fa62d0c2f12be3,0.021186605,0.97316724,0.00031220145,0.0043081692,0.0010259146
95420db42eb68eb218464930925d3a1c8086709f,0.020009218,0.97550696,0.00021675306,0.0035174543,0.0007496213
95a5a039696020101f02fc51d7d34f52fa6974ee,0.1951005,0.0015558695,0.79869026,0.0040507643,0.00060259324
9613558b5ab1950db48f591e88863268163e7e97,0.0165543,0.97973377,0.00015924926,0.0029320566,0.0006204802
9628e4a159ef849ea6afcde70f6358edd2c20bd7,0.8852745,0.010363616,0.10075366,0.0034471683,0.00016101587
967e6d875a1dbfd2a8a4fa2aea7ead54b543d3f2,0.8690779,0.031392653,0.09138526,0.0076594255,0.00048466382
96a9bd9d745a09a0d645b2ddac4a447ee969b885,0.017983066,0.97732294,0.0002228263,0.0036368838,0.000834282
96b36be6ff419d2fb9b35dfc05503e7ed2aa4ec2,0.02460218,0.970293,0.00025049242,0.004016365,0.0008378535
96e09eb3e3afac7a1ef3334f3df1fb2ce8e3b19d,0.8537281,0.009366609,0.13295783,0.003755105,0.0001923849
96e14929c32c48d5dd271c99a0206edfa9a6660d,0.061963473,0.000948514,0.93157434,0.0043330616,0.001180542
96f1f0be06407ecf662270dfa3f793b51ef0db31,0.060046997,0.00048427086,0.9363075,0.0025619261,0.0005994365
96f6511ac646fd5d6cbb923952aa3e7e275b230f,0.87600744,0.009183825,0.11122941,0.0034167618,0.00016250601
97180137e718b513c96960f856d97ed3b120d0c4,0.034313638,0.95756507,0.0005041417,0.0062042396,0.0014129453
975383d8f1bb6bf4370da455a59e567c5f7e7dbe,0.11532055,0.0007695929,0.8803431,0.0030238398,0.0005428902
978051623d4f7910a4ddd55b99ad5569662e68d5,0.7882844,0.0066106557,0.20107333,0.003813905,0.00021771851
979d205d2bbf709301db8b70852bd10970113df7,0.035960678,0.95285636,0.0007232386,0.008250877,0.002208876
97b22e9a72b630f6de7d72e14f2f3000df7dad92,0.027573377,0.96620184,0.00032016155,0.004851557,0.0010530696
97dc0fe026418693904e4868702f331386900eb9,0.02084587,0.9745909,0.0002048977,0.0036041006,0.0007541091
9827223b6be2be42cff2387778ed07e4112e9a8a,0.028626509,0.96475476,0.00035656063,0.0050904374,0.001171869
9846d89eeae0d807b02a436e2fcf481b3bd7fb82,0.036162134,0.9558519,0.00046843622,0.006181421,0.0013361875
986bdb07e65310e4ebb424903c153d50422d88b2,0.025324,0.9695385,0.0002768688,0.004037121,0.0008235361
9892cbd1d2a4328213ac714dfe24a46da3283dfb,0.732126,0.029325526,0.22331245,0.01385517,0.0013809211
9895f081172c758e065896489e2fd2af8eff7d65,0.021606196,0.9726564,0.00030749885,0.0043965597,0.0010333774
98a70c388e03db2750c872b65b38f0e7c3b6f6c3,0.018182086,0.97754014,0.00018915656,0.003365273,0.00072328927
98e92cd1fd1062aeca09bd068ba00e465e9d0cf4,0.028382262,0.9640927,0.0004850403,0.0056803646,0.0013596663
9928f7fa825aff4637a52d48f5def4866d638c13,0.69106525,0.1873603,0.08331143,0.033447575,0.0048154467
998feab6cfae08373049d3083ac990f902b93508,0.82253724,0.044589955,0.120785676,0.011211347,0.00087585015
99aa4b7b310ede62a66fc6797801c10fb3f18f52,0.054803465,0.00047001324,0.94155455,0.0025676223,0.0006042611
99e05a1c511cbf76e64d3fee419ce7f5635deb9c,0.875386,0.009305629,0.11178394,0.0033687605,0.00015563528
99f84e3aecfc812d8d28677eb0ea9d0865961a4c,0.8706185,0.014407484,0.11012373,0.004613462,0.00023681305
9a3c2f79840227c83eb207ce1b65a9a3eadc47e6,0.88459724,0.014063714,0.09704297,0.0040967595,0.00019933621
9a87006903e08e379a9496f868ce9634843bea83,0.01620449,0.98050404,0.00014262357,0.0026197953,0.00052912935
9aca589737a4007b3036ce3cff316e22c6f47842,0.07835244,0.00057074544,0.9177926,0.0027192996,0.0005649987
9afc1a2b4d9f515bc9c5fa39575d1cfeb5969612,0.020951692,0.97161084,0.00041570948,0.0055048014,0.0015169587
9b6a30faa2348dfcec47c8384447f699507e711e,0.68230593,0.047074057,0.24577639,0.021952143,0.0028914518
9b6ac379b03b908107ae8df566ba259fb4a63d07,0.77157277,0.0065572863,0.217473,0.0041507697,0.00024611616
9b7dab4354255fdfda8ce0c7e55237bb35f01b26,0.5985871,0.004935862,0.3910919,0.0049873837,0.00039780067
9b866284715be55e9a191da635240dc1df63bd14,0.04434519,0.00045327557,0.95185775,0.002662151,0.0006815763
9bf745ccb5a22910bb6557d9c5065e4f0b47380f,0.019819068,0.9751301,0.00024314757,0.0039047496,0.0009028356
9c16c25eb1f2acb33ab0c5ef85bc7cbf4e9200fc,0.083106674,0.0007210364,0.91212994,0.0033241997,0.00071813836
9c98d322f1e1c03867822cfd101c9c681ad4096b,0.8900044,0.014925989,0.090802036,0.004075831,0.00019178037
9c9b00876222cd20f4ff9ae894ead1fa36526960,0.7823531,0.045443863,0.15476231,0.015888302,0.001552399
9cc0096196b2d9c6174e4e4ab12b6c05c519efc8,0.021642556,0.97352874,0.00022647483,0.0037761272,0.00082622265
9cc09294223581af49a0ef72482f6a4be9469b89,0.849663,0.015981374,0.12874556,0.0053166514,0.00029330247
9cd84cd14eb9cdf596d00a96d0fcf35c891b0419,0.10361002,0.82851017,0.008826597,0.041340657,0.017712608
9d13cf231ebaa17077222150aa737ebedc8c50f7,0.83810735,0.011335395,0.14556667,0.0047299466,0.000260621
9d7bf1ec92ccf34b91c01093b93b09cfaed588c4,0.018666614,0.97670764,0.00022410063,0.0035887351,0.00081298547
9d8f90ae8b33243294ce2c742fa466ed65c8cf3e,0.06211642,0.00032693314,0.9353595,0.0018133688,0.00038377574
9def047c04147ddcac5d32b2b9638aacb09162c3,0.8858058,0.010497055,0.10016282,0.0033815715,0.00015279987
9e8250f92f72775c8e508808f215cec4ac703f72,0.84165424,0.05202887,0.09462542,0.010861794,0.0008296303
9efa7906b28c4f1278f7b2b0736917a6efdcdfbe,0.8589288,0.012133017,0.1243555,0.004357156,0.00022545186
9f165429099303d27923c2de8bb5e2efa92f0845,0.062458668,0.0005610779,0.9334325,0.002874156,0.0006735773
9f1702b44113e407f4be693ed91b39c61b7a90a6,0.8815936,0.012561365,0.101746775,0.003906323,0.00019193326
9f52d77cdae11505ddf4776ae95ac9c0437dd3ac,0.045537546,0.94434464,0.0007849218,0.0076377033,0.0016951571
9f67c236515506f0e2a80cb122e08a3f2bbac8c9,0.0812881,0.0005488575,0.9152128,0.0024669997,0.00048316177
9fff4a006d27b240f15195970433028b7c317d99,0.87995356,0.009766283,0.10676066,0.0033636962,0.00015582048
a0285ee2657b30b0646d27a10adc4df925397cce,0.025343407,0.9686285,0.00032947987,0.004655262,0.0010433629
a07a9fc65276c7b3e66356369647d501687ab04c,0.8562257,0.012219532,0.1267896,0.0045226547,0.00024250484
a0c6401fb1c07118f4bb63f7ece49386769e1a1e,0.023763977,0.9718471,0.00023308395,0.0034850556,0.0006708322
a11113e50f5711a29925f618136065af9c3c2dfa,0.8663166,0.012116262,0.11714759,0.00420497,0.00021449066
a14d8bb64623087cc9764520fae4173e8cf687a2,0.84307194,0.007894368,0.14527461,0.003576905,0.00018220652
a19d4b56498ce7889ac847c466c870a987824926,0.789754,0.0064328387,0.19967283,0.003916249,0.00022404811
a19dea4e11e86bff4b9a65ace1bb222f83a2398f,0.029407261,0.9639981,0.00036235555,0.0051135407,0.0011188444
a1d391ad01aa22d793b176f1fb8e092e243b1ddc,0.89327693,0.009881259,0.09361899,0.003087992,0.00013482175
a257be61549c231c125c084cc5e8ef087bfc5f52,0.49521762,0.0042951168,0.4948379,0.005173624,0.00047570886
a262992f34139d818076c787fc2b683521768242,0.8654661,0.022383822,0.10540753,0.0063640643,0.0003785384
a2983bc28b9bd42c33903e5a0a80d0c2494fb88d,0.021517837,0.97411513,0.00021041506,0.0034534254,0.0007032005
a2f6d6ff0f62276e425653dc834074230854ae79,0.76986057,0.011078446,0.2125888,0.006071593,0.00040054708
a2fecc417616647bc98aad030152301a46a1f21c,0.37934166,0.0033419598,0.6112444,0.0054585002,0.0006135094
a3400257cc6da250b6e3c02112201f12fe88d01e,0.7889192,0.15120691,0.044316564,0.014302098,0.0012551176
a3c8bb81aa30afd27de00f07bc08ff1b9f957470,0.025678305,0.96809703,0.00033396113,0.0047819065,0.0011088367
a3d534ba088759cd569f290427199dae40c00ada,0.06487891,0.00054251804,0.93133366,0.0026477433,0.000597206
a3fb0263888145b3e8a5213946f2f77a964238f5,0.1606551,0.003851399,0.8249566,0.008501404,0.00203545
a4404b8b4c1efc887286ece86cc72b5259cc8b20,0.039838027,0.0002975272,0.9574973,0.0019055195,0.0004617637
a4ac80773e8734bb7afa1f1e6750d194980b37e4,0.8999109,0.013923333,0.08242314,0.0035820433,0.00016062087
a4b429ed6e571c822ec3c642fedb7b54e37e1b55,0.8855201,0.017369062,0.092223644,0.004657826,0.00022926228
a51bf1fd150d83b6bab3f088f05ae1ad2ba331a1,0.023982877,0.9703765,0.00029948333,0.0043702475,0.0009709309
a563a750d36fcdd1ebe1b64bc254675d689aa6ee,0.05334984,0.0005029493,0.942759,0.0027262063,0.00066193135
a599038bf7022cb0e9d0d9b9b901b3be58c0aca1,0.020686084,0.97352105,0.00031453223,0.0044157156,0.001062692
a59a4ee43d81b5eebeceb3b53b8737ecfc87a63d,0.34044465,0.0029296055,0.65097004,0.005066893,0.0005887317
a5de11781e5f40cd401f20b475cc0051f06e0e3d,0.09391089,0.0008402356,0.90129477,0.0033034128,0.00065066136
a5f0d36e3a2181a7c9399c83265993b63e4f7868,0.13172983,0.0030907185,0.85233283,0.009898631,0.0029478807
a60c2d34fa4321a8f1aafc53adcc0bd77e696d91,0.07326376,0.0006091703,0.92269635,0.0028229132,0.0006078551
a61b719feefe1e856ea6db2cefeedeb4eecf7837,0.031124303,0.96263653,0.0003455969,0.004881957,0.0010117198
a6317e7e908c3743410f36809b05c91d0597b32b,0.851813,0.01011579,0.13374662,0.004111512,0.00021308883
a63c46f1c92fb53c522c6f26246a5558e86ba3fd,0.5207927,0.00976479,0.4594354,0.009034606,0.00097246456
a641973697045ecb002324e5e94e194b5043f695,0.8976531,0.009442116,0.08989566,0.0028863808,0.00012274459
a687352ae1f99b7ee12fb52db8d3eff7b5842396,0.8278584,0.0117995795,0.15512064,0.00493972,0.00028170168
a68e1cd072da13f6815d92b3427e65f18ce0d7a7,0.8715312,0.008094162,0.11708236,0.003147174,0.00014510295
a6a82b5f5fd74c15ab95ee41d3b1bdb093dd6d5f,0.050788183,0.00049116625,0.94528174,0.0027527476,0.00068612205
a6ab6279c49859a309e7635bf5c9a58cb67cdb1e,0.84166765,0.0078006103,0.14685664,0.003498177,0.00017686641
a6f9524e2d54f0bb869afdd4df7a74c6304c4781,0.80876935,0.042331524,0.1352116,0.0126360925,0.0010515501
a71160643f6e2171f2be2e52c11c8332e16b045f,0.018973092,0.9768935,0.00018895377,0.003270704,0.00067367434
a73018ec3aacba5c1ca71831f183eda81f1481c4,0.14120516,0.003696108,0.84319854,0.009575507,0.0023248098
a76cc2dc5b6c59d0ffe466c8dd6f4be22c0dabbe,0.8888102,0.013104196,0.09398911,0.0039071953,0.00018918618
a7a36eba4e6f2010f4279e58b313181c630cb8d6,0.8911699,0.036161736,0.065664314,0.0066282037,0.00037601966
a8abcecf7e3e2922cdc49468b3f369f2ea295377,0.2009212,0.0027626764,0.7889303,0.0063039106,0.0010819121
a921e2c4247025be7247ef32ab7b4bd02d5378fe,0.027224269,0.9652523,0.00044480132,0.005717302,0.001361223
a9785f054fc51e55009da4c78d9826333c7baadc,0.8696119,0.043793593,0.077582456,0.008459159,0.0005527995
a9a478475998201d18bb95e7baab0b799cea9809,0.06975295,0.000554195,0.92646736,0.0026652792,0.0005601488
a9d176ec1baea859c466ad74a87f3d06fc959e36,0.10664955,0.0013290695,0.88636464,0.0046573933,0.000999386
a9d9494484aee1a859ffc079838829ab27ede021,0.5255215,0.0040310924,0.4649689,0.0050346917,0.00044386648
a9e3bd5d1285ae5c79e16310c4712dbb0b2d4d0c,0.46523088,0.035418857,0.4619207,0.031024532,0.006404945
aa2e03ee8f11facdfec5c357e0fc987adc1ad8e0,0.7748001,0.013163739,0.2048622,0.0066890866,0.00048488012
aa2e45dc757c7fb476722a6ab0ab02d79d17f5db,0.8849074,0.007911859,0.1042125,0.0028439683,0.00012416228
aa3d7d93c5d08b69eb8f0be7f58dd3bad595a323,0.06569126,0.92234635,0.0013401597,0.0088848155,0.001737304
aa3f6951c32fe66db3ddcb4ac081606fb3ce5ff0,0.86383647,0.011128974,0.12077596,0.0040535876,0.0002049858
aa4fb0146659d0713351e5ac23315f549bca5389,0.21083735,0.0028779956,0.7783409,0.0067812717,0.0011625198
aaaa3de32e2bb82d4f724acec8cb146d3425f771,0.02453024,0.96996415,0.00025507231,0.004324501,0.00092593324
aad3c9fa7e5abd75cd4fc4e76c44608a827cda5e,0.14606091,0.0010057011,0.8489761,0.0033998655,0.0005573551
ab0573c5fad77973d8032da5583ff200d6ded9a8,0.2581081,0.7150991,0.0074614757,0.016930308,0.0024010313
ab78de95ce2bccf7828f06f62280318fbeef83e7,0.8704599,0.019752538,0.10388355,0.005598072,0.00030585736
ac2d59b08a60925d90bc6b874f55eb637cb91cce,0.21459796,0.0016574981,0.77915645,0.004011373,0.00057675125
ac37b67d868c42fe1f1bb8787f759efc13dc1f22,0.035240456,0.9578874,0.0004132361,0.005350881,0.0011080022
ac3bb264d91b914866cce86bf407c2c014a44181,0.027195752,0.96553135,0.0004536734,0.0054638665,0.0013552486
ac4fe2820b4ce072f7a20c5858f93a06497624fd,0.06588122,0.0008395521,0.92842644,0.0038577574,0.0009949629
ac575d1705d8bdededf8b0937317c85d518b8587,0.86785966,0.016551662,0.11020759,0.0051060305,0.0002751413
aca61929158a49a75faf74697df765aab9ee3ac1,0.054352228,0.93301666,0.0009094822,0.009478976,0.0022427083
acc1819eff732bb96d4ea17d2f12cc882e42535a,0.07743013,0.0008858166,0.917052,0.0037597562,0.0008723569
acf29144dcee2f39efefc957007b08ce509481b4,0.028170228,0.96572053,0.00032924407,0.0047547463,0.0010252973
ad1390e694ce72d24c9244cb97d3bfde4e5b807e,0.020238733,0.9753941,0.00020956872,0.0034285379,0.00072902226
ad5cadab36e5f9bf048ed5ac77460c75a81fa6d7,0.080715165,0.00068405404,0.91495806,0.003006572,0.00063621596
ad8ea9231afb45add85e8d5f1ab90767090ceed4,0.78402597,0.013363498,0.19605388,0.0061457786,0.00041095278
adc859e0aced36905e67fe3747492b90dcb04649,0.8844021,0.015457482,0.095515564,0.004408025,0.00021691473
ae3baa6c34aa523fd2aa4de3c89448efff922311,0.7986768,0.009689829,0.18633056,0.005003314,0.0002994905
ae53cdc13a51df53d1bfb022ab8cfaff9d86ed75,0.049642652,0.0006207032,0.9456164,0.0032542818,0.0008658504
ae5922ef2aafcfc09e714f439e0abc8910acca06,0.021719433,0.97435194,0.00019972773,0.003129826,0.0005990204
ae8f2bf59b806326cbf5e9216764fc7c720aa0fa,0.068217196,0.00075060927,0.9266115,0.00355455,0.00086623954
aeeb2f9f6202c23e51da33c3bb17aa94773b479f,0.022684542,0.9726556,0.00023831367,0.0036619576,0.0007597092
aef83dc3b29a3f0b134e8d5e9caba49fe411b6f8,0.79330444,0.0062233303,0.19653362,0.003729882,0.0002087053
af0c363f7207e4199d3b5cea6cd5ca977ce58756,0.8914358,0.02241909,0.0805451,0.005317785,0.0002821098
af7fc5af7f0d17eb6053fae764c19eecb98bb0b2,0.84109837,0.01343597,0.140108,0.00507358,0.00028406893
af9e220f6610cfa4ca22b2ec62261f7ee9e3148e,0.7896948,0.0047887084,0.20205268,0.0032757309,0.00018798142
affcfab8fa5467f555ab9a19fa296ac7456bf9cc,0.8676648,0.016115256,0.11085041,0.0050939517,0.0002754957
affd5449f7828ac42b1e735cdfa59ba404017f71,0.87746567,0.009128703,0.10994031,0.003311914,0.00015333919
b04dad4f1870c0532575b7649af87b09e7a6f36d,0.8752597,0.010844956,0.11000036,0.003714355,0.00018062064
b0a5b13388bc58286ae6e8dd9469a0d2c8f63d42,0.116280794,0.002093095,0.87230235,0.0074057532,0.0019180543
b0f3bc798d6c3c45dc72a428d2cd9314697bb844,0.021905769,0.9721192,0.00032348733,0.0045652403,0.0010864342
b1807b0293714fd077c5a446e20d392e0c4263ae,0.891511,0.02591236,0.07679446,0.005495193,0.00028698627
b18229823538b034fbd2739a975e9649098aefe8,0.8081239,0.11419876,0.058550116,0.017439635,0.001687524
b1e4fe5a56790c796878c91570eb55dff230bb4d,0.8141148,0.014538633,0.16482425,0.0061362507,0.00038597445
b1f0d046dc7745107c56d319dda1efa405694316,0.5447598,0.008012057,0.4384582,0.0079460945,0.00082380505
b20e138790e88df3b650c1ba95121414e3150d39,0.8670997,0.010369218,0.118541904,0.0038037763,0.00018548133
b210cb5997bb7165f8f299435daa3a42f0947500,0.06407021,0.916131,0.0016040104,0.014142686,0.004052069
b2370dccda5fdf4c1454aa048c6a4d295a1609b6,0.036382206,0.95112807,0.000849702,0.009053027,0.0025870728
b25eb0a5efe9cc31463e649667dd705b8303b1b0,0.18069904,0.70882434,0.018246563,0.0630115,0.029218433
b29ab6ea95cca4231743f9a06772d8a81b63722c,0.021157766,0.97163594,0.00040861074,0.0053331554,0.0014645568
b2b02b5b8950666ca731e46ec0b4c1fe39652046,0.8078693,0.0072563286,0.18074167,0.0039183055,0.00021439021
b3302479a4931ff9233a4505882ca08f82504338,0.27406353,0.026449377,0.6620541,0.028905328,0.008527649
b3b7a564d7321ff2407d5ac41b1e6753f93fd66b,0.02133777,0.973769,0.0002291151,0.0038353591,0.0008287485
b47afab20f73e2fe129051737f4618558ca1fd4d,0.8689426,0.030029288,0.09326268,0.0073106354,0.00045480076
b4e7fb790004249f73da1aee9bc92a1691c8420c,0.8519646,0.0256379,0.11475137,0.0071883723,0.00045771906
b4e8cb26e7ddc0899002aa6f037dee20f7f205df,0.89506763,0.01885112,0.08127933,0.004575551,0.00022638631
b4f615c200810e27c2cbdfa6e03f50fb48b6629a,0.7594175,0.0067758695,0.22919935,0.004340243,0.0002670456
b5414650126c64991b9441abd834fc4510a279db,0.05980861,0.00051407923,0.936391,0.0026695002,0.00061668805
b5b953503542609bed3cc9a21010b122b498c5d1,0.789503,0.011677704,0.19286135,0.0056112157,0.0003467587
b5c79072d139d556a90f8f71f80fc88522219d28,0.023970766,0.97101474,0.00025486443,0.003943063,0.0008165476
b5e06fb3570dfc4d48411bcfa9ae2e1e1a2e6632,0.018843157,0.97690046,0.00020163486,0.0033406643,0.0007140669
b5ee075917911a030fd7b05063111f171087ddf8,0.024746856,0.96994454,0.00027629433,0.004156123,0.00087624457
b5fae332f02bf756db6817cb67ff8e41dbcd1046,0.09484722,0.0008604431,0.9001132,0.0034884422,0.0006906118
b607fb7459e29da0846b2fd549f08763599a5860,0.029975073,0.96274465,0.0004026725,0.005590333,0.0012872457
b6382f05521a36b6f8f2c35cbe25bd2ae9e03cbb,0.89707047,0.011984231,0.087434225,0.0033628496,0.00014828803
b6ea03548c371a68e97e45a854873446c339091a,0.23045215,0.002180256,0.7619014,0.0047991695,0.0006670868
b741cfbb458532cd74f866755e1cc5f9eceea4be,0.84477097,0.011479612,0.13893265,0.0045707445,0.00024604323
b7522ce8a3de8e4a5acc15c9dc8170c70d0f94f0,0.052291006,0.934051,0.0010470306,0.010093924,0.002517091
b75e1b6f971f0b6c238855dcf6fdc970ef114153,0.020381093,0.9750388,0.00022838723,0.0035780345,0.0007735988
b780884b569ad649ffc2fbe3ffdcb83796ab77e8,0.02965158,0.9635649,0.00037441574,0.00524432,0.0011647783
b7d51ebc10df58e9ff0d81c7bad4f5ceeaed8d9a,0.89428914,0.009822069,0.09271919,0.0030388273,0.00013075917
b7e0f66356a10621a0df84622ee58ef7317a8031,0.76867163,0.011874587,0.21264027,0.006370163,0.00044344235
b7f794d81866ce8cbdd35c58563e5d21ba9f3850,0.017363936,0.9785073,0.00018751886,0.003233598,0.0007075956
b82a1963807ffd59c94e442c9a77b39427c6b67e,0.060586467,0.0004051947,0.9363988,0.002138747,0.00047074238
b8d80e386622a5bfaf8fd9158c77fd90aae21d1a,0.59062153,0.022684585,0.366935,0.017458472,0.0023004452
b8e676365b693078c0084b5e9387a3842d688499,0.89548206,0.0077694673,0.0940438,0.002595939,0.000108825545
b91cf5580ab8fc273c333eb48d3afca51aed4e32,0.029544406,0.9602552,0.0006146363,0.0075003593,0.0020854915
b939657b3a7e388455f3a13cb84e0fcf5e745c45,0.87466735,0.038647678,0.07926818,0.007021992,0.00039483886
b943eb89823af783fbb796d245ec33dc463bc322,0.02257025,0.97339976,0.00020317984,0.00321109,0.00061574747
b982ea8f3c0ee1209e2fc014f66a5f465c8e1d20,0.023145841,0.9701651,0.0003518337,0.0050772717,0.0012600124
ba296ac966f96f1aa18952ccad689ab34c68a926,0.79153824,0.024014954,0.17415373,0.009508391,0.0007846485
ba397f5338dccee6292878cc1506924bd3bde22f,0.018760823,0.9769157,0.00019432306,0.003394442,0.00073476176
ba3ee9b441039aace1175fd4a4e6f2e68c76d75d,0.047193673,0.0006050142,0.9480651,0.003255482,0.00088070624
ba6b33d571605f4ebfc22aa1de38eb440fd43cbe,0.100011714,0.00056126545,0.896532,0.0024467828,0.00044821633
badbe559bce1dc2504aed06e7cf35f63c701e620,0.022735145,0.9720347,0.00027427915,0.0040777484,0.000878099
bb2035965d75b96a01eb4ade932e13dd12643669,0.5653626,0.0073352363,0.4198666,0.0068013687,0.00063422846
bb56e256de6bb3e5a7d4566a6006a87a1e6495a0,0.13356163,0.00096782064,0.86151403,0.0033865282,0.00056997716
bb67f1ff3ad9a0ba9e732ad8a0daa8adab7e32e8,0.21385671,0.0032303673,0.77454513,0.0070829503,0.0012847809
bb97ed6bfda31c2f3eca438dc751091299bdbe7c,0.026279228,0.96808136,0.00029555982,0.0044004177,0.00094353914
bb9de2e1581f1f5b53149e79675bf150a689fc17,0.84523326,0.0075563774,0.14362775,0.0034149466,0.0001676154
bba94934f7cfa11228693491fb4f1dcc9ec60f1b,0.8577306,0.00753683,0.13135847,0.0032208224,0.00015331351
bbc26ef790f4a1a18993c52a2eb8c165c50691d9,0.83549494,0.019849569,0.13757749,0.006653363,0.000424728
bbf28e2db4d0d47a1d4694f14846594ae33244a9,0.0535458,0.0004545636,0.9429653,0.0024572634,0.0005770151
bc017e6bd7d83c8b6e0c74d446cd7ab529a9a280,0.016356023,0.9800063,0.0001557899,0.0028768007,0.0006050603
bc04d5218726ad73f6e9612e384f282ebf405913,0.02448847,0.96934813,0.0003215314,0.0047530914,0.0010887594
bc2a6e6bb9a879525018c3c43c4adcbc8aa3cf92,0.074207075,0.0005785826,0.92192,0.002713657,0.00058066985
bc2a9e9ee0b1745d4406c09077da5ac273991672,0.0683478,0.0005638583,0.92783004,0.0026923749,0.0005659967
bc3f7e48c85170f013d828c3050717a5a494686f,0.052347545,0.0004467137,0.9441421,0.0024777497,0.0005857999
bc435aa30b1af7355e1ff47fd9433062d832a3f0,0.17433782,0.79660314,0.00453155,0.020300321,0.004227184
bc59fbf035e5ac3069ee3a877e2c7d536ad397e2,0.052032657,0.0003229527,0.94533354,0.0018877429,0.00042317805
bca97783b475ffff043436fd01607984eb389ede,0.021273078,0.9714174,0.00040975027,0.005446383,0.0014533829
bd3ae5f62cc76de4546975f8b59f74d8b8e78913,0.67575085,0.08619143,0.20419852,0.029195908,0.004663294
bd65a7355c4891580917237c1883a7ec0447c63e,0.88590556,0.017964598,0.091161884,0.0047316113,0.00023637353
bd8706678fb86ea594ff6589406a400147bf958f,0.8785006,0.024805538,0.090207286,0.006142138,0.00034444974
bdd900d7cdbbbc83616162e21fcb5770d338782b,0.84368926,0.05041013,0.093896925,0.011178515,0.0008252065
bdf43ae46589b7b5cfbd0ef5832c0c03f8b9f6b4,0.88061523,0.010088305,0.10568476,0.0034508645,0.00016085603
be566a7ad37160a761be7e73d469acbe9b775367,0.06676672,0.0010698676,0.9259873,0.004842957,0.0013331278
be7413153d0f555f0616d4606917167f2c8ee2ca,0.054195784,0.00060337625,0.94115895,0.0032110673,0.00083091564
bea74a5ec769faf97fab64087a4b5289a5d15041,0.019926371,0.9756776,0.00020001874,0.0034634608,0.0007325094
bed4cf019dbc672c9bc022f835928fc09d051523,0.022915743,0.9709343,0.00032184168,0.0047186683,0.0011094208
bee828e72df09d02d66c07c1d9f459534f35232b,0.026209578,0.9678784,0.00030421547,0.004617181,0.0009904908
bf35626b5186ba5c90d24bc102099569e99f2c05,0.82007116,0.008604494,0.16688818,0.004204341,0.00023182348
bf89671f753e19f5467f79fb9ab2bb9e40ad0665,0.14870897,0.001770444,0.8436068,0.0050004004,0.00091338763
bfa451a648def2c224fc61df21474efaef897a31,0.7621617,0.0064586946,0.22699153,0.0041379165,0.00025020674
bfcada19f8807fbee284f3b4a72397bc226f10b3,0.025365185,0.9667249,0.00047154992,0.005916451,0.0015218589
bfd4b483a02b1d0b52e26f3b5497bd4f242513ad,0.59109974,0.10151051,0.2577619,0.041184362,0.008443493
c0120e482e4c0f6c32d8105ce88c91324380bc01,0.04335206,0.00028131544,0.9541912,0.0017647444,0.000410702
c021db26b2e37b3f2a09404dd7a977ed10f9e0d5,0.022834081,0.9712295,0.00030160957,0.004571368,0.0010635207
c03cf0c5372f5da45dbbd8e266aeee554f847deb,0.019310823,0.9760761,0.00021578708,0.003599744,0.0007974953
c05c34f3fda6ea06133fb099c75f6de4f25dba0f,0.89688987,0.015924936,0.08284246,0.004135109,0.00020758109
c084633acbddaa388df517640ec629295f8876a3,0.02271716,0.97222894,0.0002493579,0.0039625913,0.0008418783
c08ebda618fa715ddd15013c479b562f9c144cbd,0.07808613,0.00051131577,0.9185634,0.0023711761,0.00046802234
c0d6f9e76d5d1d7bb71be0fad0c707b2ee7b72d4,0.7073034,0.0072527844,0.28001046,0.0050778803,0.00035536
c0d839e08d58f05623136df040c86a952094ae6a,0.05473284,0.00035908553,0.9424584,0.0020071224,0.00044249438
c13fcf9178304e135f3e669820bba80bffafef88,0.20422767,0.0019530728,0.7881693,0.004897893,0.0007520673
c1e54fa1948147cda67b7c5942eed3adb342d163,0.39498097,0.0026772504,0.59777296,0.0041499776,0.0004188599
c1eaa52ab811b58d7c793bcb8ee23627f62f236d,0.8384749,0.008652964,0.1488555,0.0038167327,0.00019991536
c250188cc8c62897d66a75f9cf6aafb4511d93ac,0.028569303,0.96364546,0.00045845346,0.005909775,0.0014169595
c2dd1cb278640f47912c39b1f44ba384af0f10ec,0.8527088,0.010720895,0.1321832,0.0041735,0.00021368268
c30e757b47e395f6c3082add4c0d36d5aa90d38d,0.14528568,0.0030478227,0.84118104,0.008487419,0.0019979838
c32f70cc6884db6746e94f34ea7616a142bef90d,0.024794647,0.96904725,0.0003237432,0.0047433735,0.001091057
c3a8394f51b0b80d29717771dfa1a40d9925c68c,0.14477842,0.8170775,0.0054415595,0.025845923,0.0068566324
c4415f7635fb0dc156e29649fbe17ba7e5682939,0.018635442,0.9764638,0.00022789906,0.0037958429,0.0008770666
c45c169cb961154f721a52902b8a8d16b11b7459,0.056761596,0.0005362522,0.939248,0.0027892217,0.00066494534
c48d70d817412e621643e01c8ddaac811b72a15d,0.021751435,0.97378266,0.00022078665,0.0035190356,0.00072602305
c4992b42a931a21500dac80c7e3c1b4521e5b2a8,0.13810062,0.004184756,0.84436667,0.010563514,0.0027844228
c4ee26a3ade8064a2ec494996e836900fd32dd8e,0.8678216,0.0092147095,0.119367845,0.0034313921,0.00016446634
c5433fc034f8a897f01886f4da50af0343f17c59,0.028284192,0.96497667,0.00038686147,0.0051853736,0.0011669578
c56b184a370262e2949e4394316b0eba85d24e9d,0.029924747,0.96427953,0.00033691677,0.0045298585,0.0009289649
c574e96247af7a6f91a52a8928319771b9c028f1,0.10390352,0.0014257499,0.888592,0.0049869455,0.0010918492
c5b111fe50620ad97e28270b2899f7a2baa7155d,0.025292587,0.96893173,0.00028762978,0.0045070555,0.000980933
c5f2231a19f4fc07bd3e00e76fd4f05da54a27a6,0.057290506,0.00041916163,0.9394809,0.0022852016,0.00052409223
c66c79a9e65198f5eebb4990cf76972f6bd6ace8,0.021766653,0.9729124,0.00026975927,0.004118445,0.0009327482
c68c9d891fd782447aa4a031fd3179a4117823d3,0.7025889,0.018671248,0.26787075,0.00998954,0.00087952014
c6c76cebf43bcdf6d7a0354fca7a517a33137b33,0.1995098,0.0025006023,0.7907504,0.006193408,0.0010458825
c6da0c74dd1d4f5bdec3e41d22dfa5a0ed9c055c,0.03386813,0.95883447,0.00041599132,0.0056538386,0.0012276006
c6f39cf418b301b3af64c02f844da9241d6a69b0,0.89967483,0.011194857,0.08567431,0.0033065197,0.00014955584
c7895f6cb2b5db18f44b5b9120b3b5891765775c,0.071423545,0.00068117527,0.9239782,0.0031889558,0.0007280179
c7a9cfd06b583a9c4c52eeca895c66bf4902c751,0.022856185,0.97100395,0.0003209443,0.004678369,0.0011405245
c806d79743c36959592a8d57788fadab3f37ec81,0.8714355,0.010459438,0.1142076,0.0037183282,0.0001790716
c83e9738ae5d1790ee85b99863deb734e7614c52,0.5775654,0.0051171696,0.4118332,0.0050595165,0.00042471458
c849c5dfc1bcb2d2525595c792e5e12ec24288ae,0.02291961,0.971025,0.0003201109,0.004662491,0.0010727744
c84bd2536a962f3330898cb4f19107ec0b580c7f,0.6570145,0.0074869753,0.32868254,0.006295338,0.0005206982
c8957a66453d3bf8c5d9a8dab3d7db47de8712b4,0.1936624,0.002073568,0.7982566,0.0051903855,0.0008169984
c8e49a700f1d664be60760fa1588c40694ca9e8d,0.7617347,0.013884978,0.21681584,0.007041676,0.0005228173
c8e892c58980372ff7d5d4253f1ffae2318e9660,0.068196215,0.0005419954,0.92796063,0.0027056127,0.0005955451
c8ead25b9e3c3f05fce76e1f1d102964c5e038ce,0.86345965,0.014158927,0.117360845,0.0047690133,0.00025141396
c920cdde9b65a124de592bf659ff27baef9da5ab,0.058648057,0.0006397333,0.9366123,0.0032774261,0.0008224266
c92bba121202830c4f14119dfdcba813f390f271,0.63797694,0.0042383964,0.35368827,0.0038232661,0.0002730902
c96036221d1bd893a7e51932123e8b03acba5757,0.8699584,0.00917312,0.11735295,0.0033569036,0.00015864868
c9848c9c75b92481a9afdf7fea3578176468e817,0.09877172,0.0009377158,0.8958621,0.0036661692,0.00076228264
c9e22427f4c7aa646ccfffac8f18cf52d73e446f,0.91121894,0.010811425,0.075038865,0.0028166478,0.00011410089
c9f91af501aec7b0bb4779d58f74c551697bdf1a,0.6516777,0.3001172,0.02987388,0.016740903,0.0015904056
c9fde22724acdcb871ee1090ed615496ba205e87,0.84516156,0.0070112334,0.1443581,0.0033053125,0.000163749
ca02cd38409dd53ab400043d6f2cf12c9f0865c8,0.02565511,0.96884894,0.00027946694,0.0043153595,0.0009011548
ca18d2404b1358d24da0aeb79cea4ebc842ea694,0.7419214,0.008248528,0.24447614,0.005020163,0.00033371485
ca2532ca69d48b19310c8f7e3ef90e2fa198cd80,0.8953446,0.037477866,0.06054995,0.0062917243,0.00033593978
ca6f551f8ba46016386c7f4a13b7aa5d4821b3c7,0.017626757,0.9786001,0.0001660616,0.0029870074,0.0006201356
ca8150df84803ae2614d5212c9955a5a994b4d21,0.89614147,0.0076897624,0.093501374,0.0025620018,0.00010553387
ca967afa4e839aee8db005d7f1a4245103e3fbf9,0.79200387,0.007941435,0.19538175,0.0044145132,0.00025837234
cabf893c95f15a2f07d9f520d21b10f056b43dbb,0.023396237,0.9713118,0.00027270327,0.0041285907,0.00089069223
cad9dbc323820473785d6629d41d64c86f9a2ea0,0.02363853,0.9696091,0.00037134136,0.0051138266,0.0012671963
caefdd4de6156e38ca33fcf4d4a5ce3dbd665d2b,0.078403026,0.0012000639,0.91409445,0.00501492,0.0012876044
cb1208f8dbacecea218e0cec2d76fa1b4ac4d0a5,0.86916333,0.00879495,0.11849501,0.003386241,0.00016048453
cb21ab88bb966afd1a426ddaad8a8e0cba32387a,0.112318546,0.0009580132,0.8826676,0.0034320322,0.0006238802
cb8998305b3b5c68ef7cae28ba51fc04cd86397d,0.88962644,0.013382872,0.09279123,0.0040034754,0.00019593937
cbc4b663926fd8a24a60085869830b17103347ea,0.026907813,0.9669458,0.00037250805,0.0047068894,0.0010668979
cbc6e968d7f5931833b773f3e3c04de513b9e96d,0.41092467,0.0049706073,0.576263,0.0070445547,0.0007971453
cbfacd101b49a5684864f5c4f2634f4fa4b8edff,0.022310482,0.9727815,0.00023275979,0.0038563348,0.000819082
cc0be3b0ddc900c3ef969bc8305f851a44de9ad8,0.04290649,0.00034268637,0.95413023,0.0021079474,0.0005126847
cc177c2cd2b1d4af25745d9084dc24e7008d7210,0.8200433,0.007553685,0.16838394,0.0038161497,0.00020297158
cc1ec6952a5227b4dc799f42536bcc4ec534fbc4,0.8464925,0.011590246,0.13733138,0.004355679,0.00023012771
cc3864d11bd5e88a6d463d48ba99c2a437dd4880,0.03319466,0.95914465,0.0004934083,0.0058627534,0.0013046268
cc41b5ea1ad863f38e63cb94460ebffb9ffd9340,0.02266951,0.9717377,0.00027606165,0.004340476,0.0009763394
cc62e7b9e1a98777caa8883a4cc603e5104f2d99,0.0823535,0.0010608782,0.9110322,0.004467182,0.0010862221
cd548c8c2d5b494e374b79688dbe2ceca2702b53,0.54644626,0.0043327417,0.44404066,0.004785988,0.0003943116
cd667821afeb639c9365139b43854a9005098104,0.027376516,0.966595,0.00032392456,0.00470002,0.0010046704
cdcf6391e0c55304d97baadc9273c372a85cd0c6,0.8757959,0.027964424,0.08933552,0.006522772,0.00038132808
ce2de362a163389d83e83844a32d5cdf6363e39b,0.017702345,0.9778169,0.00021045544,0.003488093,0.0007822444
ce8a1578c0eb95557e98c1a651c5c054cd7c2765,0.020654375,0.9752108,0.00019978217,0.0032758059,0.00065925106
cf15d4184bc43b05e11237cd90503368e41819c7,0.023867019,0.9706439,0.00028977846,0.0042723115,0.0009270475
cf259ec891e9093c9c66a8c25a6eb2e1d607a9b3,0.020442678,0.9752887,0.00019808151,0.0033712662,0.00069917727
cfb169d1dab1642fde37e4151880d6d9b606f313,0.8944901,0.020876467,0.079398595,0.0049738362,0.00026098842
cfb84f64cb1fe2940b24dcf30a77897721483b16,0.09786224,0.8325278,0.009271948,0.04099588,0.019342065
cfe2db107b6edc3ceab4c5c08fd38a1069b98730,0.9044256,0.017522955,0.07382231,0.004040163,0.00018885652
cfeb39e1ea90be9bacb1e6e739c1a90c2137255b,0.01769791,0.9782718,0.00017791652,0.0031815413,0.0006708572
d005feb68474379f5904014bd2b0720518f05e1f,0.04467551,0.0003010928,0.95276564,0.0018327421,0.00042496095
d00f43ec6efe6e239fba779b331b4e0856bc93d3,0.88793457,0.025904898,0.07992815,0.005903872,0.00032856915
d013a5976e3a95c6d82cf4dd528bacd57cbcd56e,0.8553881,0.009522583,0.13109201,0.0038084232,0.00018899965
d0433b4a961d0b447b8adc7a01064ffb00890e07,0.11202232,0.0011880037,0.88177115,0.004191099,0.0008274555
d05787a28af810bd7d7c20856fea4fef17b8f0bd,0.5128215,0.44180882,0.021406274,0.021340802,0.0026226286
d05e335c896be1d68c0bd54cc29a25c079cec9f1,0.050450537,0.00035891667,0.9466558,0.0020607715,0.00047393268
d06dc92d4151980ea5fc69c70d753ea20c069b06,0.85186106,0.0071859397,0.13761632,0.0031827898,0.00015385613
d09fdb4125b7dcee205889074ebe3992797da98b,0.72204477,0.008372987,0.26377934,0.0054230955,0.00037975254
d0a4732b7965d6da4efd4e12808c3ee5773ff34c,0.8409107,0.010740056,0.14379808,0.0043211426,0.00023010375
d0f6014f7cefd377168147483e5a9b89e375b468,0.03126809,0.9605015,0.000496828,0.0062224916,0.0015110613
d112ebf682f1338aa5a84b25a9158ff3f318f47a,0.06789374,0.00062112877,0.92787284,0.0029577918,0.0006544942
d11cb8cc53d729efc6236f7a97aba5d8504c6077,0.027947826,0.96427965,0.00043943262,0.0058790194,0.0014539948
d16693fe7d8fa0fb9400a9550bd4a26fe3b2fa9e,0.04550462,0.00034183805,0.95161587,0.002046756,0.0004909262
d1857540dbe5bcd867fe8fe5bd9e488f22c8a075,0.034211118,0.9565003,0.00059695635,0.0069560297,0.001735673
d18d4f31f5e03258882bb8a77bbc214763c6b73d,0.09343134,0.0015962125,0.8975619,0.0058925156,0.0015180658
d1a8295550eaaf3375cb2db5f38fd59b38d26fb2,0.02795618,0.965803,0.00032667644,0.004857562,0.0010566274
d1d0d8eb9e9b1dc3d0ba7ed86618268f64b57427,0.105691016,0.0016003252,0.88596123,0.005486788,0.0012606472
d2088a09d9e2c875e2978a9f84bea689f4c028cd,0.066642195,0.00049609295,0.92979336,0.0025149987,0.0005534554
d211fc0940d5da1622d7745cb14bc6ccd913bfa5,0.89081264,0.0071742926,0.0993877,0.0025186425,0.000106628504
d214443fbc8db6edf587ca299d2efe6714a57e4a,0.86584246,0.010455493,0.11964522,0.0038616823,0.00019517753
d23e4d425a8e18d559443275b441f7f74f6e6c2e,0.86146635,0.037319124,0.091862075,0.008765957,0.000586644
d25c69f99c4b844ffab77f632920e3fa9032be92,0.041678943,0.9472094,0.00071110245,0.008354965,0.0020454417
d26afbd138ff96d9466388b195f7e183c0bff3d5,0.874124,0.012983695,0.10850958,0.0041704723,0.00021231215
d2d8b08112beff69fb1336e2bb7d569bee31ed24,0.02498826,0.9661541,0.0005085565,0.0065532927,0.0017956671
d32197f3db6bfa837d5d87797306a762a3d66d4a,0.02699224,0.9670671,0.00030778378,0.004645593,0.0009872676
d378367989d05bc8a20d1b5e1a86077a8ad768af,0.023970865,0.97047764,0.00027797872,0.004321106,0.00095236057
d39ef556f489720d0b268f94aced549e0d89dc14,0.023958495,0.971132,0.0002473021,0.0038657393,0.00079649244
d3dd1bc9e20cb888169900832b4c67546c6a0a4b,0.14069737,0.001792649,0.8511162,0.0053479383,0.0010458913
d3dd7b26dcdd412dbcb68496e4ce7b19aab014de,0.8913887,0.026632573,0.076042086,0.005636998,0.00029953095
d4077d83a5359394178167ee288176a6fc960751,0.8232693,0.01277359,0.15823507,0.0054067886,0.00031523008
d40b1b5d1d86c0923195cefdac86c4151418674d,0.81809926,0.010070193,0.16681524,0.0047421088,0.00027313698
d420024c918fe5694623a001408600a6da4c5b2a,0.8624626,0.011012485,0.12229048,0.004035644,0.00019882915
d42df34f8d3f5c2a1327418a884c4abe2bfb84ef,0.056878336,0.9123575,0.002702486,0.020608583,0.007453112
d456ba6139f1e5678a8ab460d827af937d89f412,0.021732535,0.97262865,0.00029768958,0.00432828,0.0010128649
d45e1d8ae9cc6007a0f77a7da0120c5d8a4f69a9,0.8856405,0.011212089,0.09943801,0.0035454193,0.00016396683
d4869bffbe66a36d9ff5e4e32e2f8b36d8f399e6,0.021301163,0.9740811,0.00022735944,0.0036225026,0.0007678915
d4af711bc55f07896229d6026413f2460f1b7562,0.66847503,0.2935888,0.021509621,0.015006647,0.0014198903
d4cbada67a83b397ebaf0740f48d1c041e4148d5,0.83537954,0.014325532,0.14432992,0.0056239166,0.0003411201
d4d02e73da889db1f4fbd9157ba8122d6b1d9ce7,0.77042776,0.007971087,0.21656486,0.004740878,0.00029536878
d598392e86af429cedd649dd7ef994031e6e58d7,0.16474478,0.0013030671,0.829474,0.003867413,0.0006106869
d5b4e18816472105d9a8d077a03032d35fe63ae7,0.055471685,0.00066845457,0.93941754,0.0034983691,0.00094388705
d62b245703125f2e5bf0708694cc53d7f2b0dbf3,0.023246534,0.9713817,0.00028173448,0.0041779955,0.0009120627
d64370a40c913742fa0e76134caee5aa99fe2fd5,0.8783228,0.01619083,0.10036325,0.004866303,0.00025683423
d682cf768640d3e80131ca8230dd5bdcb76a0191,0.02671036,0.9661524,0.00038204633,0.00546773,0.0012874381
d7e3f6424ffae44050202d881c995e7ad3ca0e81,0.88130665,0.01016766,0.10488616,0.0034780593,0.00016148653
d85fcaf4a3eec9b797c49c034145a877103cf5ec,0.027803585,0.96606797,0.0003293454,0.0047517396,0.0010473301
d862361974270e180941553285c430746e607449,0.88476765,0.010264218,0.10148915,0.0033280863,0.00015084818
d878e173af778553972679125cbecc579fa8c63f,0.068741985,0.00051355857,0.9276382,0.002554948,0.0005513745
d897658c3347a799c08c8a175499e041b13d270e,0.7852679,0.0092006605,0.20029113,0.004934114,0.00030610996
d899d9750e073d928bee63a8b98bcacc71c19da5,0.6398976,0.006357555,0.34783074,0.005496351,0.0004178129
d8a53489430e4a34f8de93aa599d5e4dd954b414,0.8330201,0.0064966367,0.15704599,0.0032736938,0.00016369078
d92fcd0792f47772fdfc7b553b26382218e5f2d4,0.080590755,0.00084388774,0.9141225,0.0036133667,0.00082944793
d93722c9c7b1c70aadc0ad14da0c332eee58a4a0,0.029308561,0.9631854,0.00043470756,0.0057364274,0.0013349043
d95158fa1adbd3f9b284dda815ec2776c53f1613,0.7661359,0.006157551,0.22342126,0.0040472075,0.00023805129
d9a08adc801c17e65c72f9158f118c1fd51424cf,0.89123267,0.024076687,0.07897162,0.005436082,0.00028292643
d9adfbd38a7b1e1906801044e968e63f7d6e7ca3,0.6339326,0.00863877,0.34997728,0.0068669026,0.000584442
d9c9feada8b7a022f06510a07a6139875a0dfc0e,0.8715113,0.013584793,0.11033953,0.004344272,0.00022015648
d9e12fec63d883964d1822d69200472877cff3e2,0.885603,0.01512957,0.09481147,0.0042506913,0.00020529513
d9fdf4c7b9b51b1b538a558379cb7656240dc869,0.28332064,0.002185259,0.70932096,0.0045942524,0.0005788547
da058bfb9d85e11d0d012e56ebf0b1c0b09b418f,0.0363229,0.9529877,0.0006818195,0.007975387,0.0020321144
da5e2fc2250ded2e30b7f4d7cb4602575cfd60b8,0.87634754,0.020111421,0.097719096,0.0055238316,0.00029819948
da69c1c34a12c895a3d0a52c57daca9fc3bbf82f,0.02449743,0.9690369,0.0003513877,0.004945062,0.0011691902
db4d1667675c0233d90ce7f0a3775f900006243e,0.859864,0.009641534,0.12661162,0.0036988968,0.00018396898
db4d6126261d321e9aaa909a84c72fc968be8d2a,0.033065397,0.9594754,0.00040925157,0.005777422,0.001272518
db59ee6c47c0c7a46e5ab2b291c6cd47b98be4fd,0.7948487,0.013125387,0.18535621,0.0062546963,0.00041506288
db842eeeb2c95a8c129df97b9e9904dee2eaa21c,0.0472864,0.00047814488,0.9488977,0.0026485682,0.00068921514
db8e26fcbdb5a17085dea03bc2491f481ad9a323,0.08818388,0.00094387867,0.90596765,0.0040127523,0.0008918678
dbdabbad2e58692b8debea8756429438879927f6,0.82251906,0.11741416,0.04617998,0.012860123,0.0010267452
dc01fbf43d09af1ba655d5f30684a0735dc34f2a,0.85922873,0.012030868,0.12406017,0.0044501773,0.00023009133
dc117ed4ce6c089a0ed328f271de10a2996b8c3b,0.79697883,0.010937666,0.1863134,0.0054336796,0.00033648912
dc562be2f7e02c7a50c95b4df1081eeec758397b,0.8784433,0.00880845,0.10944738,0.0031568117,0.00014404178
dc649b42fca41df09f2e9402845807aed2af621d,0.027911497,0.96375984,0.000489924,0.006244339,0.0015943932
dca334b810b9021828fc7f227e784d99acf23a7e,0.021794531,0.97353756,0.00022776649,0.0036818385,0.00075827265
dcae6506c15134f10d6ae3733947eca0c59deeae,0.0946168,0.00077066384,0.9008853,0.003131233,0.0005959376
dd65788e513c2abebd1d6072a6f06212dba600d5,0.22073568,0.0019278225,0.77195907,0.004700489,0.0006769605
dd9a44d9a7c5c32955b9a4e9dee9c3789cf44b3d,0.80679077,0.100673154,0.072876215,0.017899932,0.0017598341
ddb6a2a4d384bc99867bf8128d51b848482af361,0.53338367,0.0037744339,0.45800632,0.004460888,0.00037464287
de165a1a543cc6b94cf0bab11618339367a0b223,0.85993445,0.015275792,0.11889099,0.005553761,0.0003450948
de1eedc62bd9c4ff29e72a9dabb604188301c8aa,0.50189656,0.0049308515,0.4868188,0.0058102375,0.00054354087
de3b4ba7b7ec43cd2ff2fc819f79030e3ed82bcb,0.79073274,0.0077236244,0.19698316,0.0043021124,0.00025830726
de431a8b564be15671a1bb420f9c90885d96fa5f,0.8925898,0.022099888,0.07990287,0.005144961,0.000262395
de6fc0c6a7b8daae7c6367a623b538ab0db67ec3,0.8570762,0.010961936,0.12764871,0.004107344,0.0002056205
de72e8c4c5a713eb29d2f3adfe3fbbf98d60dcbb,0.892755,0.011510876,0.09216305,0.0034172095,0.0001539127
de794d6f9a08d85f93bdf3bacdd6ada5971fbbda,0.8931751,0.014372596,0.08828324,0.0039807307,0.00018824634
dec4101b48d9e34b431fcbb507d867e58901e2b7,0.83516145,0.015034705,0.14416118,0.005326236,0.00031653154
df347c2cfeae69ac152b02ce7e9bff4b90554983,0.038841352,0.9534815,0.00048979616,0.005922319,0.0012650992
df7f7188bfe99d170fe88ec509f980f59e12a9d1,0.8740865,0.022159085,0.09786263,0.0055866223,0.00030508928
df88a4c1c1e5439bd0125622689edcb436d94621,0.022198739,0.97284704,0.0002582432,0.0038876673,0.0008083762
dfcb7266c7b2120312a1dfc4721214e08fec2af1,0.064869136,0.00083754683,0.9294812,0.0038347167,0.0009773371
dfdb44a7d8eb584ea06199cd2f34507b15949952,0.018364586,0.9775643,0.00019613108,0.0031919682,0.00068304327
dfe30cdde4cfd07a58f7c33a7bc7c02aff419032,0.39558446,0.0032945909,0.59530455,0.0052538193,0.0005625165
e006a3025eb8e44f71aa1ba48e75d944be23377b,0.032885466,0.95550066,0.0007635021,0.008460348,0.0023899626
e12fc793103f1e2e1f3c7068587c5693f28a5b9e,0.86180913,0.0084530385,0.1262586,0.0033193016,0.00015980596
e1371921331aa897ad9c9160010babc920ab08d1,0.2497645,0.6453599,0.030645618,0.05569351,0.018536542
e16949b03e8b501dfd54090b527942dbbaef2bd8,0.02503739,0.9692155,0.00035681992,0.0044243494,0.0009658761
e188c64871c9123794e44108d8f463a080147ecb,0.8710174,0.010330726,0.11481645,0.0036611133,0.00017437391
e1916779d87d289a7501d1733ac2a9c723d54ce5,0.019588146,0.97627956,0.00018906746,0.003267245,0.0006758141
e1a18f02c3a32f6313461f114ac9e185a85192f9,0.018953819,0.97672504,0.00019973968,0.0033964165,0.0007250589
e1ea2efbc36d9e9a53382bf485ecf6b0579d4afa,0.28118053,0.0029878155,0.7091485,0.0058762343,0.00080678676
e257f539c35e8adec6a7ddac6e144508fc221ad2,0.111238986,0.0009705276,0.88349134,0.003610806,0.0006884165
e2ac0a206ac6f354714408942e7c3f6c2b850b24,0.85606307,0.0071474165,0.13348795,0.0031507264,0.00015079566
e2e6df05b41fdac7c6c28ec85514191bc58b2752,0.07628609,0.0011292428,0.9167071,0.0046938197,0.0011837422
e2f02773f1aaf733cb4aba40fa2d045cbc2d25ca,0.18009335,0.7934747,0.0038314473,0.018832713,0.0037677642
e300ea5c80c5e07a80b6a3cd61cea886d9133e37,0.8039946,0.007133871,0.18464582,0.0040009394,0.00022482233
e321d86da5ce9207dd04aaca4740c43e55febcb7,0.113707304,0.0011211039,0.88026464,0.0041215722,0.00078529964
e3223e9ae357fba1ab47e00abf6354fa84743887,0.2273263,0.015695265,0.7214941,0.026426958,0.009057393
e3738beefd228afcd86a4e82983be99c3726f90c,0.8360254,0.024487665,0.13138242,0.007575912,0.0005286025
e37486852ad48c993fd7b2be6dcec4e82f790f85,0.025542468,0.96926975,0.0002706281,0.004081926,0.00083532877
e3aae02d6b14d4bced0547ed664fae2cc387ac19,0.07557789,0.0005250484,0.92090505,0.0024827104,0.00050927897
e3fe10749268fa621ca1e067c0150b290f722747,0.10433458,0.83961546,0.008043502,0.034739804,0.013266642
e4aa6d284907bb7de6ee937eb4ad0b4e9447058b,0.11047403,0.0010488618,0.8841374,0.0036433626,0.00069638086
e4b930664b4ddd4edc29b4c467ab1d5b7a18a3da,0.10876479,0.0020990134,0.8816011,0.0061208927,0.0014143129
e500162e1d3e1d6bc81d435bac82983a32f9e0a7,0.06875486,0.0006693443,0.92661566,0.0032133767,0.0007467307
e591b3ed99fb226ff688c2d687b12dc08a2619e7,0.79390115,0.007573499,0.19407642,0.00420691,0.0002420337
e5aa8c2c7b65a053ccd0572328dbac5b2c423c44,0.06365594,0.0006651076,0.9317377,0.0031953782,0.00074582634
e5aa9b439d8d134f5afcfa2f727775a099f018a2,0.87057316,0.007492881,0.11877713,0.0030180863,0.00013887617
e5f6ad37f86b76e0d0c75fed1366143e83ca34de,0.022144763,0.972002,0.0002984794,0.0044924603,0.0010622165
e61d77d94952b728dbe1eedd0a106687e6365e69,0.021796042,0.9739291,0.00020455147,0.0033862824,0.0006840056
e648c02982810cb9e8d6c36f5be6f719ae4aea20,0.09716295,0.0015122616,0.89428025,0.005673754,0.001370828
e69431b75ecbecf075f1fcc5bf20b0dd0255e80d,0.08093092,0.0008286705,0.913822,0.0036090123,0.0008094025
e6c7dc5975120947d85b67e82f7ce7ba3451d117,0.8721954,0.011421478,0.11225713,0.003933554,0.00019230167
e6c7e1db8488bd55bf436e8f4cd545ddb5610b2f,0.142316,0.0014969343,0.85057485,0.0047403504,0.0008717996
e6fd4e67adc0b7ca945bb6dab199a076ad7dc110,0.893296,0.012959666,0.08990607,0.0036707239,0.0001675788
e7097af7ff806e11fd6426650d7c3c5d159b39a0,0.85499716,0.011224254,0.12927559,0.004275326,0.00022766613
e72f916f832c1ae41fd57ad9509b2a242fb6bc73,0.81743735,0.011500208,0.16557258,0.005179411,0.00031050912
e73af8457a4f14cd9fbca401184bac2de84725e8,0.023849359,0.9691217,0.0003739059,0.0053226207,0.0013325328
e75a4ade4e43162bf822d6fa9fe0656ea1ec4e28,0.024970863,0.96847576,0.00036381013,0.0049873446,0.0012021709
e76ce214e699936abce9910a859e8d6cd9a5bc43,0.020261938,0.9741149,0.00028062813,0.0043217777,0.0010207195
e78aa3a954b093085f487fd4eaf89fcf1df84f0b,0.6860117,0.028109046,0.27098435,0.0134567665,0.0014381354
e7b2c425a23fe0de6d6f46bbba77ec4b9f982d2e,0.054060154,0.933983,0.0008755163,0.0090012085,0.0020800573
e7beaaa052746a44db673865d1d17ba1ff872191,0.024745308,0.9709679,0.0002446125,0.0034021111,0.00064018945
e8020af78e466c61d20ed26e4ab654dac3eaf8f4,0.025099883,0.9694746,0.00028109018,0.0042422055,0.0009021312
e80688b8b17b2261f7d51d27d865fca6bec84f8a,0.07258941,0.00069596677,0.92262775,0.0033044566,0.00078246224
e8583580fa40064ae071da9a0bc97fdc508fda8b,0.47163513,0.0053772596,0.51568156,0.0066299587,0.00067603006
e880cde7d5226b2adc9e4c4ff0eb6dfa6e00e78f,0.12544793,0.000787652,0.8702112,0.0030316834,0.0005215111
e8eb073082f6465208ea2e254f0e30045558687b,0.6606055,0.012538387,0.31767815,0.008392351,0.0007856311
e9d4c66bbce9778e148aee25d1b53129aedecf40,0.8628777,0.009132515,0.12422531,0.0035909973,0.00017356772
ea27a85d79cc6ff80972bfc23bdecdef40ba8cb7,0.03165201,0.9580541,0.00062362576,0.0076092016,0.002061096
ea706674fbaae9551b82344b31b55ce556517e8e,0.8486968,0.079501316,0.059718702,0.011181477,0.0009016943
ea7aa889f54e92ed4b00f4fc9db56ec8141d6739,0.020851212,0.9738588,0.0002615558,0.0041080103,0.000920395
eaad3bc3df9ac172818db9f14cfcf0e9e6662c00,0.46780393,0.48198286,0.016360244,0.028980661,0.0048723384
ead39aa4bceb42944d932dad4a6a79891f35c332,0.8678134,0.015271104,0.11183076,0.004833786,0.00025092694
eb34206bd75b4b14c0a683375fccbbe2c8a70d3d,0.021795938,0.9734604,0.00023477392,0.0037206672,0.00078825623
eb852fac37dc757ca931882db56983b5d54bba7e,0.88762224,0.012802615,0.09554029,0.0038483336,0.00018656289
ebc0e56934c13deb79e35123979264c53f8c7cda,0.8321908,0.009986421,0.15319312,0.0043936884,0.00023592084
ebcd63f41ae689fcbd70ab70a603f10b42a33904,0.021986943,0.97304815,0.00024509992,0.003886532,0.00083324267
ec03498954ca9c39330e1915490eb04253cdb7da,0.07864835,0.0012669757,0.9135346,0.0052231904,0.0013269676
ec476f53f999ad8c6632c829df4afc927e7efc53,0.028513746,0.9638644,0.0004049316,0.0058185607,0.0013983421
ec5209f2abdc6f20f336d9b4130ce9b81edbfc49,0.023194613,0.971619,0.00026375096,0.004053632,0.00086895906
ec97d5e982ff9317f872c8be79281574e4ca37fe,0.044859245,0.0003156381,0.95244,0.0019259293,0.00045919907
ec9d2cb08c81b7a4ffaeea94fea338e223c660a1,0.8488631,0.01168443,0.13471316,0.004502121,0.0002371226
ed5996a2b94dd61d228197de899d405f6ce122da,0.8315842,0.010799481,0.15269275,0.0046647773,0.0002588437
ed5a10b4df0e2625156ae899979d7921228a2843,0.11909549,0.00091248314,0.8759116,0.0034460244,0.0006342979
ed687138aa65a945c4c16dbc02025eb2cb7a8e2d,0.063532494,0.0005209182,0.932724,0.002632053,0.000590575
ed6e6e201b01f90f3a197fae08f3d7ad7399e103,0.07786188,0.0005162243,0.9186266,0.002487488,0.0005078232
ed8f028ad0bd33a4633c0af204c9cd518a0f61c4,0.07258837,0.0005914202,0.9234471,0.0027780347,0.0005950617
ed8fbbfb7beb57d8d8db7710cc484db60c9b2450,0.84806365,0.03436504,0.10756029,0.0093215415,0.0006894652
ed95bfe5d2e2552bb71581187b600752afc10cf0,0.018413236,0.9777364,0.00017459645,0.0030466507,0.00062903605
edc7d7a099d7237c7858c199d36bae3b0a5aef3e,0.020618713,0.97472227,0.00021184974,0.0036541608,0.0007929931
eddaf8862dbd3127a856e2308b5cff614f1b4700,0.04216375,0.0003712848,0.95465577,0.002247469,0.00056179013
edf68af41a6b9d43d8bef6bc884b65262805b0bb,0.065283835,0.00044511195,0.9314416,0.0023183844,0.0005110729
ee1bc8402d7fb4a05e02abd348cefd4ee24052bd,0.8964821,0.013074624,0.086673476,0.0036053024,0.00016447114
ee3bb82f6852c5817e957792157f482086711345,0.898122,0.008549307,0.09049033,0.002723194,0.00011507395
ee855eef79ea68e30d6bad50e48dd886d096fa57,0.030926967,0.9623515,0.00037943982,0.005212658,0.0011294379
eeaf22cf43c18ed2e4775acfc776d788cd80909b,0.023692034,0.9710289,0.00028178637,0.0041021225,0.0008951336
eeb3f46451687820864a52e947b0254ffa119b1d,0.060718715,0.00039120688,0.9362986,0.002109075,0.0004824331
eefa998949eb0f81c8a09fdabe4f01edc11944ae,0.54578376,0.008243073,0.4369723,0.008198812,0.0008020951
ef3d6339deca5a9f8ab0f7603061bf84b08032f5,0.07351551,0.0006666866,0.922051,0.0031017964,0.00066503184
ef401d8f6bc700e007740b081b0042a2a231a943,0.047704693,0.94248843,0.0007110846,0.007469097,0.0016267074
ef7246bfe17afd6bf195f046c49f0cf923e0ac9a,0.0191583,0.97609586,0.00023376763,0.0036915843,0.0008205054
eff4265676b9057d3bf0389ddcee6666642ba8bf,0.019809477,0.9757888,0.00020857381,0.0034531604,0.0007400277
f0140c66a9e641ac587e754b76288b66473314c8,0.087859444,0.0009894562,0.9063907,0.0039213323,0.0008389713
f0638ce4eb4a8439a27cfd0c58449e40a4997873,0.020463001,0.9753432,0.00020360645,0.003321088,0.0006690205
f0891b93ceb5fd96ad45dfaf844732d2eb85237c,0.05584385,0.0007017368,0.9392844,0.0033246179,0.0008454143
f0a3241b265d196ef31a1e3ac9e634bff9598fd6,0.023958365,0.9696051,0.00036383304,0.004900436,0.0011722898
f0b2d119f56cb62554b0d4c1cc8cd3428331a749,0.048262317,0.000406148,0.94839513,0.0023646997,0.00057169475
f0c847341dba78b37d97647546e9f76ea7b7223e,0.10523078,0.00057275785,0.8913747,0.0023994914,0.0004222549
f0efc079737afc79cc7a64983a7c4d0c9b8183fd,0.023001155,0.97180814,0.00025816972,0.0040283767,0.00090404483
f102d2906ae65a7f7b26e7b9ada0ee3563a9fe0c,0.083212554,0.00088285585,0.9111688,0.003846214,0.0008896376
f134dd31dc6dfc74578a8ec7528166271df04e3b,0.8385475,0.009021002,0.1482054,0.0040172045,0.00020879519
f15b41713d6addb3efe05f199414ea90d4556d16,0.02738403,0.96632564,0.00037105588,0.0048382725,0.0010810461
f162424b52b6ac892463728376bc106bc114837b,0.023948845,0.9701114,0.00030795575,0.0045724693,0.0010592873
f170d81723bcd79533a7cd7dab303f6969610815,0.09901838,0.00094897265,0.8954699,0.00377514,0.00078760285
f170dfc1da299cecdf2576577d6f01f777b5b609,0.6782334,0.24324478,0.04674286,0.028128577,0.0036503565
f19c681417273371191c2bc2b11106c3e4f9e83d,0.021480767,0.97181016,0.00035743817,0.0050712978,0.0012803327
f217464dc5d9b52290742385e671ad257a9da152,0.89650625,0.023582278,0.07455162,0.0050927238,0.00026716737
f258bcdd72e3ca83fc9b6dd5d3cdd1214cdff164,0.86668396,0.03695123,0.08660725,0.009093838,0.00066375453
f2a1424b0af3bbe1ef0cbaa8aa2edac6c332f783,0.8884956,0.013698106,0.093700044,0.003921509,0.00018473051
f2c0420b2c4187b04721620e49d833d07e18c638,0.02930516,0.962044,0.0005824364,0.006426223,0.0016421973
f2d8f23c36282f00b4bc1ecbb96534420cc0165e,0.44331446,0.34879515,0.13024545,0.061327823,0.016317163
f2eac9ebe106d83690d3e9bb49f5a52873948624,0.6827163,0.24449158,0.042791363,0.026590426,0.0034103484
f34418e595f4e6e13c36aa5383e3302cb20308f5,0.88161427,0.03447476,0.07624882,0.0072276224,0.00043462368
f345dd03b7a1b1626696b726d924ecea157e1740,0.019422246,0.9764459,0.00018899907,0.003266979,0.00067585125
f37987ce590d1a8cbb9073a6d99bd4819d1b54af,0.7901651,0.1386192,0.05422074,0.015608616,0.0013863266
f37f3e61afb7593223b6daf35914a45555a613c1,0.09794467,0.0009213685,0.89668083,0.0036955804,0.00075749896
f415febfbe939d60168894805874ecbe2ab4c556,0.8364339,0.01963785,0.13659541,0.0069058556,0.00042699598
f416d7d29a6f7d9920133443d958c40689224bed,0.05680323,0.0005052484,0.9394479,0.0026253166,0.0006184054
f416ea86f0a10199ef8874552936e08645507057,0.5152277,0.16687538,0.24164276,0.059898343,0.016355796
f480517dd1d148d87687a50a8c9e558cb31b144e,0.85265654,0.006638241,0.1375205,0.0030400518,0.00014465785
f521c5d3a221d782cafd51c2f60e84563862de3e,0.837082,0.013880108,0.14344697,0.0052902987,0.00030066294
f6299c79fea98f2352989ecb51b16455009b7473,0.022457978,0.9723178,0.0002742683,0.0040653558,0.000884515
f63e3d1d5e4b965b3b004b47f8a4ae3d1e27dcea,0.028814046,0.9643382,0.00038785758,0.0052660913,0.0011938044
f647f4bedb047ba56eb1fee1ff2ced5c9ff54464,0.06958365,0.0006739687,0.92587715,0.0031412013,0.00072400953
f701545d7209c336fa3de1c09677dbd702e6e354,0.031011693,0.96234363,0.00040350098,0.0051074205,0.001133727
f7256f787a44fa6b2f1c763b54248f77456e507c,0.07559674,0.0005643832,0.92066896,0.0026319232,0.0005380225
f78a1e78c1f5e1e6defb5cdba1b6e3c4ab04368e,0.88898355,0.0123772565,0.09479322,0.0036744121,0.00017160969
f7ceb05475f9dbc5fb03757f267015753f73672e,0.5844626,0.0037767745,0.4073519,0.004093768,0.00031492143
f804bf88bb8c36c9c43cda946d8eae32bfb16b55,0.84804416,0.03876453,0.10215802,0.010248836,0.0007843141
f8683bb62ef0932f883eafe899477d3579bc6410,0.7166831,0.008635491,0.2683759,0.0058947518,0.00041075243
f88dd29020381d3e5a08bd5d74a5bceaffe75c3a,0.26537454,0.0024177418,0.7265013,0.0050338604,0.00067254703
f8a787deefcb60af0876c9d7cd565f8a971a6946,0.87924236,0.015017088,0.10098817,0.004523915,0.00022849962
f8c25f6f9f005b6dac3eae76bad8c77a5c4f5a14,0.8577607,0.006755727,0.1323213,0.003018786,0.00014341187
f947396a25fd49d8dc23960e17ce749db4f65841,0.65946525,0.006203708,0.32893434,0.0050234753,0.00037326702
f948a1fa1ff3a6bfb7b654ee672d7ce1cfa5ecb6,0.02268696,0.9725441,0.0002381035,0.003745653,0.0007851135
f96fefc70c2a918d4043028e4b3c8f675ec2df36,0.051333304,0.00036238256,0.94572645,0.0020932083,0.0004845378
f97c4493db2a81b0887ff0c0e4025eb896113453,0.84625965,0.01823015,0.12905106,0.0061119893,0.00034704315
f99ecb8f8a7402f194f1be29acf0e099a265f250,0.027033526,0.9669891,0.00032981805,0.0046446645,0.0010029821
f9a70cb56054490c7c5833769b94f5e1fc8b9614,0.14281714,0.83138335,0.003983142,0.017928382,0.003888057
f9e5c8ba26def6b138155b99caf13629472ad9a1,0.0540287,0.00051285303,0.94208324,0.0027184184,0.00065671734
f9f6428b55eaf0222f5de2895f304c56a6ea6779,0.023900032,0.97018695,0.00030536103,0.0045707766,0.0010368812
fa0d2384c45d1928905ff94dbfaf40debf0d4253,0.03360676,0.9592996,0.00041222322,0.0054665236,0.0012148733
fa50fa69d3ae1e883988b98d3b6384362440bf20,0.81945074,0.008741628,0.16733666,0.00424114,0.00022983683
faa4b306d93fd9e4b1a6303ba9c7752b30afb12b,0.082853846,0.8433099,0.007847875,0.04401008,0.0219784
faa9fcc129f5cc6f215ac5f02cb26eeaf5ae27bb,0.06110279,0.0005457837,0.9348905,0.0027900836,0.00067084795
fad1b1200b49dbbfe413c52b0fa05f68e24ad73c,0.39252403,0.003016091,0.59936965,0.0046083787,0.00048181118
fae51efe623604c00002e037903e85e696f42748,0.818718,0.008774169,0.16797216,0.0042983363,0.00023729188
fb8af0fb2929fd10c1618b398351b3f3f20a2e0b,0.8113582,0.008539362,0.1756555,0.0042108204,0.00023612552
fbee24aaeb8eb97751d8295e2ebdf1487796e59c,0.025582738,0.9692091,0.000260845,0.004099076,0.000848291
fc280ce20d6b5d89f549c0487e855bced7e2b6e8,0.027574265,0.9634783,0.00054030126,0.006680037,0.0017270541
fc31d3ffa3a4852631c65578752d35c6c0d078ca,0.21502064,0.013281187,0.7457489,0.020314954,0.005634356
fc4307ec4ff10f8eee99f8243c2acaa35bbcdfea,0.8459905,0.008002301,0.14232844,0.0035034376,0.00017538808
fc535d928b58ec844cab4f6a6f9eb7b80e5c70a7,0.8786157,0.009911811,0.107883744,0.003427873,0.00016091362
fc7c9c0b93845f43503478592f92767e7434cc7d,0.02908361,0.9615124,0.0006012886,0.006942902,0.0018596743
fc8cea28fb0ed80f8780c06712f4fba1c53c2bdf,0.07411512,0.0004438271,0.9227697,0.0022227014,0.00044859052
fcd6260c1c048340bd64fb57bb8db78e15a4c831,0.021562565,0.97191083,0.0003379189,0.004932918,0.0012557079
fcd99bf3242a74a46bea2a8716360468d09f7aab,0.016144332,0.9799922,0.00017685555,0.0030293146,0.00065721624
fcdd932bc76a2bf31fd4cfeeaa522e9d64aa055a,0.02057807,0.97482216,0.00021517143,0.003613623,0.0007708771
fd18f4bf1d2de2ee3dcffe3f662e5b86f5870fee,0.049008217,0.00039504524,0.9477913,0.0022756157,0.0005297978
fdae06bb3e1e2a55fa58224cddc2994635cc77dd,0.85958093,0.009462517,0.12705955,0.003713182,0.00018383231
fdbc31eee97116d2a8c8345d96f9f96f396a44fd,0.51317644,0.010684667,0.4648721,0.010109828,0.0011569848
fe0883f1212cc257918826af706eb607aea73de3,0.027343312,0.9663314,0.00034523144,0.0048968047,0.0010832099
fe5316ca33eda434a08bcd5d34a5a7683f36a6d7,0.028239762,0.9644445,0.00046403767,0.005526941,0.0013246556
fe57ec17625aac3c9d4ec1069685945a9680bb18,0.01886621,0.9761637,0.0002421114,0.0038337447,0.0008941398
fe6040d0d0a8da5c4d394655fe9a6e02d40ba25b,0.7716561,0.0071968283,0.2165144,0.0043664854,0.0002660881
fe665cee17a0a93d27d4b80cab32f5886694d33e,0.051696636,0.93894553,0.00083996967,0.0071732462,0.0013446393
feb4b0ae88524c9cee3e50f2301d84a235f3c607,0.8666745,0.009600377,0.119971626,0.0035835896,0.00016983003
fecf3f14f47237e02721ed4baa4eb6c11abd239f,0.02409859,0.97071403,0.00028523686,0.004063528,0.0008386469
feed09e13586d12139cd59bc20996a4d29706606,0.02367837,0.9706769,0.0002797951,0.0043924935,0.00097251
ffc0bca6fde8fa0cce1ac3a7b0d746603d441bf8,0.023100212,0.97240496,0.00022227704,0.0035504582,0.000722
fffdd6f356ed5b8dba21717f60c53f6520e650ab,0.84370893,0.01348891,0.13734661,0.005161991,0.00029354452
