swahili_id,kitaifa,michezo,biashara,kimataifa,burudani
001dd47ac202d9db6624a5ff734a5e7dddafeaf2,0.8836926,0.0021685094,0.10741449,0.0060836896,0.0006406608
0043d97f7690e9bc02f0ed8bb2b260d1d44bad92,0.0022340259,0.9974917,5.8553865e-06,0.00016897883,9.952946e-05
00579c2307b5c11003d21c40c3ecff5e922c3fd8,0.118789405,0.0006066663,0.8759982,0.0038034373,0.0008022508
00868eeee349e286303706ef0ffd851f39708d37,0.59252703,0.059877597,0.14100684,0.1548454,0.05174313
00a5cb12d3058dcf2e42f277eee599992db32412,0.38572738,0.023494685,0.5850182,0.003800168,0.0019595188
00a93e174866089d7f4b59b72645573f963da555,0.0036064344,0.990604,1.9350327e-05,0.0017105029,0.004059619
00caee8b79f36cc0a5ae4fe86b8abbedeef6c705,0.904713,0.0034827325,0.057533942,0.026312696,0.007957731
00e72e69de296484ccacd96e38240844ac61be23,0.08740545,0.90778315,0.0008596873,0.0012989918,0.0026527434
018effc3b6ce812c825fb01d244f4b849658ef3c,0.0023311195,0.99683976,5.5580476e-06,0.0005086838,0.00031481896
01996c3787dbce345ac122a8912dc9ab57334e2e,0.22877511,0.4134769,0.040266626,0.07695084,0.24053052
01a58fd93c05d8febbd10824b162ba00f51a9fcd,0.6293505,0.0025579657,0.3636767,0.0038531397,0.0005617495
027063d6cb270ff8b60a4ced0c7d3835628286d5,0.66064227,0.20061998,0.026848415,0.080622196,0.031267084
02824fb4c78d076c52d71f21f50c7e33fac4a530,0.15742345,0.008943989,0.8314848,0.0011423962,0.001005349
02c1bb0911f056f18e04a9e831b405cfa721b62e,0.94451725,0.024846068,0.019412346,0.0062787705,0.0049456437
032bcb8f892f50c0f4698d550e140474cc0a2e25,0.008387069,0.99131036,2.8316483e-05,0.0001961273,7.795396e-05
034185c116681f9afdefd8445f0a9896b9673f9d,0.532834,0.038065985,0.23997174,0.182238,0.0068902955
0355be98526df7da1e8da43c81f012551fd53a74,0.9416238,0.0117674405,0.017410109,0.026905634,0.0022930345
03817b4b8fa61ee0176ac9c5cbf66fec86f2ed3a,0.09841851,0.008649398,0.8829051,0.0076343915,0.0023925153
0388b907e596357c5bbee251003dcdf97d679c89,0.606746,0.005217104,0.36925972,0.013927967,0.0048492183
0480c08ce9059abe99336f4b39a41f4562150848,0.04855256,0.00096207135,0.94362974,0.0056654587,0.0011902937
04d7e75611796f3ce8ec460f1eb6bffa9da15676,0.0036592642,0.9801656,1.3679468e-05,0.0066132504,0.009548166
050e737c0998f7ba049bc0f02d5a4b64e7f0625e,0.0022801664,0.98471963,8.868376e-06,0.0015929927,0.011398354
0516a757aad1d09f893091602ad05505b5e88401,0.19855632,0.0027519227,0.78943425,0.0071211746,0.0021363187
05d499508761de20c4ae1f9fee1e204bd435edd9,0.6403977,0.0052621844,0.33946225,0.010817926,0.0040598046
05ea491371ea5305802da17a93f27ecf8e59bb49,0.0043391464,0.99516296,1.1338576e-05,0.00029071316,0.00019568755
05ee92945a93072bd98b56eaa9917e73584c0d2f,0.41721258,0.004521686,0.55403,0.02068938,0.0035464545
060017feb4ec0ef7415dad6cc02e33842dfcfbb2,0.076824464,0.00020760088,0.92169887,0.0010176229,0.0002513684
0689b40d0a24ac5152e62aad9d112138e7aabe11,0.087619096,0.00046964188,0.90924144,0.0024803428,0.00018941725
06bc918b17a76ca6f18a3341f7da78d1fd02a326,0.0035714319,0.9960542,4.141238e-06,0.00014534537,0.00022486963
07556b566255f261f362d7b6dd317cf7c8722507,0.4590738,0.017410824,0.48982403,0.029103193,0.004588119
075bbea3663e0db97fcd4a2687ef2d47236dac28,0.8990938,0.012222737,0.084395975,0.0035014949,0.00078611396
07ad07b3e6307bc93b4abf80011e4630058b665e,0.59662074,0.008585915,0.3833345,0.007619885,0.003838984
07e372ce107507e12c04bcc938f1014a190c4912,0.11639196,0.0040900144,0.83791214,0.027361212,0.014244715
07e92959da333f858fffbcb3d9598ccfe7d2da34,0.17693973,0.0024698758,0.8187226,0.0018051879,6.256243e-05
07ea328f3b14346960dc9ee5be834753bb1261e7,0.71126145,0.03291812,0.15035681,0.089175634,0.016288033
07ec88b88bba066163e7aa27228b6263ee506390,0.7609517,0.0047043986,0.2146701,0.018422725,0.0012510616
081412e435970d66e6a60e9406148323605d7171,0.6352592,0.0026284547,0.3458575,0.014501654,0.0017531045
08275ea9ddafd22b968c99f94db32c366a9b94d8,0.0041153957,0.9797704,2.5481635e-05,0.0053030197,0.010785762
0890a8acfb73d35080feb74458c9792b1d57fe6f,0.8523707,0.08266681,0.035184175,0.023651594,0.0061266823
08df63a437025893af3ef60b87a702ad20dac5a3,0.045238324,0.93486375,0.0015592447,0.0037508965,0.014587845
0943b6968f97bdcdb50614734e04244199588da6,0.010352081,0.9333152,3.844429e-05,0.03721161,0.019082591
09b4ed7da8e5f8780ea8d3123478d6b42be31dfc,0.7874101,0.0026292934,0.20174834,0.0074794423,0.0007327981
09e50d9ada0f258798d3a9ae312d4783589e5fc9,0.07033438,0.0013498176,0.92794746,7.277349e-05,0.0002955686
0a0c86c5a3e9253c647297a0fdf9355262620f8b,0.4176293,0.034336332,0.51544744,0.026036019,0.006550973
0a223acab39e9b37cc0ec89b241874869c79cef9,0.86942375,0.01931298,0.102027304,0.007906083,0.001329799
0a25a12bcfb1bcee66a0fd936b305251082736ef,0.0016813531,0.99805886,3.709458e-06,0.00012208697,0.00013398443
0a6152dbcfdcc0e8f2980179f6319d511d86e258,0.7201907,0.0206363,0.24859501,0.007185065,0.0033928435
0a8af0671430846c40524d56d374035793d03247,0.010787744,0.9885612,4.85196e-05,0.00051207654,9.055426e-05
0b01e6d23ead0ce43ee3cb719a84694cb634c84b,0.009318002,0.98647785,2.2909657e-05,0.0027590778,0.001422149
0b39b6b564a36e71f36a9b2da87e1d8b0edc1926,0.77524406,0.008299614,0.14567025,0.063981764,0.0068043475
0b47e2144dc890d150c60a32986e2b130fa1e6ce,0.22451794,0.0044564507,0.76394063,0.0057617845,0.0013232132
0b556c8ed912121e0574b62a5e41d68e771ed380,0.8412747,0.0076370654,0.09567468,0.034743328,0.020670243
0ba0156e5105e73cdc1c9c6e0b247be99c8b8be7,0.61328703,0.013499654,0.3586447,0.0077353953,0.0068332045
0c272f5d8f6746d7b77b3d8dfff502c55b7b6612,0.5895899,0.13900493,0.023420174,0.18436556,0.06361948
0c970a83167a984294a4f45f714cc117adca3b91,0.87822175,0.007165605,0.10163775,0.01026192,0.0027128726
0cdc764a2cf4f38e3b734dda222498daaae7762b,0.04049737,0.00015880351,0.9578134,0.0011355358,0.00039498514
0cfbd5179035e5e22964b1fa9c764337cc816bc4,0.20800175,0.0058340905,0.77395207,0.008828642,0.0033834523
0d15d685fd32390bac5ba568a7ad5cac59313f78,0.004782445,0.994181,1.9440731e-05,0.0006980644,0.0003190923
0d1637e139b088cf1d9a114ca48a5676abca4161,0.3936903,0.0110276695,0.5831586,0.011550309,0.00057318277
0d2e3cdfa1c479f93d7d19008616c7331df1d4d1,0.030565208,0.00030709966,0.9675069,0.0013955722,0.00022530546
0d33de20de638919329d55c90d8eeb6e6c05d8bf,0.16115193,0.0035943047,0.83432335,0.00049658865,0.0004338446
0d8e8bb5db320bc6c7c048d0bed7b17a4e52fd4c,0.8997679,0.01605047,0.06353769,0.01706001,0.0035838808
0da943ec51a642a6c551c33e260fac9702db1261,0.004936687,0.98792285,1.13125925e-05,0.0029009234,0.0042283144
0dad250b74ae3fac96a6ea95da3908cff18481e3,0.98504364,0.0073400894,0.0042168964,0.0031149348,0.00028442952
0dbb48e484af46a1567888ee8cad187011cffe91,0.7841819,0.04187737,0.05919841,0.09645946,0.018282771
0dbff8419b10d05274f9ae806c3a80f4182e9533,0.76588637,0.06121793,0.12876205,0.036310006,0.007823679
0dc7aa83d132722c26c404bcc4c3beff84a4f6a9,0.76550597,0.10422155,0.025046172,0.08207307,0.023153264
0e43e7f0e72fd33f0fbf9cccf323f5075970ebb1,0.13813518,0.0015542603,0.8562315,0.003592276,0.00048681488
0e9ac91411adcd07930eec2cb5aca10edbcb5baf,0.8156631,0.055270556,0.077134706,0.043716066,0.008215502
0ebce7758de01efa31f6cb32923137d89af0eea0,0.106168866,0.8905816,0.0002838696,0.0015761579,0.0013895035
0ecd111de63881bf6a1a5737ab588f514c96c70c,0.9593192,0.014438401,0.016846908,0.0073791407,0.0020164188
0eec26a488ff8052197a3b5390b418ac1c12ba6f,0.19403568,0.06976767,0.043467782,0.6026468,0.090082
0f3cbf200b1576ec06958663630b1fe0296dc147,0.36914852,0.09665392,0.37134606,0.11971411,0.04313736
0f549457628a1f540d3d5940ac5d21ba5f258533,0.19522083,0.0016484088,0.79182047,0.0066381693,0.0046721105
0f5bf82dcbb81f6291a8dc85ed6e306e15a1cbea,0.078842655,0.00048695356,0.9100055,0.00661178,0.0040531
0f5c284178765d0a6d07ce07bf4fe33f92e06202,0.3596626,0.0045783957,0.5914884,0.042080816,0.0021898078
105b495562a154cbbcadcffad1064e8118242c74,0.004015148,0.9956664,1.4102683e-05,0.00017368289,0.00013071671
107dd7197b90fdfbe1a98b86dadfa8bfac9bfedf,0.39257053,0.007872326,0.5776025,0.01768077,0.0042739464
10b03eaffdc3304770628c87bda11e0267eed7eb,0.003932379,0.9959495,1.1802668e-05,5.4865493e-05,5.1487616e-05
11066cccc8556d9216650f0e9b8a11bea7bda395,0.65254825,0.0032552583,0.33039007,0.012170479,0.0016360133
1146d6b4b5f38d1e47599fc43dc2416ab09a9c6b,0.9032888,0.024632063,0.026755575,0.041533034,0.0037906
115f11eb5f7d4ec8c9ed994f7a613024d7495529,0.009209574,4.2858235e-05,0.9905518,0.0001700181,2.5713482e-05
1166f416e9abde5e66f0073ad84fab41e55d2f5f,0.18186682,0.0011968043,0.81315696,0.0036119327,0.00016751507
117475559a39a6e0c91bc8146d3af16441445958,0.44356596,0.044938236,0.093555585,0.33706585,0.080874294
11cfaf6f1cb4d9e912f67fc7bba2dd20617a54e5,0.4108248,0.022464802,0.112357594,0.3948173,0.059535533
11ebf20c51938edb9f0bb485fdcb764dec79b720,0.111844786,0.0053931903,0.8754626,0.006252408,0.0010470448
11f2336ac02a445727c4c70267c96c26165e5160,0.005524269,0.99296314,3.4078166e-05,0.0008443115,0.0006342152
12bfbc98cc72f5b4325559a389d68642841bb352,0.92899466,0.004626209,0.062271338,0.0037413056,0.00036643067
12d9b3e67591a19adb213cc10fce955b95975b59,0.0122316955,0.98057556,3.748847e-05,0.0034056706,0.003749603
12e3516097ebeb561a648ed3b80c84831b2373d5,0.13518906,0.0038300885,0.8057273,0.052538186,0.002715292
1317a6c2be8b08e66c44be5fb0fa0abd95dc1122,0.798355,0.016547501,0.16618922,0.0166061,0.0023022317
13299c54cb74ce4c8714de5e4a9bccbb9a556f96,0.0088427365,0.98912853,1.7058943e-05,0.00097519474,0.0010364365
13451413c35a1bcc624706c98bcb353fd910f62a,0.011311969,0.9869911,3.4445016e-05,0.0012293971,0.00043306054
141df8d7c9720327fef3166a4946149d4597520a,0.13552459,0.00023175923,0.8632866,0.0007641056,0.00019297948
144800063ce42c96dfa9cdddd36d622159cef6fa,0.6854233,0.11587545,0.053697396,0.09201915,0.052984666
145d0710b6bb3db5a6f1bb4781468967ab8f363b,0.83473223,0.04153751,0.092013285,0.027460406,0.0042565204
1490e2b0c8e2ce49cc21aedb335c55c4b8df719a,0.50670254,0.013771881,0.4728478,0.004119796,0.002558003
14fcb47517af5bcf9fefb157fcef1ba616a7c081,0.8979163,0.002278591,0.09132536,0.007706169,0.00077364553
1531d5b6c12ec1d135669ae9484671aea15423d6,0.06394386,0.0024461488,0.92858845,0.004159127,0.00086244836
15881754e95674ca3089e2c229cf14ca385993e1,0.0074047064,0.98759335,4.0438274e-05,0.0013243927,0.0036371707
158cc5c81fe5b29eacb35b95b6e0e56d09d8e758,0.00053340953,0.99731845,8.065561e-07,0.00043241208,0.0017148941
159224fc313fc2d9b3ef32df8c20c53fb98725a2,0.6765004,0.006406638,0.29443818,0.018109411,0.0045454265
15b073c6c1159056affcb7b1d5fd094d2fa178d5,0.0112633705,0.9879445,7.9541715e-05,0.00050828565,0.00020431694
15e01f45d706c15014d706a000efc2548eb33980,0.6112343,0.014578569,0.36443403,0.009206062,0.00054707273
15e5a9271c80e1c7161e468adfb58a694c737ae8,0.040313087,0.00042156095,0.9588482,0.00036339785,5.378871e-05
1641eb85255f102592a85d3cba2cb9cacb8b4051,0.0023204288,0.9974361,4.24459e-06,0.00020852286,3.0647116e-05
167e0483268b98bf5fe1a5aad41cd95eac382f0f,0.14164037,0.0014485156,0.8435346,0.0124072805,0.00096924766
16a0e237108278566224aab63145df19b683c705,0.5237415,0.0013515064,0.4620811,0.011870531,0.0009552997
16a56f26b6f696151809e0cb26b75093ec47a58d,0.0012068262,0.99839205,2.4137053e-06,0.00025020106,0.00014849206
16b770f6de7ce9481b84051fc4e124b792695910,0.7769083,0.006429215,0.20896058,0.0067420537,0.00095983903
17aafba88458bfd29ddf9b7cbd159c191f7a1118,0.9329437,0.024801,0.030394297,0.010594242,0.0012667266
17dd7effc40752af58e35c37c5895d4ba5d84269,0.006286356,0.97274876,5.7224985e-05,0.0033437265,0.01756399
18595209cee4049feb8c24a6fd25aafd9d0d755c,0.060192056,0.91856,0.0015428383,0.012139142,0.0075658914
18a3d479d214f7c41b65ecd6abfbea8e124d5ea6,0.009981275,0.89549774,7.6701595e-05,0.023936836,0.07050742
18bbb303cb556aa3dd69b6705893649b194b875f,0.40821838,0.06976713,0.511414,0.005562573,0.00503784
18fdf5f0583fe8b0cd324b2324e235a7cadc9143,0.0052772053,0.9511435,1.9213101e-05,0.020057866,0.023502354
197baa2e7a1a9b5e091c5dda305922b912b5f000,0.013694137,9.1622154e-05,0.9860269,0.00017149231,1.5851185e-05
19f510e2874c0b863f7b753a1fd624e1cf7f65a7,0.7839908,0.020914027,0.14388658,0.03949487,0.011713812
1a17c80adddd2c806c7c006c1c6664551f639945,0.907837,0.027851192,0.05554735,0.0053526377,0.003411786
1a2945de7db7d664a6a47aa9d4ca66f32f70b007,0.7177594,0.017356744,0.22076577,0.04005775,0.004060437
1a434697e5ed37622d6e242b2661e1b5f15fa4bf,0.72429144,0.009056834,0.10466145,0.15506572,0.006924524
1a4ea72aade16ffb2a8a5482d687c49f28e5748e,0.7737642,0.07705583,0.0849015,0.05481025,0.009468352
1a8feb5bc2c7f920cc90e2d48e1aa165756d8e40,0.6582397,0.040063683,0.295416,0.0038464372,0.0024341587
1ae7db637de02c1433a216bff407f1e00b7746ed,0.3230174,0.0015877782,0.67109156,0.0037616112,0.00054167997
1af7c0ced692824637718b5bc494b3f369c27ae9,0.048060816,0.0026372655,0.9341586,0.013532379,0.0016109694
1b1dc07761bcf39e979dfb1718967a78d0aee790,0.6037044,0.021388156,0.3630728,0.008956365,0.002878263
1b50390e6648cebfec8fe3a6aef61a0b066febf9,0.85986686,0.0024371906,0.12997672,0.007179422,0.00053979777
1b5736b3ac4f1db6c28a7818835cdf7a9574658a,0.11830599,0.013322576,0.8216283,0.03542302,0.011320085
1b5e71255db35337b4ed41409ad2a02e2631eb7f,0.7835884,0.0050480794,0.20088239,0.008640072,0.0018410744
1b9efa38da384b10eaa53d56a07a9094febd5c6c,0.7712722,0.07458763,0.12708993,0.018785797,0.008264511
1bc2142fc267f7d22be3b03f1d8b96791148b0cb,0.002693126,0.99682605,9.8123255e-06,0.00019625886,0.00027456917
1bc5f88ecb46e60f0f63bef176307d245171062e,0.013674587,0.98501366,5.6019246e-05,0.0003727022,0.00088304427
1c3ece194677524c78a9f91716667bce5fb9b7eb,0.32133487,0.00048696247,0.67413515,0.0032761812,0.00076686335
1c626c21d45834c3cee43ec7ec17c73629afce5f,0.9484959,0.002944421,0.027742423,0.01566032,0.0051568896
1c73a9479849e76c9269bf9f1542e264493cd91b,0.06419688,0.0009771882,0.9324108,0.002178998,0.00023605193
1c7e51812e18ca91b75484915554483ce2a55119,0.4695501,0.009572079,0.48224342,0.01747548,0.021158876
1c9268524736398ee3e60880113cc4d92f934989,0.9428391,0.009387298,0.037741814,0.007484093,0.0025478231
1ca667458b92c09852f3e4a2d3be77fd0064c069,0.46459216,0.37795314,0.052980285,0.024246948,0.08022745
1cb82db6885a902029c17c04ae7511653a1d23b9,0.031079022,0.73026866,0.00042212015,0.04718489,0.19104522
1cca7897a49ff7f29aafea06ccafc2ab7f050d9e,0.004799127,0.98982435,2.5666805e-05,0.0022638976,0.0030869136
1d21046991eae6f767d0af4f3e2df0c41d57376d,0.0350231,6.1208455e-05,0.96485174,5.03645e-05,1.3581443e-05
1d3892ce2970b5f0ab94bd5d6df178022b82fb75,0.5722402,0.034719408,0.38068846,0.008523954,0.0038280413
1d3b44ab1c7acfdf3850e0f32c81ac0733875299,0.0009289926,0.9988136,2.1040742e-06,0.00012816032,0.00012712696
1d7c293d74195e673ba22ac413866beec98ca7ba,0.017155549,0.9736351,0.00024173333,0.005894074,0.0030735233
1db409415257ad5afb7d1a4301b5bdd7e4b23a4f,0.0009017742,0.99264115,9.338517e-07,0.0018645261,0.004591575
1deae0ba27a1dff11ac59bca2da59863dcc89401,0.0047393083,0.9692774,1.9864554e-05,0.0064293067,0.01953425
1e5f02f3348efc9deda3149c6dcb24262b68e0bc,0.15442182,0.8452948,0.00010953101,9.2624854e-05,8.1269485e-05
1e6b54269bbced15cb129fd99873927aab30fd92,0.73987997,0.0025442399,0.2296067,0.025128283,0.002840877
1f306e0c91d64cf18674974f3520900b53ae60d0,0.0003870816,0.9979254,3.5845088e-07,0.0003204585,0.0013665808
1f8ae4a40785fe5619988e033a6bdd897823827d,0.7131475,0.0031137995,0.24667855,0.027949452,0.009110667
1f91a15048e3ee430b307e0d25298ccb4d778c78,0.0026251676,0.9973231,5.786058e-06,3.076637e-05,1.5114959e-05
1f93a643487d5fc6008d958f25d7ee0ff54a7d11,0.1560646,0.0024755602,0.8307508,0.00963193,0.0010770299
1fa318e91639e14ded7d95319fe5e497b89c1c6b,0.72457314,0.045266792,0.19196022,0.036568556,0.001631334
1fec12dabcfdbf1509bf3c4a94af4f3be401a957,0.8986325,0.08418794,0.011786988,0.0037686068,0.0016239597
20514b3a900e6865ddbee4dc7f3ac9a494c3982e,0.9639119,0.006976973,0.021784907,0.0063515212,0.000974804
20db7329999438154327e166b1e270010149814a,0.7381317,0.0982162,0.1362846,0.012712461,0.014654907
2186342b9a2ac3d8370cd188deeb4460adc17368,0.0018253673,0.9968027,4.3410473e-06,0.0004301223,0.00093738106
219c4fdda89354527ee17ad814be82a051c69f85,0.13524823,0.0009637943,0.85698795,0.0047081592,0.0020918797
21d98fb6b5204400522e33450b68f43377298c45,0.06670079,0.00095652434,0.92680216,0.0045688767,0.0009717226
22133cda28691ae1c52d81796c20644a27ad65b5,0.6739162,0.020160448,0.27572814,0.029255876,0.00093930366
2232f3e8f9147b183adc5e5922031ada4617fe49,0.8638043,0.006937262,0.114003524,0.0127267465,0.002528357
22650528be024b0ae698b5211306bc3732636d13,0.3426147,0.008160386,0.6339045,0.014015315,0.0013050481
2271fe2c21330c061b949ee2ef4e519280852b13,0.50110257,0.25425303,0.23116365,0.0052707917,0.008209941
228a29757133e396c6f0962ee01ecd920542a044,0.5801753,0.16273892,0.023511903,0.19233373,0.041240185
229d4fe6fec882e0612a7ceeda6ac8204de18c82,0.89262396,0.011025046,0.09371882,0.0021980838,0.00043401675
22a7967c345454212d50c6f8b35414ca1947cfed,0.5639769,0.014550132,0.39954224,0.016185101,0.005745562
22aa78381e31b43c9ae7f2a931d04e5fe3a9e2e1,0.0075669643,0.9895152,7.1055125e-05,0.0014057347,0.0014410971
22c65d35241b8783cbb04b57e5d8bbf67b18466d,0.0013872825,0.99801123,2.1861565e-06,0.00025223414,0.0003470621
22d51c0b65218f37924043f86cad2836c06750f4,0.7954689,0.011200164,0.16281205,0.028795209,0.001723557
22d605a5ecf7c468fa8ca8482cb4295a0c6622f0,0.7934689,0.08865268,0.01995406,0.08067241,0.01725196
22da997d2d5a443d57cc82b9c0b996d4444012aa,0.0049304646,0.99440295,3.000562e-05,0.00047349,0.00016310374
2331aed1ec908a42e14752a12d2ff6db43352185,0.33983234,0.013447476,0.6445518,0.0016794858,0.0004889335
23432f8e81eae4e9d012a18339e19ab9076f72b2,0.41174826,0.0026698746,0.58175194,0.0026274968,0.00120236
234503eb2811a7bd940e16cb63e858165b824b02,0.005681244,0.99322164,2.7618142e-05,0.00061274786,0.00045682723
2389fbac7e9352ec0de7cc8775f2efc4b4cf6b5a,0.0033949716,0.996323,1.2229126e-05,0.00013655053,0.00013324112
2396eedfb4b784c10e02b5ff30b30a67b2b43c8b,0.26491463,0.001223788,0.73154974,0.0018397322,0.00047206256
241de8bd14a3c5059ba72e47c9c7d81256740add,0.1498149,0.0021125579,0.8468687,0.0011302226,7.368578e-05
24951db6a078339cfc92582044799ca6e960669f,0.001107015,0.99858224,3.3815277e-06,0.00012798763,0.00017946883
251bd51aa700823c7d36d58b331cdc110a1701f6,0.36348513,0.009280221,0.6144226,0.008521554,0.004290504
25222836d355cefbeb28dce0331b511c5504d970,0.491465,0.0018965257,0.5005334,0.005644183,0.0004608608
25310ef53a4af995ebd5cd6ebf505eb496bd1f82,0.8558227,0.004510221,0.084724955,0.050825205,0.0041168686
258ac68db6c7767d8e8ba2c49921e2c329aa0f88,0.0058138343,0.9931409,2.0639449e-05,0.0007530067,0.00027175294
25c7ddcde232773eeb3487aa8e6cf929750416b8,0.76768154,0.0019984422,0.21813022,0.010420071,0.0017697656
260a4acadfa1c8e2a5b405b858b556fb841b39c2,0.46540904,0.008314924,0.20182568,0.14962643,0.17482388
26498a5987dbab32e9e3841a04434d9d6216f7e1,0.057219513,0.0019390999,0.92997664,0.010319999,0.0005446209
264fa2dc9c98b37c6db6f1f7c8b7f54fce27c993,0.6955753,0.0062323315,0.28568393,0.009838108,0.0026702983
267db0653386b9e84e4130fd216b57a77289b54d,0.010731865,0.9837037,0.00015228867,0.004623478,0.0007885837
2682e0c1a27de26e0649f196994225173d6323ba,0.74524,0.16726315,0.014240665,0.04964582,0.023610465
2683a7feb3b17d27344244cb210cd148d35223f0,0.012966855,0.9869632,9.552788e-06,3.6749367e-05,2.3619532e-05
268b71f045246efde4ea467a4ccfcea2c2804b51,0.038554586,0.0015477304,0.94657123,0.010041098,0.0032853282
2691ac6f3a6e113168f145237d836b60df881924,0.8425568,0.05060748,0.08372566,0.01882037,0.004289728
26b702a06ae1e864430330d015aaaa35f21d4eeb,0.97740275,0.003978162,0.015771508,0.002523966,0.0003235591
26bf62e344aaec65d875ad14fd562aa40b49408f,0.26114652,0.022934549,0.5670654,0.11717846,0.031675063
271825ae352bcae7618044ca2b5719b6f67c6e07,0.014957883,0.9842929,0.000105175866,0.00058469287,5.9332688e-05
27234421a1cc225bbf6d4795f3488dfdf1d2a1c4,0.27278486,0.043842684,0.6666961,0.010488866,0.0061874865
27559809240c440f0b528fbc1af7e5cbe1b8fea0,0.018386329,0.96576416,0.00018351641,0.0070096124,0.008656438
2799426ff8c1dda3701fbc7dcbb624bdb230cae3,0.05459168,0.6448855,0.000931043,0.109308094,0.19028369
27ec30c7c2416334df93fd818a58e3d9554913b5,0.29780462,0.058292497,0.6275392,0.015170996,0.0011926291
27fab48d0e16964ff46d6c5b904ebdf9e81e8747,0.6480848,0.015281733,0.31481242,0.020770766,0.0010503068
2851c1456c5a6737c8594631348781c2ebfa30cb,0.3658894,0.0059047793,0.60964894,0.015280351,0.0032765123
28667773b1bcb3baf526df79f8f3296c0d4c9674,0.004261368,0.9887207,3.113602e-05,0.00088836346,0.0060984106
28a78ac3fea8a67371457536a90b0e9567273865,0.7792623,0.019368894,0.11002094,0.086948015,0.0043999227
28dc3ee972f8779bb4b14107db268c8409f50219,0.016961643,0.9760306,6.8262394e-05,0.0031589463,0.003780472
28e36096ebda6cb2169943384d6c1fa8180fd9c0,0.9520766,0.009105353,0.024526931,0.01257611,0.0017150562
290c85dac0aae4c60fc1f957f7b17b380e049c23,0.007812605,0.9920293,3.3878187e-05,4.312946e-05,8.113309e-05
2949d2d118a3240ba3c654d7c7e93169307176b3,0.0016741415,0.99693465,4.1077005e-06,0.00077317964,0.0006138285
2957893c8d9481ae20b144a940ea8a293d90d18d,0.0020325214,0.99256814,5.6567196e-06,0.0014755415,0.003918101
29a252032b84ce882412cf07189c50cb15514eeb,0.86364186,0.037629925,0.09346258,0.0044270866,0.00083842815
29b49407d4bf17d71f7bd1d4f4e47c4a899a28ed,0.19937861,0.0031849889,0.78280115,0.009306832,0.005328464
29c81c827ac7170ca7898afd9b27347ff592bdfc,0.8803063,0.07319044,0.010351711,0.030656967,0.005494628
29e5ea1ed4816d8687114bbb13162d9a074e7eb8,0.0069459616,0.9914449,1.231648e-05,0.00092907937,0.0006677879
29f93cb4ecd517363279aecef84e97875d5545a6,0.7363555,0.15142402,0.022485057,0.074344605,0.015390904
2a84a5008e52e2a6656bb548d835335011aaaf74,0.004787067,0.97981834,7.3161686e-06,0.0059040245,0.00948318
2a9af38c7e7210b6ba6c72cf5864052629eb3b6f,0.53586215,0.26443544,0.17047228,0.022308895,0.006921179
2ab0ef31dad96da6e0da678339f3f4f045ac1076,0.7964158,0.030737564,0.15819675,0.009146861,0.005503125
2ac85346f12429c41daf50490f042007dcd08c83,0.19123378,0.71528137,0.004795231,0.07763082,0.011058822
2ad94bd023bc1acacfed6a3352a100906678b109,0.8338003,0.14785661,0.013816506,0.0033984818,0.0011280692
2b48e2cac369ea2abb17921a610162bd33f74d68,0.6472181,0.04891475,0.052686922,0.2083169,0.042863324
2b95c79271040f8a030d774286ad44053ee16b9d,0.32736868,0.005732301,0.6256772,0.033039134,0.008182672
2bba32730836833faaeb1a263ed29ab4df5735a5,0.87052965,0.005639956,0.10782448,0.01293759,0.0030682948
2bd8ed9333cd7b9864725f1742a689df365ad51c,0.48546508,0.0015347757,0.5027652,0.00811601,0.002119039
2be0d207f3a86e11d08edc1188508e1af1d63fb0,0.07243914,0.7395675,0.005447355,0.033743404,0.1488027
2c498e330e035ae446ecde1a08bbf4f9598ea178,0.23166539,0.0018049194,0.74637383,0.017830223,0.0023256312
2c6451ee38d8ba82c2d43d23ada828a269ca4116,0.0019005124,0.987643,7.63169e-06,0.0021680994,0.0082807895
2c966c3f4143d9c68580bf1c3d404a59137ae609,0.0076734833,0.9434137,5.4389893e-05,0.017069416,0.031788945
2cada7f16de01df9295a1b644efe5c619ac8a2b2,0.15175343,0.0071583665,0.80872077,0.02770619,0.0046612904
2cae18f86c326b0eb16f03b0aa9c75818a977448,0.35110718,0.09193106,0.5366339,0.018559704,0.0017681421
2cc876deb0920ade25c16884bb57a0aa8359c43a,0.0039511044,0.9956696,1.6482412e-05,0.00027114264,9.172572e-05
2d2fe22b39e39e7bb306d5e84dc9f9c4d470114e,0.0016274691,0.99828583,6.662843e-06,3.7827795e-05,4.2157677e-05
2d9c99c1154e7e7bce3b3f191f4d828672ea27a6,0.11560263,0.00037064662,0.88069135,0.0025611727,0.0007742263
2dff481ee72ac1bcde6262b26c372a9e8b7c7497,0.7488636,0.0042649796,0.2207877,0.0242147,0.0018690485
2e543d501ac8b6dd450fef9425cae55ff7b50a73,0.65649647,0.019660875,0.29173356,0.026760815,0.0053483504
2ea80316710f886c245ae2e2d45915567e548c7c,0.6490599,0.0010052068,0.34744805,0.0019094057,0.0005773741
2ebfaa78df27a0a64d26bf6772757307c9ff975a,0.15198743,0.007946459,0.7625735,0.047876533,0.02961601
2ed11ec456a062d53dba7f7a9d57534d12acdb95,0.56578714,0.020701367,0.044148408,0.27706397,0.092299074
2ef825bd7e0591e0e7cb78dae66ce5a2b6c40f5d,0.11318845,0.013267484,0.83416,0.026041627,0.01334239
2f011c8fb460b9dd5e28275c0362745a010f4ca8,0.9171464,0.004724143,0.06570734,0.009110797,0.0033113225
2f508eb79e87d75611f3ddba309163ce9d0835c8,0.0026423791,0.995845,1.3617109e-05,0.0008787081,0.0006203361
2f79ff4c3493a02edea1636bcfcf555b1bf7d64f,0.78714675,0.018829376,0.16115314,0.02842586,0.004444901
2f85f84d5136cdf6e1ede869b0015b7bfea6b800,0.0051765633,0.9901556,1.7202612e-05,0.0026093181,0.0020413226
2fb671633b2e8316879cf56b830a57c8b33983fe,0.92534494,0.02093068,0.0105725685,0.038777575,0.0043742205
2fbe2ccec11883bffc4a999febefd5f09b871424,0.0058971243,0.9936951,1.30834605e-05,0.00026199332,0.00013265116
302994572385583073738f971152dc77783b528d,0.8795069,0.085117385,0.01530446,0.017489163,0.0025821005
30bdb11d5166101e7dbb5634d71c2575b6e5f54e,0.75257826,0.043399986,0.0394964,0.09584917,0.06867621
313225e9af2ad60d37829216caf4bce04f23ea92,0.006330819,0.99360836,6.4353612e-06,3.4616973e-05,1.9939498e-05
31964043423a074f2a221988df0c76b5e6b8f5b2,0.0062837433,0.9933096,2.1072556e-05,0.00033693254,4.872551e-05
31c938d5ecab1bf0f1c4e8082776f0361a50f27d,0.055666883,0.0011876257,0.94159544,0.0012080072,0.00034197664
31f73e02023dfa2d1e29e8ff41fd9b18c79878c7,0.015184327,0.9845232,7.422625e-05,0.00012798166,9.04262e-05
326da275051ca238a24ffeaf166b24c00be6216f,0.35835922,0.0028605694,0.6375235,0.0008706253,0.0003860752
32f27dc369df8e68abab72fede10e6a6ed9ffbfc,0.32181904,0.0073533226,0.65982157,0.009352064,0.0016539802
33892ecb8c7c790fcbc2105f390c491c08963ea2,0.96245944,0.0021769877,0.020020956,0.013816368,0.0015261975
33a7bd491294f9bd4db119b53c5ad00ed70bc6c2,0.5966113,0.0023616087,0.39675918,0.0034969563,0.0007709213
33b2fcf2f8546fae425948d41785c784da14d6f9,0.74356914,0.0024461073,0.23314019,0.01928183,0.0015626864
33c00e4613dc29cfd313ec0b072111e354130d9a,0.24749362,0.003379285,0.72849095,0.014462502,0.0061736894
33c58ca9d55b9898c0c1d86a2321bf4da5e1f0c3,0.74023896,0.010250136,0.11455867,0.12633924,0.008612912
33c989d20b0b8cda8a03f2f35a54c9f20d4358ed,0.14968896,0.00083508395,0.8423752,0.0061352453,0.00096562714
33e428a439707970edb08701626948e828fdcdd5,0.1249454,0.0011384194,0.86334014,0.010261436,0.00031460734
342f45fb99ca21761635a2554f6874290379264f,0.3283204,0.39365664,0.03512061,0.09024528,0.15265706
34c01b50cfbf61b078e8b418bbdca0a04a3748df,0.78407055,0.0890621,0.08077173,0.027954029,0.018141551
34c47b3aa1a1f73b6c8b2ef6ea2c5b9dc18feca9,0.9153559,0.0099156005,0.062085357,0.011547436,0.0010956117
3503923351a4e5b9f1526ebe2bb91828008c7ba0,0.015189818,0.9725123,7.189707e-05,0.004539283,0.0076867295
3515161f7bd3c88c82fc4880721c119c8b65b6a2,0.02595613,0.9178351,0.00025520692,0.022118347,0.03383523
352512f17d97d8c2ec89b553c49d9b66b73cfd29,0.6126935,0.029815136,0.31191173,0.0443207,0.0012589776
353f1104abb19365f64a32a062aee01bb7b736ef,0.26909932,0.00051501184,0.72535396,0.0037455887,0.0012861324
35cc4d648238374926f5b1c5dba18f64a62aa3f7,0.00062923157,0.99228376,1.1214714e-06,0.0010717063,0.0060142647
35dcca283f314298e197346f79866e31c4c9a806,0.0014258558,0.9955356,3.3297752e-06,0.0018639467,0.0011712238
35df43cc777af342d62d49720a39d7cc544672db,0.83626395,0.0023602846,0.12427266,0.03476744,0.0023356737
35f111d0e97cc60de6b2295b0dbb3bd3c185cce6,0.0027556587,0.9968541,8.008362e-06,0.00022830187,0.0001540516
360dacf49e0f34b5d7ca48bbab59ed497f667a1f,0.18540892,0.78149366,0.0148149505,0.0062425476,0.012039918
3616b750238fde10f0af92b39f8642ed04f4292d,0.033311803,0.00020594813,0.96492463,0.0013413711,0.00021620592
361806eaeeb8e109ee70a5a7682afb4c62db6a6b,0.0045670285,0.9911782,1.1259654e-05,0.0018241608,0.0024193656
3667780549f63698b6bcda210f734afe6f00b6f5,0.4547977,0.0045561087,0.53021723,0.008934011,0.0014949394
368581ce89aa3d42dd5da5b819eaed2a7518d5f8,0.5968035,0.024930598,0.37589407,0.0014217567,0.00095006946
368e350eda45f3d79eee691af6eec3b5ac67734d,0.8270627,0.0073350323,0.15686402,0.0051379306,0.0036002502
36a25b2cd071cd97e370fe277ecc4ac8143298ec,0.0017094605,0.99823666,5.007159e-06,2.6010672e-05,2.2800872e-05
372a5ed3b413fac23455e6f6c7b06707653d3d73,0.16583024,0.00088550337,0.81531096,0.015702076,0.002271327
376e988ff1fcf958808647649e2cdf3d01ea4602,0.20325178,0.0041313674,0.78402936,0.0081118485,0.0004755603
379e9ff20a7faf7614ccfbcc1157a2ba9c1649df,0.042706832,0.0008720685,0.9519542,0.0042301062,0.00023669824
3885298536c50c15602b994f492a3160010dee2f,0.0007917214,0.9973828,1.6579307e-06,0.000699914,0.0011238066
38dc25352f81252d7e3e6510f383867dfac5c1c2,0.21150973,0.0011298567,0.78643984,0.000829582,9.089218e-05
396d208d43ce393a6dccab5756f7277841766af2,0.23813277,0.10329198,0.6431141,0.011130565,0.004330587
3970b66161631251dbe027dd83cece64dd0de64f,0.9182717,0.01891433,0.033311002,0.025057962,0.0044449884
398a4144007d77ecf3ec1c1deebee3b6f4cea7e1,0.9296037,0.005003375,0.03314996,0.028922698,0.003320292
399d32183389be62b9e3e781c566f30a35c0aef7,0.010937637,0.98736143,2.0669668e-05,0.0009859626,0.0006942573
3a1253a00f5dd488cf15f8679bab5ef457a3a969,0.16992398,0.0048872638,0.8057429,0.017747894,0.0016978667
3a3f9fbb047cfee35b1f0fd80ccef2c4f6fd1867,0.0046976614,0.9948872,1.2361789e-05,0.00020414808,0.00019876924
3a4658180642cbe2761195b9b7780b1fc18b0766,0.024177233,0.97339666,0.00015658152,0.0003924502,0.0018770935
3a5d3d3191b1a854703715c46186fb9122eef2d2,0.20603663,0.0032405902,0.7875889,0.0021441923,0.000989681
3a6f248cd6c1eac31bf2c6ca7d6686f08a259b94,0.7457832,0.085794136,0.12033135,0.03669314,0.011398207
3adef46c0ad4a98d53de3f6bcff7507e9adaa103,0.023644581,0.9669786,0.00012783766,0.007759479,0.0014895855
3b0a48a292ee2314e553b3ae0e9fcfe5acd82924,0.23199227,0.00047608413,0.76229495,0.0031963128,0.002040317
3b2fba8eab2d0c87c14342ab93f9593833a58ccd,0.35728788,0.01152065,0.56733745,0.06068646,0.0031676132
3b4fe73c7a6f4cd4809eadcc3a8ddd5c26a7b329,0.0016559513,0.9971324,8.836946e-06,0.00022194366,0.0009809512
3b66c5b3641287eb6bcfdfaf1432db339d636699,0.0034608557,0.95497215,1.4757397e-05,0.003607433,0.03794476
3b99fb4e5cdd412fd4a195cc34cbdb68f95023d3,0.01195361,0.983649,4.756633e-05,0.0024181532,0.0019315925
3baaafacbb8a56cdbf2f0606aae30356237e7a36,0.22351791,0.032044396,0.7304809,0.012774375,0.0011823563
3bb07573a736eb7a159fc4266b7cfab3e2caa588,0.91945124,0.02929529,0.036096428,0.0061595133,0.008997541
3bed99a322bab956e678483c2ed0338635bae020,0.076256566,0.0008295297,0.9198233,0.0029334035,0.0001572794
3c194dad83f96a132dc193cb478b44cb3461480d,0.3603797,0.17398654,0.004964345,0.32281384,0.13785556
3c2d132307838479da9a7ea2aeaf7b49bb1f0e98,0.008878417,0.99036354,5.1799266e-06,0.0002944001,0.00045841612
3c2fbf3e89cf8927e65c8c95dc1f965f97088d1c,0.005735909,0.9878633,3.7110356e-05,0.003881799,0.0024819677
3c49e11299417669bb889f53ee69a9eac81f3c00,0.011536336,0.8914104,9.592666e-05,0.025737917,0.0712194
3c63bba60c34b790de86d559d5c64bf24983e7d8,0.002441357,0.99734735,8.831369e-06,0.00014190839,6.0476017e-05
3c9fe40cd16d06c217583aa70ff91ff98449a19b,0.3815429,0.0055449326,0.60427386,0.007686969,0.00095135084
3d1d32fa2c804524e6be92202fcb61c9c6f6e6bb,0.21118581,0.007807948,0.7297212,0.04877741,0.0025076761
3d27f4b78d09d18c7fdab658245b1acfcdbb1ce2,0.092243,0.90637183,0.0009270564,0.00025307827,0.00020507652
3d7646aa97f7a6fd4d5d7962fe039ea0267ce82e,0.09773919,0.099533305,0.0066488576,0.5858181,0.21026048
3d7b8c6d5faa987683984b2e13370fac13d99bce,0.020538997,0.97938055,1.338669e-05,5.0944276e-05,1.6153344e-05
3d7eb9ce8727645ee4ec20bef250e766d937bc33,0.00258199,0.9910753,8.649667e-06,0.0015143731,0.0048197783
3d968ff12649d5fadfc7bb51a998e81141b6af67,0.0020909645,0.99667335,6.121927e-06,0.00050962844,0.0007198858
3dca37fb5b222754452768c19679c0a1e6350aa8,0.9217735,0.026788017,0.021784449,0.02520594,0.004447976
3e2708a682dc263246f9339ad8336ecb8ebab0a1,0.0049720146,0.9929389,1.2805339e-05,0.0014540703,0.00062228506
3e4a810a0d73e508de6c53ecdfcc3db19b6defc7,0.05659438,0.0022984394,0.9260685,0.013488203,0.0015505207
3e75e226e7455e797ba49e7a71bdfda5584c345d,0.9606817,0.012133955,0.023668796,0.0023908867,0.0011247096
3edc14fd83dd2a5a168cb887b108488e39d07676,0.6662578,0.007823942,0.23766614,0.06538424,0.02286788
3efab5e77da8308ee9d10d8377599e04f4541b65,0.8322035,0.007417783,0.12470728,0.03035859,0.0053129066
3f21caf8ed997cfa7908f309bbc09978d7fa138f,0.11647772,0.017900765,0.6239731,0.22884831,0.012800135
3f991b7a289f5c96810a62e767d9e8e4a8506c89,0.8213068,0.13566561,0.0067777405,0.029125575,0.007124207
3fb4a05a1d41f82013c9b5bb2162253d7ddb8041,0.89641684,0.007751282,0.056625724,0.03580626,0.0033998326
3fd93c73799d370d5fdd697bf21bb51a46ffc60f,0.7696363,0.02309445,0.09872456,0.10409973,0.0044450066
3ff07631c53fb574981f8a8566ad1df74e9b38fe,0.4203146,0.0024862196,0.5699093,0.0069684545,0.00032144046
406e2d7535778e94393ce2e5d838c09362780035,0.0042638206,0.99550253,1.12613925e-05,0.00019053796,3.1807365e-05
40aa2348315c7f16368b4f6a53455fe9be5af037,0.21882267,0.47133207,0.0096093,0.24247466,0.05776131
40e0e34c64479a19963ba2b3a4ca66ad2fce2a0d,0.036717083,0.00049864635,0.959508,0.002750986,0.0005252838
4139d0cd9dd188d32c4bd09f1f615c9f8f074a78,0.3129246,0.0019694103,0.67602336,0.0069180992,0.002164528
419f3484c1d4d86a847a90dd8b750219233fc02e,0.90742195,0.006118696,0.018593645,0.06208678,0.0057788207
420d57cb8b69cb097e553a18b2ae5496b90fe177,0.9294251,0.02621288,0.017533155,0.022136128,0.004692665
425fa2c3e26db62deeade6a465c14fe6ba7a5769,0.0027836945,0.9912766,7.881644e-06,0.0016169811,0.0043146973
4266cd82b4012f07076553cbc7637904c4434738,0.00088703254,0.99818486,1.5923998e-06,0.00038959013,0.000536957
42748c8819059ab2e3e4a11e49b4904d18f6dde7,0.26795742,0.0046252524,0.7264562,0.0004130108,0.0005480619
429b3c1cc70b8987fbb65cc64ddbb2ac4af2e413,0.5328287,0.09380078,0.028455611,0.30548283,0.039432056
42c2f1c46d8cc0e1e53d3ee5a982b6b6b134cb11,0.23242463,0.003807076,0.73419535,0.023078322,0.0064946334
42c69bfd2bdcd6f298cfd1d2c80a28ac3b11bb2d,0.003174813,0.9925598,1.9377845e-05,0.0007930432,0.003452943
42d72fdf8b86e46185455a13c498c706f024f0d0,0.87123084,0.015418572,0.0960929,0.014366346,0.002891359
42da4b38de50486157849b2a650b7450582f1538,0.09351523,0.00085360784,0.9041862,0.0013378884,0.00010717178
431fe08349f4b79dfda06907dede71aa34837c5c,0.6324795,0.27524537,0.064608864,0.017791506,0.009874687
439d7e5cc85ec84ff8c5b289de3cc9418bb25654,0.56411356,0.0024363648,0.42727557,0.00563921,0.0005352652
43a4f680a89759370ccdb4593b8adee125300d3a,0.004098044,0.99163353,1.6245782e-05,0.0021146024,0.0021376612
43f86b4839c0ec3eb2d84e81a856e227a90dcb74,0.38922152,0.37043455,0.076898724,0.10979896,0.053646322
43ffd5ed227791dd5c9851f7d905e9f82d8143b6,0.72878003,0.00535435,0.26342952,0.001986549,0.00044959484
44223f4d8c80798db4c67a3886f9998440e8bd36,0.113984965,0.0015128219,0.87492275,0.0074034454,0.0021759407
44a93f93ec30d799bea904fe8a6c590449bfbbc1,0.032021075,0.0010231995,0.95696074,0.007512714,0.0024822287
44ac3f9e2b4857633860cbfb643520d2531fb490,0.0058614085,0.9924051,4.3819484e-05,0.0013186268,0.00037109485
44f5d1ed2fc82b23b06512ed53b1b98d9b274abc,0.36035305,0.0019490005,0.6128558,0.023177171,0.0016650006
44f5e18fed1a59fde38b7115f238e5fc874979d1,0.0074484423,0.98987,1.861653e-05,0.0018191256,0.0008438215
452786c6035f1b0993d6df134bc1c59f80bafac7,0.34309304,0.0015525875,0.6536849,0.0015645764,0.00010491139
454d211c41b771239334065bdf189c9f96c24f7a,0.0030065135,0.9955456,2.3366067e-05,0.0004394598,0.0009850296
45bb6098cebfcadc5640c6624b3fcb9631ac2b68,0.0012180738,0.99569243,2.041635e-06,0.0011682556,0.0019193057
45d0b1a2040340f9781bdaee64f3fc6c7901bcc1,0.006677794,0.9931213,1.09061e-05,0.0001392715,5.0799965e-05
46d17d2861e55a2d3a7dc177936d3ab6cd60812e,0.5274914,0.01943762,0.05348991,0.38104683,0.018534277
46f7d99c5024a91169d68f7a9001524b7aabc64a,0.14007269,0.03372854,0.650707,0.14228421,0.033207536
4718fa12fbae9140868d4fdbdba755d1b9b1196b,0.78384924,0.081883654,0.12596586,0.005470516,0.0028307573
475bc2d8c167d10a9866a5220a35adf48ac6a4e4,0.029193925,0.97001183,0.00011719292,0.00038217724,0.00029494258
47732d84ebc10d114f7343b35b8c819ced7ecc7e,0.7839299,0.082645305,0.06729758,0.029763022,0.036364086
4844cb02f7be947986205fd1be1e54359d5babdb,0.018092819,0.0009658677,0.97899103,0.0018483727,0.00010184176
48b701e4a229a02017217ed52c9b8e224e7e46f2,0.47934934,0.010256663,0.48616552,0.018236287,0.0059923003
48cbaad2e505e5ff8a6daf0e65ddcfa7b9dab801,0.565548,0.42393917,0.001240232,0.0069593876,0.0023132102
48ed17ea7e5054a02febfc7c5ab01ea3963d49f3,0.000779501,0.9981273,6.468647e-07,0.00023921778,0.0008534466
4924991c24da1d29571b87e46a77aa26629bf211,0.004019574,0.9955688,4.8292163e-06,0.00027964934,0.00012715558
49332e6f1f7ababfd0fc18e396eca6de1db6b11a,0.18444084,0.007026874,0.79218704,0.015197204,0.0011480511
49740fefc32e31129f8c9dc2aa6ff7f84f0ecf12,0.4974096,0.004323127,0.48606566,0.011873974,0.00032761646
49f5d3d270928177b9704551664459ecf50ee002,0.019233068,0.00013556686,0.98028445,0.00027759428,6.92874e-05
4a3c5532a96ee5d9cca5495b0c891b5b65b2b18c,0.16473329,0.83402145,0.000117696654,0.00066907675,0.00045845378
4a9a5b9ce7c49ef6d3025a1a36236ee187311423,0.5050575,0.014965109,0.41156137,0.046948534,0.02146743
4abffcd8cff043da06735cf2de74fecaf0708e43,0.4570798,0.40460405,0.05795176,0.046677265,0.033687036
4ad2d58e8d4159b492758479cc2ca008a2a8160a,0.21695453,0.75277346,0.014418109,0.007214932,0.008638965
4b1b9aaa2431e1fd6c17d0b7915989bfe28c9b22,0.0013128759,0.99245363,2.5499191e-06,0.0019252418,0.004305602
4b316bdcd74d1c4cd61a2f73940cce36a3e38775,0.26793295,0.01069362,0.63057,0.081269234,0.0095342165
4b6eddb260cf69fa0ec1d343699edaa3c91de592,0.00043523236,0.99627113,6.341604e-07,0.00044946992,0.0028434629
4b7f4f3ec8977c4bd930528c5a16f614edd59433,0.090949096,0.0008957682,0.90342116,0.0044265655,0.0003074731
4bc882e9e5a9a33ac6310e9e66234803cb51b2b6,0.0037889455,0.9929675,6.340604e-06,0.0022401258,0.000997088
4c5fec07ab429a07e915617d597778e7d7b3bc83,0.84245217,0.06758659,0.06988888,0.013935036,0.006137331
4c7aadef8f8567eede8cb0690f090afe1b26c815,0.38381228,0.0010300549,0.59483624,0.018719913,0.0016015052
4c92d992f539b1c7935a2ad8919ea143ec457bd5,0.16652994,0.0008347605,0.8283379,0.0033666058,0.00093081343
4cccc9422b54fc433479e10306a5293839cd1891,0.95075303,0.017095568,0.018019209,0.007780843,0.00635135
4cee51b2788d75bf3cc62fe90ad2c44c35b96b8a,0.007287664,0.9902111,4.8592283e-05,0.0014311755,0.0010214318
4cfa6e5fd96a7e01e57d3112ad22a99bea040aed,0.007833385,0.9904551,9.858313e-06,0.0005606148,0.0011411804
4d243e1434da227f8f665bb2f3f42e3e9a240197,0.04066326,0.0022807494,0.93707657,0.0072196727,0.012759744
4d30e5726e84c02fae86f224a0bec2b2f27f0997,0.016890518,0.9792077,0.000113088005,0.0006889178,0.003099628
4d4b0b920ca88db835c48891e2bc915ed37ddb2d,0.001776403,0.9971787,4.1645303e-06,0.00081005745,0.00023075243
4d991190f7265ce225ec8e954110adf7812a9fb4,0.0039800634,0.9955304,1.4968578e-05,0.00029848068,0.00017612561
4dab277070219a9e560f549a49f8a6b5c78bd86e,0.64890265,0.00848119,0.33623648,0.005467764,0.000911845
4de4d5dfb2f1584da96dcf14b1b38077b284a9f4,0.82919765,0.018379105,0.12521243,0.024873473,0.0023373184
4df59854dd007fb1ab530e4f2c592afbaa6c89e2,0.1568525,0.007799323,0.81910384,0.013891934,0.0023523567
4e5bd6e8961e9c4799618f589d470f6878326c06,0.03300513,0.7692112,0.0003947865,0.053005513,0.14438345
4e6c10248378a0d05b5a65f983463c558e52070c,0.0027271893,0.9968008,8.102159e-06,0.00023834528,0.00022555127
4eb936b5f5f9af34bce71a68a663708d05d7c160,0.5599673,0.0004325967,0.43831876,0.00102362,0.00025772964
4fc0752c514347b8d2143130e12894fc9dc29341,0.017273773,0.982183,0.00028641205,0.00013864081,0.00011830722
4fdd17f3d722646d7523eba88c70d71bc581b121,0.8652481,0.060776103,0.025765948,0.043372516,0.004837285
50092d4f78944002cd8907b6f0e18aaa47e38681,0.0019112963,0.9973974,4.086759e-06,0.00035048302,0.00033675262
501365960bedde7040ab68ccae6c1fb3a9fb8162,0.122464776,0.00018688242,0.8765873,0.00073788344,2.3235312e-05
5016b0996b59b836fb5b7212d0e75013495fadd4,0.051175993,0.00021848007,0.9467287,0.0012882558,0.0005885717
5018c43ac36a275028ed9e1048fca60e68f1e7b8,0.111814745,0.8123307,0.018542662,0.017479604,0.03983217
501b5e2676faf018e4737f586ec6e62fc385f168,0.3057338,0.6930934,0.00080501474,0.00020218884,0.00016561704
5026edc3937dc8e12639053066b8a7130746c56d,0.0018563055,0.9977118,4.4464846e-06,0.0002470234,0.00018047538
502842bf998366359620b9486789f1e85582c4d4,0.20766833,0.0019785604,0.78499955,0.004514436,0.00083916896
50619271d55a78bf05f2dff89cdc893c8291f74e,0.4459751,0.037168395,0.47976202,0.033987045,0.0031074616
50a8b92b597491939365a098c448b79c8d283334,0.9469369,0.0036752725,0.038503185,0.010643083,0.00024158311
50e24045ab34f9a06798545f90b82d7faebbab6a,0.35610926,0.63137496,0.003130704,0.0026575108,0.0067276335
50e33fbb7c515474bb684b8312b877f75c64d5d2,0.9216301,0.024131015,0.034682825,0.016791815,0.0027642283
51613eb8ad494addcab281bb55bcfa4d1362935a,0.057474695,0.00029388658,0.94059634,0.0011163398,0.0005187231
52004be06c1495c8a2e8d3af7be60f4a3978f103,0.8790119,0.016414322,0.061808713,0.037705842,0.0050592227
521947b7254043afad5321488b45bd86bc9fa9e4,0.8248151,0.0034437228,0.16810821,0.0024392463,0.0011936626
52389364131fc64749e056382f21e7ab23096fb7,0.6872419,0.017545478,0.22554015,0.06314893,0.0065235007
52488500b9cb9ad27efd3e9c7e1b6069d76f9ed4,0.026818411,0.97218317,0.00016240946,0.0004328846,0.0004032289
524ee4d9cd355c91d4dffe1725197af0d6918333,0.015917603,0.98028725,0.00019184196,0.0028748165,0.00072841457
52a9e8ca172d2bde982c97193a5ee5f7a6a97c15,0.11295257,0.0023150903,0.8760647,0.0064953207,0.0021722838
52e207a7301dbed444e95437b27b36f9c739fe13,0.80433923,0.11872322,0.011012333,0.048986334,0.01693889
52eee36406e8117cf59be7b9906e0dd085b70f49,0.08895173,0.0022275755,0.87252176,0.03372534,0.0025736259
52f3116321ab77268a26b15caa4b5977934d21df,0.8936837,0.011560625,0.0616677,0.029760405,0.0033276859
531188121a60a5fc43d8ad724fc134a921e73659,0.28324124,0.0030798663,0.68349963,0.018818539,0.011360735
53175daa7da6c12a02bb5d43fe53bb144d52c844,0.24136959,0.0033104413,0.75338084,0.0016185277,0.00032054566
53332d2e0363433b554581a07239a648c5bccaff,0.9152672,0.008854941,0.06023047,0.0136308875,0.0020165262
5369aaeedb5bc24f9ef3f1bc3030397a5eee1ba4,0.78371274,0.011371741,0.13320266,0.037590917,0.034122
53ebd8e93dc6ac7e39f636449ebc6bcb84a7eba1,0.28411508,0.018487185,0.64979917,0.044874724,0.0027238126
53fd639b02e2f3b268a5f0258e0ff0945f01f3dd,0.044297677,0.95536596,0.00012351097,0.00011093033,0.000101958416
54067c7a878c3b58fd11de9198320fa4b253e3de,0.24922037,0.6765412,0.016722549,0.036981698,0.020534106
542e0fdca9eca8f1a8ac3f759f2320f897941e3d,0.68607473,0.026842413,0.04483256,0.20960166,0.032648653
54c6327ea2d922515d7163f6b7d440651e35cc17,0.0066035707,0.9903652,2.5855232e-05,0.0018202066,0.0011850378
54c6903a8b969096bb76ec66c4a13b6e0b79c7cb,0.0023585923,0.996757,6.4404426e-06,0.00056749996,0.00031042742
5503e470d7193f77e462e47a43d9f9b6b66bf91b,0.6919797,0.009089233,0.274062,0.02380097,0.0010681193
555ed405d478feb0d94588bbac2b59a51f6fc4a5,0.0025884472,0.996687,5.41706e-06,0.00023644023,0.00048267786
558bb6fa5f377c6c25426487db900d7fda9bbeb2,0.40746048,0.013230051,0.46772173,0.09747956,0.01410818
55da7de7ff954cfc1a71aea496f4ed5b9cdc8bc9,0.024020368,0.9729628,0.00020093017,0.002248116,0.00056779076
560fae6ec45faca058217fe528498b8f3f60cfae,0.89449203,0.035635617,0.05076492,0.017325189,0.0017822651
5617a7b9fb9683f0d8f9252e693e44b0f056df7b,0.006587874,0.9929892,3.68952e-05,0.0001749501,0.00021110778
562784ca558a3edd53d16967c5c8289e67ac2b31,0.45754975,0.021171229,0.18819718,0.21297586,0.120106
56b8911bb19bc8102fe4fd245f0de4a221bdd5bb,0.19942483,0.0015399059,0.79078764,0.006645022,0.001602587
5732dbb50d3e1063ee48700c04b4ecd8164ed3b9,0.27367592,0.015449651,0.6984702,0.010871105,0.0015331373
57453b728072b8f4ac1a990da4c20fac8ae2bd17,0.7221496,0.0058053634,0.18143457,0.05552958,0.03508085
5745f26be877d7bc6841578e9976b7975cb0a50f,0.106106006,0.035834067,0.102765836,0.48711878,0.26817536
575669e9a06757b33795350edf2ecc3dc7c55b5f,0.005051086,0.9929045,2.915675e-05,0.00095195044,0.0010633211
578b9b45ee51e49001a85f9d4c2fa417109a2d55,0.9718801,0.016561707,0.007458805,0.0036644542,0.00043501423
5799cd2160dee3092a53dc89f8bdf4fb810a2c80,0.8927264,0.055202678,0.02805883,0.022230113,0.0017820538
580f1261670fc795dee645c261a1c8a14473b21b,0.3402705,0.0051467745,0.65238225,0.001552043,0.0006484394
5818195dc82ef1b86aa03ed7644cb973307a2f9e,0.8335212,0.016923152,0.11271971,0.02776894,0.0090670185
581978bb76e9d205671c4fccd7ca5efe25afc973,0.5780973,0.002206193,0.41369346,0.0057574846,0.00024559433
583018a3e6b001d56495e5b2c5f0af165905c0c5,0.7439408,0.011449133,0.17159382,0.04803696,0.024979366
58797486ce63157a998329605a155c6226ec4cba,0.0017724911,0.9827346,4.1346657e-06,0.0043885815,0.01110021
58aee3aa1d94554ff57e6a053dbd60658e4890ff,0.004034661,0.995828,7.250085e-06,9.762166e-05,3.2560434e-05
58b15b8d9ba8a56c867a26c0598bd613a57cb77c,0.06973914,0.00062395545,0.92851835,0.0008649494,0.00025371413
58bf4ab284faea337a0d32107f98fad33ca5ae72,0.35985845,0.0019514184,0.63148165,0.00650345,0.00020499808
58e14980924abd6531656ef3af536852284084f8,0.020072293,0.9796809,1.14010945e-05,0.00014335796,9.195178e-05
5959fab7b3f173e06a13ced0f5aecc60cbde40c1,0.1465975,0.8024908,0.0019427056,0.015849719,0.03311915
59aa58b5a39079b7f52fbb08f024848e4c2a1edc,0.9187232,0.0048263897,0.07226486,0.0026034918,0.0015821584
59ccdd7b9de47214adaacc2b67ce9923dc382f62,0.6609445,0.004829538,0.305611,0.021070467,0.00754443
59ee593b27cb3b792b3f4d9c7ff0509265409521,0.0018476285,0.99751925,3.6629838e-06,0.00048162887,0.00014775284
5a2d56de8f4035ee0f63b1eb158fc1474ead5633,0.8727827,0.100275554,0.009497401,0.014146869,0.003297427
5a6e4698b3f6b34fdcc3f4cea46be02316337834,0.026311494,0.9727365,0.00020900686,0.00022246395,0.00052069884
5a772ebe24a1a88a37e93bb5d5e09f527a31d14b,0.090725824,0.00042512664,0.9057722,0.00261758,0.00045927803
5aa9f42e2997030682037a7545035c07b2f9d10c,0.24981967,0.017274152,0.70066726,0.029286271,0.002952631
5acfc258efd4d5fa8756ea3cbc7a25bac5203274,0.011906562,0.9854306,0.000111811605,0.0019403712,0.0006106301
5b17d138a5aa1cf2c6016e9b0aa92a893f2bc3bf,0.8538006,0.03868446,0.08966632,0.014937204,0.002911439
5b1ad0ee8439755707f2651b62a58eceba714a1e,0.14655568,0.0018147783,0.83678275,0.011885087,0.0029617716
5b32610d9fb1e6c06c9a759c9325afe1c580bcc6,0.9349805,0.011841668,0.023568863,0.026672678,0.0029363006
5b5467b06ed20a92a9137215df91d48e80aa33c4,0.005674331,0.9930529,7.134637e-05,0.00031405818,0.0008872631
5b8bbeb9a7ca0e754c4d54d25d164f9ad29f592c,0.05009262,0.0014877997,0.9445715,0.0031822452,0.0006658067
5b8dbd2f3e9a7a2bc4281d4cbff969b8fc191e86,0.68459576,0.12077928,0.16062185,0.008424475,0.02557856
5c16246513e338b4ebe14d84ecc16ee1f87447a0,0.0042817728,0.99455607,1.0459624e-05,0.0005515074,0.00060010096
5c72a46844f5cb42829a1f1845c3d60d72fbf310,0.115576565,0.3368749,0.0057398374,0.05144421,0.49036452
5c86228fe34314d82d5db352632cf55f9d450c48,0.8199407,0.004532389,0.16658136,0.0072021955,0.0017433568
5c8cef625915c6a1220f0cd86ce0ac0dd78a6e6d,0.60586536,0.011198029,0.22078162,0.06285447,0.09930057
5cbeb23ec37cd92586317894971a58371c66dd5e,0.75210357,0.10992237,0.040196307,0.0708092,0.026968606
5cf8576037a8428434adf073dfa7fcdc1d4b91fa,0.1061411,0.0070222104,0.8660595,0.014348947,0.0064282413
5d087f02d1541d434bf4a32e539c1d0d1868bffa,0.012488117,0.9669171,0.00014216351,0.009392323,0.011060429
5d5311827f2cfeec7edfe2f8870a2b865a07dc1f,0.8787775,0.014430179,0.056776516,0.04821644,0.0017993473
5d5634590701455990abe734d362c5d5c7bee90f,0.96076256,0.017943671,0.016256925,0.0027259933,0.002310936
5d8ea177728d8ea79812d96a27219a7d5d2620c5,0.74583775,0.030532515,0.20494957,0.018270792,0.0004093506
5d96d8e3f4ed7494a97ee83502cae3f3f87d7b9c,0.67611545,0.017477354,0.22951965,0.07081343,0.0060740025
5dc9d7f6d10704dfcb4fbdc56e4bca75400ab27f,0.18918857,0.001562039,0.804554,0.003341671,0.0013537067
5e3775e6cd75950ecfb2dd52d44c0e40b59de390,0.033091314,0.96218336,0.00049372826,0.0033133968,0.0009182474
5f01334d1c0dbfe04ccecfaa6eec1cc5cc534e3d,0.86944383,0.00236983,0.11127437,0.009030436,0.007881415
5f23900038a99e911753e9c154bddadb5d15508b,0.0010758043,0.9987435,1.9905676e-06,9.544409e-05,8.320575e-05
5f75d7ccb5d7641dfd0c6dba3dc61942ff643b72,0.088687114,0.0012277811,0.90711397,0.0024731306,0.0004980987
5fdef434a2b49463e5cbb4a729574345647a194b,0.2793225,0.045343466,0.6714044,0.002229148,0.0017004871
5fe829f295891aa0dab6a838791b576c5660d6a9,0.01388968,0.00030807135,0.984768,0.0009121257,0.00012214712
5ff773a6eeb3180c55f96aa7c5e4eb6183a5273b,0.9239392,0.040510826,0.008766705,0.023182308,0.0036010407
604802030b06eeae31f0f9f9f44885a00a60ca5a,0.15110224,0.007393753,0.8405438,0.0006189464,0.00034130766
605af423115f4f3a1242799fd315157efcd34729,0.06494546,0.9344608,2.7888917e-05,0.00013170946,0.00043421684
60a41d7436e2647a15c7d57aadaf1d6fb7e37974,0.906893,0.0038173625,0.074035406,0.0125258565,0.00272841
60e112b51e98a607921c2a29cf2e46d57df95921,0.021345308,0.00031437876,0.9778311,0.00045796577,5.114039e-05
61023bd78d026327e80ea3a76d8231e54c72ce55,0.6671549,0.049822733,0.22105576,0.041978814,0.0199878
6104898c110df931c113d79fe356470934a27d28,0.029600725,0.96708953,0.00028287235,0.0004675926,0.002559191
614fd786adf4a1876a5d5b7c43897e7fbce29c06,0.70655453,0.1103263,0.15570362,0.015975757,0.011439799
617137f0bd56b49da4ed41bc8caf9ac0eae9eedc,0.9538264,0.0038782551,0.03937606,0.002433344,0.00048584453
617227c2d4b80a8f4c20b82535aac34dfadcfa17,0.5118024,0.31703264,0.15583013,0.00766884,0.007665992
618ceb1dd4ea60b89c8c921896c37f3dcf45714f,0.044564087,0.9484071,0.0002949256,0.003921563,0.0028121728
618d36b105582d3ceb1bf8b194f99d9bd3bb2e02,0.40225163,0.4652411,0.006191972,0.038182307,0.08813292
61b4d23253eecd6cf2fe1a8ffd335d2e5f937810,0.0883734,0.00060716545,0.9060014,0.0042258706,0.0007922125
61d337198d7bc3441d0a5ca14d17c32a2eb922a3,0.0047148988,0.9932098,6.3576413e-06,0.0012787159,0.0007902512
61f0326e3ed61b418db3656ec18884cafa1e705d,0.012768548,0.9864487,6.378607e-05,0.00035736087,0.00036161626
624320fff44f833c1c8296fb299ab6825c2c5b42,0.001478382,0.99167836,6.468077e-06,0.0004807339,0.0063559446
6263d9a1596e632b0e35af422c6c7b7c19319d34,0.45027515,0.015603798,0.5011463,0.024604965,0.008369754
6290717e64a93dca3056942ef52034b12e2e0891,0.0041965027,0.99394906,1.4417439e-05,0.000770321,0.0010697143
62e30da20c6583c451115b772c017f0ad8837eb4,0.0021811917,0.9958639,6.629105e-06,0.0007944744,0.0011538201
62fa2d435fe7c8fd8c397d9203b0efed7702eea9,0.19342269,0.04751508,0.01541726,0.6312453,0.11239967
633d378a5ddbb5f2b7cc63788a66ba8cd43591ab,0.00054244575,0.9960996,1.0575108e-06,0.0007468061,0.0026101295
6357380f249a669fb4943a25c1f519152b9c3bf4,0.0026525739,0.99478924,3.2844903e-06,0.001352979,0.0012018332
635df35717a0191c013fc3eed105d72f350f89e9,0.8959565,0.07767398,0.016986001,0.0068828743,0.002500499
6360d3db5c148abb44efb1722f91ee852935b23e,0.0038992243,0.9959972,8.464254e-06,6.993147e-05,2.521779e-05
637dd71e973595ece26e0c25f9b2a93f4bc494b3,0.0037882188,0.996018,6.9850244e-06,0.00014133255,4.5513825e-05
639cd49dede254f5fa9b8b5e95f15a6118eadf03,0.08937858,0.0004443223,0.9083693,0.0014026435,0.00040525646
63bc19b4b88d7bb78c33368241e3ecc8617012c7,0.89190006,0.017304268,0.07719464,0.011968001,0.0016331194
63f56c8cad492e08f889b57e038a78e5557e5254,0.888717,0.04454719,0.038240787,0.020767916,0.007727078
6424e559f393310c073f4d6fe7c78eec68a2e4b4,0.5696691,0.0120325815,0.38363156,0.019874314,0.014792479
64871a0691cddf644392c9d099016c4580e226fb,0.77587193,0.009041312,0.103301205,0.10315158,0.008633967
64a93a8c68b5deb4b10a11724d4168953da105d8,0.0054239687,0.994073,2.146586e-05,0.00038422248,9.7372795e-05
64ac267142e26e3b5fe2faf8d8a52a92bec46034,0.46647346,0.04567397,0.46893066,0.003248491,0.015673367
64b3100a90d7b579b4f66545e43c10fe9c0d8d42,0.07144232,0.0014940323,0.921916,0.0041581322,0.0009895304
64b8e10e63d628388b011950c876f16442751bca,0.056140233,0.004096637,0.9227082,0.010742698,0.0063122353
64fa4e7b5eaa2a99c56443b65507159d60e1e960,0.0011216064,0.99841166,2.3728503e-06,0.00022746931,0.00023689952
657815adacf02df2786a40af37c538fcfd4888c9,0.6417595,0.003205358,0.34245884,0.008038521,0.0045377524
6619b1412033a3a2101a83acc0886e7e5eb4202d,0.09787968,0.0012657157,0.8968916,0.0031589686,0.00080401317
66233feabe9d6522180481e341a021a46f43ce61,0.92464685,0.029867666,0.009138953,0.034929484,0.0014170792
666d159ddea5ec0bb15462f9c781fa72fc2152ad,0.55851173,0.41908258,0.0056505348,0.008298397,0.008456787
66bc5c0a87bb4f42fc38fed7345879c55cc91a6d,0.5651339,0.02644871,0.342253,0.059362516,0.006801835
66e3665d6c0148cc17e299050f744290b8a3d093,0.045884747,0.0007863071,0.95211846,0.0010620692,0.00014851504
67739262a5ab2475ae7180e250e62e8d3e7e3db2,0.45967293,0.01086206,0.5284893,0.00078336487,0.00019240931
6785befb8d46eba5ab121260b0712c1a47d7f5ea,0.042937476,0.91002417,0.0010748438,0.01188999,0.034073517
6789d7f08729f9f8fa244f46b6a7bed62f5159e5,0.0014041268,0.99787045,3.1976097e-06,0.00046557924,0.0002565473
679aa28fed2eb1a03cbed1fe216be4df18fc1712,0.79475653,0.018220956,0.15817699,0.012593967,0.016251538
6882c98a5a411b163d838e9aea148cebd5aab5c4,0.0040411786,0.995096,1.6502638e-05,0.00041004218,0.00043617166
68cfb4cefd190d64520200428b1a773d5ac65853,0.9781526,0.0023185394,0.014617791,0.004223818,0.0006872963
68cff36caed2898f19953a94b3aed78b29116044,0.00046335004,0.9982419,5.6513187e-07,0.00020908617,0.0010849995
68f2fa12b2724f34f4a5eb70f9a9d61d32cedd5b,0.9526292,0.025258642,0.020659005,0.0011721859,0.0002809128
6921316307f25e1f070c18a393f61ca57040842d,0.00595863,0.99161774,3.6378267e-05,0.0011858509,0.0012013935
6924a0be0cfb962389189d06d94520969f1edb6c,0.00075425097,0.99920887,1.1211555e-06,2.2872366e-05,1.3012733e-05
697fe27651f3e320d31b68f340d284f4d1ceb3a2,0.017094607,0.9813116,8.1560225e-05,0.00056438975,0.00094778446
69bb74d66efe6e02fdc08fd29a1ccdd84a09db62,0.59443605,0.078094624,0.31959972,0.0033365388,0.004533
69c800368874c2c6aa0a05203ca693b518288bfc,0.17226146,0.008108444,0.81580263,0.001197169,0.0026302715
69ec582506cb25ebc18e901e321f06fd9013aca8,0.0014617179,0.98945695,2.4734072e-06,0.0011419749,0.007936854
6a1392c6a0d3ebddd1de6e260b5862d1a572896c,0.70561326,0.054541703,0.11152534,0.0951579,0.033161864
6a274eccab7892485536c065854a6da4b496a625,0.6284048,0.2622563,0.08864043,0.008595727,0.012102623
6a58f97d959a1a061cc94e0ee613986c7d017ad8,0.0050505158,0.9850996,0.00014392272,0.0015175218,0.008188376
6a8a58f0394fa1b8b9fa401bdd88d3d103fecb47,0.9225767,0.0054130144,0.05950642,0.011069611,0.0014343882
6afc6c4f1d14d5569ca59ec6a8366f24617cdc49,0.7120726,0.03618742,0.22363481,0.025886748,0.0022183817
6b0cf9f25c17d4548d4efab83260f8038a6de4ef,0.025317248,0.00032962,0.9727831,0.0012570854,0.00031295058
6b262ee93120e0a1644994735fe7b346a3a2225b,0.23946348,0.0021091655,0.7384635,0.018420286,0.0015435284
6b9453518b7e7749cff874b821f8d104f0a1ad7c,0.9393309,0.035232164,0.017273787,0.007468454,0.0006947473
6ba8844ddadcac56422e8034a0425e7747265d9e,0.04036858,0.953187,0.0007841999,0.002005535,0.0036547352
6bbbf6f199215b285ef61d9aeeb1c93e9c560864,0.030771103,0.00026173072,0.9679836,0.00083997304,0.00014355533
6c235a74119d55dbd3559b0b7d1bbc04e9f787bf,0.44014087,0.00086759607,0.55559736,0.0028859219,0.0005081836
6c923170e43107bf80cdf29d092a8e2fab805c30,0.0020765027,0.99708503,5.4209036e-06,0.00058532285,0.00024772336
6ca7be5ba4e89977b21edcdbed449805b7588524,0.0005700779,0.9940659,1.6389046e-06,0.0004261,0.004936176
6cd87e2b10f1c509ad970c519843efd4fea963fa,0.084718995,0.0017334017,0.91302055,0.0003826889,0.00014441529
6d2bcb3ddb35a2d843625a75e0b35b3d4e334c54,0.916393,0.0041744197,0.07682465,0.0020140638,0.00059395254
6dceade8d897ae6d1a852562410c6b3696125d05,0.003015274,0.99546105,5.301118e-06,0.00069014874,0.0008281963
6dd5e61f60beff3e1b431d679dd5854f6fd8dd7f,0.39561895,0.0040841526,0.5958904,0.004033557,0.00037291698
6e21bfa733cef237f87765595749641afce188eb,0.002231422,0.9924297,8.688971e-06,0.0023517897,0.0029785156
6e7c9c3cafdf89e02fa3b4a3d5615574bf778123,0.20246918,0.034078024,0.107340395,0.59319013,0.06292222
6ea294001b6f78003b2e13e85b0252dfe7105302,0.00081548135,0.9975345,1.2932256e-06,0.000450636,0.0011979355
6ed4417d3de4a939fdb48b3e110d9e5e8b47bde4,0.77515286,0.20379184,0.013684706,0.0045579704,0.0028126054
6ee12308a614a08079b7e7884e9b154437eced0e,0.0018889903,0.99562126,7.9274305e-06,0.0008815939,0.0016001859
6ee3c1053c82b37f43a87086e0496f11a1cd9fcf,0.06895638,0.0014959492,0.9065119,0.0148154795,0.008220411
6f1c14f17352c43f8f613478bfa9094fe6081c95,0.85203105,0.014828725,0.13034414,0.0017252739,0.0010708487
6f1d449838e0268bcf3f98b1f75599acb264606d,0.0010538483,0.9988285,3.3048411e-06,3.154929e-05,8.279054e-05
6f2b7f26b1a1f59e014c572ee6f38802da8e5974,0.5312682,0.021246653,0.4378391,0.0056375447,0.0040084706
6f487919066078ae5e2d08c7e2b4f593eca6b3d6,0.0025840006,0.9905404,1.4761279e-05,0.0007044653,0.0061564576
6fca45a91078b43e391fa3181c2d12643fdb713d,0.86713964,0.0044186297,0.12411663,0.0033076466,0.0010174321
6fd8d72582414959b81f736ce615be6460be48b8,0.87014306,0.0020461355,0.117121,0.007279537,0.0034103035
70c478677047b4b00cecd462c30b55ace1eb086d,0.9428929,0.028715678,0.006101255,0.017765643,0.004524489
7141cc0565e4ade59694dea1fc763addd0248c49,0.010604375,0.9890239,3.806468e-05,0.00019747445,0.0001361487
71a2a1345d8a2c4f0207ce2a3dfa51f4b43a58cd,0.9346928,0.040431295,0.016917385,0.004997842,0.0029606887
71b9276ee4c3ee28476615bae7af34d619ab1650,0.56017256,0.29341444,0.085883014,0.016300514,0.04422939
71bd90d681e50bb0e10723525ed6c5ac126503e4,0.056323558,0.0034279753,0.927492,0.010687872,0.0020685385
71fd4d43438e740869f1302716a03863d57bc88b,0.27819255,0.7202593,0.00027715263,0.00090085267,0.00037010995
72047c2ecc3dd679c4f0cd8276612934114ac56e,0.7299436,0.008091659,0.23691675,0.022847733,0.002200356
721a31c9ac2b94a4e71f0680efbc0a8a48388f89,0.0014767149,0.9942331,2.5694148e-06,0.00087517913,0.003412488
72239f6ee95fc60332e5551aa9210cb7a412cd08,0.14528294,0.054655425,0.052370682,0.49899685,0.24869408
72562d5df82cf681a20660315014691be110e15a,0.23349229,0.008732352,0.75390744,0.003076191,0.0007917932
727432189a618542e8c5f0279d02042fbf38627e,0.82493085,0.036138542,0.005611744,0.09072535,0.042593524
72b0721d459d10fa5f3fbdbc54890e7fc4322857,0.33323908,0.0018012893,0.6608231,0.003986963,0.00014962142
733b492f2dce7e6a7431535c9ac2bff218ae7310,0.857364,0.0012916735,0.1371082,0.0035974728,0.00063866965
735f520a7acfb1da864d7ed41eb9ca907018a02e,0.06279999,0.0010539446,0.93257195,0.0027383098,0.0008357786
73758ef1f2c1c88bfa2460e56c1014d9cdbd5bb6,0.96272886,0.014434434,0.010138778,0.011273853,0.0014241872
737e9bc0682fa0c1da5460a75c38d5b5fb9f626f,0.9334561,0.0017912991,0.056390718,0.0069447597,0.001417018
7391478a4a6cd67e15d01e0de0280028935012fa,0.33236685,0.61586505,0.0056589544,0.031652365,0.014456778
73b484b59fe8ccd1ea387781cfcb307f64626a04,0.073381744,0.0021672617,0.9220358,0.0019233944,0.0004917751
740ddb0b1253eaf5a8f694c1561aab3898f94236,0.8594343,0.016060306,0.07184247,0.047557525,0.005105431
743280d1f3d59a6fd96d6bab8633f94eed8de854,0.21819091,0.0061962553,0.7247011,0.045413952,0.0054977224
745d2597fff1e7faed78b9bfe5fd7078b2e8ae76,0.9575294,0.00405643,0.03305878,0.0032436433,0.0021116687
7460c0dc2c2b4409c875dd838a8ac4d0e7640c82,0.061478164,0.9224729,0.00086255523,0.0036767658,0.011509675
74d4900964a84fd9af5d4f67a4d7ff23486b046d,0.84752387,0.005377831,0.13859622,0.005794528,0.0027076115
75174185e289225d5ef42a17ff7541d79409d81e,0.72682136,0.0030433543,0.2559696,0.010060857,0.0041048275
75380a38f0bd7cd8b49565a6c79ac63a7e7a0d64,0.9407275,0.00558375,0.050461754,0.0025358372,0.00069128856
758cb430b7a1813d360d9183978d8317773815ce,0.6594086,0.029143957,0.27060375,0.021860465,0.018983224
75c582ba616d8f7bb3bc0cbe3a0f2d900d3fe25e,0.03573257,0.9632031,0.0001889053,0.00072767446,0.00014778278
7631d2a4862b8696d037be74ae03ca6783d2d02d,0.007854785,0.9880034,0.0001343259,0.00079131935,0.0032161518
7710932bde4ca0ccea17ce889cdc9a97eff2947e,0.15877968,0.00070602837,0.83785594,0.0021269105,0.00053132337
771992f1d27f0aa23708611b5733980796971e89,0.9496667,0.0021533782,0.03850359,0.009273187,0.00040329585
774e3340401efb155d9fe6b6335d82daa423706f,0.8291861,0.0026929025,0.16748779,0.00027091344,0.0003622993
77a4a170e752706645ab29dad6fba028607ffdcd,0.702182,0.10834356,0.019722247,0.14219654,0.027555618
77c028788501d4cee3d89bdbc6df7c88355db164,0.41139004,0.0003090505,0.5845403,0.0032240048,0.00053652836
781b31cc1654baefc49002bd7f5f20fd6f06ece5,0.9772365,0.00038187442,0.016105616,0.006100358,0.00017550425
784a31a5aa4c0a985c8a57178b4f926dd0d2490e,0.0045161806,0.9947967,5.298674e-05,0.00026289478,0.00037116066
784d5231d4e9490ad83bc2d0e437e3b2ffd388aa,0.13874887,0.0011781317,0.8446518,0.011290215,0.004131039
78f5d6ab6b21bf131c81d2271eac5f741b454ee1,0.40183616,0.05007747,0.29498667,0.22981076,0.023288967
790bb0e9ee9dc366865dca419180d5ccd5f4f0d5,0.93322164,0.0033664515,0.05620954,0.005930888,0.0012714303
790ddca5decc331d39c21cddcdd8757fae87c86b,0.28845617,0.0027479057,0.7079481,0.0005383748,0.00030945646
7920d21b1ccca84da6df5d6510aa6d30300b7fd9,0.88435346,0.018956816,0.08891188,0.005785948,0.001991987
794825ac8ea36a584d28ccca0e5f081dcb149b53,0.0012927928,0.99808073,2.9215332e-06,0.0004068789,0.00021658961
796c2db2137687c4114afdf82a60921372160764,0.94264954,0.034058306,0.015025023,0.006327134,0.0019400314
79b06459a66f92a021e085710b3cd44c286c6013,0.049143653,0.00076340634,0.9473133,0.0021342076,0.00064544275
7a5152f7711ca295a3f854a8bde2563c49e398fe,0.8364422,0.058026213,0.0842673,0.014442392,0.0068219146
7a6ff39cbdda2ad3b37cff9702af218ebde5ed34,0.8897499,0.029322905,0.0585901,0.018074142,0.004263025
7a7fbfd1cbe94d882aaa08cd5cd244fab33893a4,0.11623196,0.0024994777,0.87358654,0.0059511787,0.0017307814
7a952147c1ea570c66008cd1dd170227c064403f,0.0040553925,0.9957327,1.6731574e-05,0.00010032609,9.480926e-05
7ad9326bc9500287e796d0f23f529e2dbc2282b5,0.65670127,0.005078639,0.326198,0.010437544,0.0015844484
7ade65877708417e5d7e0e781209c4147029c7cf,0.04367597,0.95565665,0.000108830296,0.00017561797,0.00038292375
7aed818a1c94c2d05baf2b2ee73b12803878e0f4,0.91003776,0.035164185,0.0124127725,0.03580593,0.006579432
7b281087a160effcf89502a1789c4a61edabbe83,0.0022360196,0.9957086,2.0380733e-06,0.00037249815,0.0016808904
7b431d5b6dde0737aa12f92435e0fd3d7306051b,0.0026823122,0.9925966,6.0281554e-06,0.001290924,0.0034240368
7b57ec1a95b89697a7eacf7247674a332edf3a44,0.0019375745,0.99793977,6.024554e-06,7.280467e-05,4.3814365e-05
7b6d3e6f1a05874adc5f5929c4d6d50931fc6494,0.035392445,0.4627652,0.0016148663,0.029878136,0.47034928
7b877dccd9212dff93e51b26105ff48d48d40786,0.95761424,0.0025322672,0.031665303,0.0073222704,0.00086604565
7c3b0de651ebf290fca93f600a03a59de64ef5cd,0.00090077566,0.9980373,1.3252759e-06,0.00032046414,0.0007401396
7c6fec764798444ba48b9e29c28907b52a9f7461,0.8104486,0.0022720823,0.18338986,0.003620038,0.00026957353
7c9c60384f852b1018b03d72d522bbd5f47c30eb,0.10564745,0.00028290277,0.8914523,0.0016023745,0.0010149988
7ca1b27aba0d373e72143b6d4829b1766cab05a4,0.02738797,0.00022944232,0.9712106,0.0010804604,9.1570466e-05
7cf05f7bef40f282ee3505f13f7c8c9400c065e4,0.08656376,0.0042176284,0.89783037,0.009607809,0.0017803414
7df19dbbe38fc64abb38dbf77823f33eff95a0ff,0.0008864461,0.99839586,1.2865584e-06,0.0001949698,0.0005214484
7e2c139357e1aa60a9eb5f8b55704e9b8c99aaf2,0.7790515,0.012362832,0.1718571,0.031322636,0.005405956
7e628d0421fcb4bb226d1e96075626288b65c711,0.010321948,0.98739827,5.395532e-05,0.001556304,0.00066957186
7e6b5bac0cd7dc4a049dd244f3ae5d3e92e645b9,0.3296479,0.01605004,0.47060856,0.16456209,0.019131439
7eac2bf5cda2744a31d4344ec96acec36f0a2a54,0.006032082,0.99371874,8.350694e-06,0.00017395752,6.698147e-05
7ebce418a37093c4bab86409c3c2e0f428e88175,0.69528455,0.03211164,0.14571458,0.111489534,0.015399761
7ed93ef2f8f44850ba66eca3f0e7cb75f0057af6,0.0025425854,0.9887854,1.0786084e-05,0.0029891322,0.0056719766
7ef98c43fe16c30a6ccc0740ea9125f15bca547d,0.0030995712,0.99629813,1.2100675e-05,0.0004107146,0.00017944841
7f09297fc1b6574f88998b31c1d81b3e91a18c48,0.6216967,0.017186686,0.16728303,0.16837011,0.02546348
7f9997156d9570ecaffc25844119687e0163c182,0.0013485583,0.9895773,2.9269354e-06,0.0027815576,0.0062896614
7f9c782a3bb19fc187af4483ee8853f27d7ad88f,0.9537202,0.0007111267,0.039944705,0.004932067,0.00069194863
7fa086a2728956870a846a86da4e02671eb25a7d,0.010643087,0.9865313,5.6377765e-05,0.0015458517,0.0012233657
7fa49d935dcbc001b9a575a44b671de14baa5812,0.05458341,0.9401087,0.0006911572,0.0026535888,0.0019631113
802bb47bbac63060cc2a31ea488a3e88e898fd24,0.32294157,0.014245553,0.6588777,0.0021467085,0.0017885631
80657bbb29eaf7a9bb0e49ed7e8d6b3f7f5930b2,0.0040877084,0.99507165,1.3296678e-05,0.0005643236,0.00026308058
8073e0fec4423f60bca714433d608d84f98043a1,0.20805745,0.008157812,0.7602917,0.022260407,0.0012326454
809931de28ac84cde391bb4184fe3cbb8a8fb3d2,0.029951962,0.9641608,0.00023104232,0.0034537192,0.0022024515
8099b0a0e3cc5f9932577b989819453fc85d4930,0.81259465,0.00090782414,0.18472832,0.0015973082,0.00017196492
80a72a4970ce34d789d3bde3bdcc1897a4d96d74,0.77903765,0.007566363,0.13607278,0.064965434,0.012357762
80b72ffb6209c77a1b6317a35491a2ded6b52321,0.87390864,0.0067835664,0.10436529,0.012384327,0.0025581655
80be339d9c32080b162f55e76cb3d04c646f1571,0.23086125,0.0018375688,0.7641755,0.0024520752,0.0006736828
813c5ddd13ccdd76a16ecb6ecbeefa0477e6471c,0.002552514,0.99604803,7.2609605e-06,0.00032932137,0.0010628686
8157913bf8aed60ca8bb93efddb90d2803aa6a6f,0.19836016,0.007680867,0.79274124,0.00050756946,0.0007101259
818f42973d933924c2459d0a3051233e8b572558,0.7513502,0.017137228,0.22621289,0.0032292495,0.0020703455
81a21083e49c2c7cb50a59102453bc94da5dc661,0.3222811,0.0014064644,0.6723561,0.0034251362,0.00053121254
81eee390bfa2ba4a6783bf742d7c1f5577872727,0.009011371,0.9899524,1.0570191e-05,0.00058054255,0.00044512286
81f4e7e4447feb07eeace7a9e61165191bc5fbe2,0.6389229,0.014221832,0.34636527,0.00026150333,0.00022851494
81f5fc093364e94b8bd6e20ceef313e89e5a307f,0.49112877,0.013306812,0.4291369,0.05641848,0.010009101
81fb4fef951ee50c5311c6f270321d2419f27e6f,0.7927528,0.12112104,0.055581197,0.012119902,0.018425101
82402665be55b87f84aca36ef2f01139a704e6af,0.16206245,0.00094848237,0.8348671,0.0018864766,0.00023550245
825097219ff0a24995bd0c1990e7aad327633d41,0.23021285,0.0031267276,0.74946815,0.01509654,0.002095689
82741a528f701adadc471d3025bb9781b5dbac08,0.10321499,0.8887002,0.0009101703,0.0029709244,0.0042037973
828eb52539fabb6f2a63b32d3f2ae8a783f0e924,0.67877334,0.006707393,0.2729429,0.035358198,0.0062181796
8295a1111aafc032d6aac0577cd2ae74f2d6ef18,0.7021415,0.0030189385,0.28470242,0.009806978,0.0003300065
82aa9714c0624a02478fcca3f7e098c1a5a61513,0.5541567,0.005273679,0.42415658,0.0151611185,0.0012518574
82beb10b4596758f4a7f7026962e218ff67d952a,0.3411484,0.6505895,0.004508869,0.0012942731,0.002458909
832cc72e0de7acae91cea6cfda292a0b29a2765a,0.30385563,0.0019656676,0.6917178,0.0023238177,0.0001371265
8372eb7514a3de5ef20435e1aabf0808e7f25604,0.13835259,0.003471324,0.82717067,0.02928175,0.0017236114
83833f6832ba25805852cd145ae2a0a1c5ba0001,0.027130531,0.00013314877,0.97125614,0.0013194031,0.00016068714
8421b52dfc2c73a5c1a5bb5492a9093f019e40f1,0.77113175,0.027016684,0.058619227,0.12604496,0.01718734
84a12a8fb9ffb82c79899838ffaa32cce933a8f5,0.6390128,0.036973238,0.10706151,0.17976166,0.03719088
84a84af332d8410a649bdd889722d90fddd46bec,0.0058029513,0.99050784,4.132304e-05,0.0028170783,0.0008308374
84c6dadff44ba7c6d6daa7a2e59e0b59d46364a0,0.33616647,0.0379656,0.11965583,0.42281887,0.08339318
851a6548977da40c3fe95f93c8fa63820618640d,0.047760803,0.0002124286,0.9511247,0.00075073686,0.00015133855
8564e8dd4c184aa8f193e7ffd7a19529a2ada380,0.58089674,0.004693367,0.3799134,0.032749172,0.0017473461
85b739fb368731cd3a22a740d1b08dc8377200b5,0.40426195,0.012638925,0.5316512,0.043601643,0.007846343
85b9380dd8658400eddbc561f13b9e2602d25585,0.008613727,0.9890132,4.1347346e-05,0.0012405044,0.0010911505
85fc7c85ce292cf90c89ac9de6920fb23355dd90,0.21721067,0.66780096,0.018629095,0.007271219,0.08908808
86b0edba7f83c164a8cb1b597e84cbaf473771b6,0.75632536,0.0012662823,0.23127322,0.010474363,0.00066082936
87344c94ad76e7e284ae2c6ea21f2fb4af2d6e6f,0.013785021,0.98357993,9.432816e-05,0.0012554703,0.0012853446
875b40e7c1a60b0df8559f1570f8f66691bb9cb4,0.01662806,0.97879124,0.00025968684,0.0028551596,0.00146573
87681f25a07d0a804ce9e362e1567a0d587b4815,0.21124028,0.005707249,0.77660346,0.0042785187,0.002170539
8771c61774bafb439e99f54fe2f1ec8a595f6a15,0.32984534,0.0009805105,0.6610224,0.007943267,0.00020844126
8799b775bb3366dfbeddbdd164c29abdef9d282e,0.5620987,0.001668016,0.43476686,0.0012697537,0.00019672356
87b2eec153fcdc330b4c1bd0afab63e028638377,0.56137496,0.0425604,0.07846054,0.26596338,0.051640753
87b3e02af79114d65b1f4b982d644dfa8ecd49f9,0.042372886,0.61844134,0.0020613705,0.031877983,0.30524632
880628b7c9df29b90860022f0ac69ed3cc1b4d29,0.6194032,0.0030328988,0.35972178,0.014138238,0.0037038918
8817d1ef9dbe2964ee7ad49511b168e0ca188c34,0.92264014,0.039561663,0.014283656,0.021301325,0.0022132897
88265a7926dd85e77d10f015df7158e877b450a9,0.036020912,0.8158385,0.00023205881,0.07055368,0.077354886
88ec6deb265592eacf5180b3720bfd69274b3a03,0.22157043,0.0042045284,0.762463,0.008227472,0.0035345764
8925998973a33a0580f4b36f6249793330e00448,0.18062751,0.0066107437,0.7914077,0.014813423,0.0065407273
8927230a94cc87b5007f95b83a056838711a8d18,0.010167259,0.98889774,3.859696e-05,0.00047857422,0.00041779183
8944fdc054984a2d284ab4b46cae71a7425927bb,0.0062849815,0.984297,8.653341e-05,0.0031576327,0.006173979
8964da0bbf32d72667b4a8a7132c59a21efb5ad4,0.79934645,0.015162645,0.13273005,0.04511817,0.007642741
8971560da841654042f221f023b57627ffb3c68a,0.42122602,0.00018144543,0.5777413,0.0007872158,6.396989e-05
897bf1448815e1b20b77416abcd4502baa854609,0.039842945,0.9587895,0.00014205264,0.0009677821,0.00025769896
89af600c262bf0f90467ddc60a798c710409ca5b,0.29812267,0.6890456,0.0112240305,0.00046597663,0.0011416347
89b3233697a364f36648f5cc762b8871bb796219,0.0035695657,0.9883708,9.219989e-06,0.0018198851,0.0062305387
8a00e47d47f430d08e977673bb3aa1260773505a,0.4840547,0.0096948715,0.46762836,0.03669553,0.0019265661
8a04bf8e4820320ed7dba53cf31d7346ac0cf6f8,0.59665114,0.0030684916,0.39356682,0.0052566016,0.0014570033
8aa6e6fbcd12d694dbdd004d64ccde6fc467e228,0.0018007712,0.9928387,5.17542e-06,0.0013700577,0.003985292
8ac57b97d3011dd06d76b12f98d6ba6e379a8583,0.39979216,0.17402266,0.3564857,0.023808995,0.045890473
8b6d5c21a1cd3fdc808991200d40ed4216fb434f,0.096666545,0.0050340244,0.8953103,0.0024575195,0.00053166447
8ba27d258fde5d01ce3a01d3b32e3a77f5aaa01c,0.9431135,0.01387259,0.019112881,0.022461362,0.0014395965
8bac789341101abeb21ae2bc647a5ac4537d8bf9,0.03060246,0.9693141,1.1874532e-05,4.6159286e-05,2.5434323e-05
8bb8c2e76969a4d5dbf60a5d57eb04af8b20c4bd,0.32950422,0.001103308,0.65964746,0.0076183593,0.002126621
8c0d596e13f61b8f2785d18f7728cd7f59dfd91a,0.32813752,0.003514128,0.6647347,0.0024381545,0.0011755127
8c399ef2d3cecd969018e5919f079602ec8592d0,0.4106853,0.00061671884,0.58719045,0.0013623575,0.00014519705
8d71c5e43546c487adfe2376024bca4f71f13cf9,0.0032276986,0.996507,2.9910163e-06,0.00017576304,8.650737e-05
8daef43d6364153b91cdbc9ce110c9768d62c747,0.004422838,0.9950683,2.2808845e-05,0.0002730144,0.00021299928
8de16294c60318a5e14f3d75ff1c31efd33f4929,0.00072411326,0.9990977,1.2436187e-06,7.8562734e-05,9.842574e-05
8def6fa867c1f6fa018a75d9437c96da27ebc653,0.0019439706,0.99722594,2.3011528e-06,0.00036222572,0.00046553178
8e09bf48158e6e3f1895bedab209af94422a38d7,0.19054717,0.0067037386,0.7793082,0.017339688,0.006101214
8e29e7517b9d8cc0bec21b841cf4bbc2dfb1f2c9,0.852572,0.026995538,0.105311304,0.009766478,0.0053546466
8e5d659c8dce795ec6ab2ed7a1b61cd39688cb5a,0.5708583,0.0009299978,0.4210134,0.0053862147,0.0018120544
8eb1126142f953756615fafcbb2cc29557298c18,0.076650634,0.00029903624,0.9217296,0.0010164725,0.0003042228
8ebd13d8cc5bf38e26fba6b558a3ebb6e425ac5a,0.11737431,0.0005880704,0.8788272,0.0025719968,0.0006383901
8eed74ac393a9c28b1553d8f19bef476e170be8e,0.17759043,0.0029108932,0.81281877,0.0065533123,0.00012666798
8f157f16224358eff499e4d516646d594376bc53,0.009359431,0.97836655,0.00010067562,0.005343351,0.006829985
8f21bba585efc8b1d70bbbce9453745a6f07fe3e,0.012906664,0.00010683868,0.98581296,0.00086491863,0.00030855945
8f6025914c3d077bae6b408315ada9c4838de506,0.0022385127,0.99670655,5.2413625e-06,0.0003825922,0.000667175
8fcfecacd3c47dafbddcbfaeb72a09f51e04b494,0.019522693,0.0011702059,0.9716343,0.0054815277,0.0021912355
8fe33e7476cb5b7f63150df082a0f91bde079be5,0.57204145,0.29737505,0.11846815,0.009972851,0.0021424636
9055ab4f12aad23abe3b5dafc2d48c5c293d17cf,0.21248697,0.011334238,0.34075013,0.4046263,0.030802371
9066fc88715e33b69494562e2417356810a0286c,0.959435,0.0011738243,0.028179212,0.009182763,0.0020292117
907fdc32fd896f08a94c5b27ac8913bda5e0aaaf,0.27374873,0.009330815,0.6948196,0.019790614,0.0023101983
90e0b14f284e0319a84dab9ba868a0201b8406a1,0.0149259595,0.90676,0.00010513535,0.058777478,0.019431308
90eda08f48d3f894a1ec1e7e68ca42eec7b9ab9c,0.33739674,0.00482615,0.65721667,0.00040596133,0.00015441226
90f9f6236bf100916598e240422ed7143d336444,0.8084082,0.03271522,0.013115216,0.08945844,0.056302883
910dbff5c52c1ca9c7e90f66ac8ccb6fd9f61958,0.008414065,0.991042,3.5683326e-05,0.00039103613,0.00011717689
914b001550281785098ac4cb2fbf6f1d2ef65a41,0.011358041,0.9881721,2.3174302e-05,0.00032220068,0.00012437307
914d19fd563923a99daf22b5f4bb076be008a2fd,0.008355906,0.990476,2.7603379e-05,0.0010803898,6.0096947e-05
9153e54b3bc15a1e89adc3fdc502966689bf1e71,0.0013529194,0.993468,4.902239e-06,0.0012006812,0.003973608
915ba928b81b61b9c0e562cd0d444499f382f4f1,0.8038345,0.027294558,0.16683136,0.0015534811,0.00048601918
91fb902c1e4ec7acc975c5120a24a2d2cb500220,0.012505823,0.98708785,6.1573395e-05,0.00022436497,0.00012040641
92019adc09c1a28bb28b43afe1815e06f2fad72e,0.37261328,0.0010818401,0.6233694,0.0023214316,0.0006140752
92053977a6b28dde78f6becc7609e7e36ff8ef9a,0.23161867,0.023603763,0.008773513,0.45521006,0.28079396
9228c551e38331bec7142222e3c95cb5f96a0247,0.31102324,0.010745577,0.57223386,0.10024437,0.0057528876
927e636fa2d50337331faf0a3d5173850529489b,0.45891643,0.0025115467,0.53262246,0.0048881983,0.0010613883
9299e6433f32a140e3b56adb2aeb3661afb103e9,0.98022413,0.002365151,0.016370343,0.0006318329,0.00040849776
92dce967653e37b0587255194db8191acff0bdd2,0.6691915,0.19492011,0.13051929,0.004361972,0.0010071275
92e0f406a48566b9bca344f49c38f8c339c657e7,0.9239585,0.019489704,0.028085003,0.020586431,0.00788039
9300f3171f0a4df9abcb3e456046f7562e8be257,0.00584907,0.9921292,3.534591e-05,0.0012992871,0.00068704516
93090a1272d6e9c4070b181a3dc61b17c6ad7c8b,0.0011502772,0.9983847,3.1556615e-06,0.0002648676,0.00019700527
9315a4e62cbf0be09064a1543983028800e3ec36,0.0016562637,0.990734,7.1657582e-06,0.0021488853,0.0054535884
93528a47cb418a0d319023602d2d1dbe22a14124,0.042994946,0.00015816127,0.9563846,0.00031718786,0.00014512311
935df75fb21adc0c4008726e4baeb0337fc03307,0.5489068,0.42239,0.022588724,0.0028854206,0.0032289992
9362cab7b1f02ae1e56b9b62b23f16bddc55b1b5,0.029108971,6.400003e-05,0.9705851,0.00020258305,3.9392322e-05
93e4e980d21e107163b60e3d56869b48ef0071d2,0.041143708,0.0012060665,0.9553318,0.001942211,0.0003762438
93fb42d64b30c15216541fa674a3a463d55b36bc,0.7224373,0.017572735,0.031258233,0.22006725,0.008664487
94b0f94445627a400153dd2edd229fe138391de0,0.8170074,0.05419007,0.122407176,0.0049623325,0.0014329978
950827f1535e1865470ab879f625a407cfeefa52,0.37732098,0.0004977728,0.62029296,0.0015042013,0.00038412024
950e83f2fba446a7cca7d0387f3ce3235a596ea4,0.1312035,0.83179736,0.017469514,0.0078525,0.011677083
9514ae4eeea6d081cd345c84180d44defe56eca9,0.0007095579,0.9991786,7.2375235e-07,5.2612802e-05,5.8471407e-05
952b5f73d99ad910a2b872562ed92deb32f6c9ac,0.05145699,0.0018832745,0.9276069,0.014854447,0.004198333
953dbdc2712c9e869fa8a37870fa62d0c2f12be3,0.0013801396,0.9969964,2.0114137e-06,0.0001624002,0.0014591756
95420db42eb68eb218464930925d3a1c8086709f,0.0057717673,0.9932614,2.0632644e-05,0.0005869412,0.00035925113
95a5a039696020101f02fc51d7d34f52fa6974ee,0.46438542,0.00024808702,0.533227,0.0018252995,0.0003141415
9613558b5ab1950db48f591e88863268163e7e97,0.009720845,0.98513955,6.540588e-05,0.0006380234,0.004436253
9628e4a159ef849ea6afcde70f6358edd2c20bd7,0.73496246,0.013881525,0.18601206,0.05575469,0.009389274
967e6d875a1dbfd2a8a4fa2aea7ead54b543d3f2,0.07819302,0.02016275,0.0071794214,0.77083504,0.12362971
96a9bd9d745a09a0d645b2ddac4a447ee969b885,0.0032778413,0.99604,3.5093822e-06,0.0004057149,0.00027283907
96b36be6ff419d2fb9b35dfc05503e7ed2aa4ec2,0.0023983044,0.996615,7.839827e-06,0.00067796186,0.0003009278
96e09eb3e3afac7a1ef3334f3df1fb2ce8e3b19d,0.88048124,0.030905766,0.07915984,0.008786316,0.00066677
96e14929c32c48d5dd271c99a0206edfa9a6660d,0.08070415,0.0064400663,0.8719541,0.037534676,0.0033670627
96f1f0be06407ecf662270dfa3f793b51ef0db31,0.079829805,0.0002642178,0.9191302,0.0006679232,0.00010785802
96f6511ac646fd5d6cbb923952aa3e7e275b230f,0.8507944,0.022722205,0.021963721,0.090388216,0.014131433
97180137e718b513c96960f856d97ed3b120d0c4,0.009067995,0.9844972,0.000100684265,0.0039960793,0.0023381182
975383d8f1bb6bf4370da455a59e567c5f7e7dbe,0.19921124,0.005257415,0.77852356,0.014166304,0.00284145
978051623d4f7910a4ddd55b99ad5569662e68d5,0.6738335,0.0052704075,0.31307,0.0076763798,0.00014969648
979d205d2bbf709301db8b70852bd10970113df7,0.0078024575,0.99128145,3.178452e-05,0.0006050997,0.00027929022
97b22e9a72b630f6de7d72e14f2f3000df7dad92,0.28449827,0.7147481,0.00021880383,0.00043057327,0.000104302926
97dc0fe026418693904e4868702f331386900eb9,0.0023524936,0.99643683,5.270004e-06,0.00032342822,0.0008819647
9827223b6be2be42cff2387778ed07e4112e9a8a,0.010610636,0.98679334,3.7110665e-05,0.0010911191,0.0014678084
9846d89eeae0d807b02a436e2fcf481b3bd7fb82,0.0037490935,0.992837,1.7631128e-05,0.00048816833,0.0029079935
986bdb07e65310e4ebb424903c153d50422d88b2,0.002553937,0.9973354,5.17992e-06,7.351681e-05,3.201864e-05
9892cbd1d2a4328213ac714dfe24a46da3283dfb,0.1667389,0.064759985,0.010548002,0.52453727,0.2334158
9895f081172c758e065896489e2fd2af8eff7d65,0.0028922195,0.99684757,7.899739e-06,0.00018702052,6.5303066e-05
98a70c388e03db2750c872b65b38f0e7c3b6f6c3,0.0004990626,0.9981596,2.5067388e-06,0.00017343962,0.0011654207
98e92cd1fd1062aeca09bd068ba00e465e9d0cf4,0.0026534097,0.9949713,6.113991e-06,0.00028060397,0.00208849
9928f7fa825aff4637a52d48f5def4866d638c13,0.44952318,0.16995765,0.13397682,0.12620199,0.12034038
998feab6cfae08373049d3083ac990f902b93508,0.40234166,0.46259096,0.023206906,0.065746024,0.046114434
99aa4b7b310ede62a66fc6797801c10fb3f18f52,0.453938,0.028187182,0.5112048,0.0057565486,0.00091350544
99e05a1c511cbf76e64d3fee419ce7f5635deb9c,0.6772865,0.007760823,0.27818623,0.028880585,0.007885763
99f84e3aecfc812d8d28677eb0ea9d0865961a4c,0.7946044,0.068999834,0.06503073,0.04640327,0.024961602
9a3c2f79840227c83eb207ce1b65a9a3eadc47e6,0.8847655,0.009557641,0.07834729,0.019104362,0.008225094
9a87006903e08e379a9496f868ce9634843bea83,0.0025790678,0.99709487,5.779887e-06,0.00021925973,0.00010093505
9aca589737a4007b3036ce3cff316e22c6f47842,0.4891859,0.00047627118,0.50893426,0.0011207579,0.00028275515
9afc1a2b4d9f515bc9c5fa39575d1cfeb5969612,0.019730378,0.9784813,0.00011862136,0.000509415,0.0011603612
9b6a30faa2348dfcec47c8384447f699507e711e,0.85781884,0.028282223,0.1062107,0.0051220013,0.0025662438
9b6ac379b03b908107ae8df566ba259fb4a63d07,0.22264124,0.0032897482,0.7477688,0.020965226,0.005334881
9b7dab4354255fdfda8ce0c7e55237bb35f01b26,0.7116509,0.002413685,0.2777166,0.0068848757,0.0013339123
9b866284715be55e9a191da635240dc1df63bd14,0.01445166,0.0013924658,0.9756351,0.0058255913,0.002695215
9bf745ccb5a22910bb6557d9c5065e4f0b47380f,0.0035509672,0.9873332,6.317883e-05,0.0021980307,0.0068545747
9c16c25eb1f2acb33ab0c5ef85bc7cbf4e9200fc,0.48014516,0.0017097824,0.5066962,0.0067287083,0.0047201472
9c98d322f1e1c03867822cfd101c9c681ad4096b,0.85110825,0.01450348,0.083920114,0.04531108,0.0051570535
9c9b00876222cd20f4ff9ae894ead1fa36526960,0.08784879,0.06248417,0.013421259,0.63476384,0.20148198
9cc0096196b2d9c6174e4e4ab12b6c05c519efc8,0.014644383,0.96617913,5.0439856e-05,0.008129219,0.010996777
9cc09294223581af49a0ef72482f6a4be9469b89,0.8796973,0.068392605,0.046338122,0.004387746,0.0011841437
9cd84cd14eb9cdf596d00a96d0fcf35c891b0419,0.07312364,0.82845956,0.010614375,0.02204036,0.06576209
9d13cf231ebaa17077222150aa737ebedc8c50f7,0.852027,0.031405818,0.11042093,0.0050354996,0.0011107933
9d7bf1ec92ccf34b91c01093b93b09cfaed588c4,0.002958767,0.99683374,6.5515646e-06,0.00012928978,7.169844e-05
9d8f90ae8b33243294ce2c742fa466ed65c8cf3e,0.30896986,0.0061901254,0.6761167,0.0061835255,0.0025397597
9def047c04147ddcac5d32b2b9638aacb09162c3,0.8777753,0.0026164285,0.112794116,0.0053098393,0.0015043977
9e8250f92f72775c8e508808f215cec4ac703f72,0.8806523,0.009265862,0.07715056,0.0304176,0.0025137055
9efa7906b28c4f1278f7b2b0736917a6efdcdfbe,0.9766505,0.009060803,0.009114445,0.004703454,0.00047081278
9f165429099303d27923c2de8bb5e2efa92f0845,0.053384744,0.0010739604,0.92965883,0.010413218,0.0054692593
9f1702b44113e407f4be693ed91b39c61b7a90a6,0.9531073,0.022507215,0.018724976,0.004719859,0.0009406634
9f52d77cdae11505ddf4776ae95ac9c0437dd3ac,0.1217466,0.87575823,0.0019197835,0.0002264877,0.00034889294
9f67c236515506f0e2a80cb122e08a3f2bbac8c9,0.1824406,0.0015224818,0.8060621,0.009604824,0.00037001353
9fff4a006d27b240f15195970433028b7c317d99,0.7694032,0.0039476817,0.19942339,0.02208781,0.005137785
a0285ee2657b30b0646d27a10adc4df925397cce,0.0023228338,0.9972736,5.2643086e-06,0.00029500737,0.00010334836
a07a9fc65276c7b3e66356369647d501687ab04c,0.88960814,0.006529065,0.060881075,0.040266313,0.0027155147
a0c6401fb1c07118f4bb63f7ece49386769e1a1e,0.018447665,0.980907,0.00012629927,0.00019469713,0.00032443067
a11113e50f5711a29925f618136065af9c3c2dfa,0.75539964,0.0023051912,0.2360308,0.0047854907,0.0014788666
a14d8bb64623087cc9764520fae4173e8cf687a2,0.8134611,0.0013853395,0.18041441,0.0043519307,0.00038717338
a19d4b56498ce7889ac847c466c870a987824926,0.71523994,0.036926933,0.16694623,0.07474457,0.006142325
a19dea4e11e86bff4b9a65ace1bb222f83a2398f,0.0029457775,0.99428153,6.186113e-06,0.0016129895,0.0011535224
a1d391ad01aa22d793b176f1fb8e092e243b1ddc,0.9092719,0.0010780701,0.078199096,0.011096722,0.0003541897
a257be61549c231c125c084cc5e8ef087bfc5f52,0.8376658,0.0024371045,0.14478207,0.01457598,0.000538985
a262992f34139d818076c787fc2b683521768242,0.41251314,0.016932862,0.43907717,0.090988524,0.040488284
a2983bc28b9bd42c33903e5a0a80d0c2494fb88d,0.0068638623,0.9924942,1.3524844e-05,0.0004899166,0.00013845172
a2f6d6ff0f62276e425653dc834074230854ae79,0.8999799,0.0054471167,0.092318244,0.0020585079,0.00019624214
a2fecc417616647bc98aad030152301a46a1f21c,0.11447635,0.000626641,0.87792575,0.006478924,0.0004923207
a3400257cc6da250b6e3c02112201f12fe88d01e,0.27872738,0.21908796,0.014440785,0.25938398,0.22835995
a3c8bb81aa30afd27de00f07bc08ff1b9f957470,0.004154535,0.9946439,1.1342425e-05,0.0004640805,0.0007261101
a3d534ba088759cd569f290427199dae40c00ada,0.0320172,0.0005090277,0.96505976,0.0019330087,0.00048109988
a3fb0263888145b3e8a5213946f2f77a964238f5,0.34380475,0.009950625,0.63718593,0.008734452,0.0003242888
a4404b8b4c1efc887286ece86cc72b5259cc8b20,0.024972271,0.00089851156,0.97086143,0.0027037847,0.0005639419
a4ac80773e8734bb7afa1f1e6750d194980b37e4,0.96174884,0.011640735,0.02230827,0.0039671417,0.00033515034
a4b429ed6e571c822ec3c642fedb7b54e37e1b55,0.68734,0.02021009,0.098044455,0.18524107,0.009164323
a51bf1fd150d83b6bab3f088f05ae1ad2ba331a1,0.0019526576,0.9972235,5.2783057e-06,0.0005171606,0.00030145058
a563a750d36fcdd1ebe1b64bc254675d689aa6ee,0.17590395,0.01547925,0.7988121,0.005925145,0.0038795548
a599038bf7022cb0e9d0d9b9b901b3be58c0aca1,0.009783539,0.98904663,7.188848e-05,0.00085839146,0.0002396207
a59a4ee43d81b5eebeceb3b53b8737ecfc87a63d,0.15494204,0.001193213,0.8322546,0.009175576,0.0024345622
a5de11781e5f40cd401f20b475cc0051f06e0e3d,0.429675,0.1089344,0.4332394,0.021012546,0.0071385917
a5f0d36e3a2181a7c9399c83265993b63e4f7868,0.20627631,0.028965414,0.51088905,0.2347307,0.019138517
a60c2d34fa4321a8f1aafc53adcc0bd77e696d91,0.077882156,0.00029270392,0.9214688,0.00023657232,0.00011978146
a61b719feefe1e856ea6db2cefeedeb4eecf7837,0.0033750269,0.99155945,5.575588e-06,0.0011152606,0.0039446177
a6317e7e908c3743410f36809b05c91d0597b32b,0.72013897,0.046583697,0.16457075,0.057487465,0.011219109
a63c46f1c92fb53c522c6f26246a5558e86ba3fd,0.9038991,0.0074740164,0.08306398,0.004703492,0.0008594491
a641973697045ecb002324e5e94e194b5043f695,0.9455523,0.004429035,0.040445425,0.007841475,0.0017316601
a687352ae1f99b7ee12fb52db8d3eff7b5842396,0.7618074,0.14415699,0.05760194,0.019363023,0.017070666
a68e1cd072da13f6815d92b3427e65f18ce0d7a7,0.9414427,0.0049917074,0.046483118,0.0056355405,0.0014468345
a6a82b5f5fd74c15ab95ee41d3b1bdb093dd6d5f,0.04138512,0.0011583498,0.9473242,0.007957707,0.0021745504
a6ab6279c49859a309e7635bf5c9a58cb67cdb1e,0.7494147,0.008003707,0.19111696,0.049190164,0.0022745568
a6f9524e2d54f0bb869afdd4df7a74c6304c4781,0.19590417,0.020277815,0.43332958,0.16719815,0.18329027
a71160643f6e2171f2be2e52c11c8332e16b045f,0.0013498081,0.99854857,2.5529414e-06,6.444912e-05,3.4802564e-05
a73018ec3aacba5c1ca71831f183eda81f1481c4,0.067888804,0.000516407,0.9295797,0.0017515216,0.00026348777
a76cc2dc5b6c59d0ffe466c8dd6f4be22c0dabbe,0.92393446,0.015322833,0.05034913,0.009281815,0.0011118051
a7a36eba4e6f2010f4279e58b313181c630cb8d6,0.8292211,0.047951546,0.022220988,0.035683032,0.06492333
a8abcecf7e3e2922cdc49468b3f369f2ea295377,0.033128466,0.00014061114,0.96581393,0.0006398188,0.00027707114
a921e2c4247025be7247ef32ab7b4bd02d5378fe,0.0031333137,0.9950199,6.0207944e-06,0.0006388482,0.0012018168
a9785f054fc51e55009da4c78d9826333c7baadc,0.7553979,0.0989884,0.082466364,0.037808083,0.025339238
a9a478475998201d18bb95e7baab0b799cea9809,0.10218969,0.00069450884,0.8910233,0.00414211,0.0019505327
a9d176ec1baea859c466ad74a87f3d06fc959e36,0.48494643,0.012735915,0.43033868,0.06826541,0.003713634
a9d9494484aee1a859ffc079838829ab27ede021,0.2825412,0.00056266825,0.7124555,0.0031773644,0.0012632803
a9e3bd5d1285ae5c79e16310c4712dbb0b2d4d0c,0.36213186,0.2571839,0.09865798,0.124447905,0.15757832
aa2e03ee8f11facdfec5c357e0fc987adc1ad8e0,0.7447952,0.11089881,0.13674828,0.0052565355,0.0023012618
aa2e45dc757c7fb476722a6ab0ab02d79d17f5db,0.89975256,0.02275433,0.05100275,0.016220052,0.0102704065
aa3d7d93c5d08b69eb8f0be7f58dd3bad595a323,0.15292707,0.66210246,0.0059762686,0.12594669,0.05304745
aa3f6951c32fe66db3ddcb4ac081606fb3ce5ff0,0.84912384,0.0107345395,0.124573104,0.014468677,0.0010999177
aa4fb0146659d0713351e5ac23315f549bca5389,0.16450046,0.00970242,0.5989571,0.0656298,0.16121016
aaaa3de32e2bb82d4f724acec8cb146d3425f771,0.0021947734,0.9771798,6.540038e-06,0.0037325881,0.01688636
aad3c9fa7e5abd75cd4fc4e76c44608a827cda5e,0.1615261,0.0031685203,0.8103575,0.018291779,0.0066560362
ab0573c5fad77973d8032da5583ff200d6ded9a8,0.5604688,0.2427646,0.16720942,0.02481062,0.0047465153
ab78de95ce2bccf7828f06f62280318fbeef83e7,0.81319743,0.112651505,0.022575136,0.04126676,0.010309171
ac2d59b08a60925d90bc6b874f55eb637cb91cce,0.48217356,0.0682947,0.2104697,0.23009329,0.008968763
ac37b67d868c42fe1f1bb8787f759efc13dc1f22,0.07080502,0.92794144,0.00018740016,0.00063372107,0.000432394
ac3bb264d91b914866cce86bf407c2c014a44181,0.0053467867,0.99286807,3.6195663e-05,0.0012012385,0.000547785
ac4fe2820b4ce072f7a20c5858f93a06497624fd,0.13194728,0.0020887102,0.8654934,0.0001257785,0.00034483284
ac575d1705d8bdededf8b0937317c85d518b8587,0.4483537,0.014496423,0.3773568,0.11399621,0.045796804
aca61929158a49a75faf74697df765aab9ee3ac1,0.017708573,0.96958756,0.00018791802,0.0061514345,0.006364343
acc1819eff732bb96d4ea17d2f12cc882e42535a,0.085205615,0.0065292893,0.9003106,0.0053485995,0.0026059945
acf29144dcee2f39efefc957007b08ce509481b4,0.0017915961,0.9950052,2.1707613e-06,0.0015109146,0.0016902926
ad1390e694ce72d24c9244cb97d3bfde4e5b807e,0.013663848,0.98596823,3.8672682e-05,0.00023839288,9.08922e-05
ad5cadab36e5f9bf048ed5ac77460c75a81fa6d7,0.09534089,0.00096619193,0.89955735,0.0038260708,0.00030948495
ad8ea9231afb45add85e8d5f1ab90767090ceed4,0.82614684,0.017889338,0.11479506,0.03642302,0.0047457567
adc859e0aced36905e67fe3747492b90dcb04649,0.9328545,0.01983719,0.037071448,0.0076501463,0.0025867536
ae3baa6c34aa523fd2aa4de3c89448efff922311,0.6800374,0.004552515,0.30240035,0.010393706,0.0026160143
ae53cdc13a51df53d1bfb022ab8cfaff9d86ed75,0.04355405,0.001268278,0.9533337,0.001622723,0.00022131493
ae5922ef2aafcfc09e714f439e0abc8910acca06,0.0064589446,0.99339855,7.4495647e-06,5.0630904e-05,8.4371524e-05
ae8f2bf59b806326cbf5e9216764fc7c720aa0fa,0.06475034,7.0400245e-05,0.93459105,0.0004963107,9.176609e-05
aeeb2f9f6202c23e51da33c3bb17aa94773b479f,0.0099758655,0.98948014,8.769993e-05,0.00034188046,0.000114392
aef83dc3b29a3f0b134e8d5e9caba49fe411b6f8,0.3271335,0.00069871265,0.6641731,0.007544053,0.00045056362
af0c363f7207e4199d3b5cea6cd5ca977ce58756,0.8304884,0.03431441,0.049055997,0.02028307,0.065858185
af7fc5af7f0d17eb6053fae764c19eecb98bb0b2,0.6975217,0.0054141143,0.25814962,0.036855828,0.0020587076
af9e220f6610cfa4ca22b2ec62261f7ee9e3148e,0.49936274,0.010016456,0.41441423,0.055242557,0.020964073
affcfab8fa5467f555ab9a19fa296ac7456bf9cc,0.72924924,0.014976278,0.07735045,0.16498631,0.013437745
affd5449f7828ac42b1e735cdfa59ba404017f71,0.95865804,0.008115117,0.017895918,0.013344091,0.0019868042
b04dad4f1870c0532575b7649af87b09e7a6f36d,0.73692536,0.048699975,0.16476618,0.036436263,0.013172266
b0a5b13388bc58286ae6e8dd9469a0d2c8f63d42,0.07077183,0.006014983,0.903652,0.015528771,0.0040324726
b0f3bc798d6c3c45dc72a428d2cd9314697bb844,0.0068756165,0.98173255,3.9479033e-05,0.006484364,0.0048679947
b1807b0293714fd077c5a446e20d392e0c4263ae,0.96502477,0.005265026,0.017230993,0.011609688,0.00086942216
b18229823538b034fbd2739a975e9649098aefe8,0.4288109,0.18791676,0.018553378,0.32911485,0.03560412
b1e4fe5a56790c796878c91570eb55dff230bb4d,0.38499463,0.0065075057,0.56283784,0.043512154,0.0021478292
b1f0d046dc7745107c56d319dda1efa405694316,0.5311358,0.0030511802,0.4512075,0.010355486,0.004250067
b20e138790e88df3b650c1ba95121414e3150d39,0.87294066,0.014473567,0.07483886,0.030424276,0.007322703
b210cb5997bb7165f8f299435daa3a42f0947500,0.19161452,0.6723511,0.025341397,0.028040664,0.08265234
b2370dccda5fdf4c1454aa048c6a4d295a1609b6,0.009712848,0.98916644,0.00019277474,0.00041949158,0.00050848693
b25eb0a5efe9cc31463e649667dd705b8303b1b0,0.04765411,0.16026296,0.002383022,0.4017651,0.3879348
b29ab6ea95cca4231743f9a06772d8a81b63722c,0.014590508,0.9852225,3.6234556e-05,0.00010987471,4.0739378e-05
b2b02b5b8950666ca731e46ec0b4c1fe39652046,0.42561513,0.004201045,0.5633227,0.0052185305,0.0016424765
b3302479a4931ff9233a4505882ca08f82504338,0.17713578,0.08721966,0.67288554,0.038604252,0.024154736
b3b7a564d7321ff2407d5ac41b1e6753f93fd66b,0.006899157,0.9906565,3.6525144e-05,0.00092699367,0.0014807469
b47afab20f73e2fe129051737f4618558ca1fd4d,0.8827091,0.010428073,0.040103074,0.057832524,0.008927178
b4e7fb790004249f73da1aee9bc92a1691c8420c,0.8359831,0.011287498,0.13671519,0.013075216,0.0029390296
b4e8cb26e7ddc0899002aa6f037dee20f7f205df,0.9495119,0.015592001,0.027365088,0.0054732,0.002057838
b4f615c200810e27c2cbdfa6e03f50fb48b6629a,0.4373843,0.0039640716,0.5559502,0.0020317396,0.000669706
b5414650126c64991b9441abd834fc4510a279db,0.1550201,0.0037282153,0.7789849,0.050551232,0.011715536
b5b953503542609bed3cc9a21010b122b498c5d1,0.38891116,0.002800527,0.6055673,0.0022009485,0.0005200487
b5c79072d139d556a90f8f71f80fc88522219d28,0.00027972864,0.99928856,3.7141115e-07,0.00011634355,0.00031492877
b5e06fb3570dfc4d48411bcfa9ae2e1e1a2e6632,0.0012936386,0.99786395,2.1756182e-06,0.0002904056,0.0005499453
b5ee075917911a030fd7b05063111f171087ddf8,0.0065955585,0.9924269,1.447631e-05,0.0004924382,0.0004707176
b5fae332f02bf756db6817cb67ff8e41dbcd1046,0.36410597,0.017482297,0.6149235,0.002939455,0.0005488211
b607fb7459e29da0846b2fd549f08763599a5860,0.0041092434,0.9946173,9.460038e-06,0.0006598181,0.0006042547
b6382f05521a36b6f8f2c35cbe25bd2ae9e03cbb,0.9753479,0.009893501,0.009892864,0.0040459963,0.00081978785
b6ea03548c371a68e97e45a854873446c339091a,0.35151523,0.002619278,0.64210606,0.003564474,0.00019484997
b741cfbb458532cd74f866755e1cc5f9eceea4be,0.7076526,0.08048991,0.17843123,0.023465745,0.009960486
b7522ce8a3de8e4a5acc15c9dc8170c70d0f94f0,0.06059059,0.93878245,0.00013668598,0.00032099418,0.00016928451
b75e1b6f971f0b6c238855dcf6fdc970ef114153,0.0021021706,0.99753845,3.7982625e-06,0.00027624727,7.9321166e-05
b780884b569ad649ffc2fbe3ffdcb83796ab77e8,0.012550478,0.98339856,0.00014908938,0.0022705528,0.0016314122
b7d51ebc10df58e9ff0d81c7bad4f5ceeaed8d9a,0.93418443,0.020123215,0.025440987,0.01815067,0.0021006656
b7e0f66356a10621a0df84622ee58ef7317a8031,0.46095863,0.011117535,0.38738266,0.11973558,0.02080559
b7f794d81866ce8cbdd35c58563e5d21ba9f3850,0.0066387313,0.9688658,2.756631e-05,0.010980849,0.013487015
b82a1963807ffd59c94e442c9a77b39427c6b67e,0.09058154,0.005139515,0.9000109,0.0031255414,0.0011425691
b8d80e386622a5bfaf8fd9158c77fd90aae21d1a,0.03457089,0.08542014,0.0007691318,0.59876007,0.28047973
b8e676365b693078c0084b5e9387a3842d688499,0.91281915,0.0033402476,0.06983534,0.011606205,0.0023991163
b91cf5580ab8fc273c333eb48d3afca51aed4e32,0.003097507,0.9862844,3.82394e-06,0.0034159953,0.0071982797
b939657b3a7e388455f3a13cb84e0fcf5e745c45,0.73784727,0.043251302,0.10247056,0.104364954,0.012065956
b943eb89823af783fbb796d245ec33dc463bc322,0.0045015635,0.99533725,8.328096e-06,5.725506e-05,9.547466e-05
b982ea8f3c0ee1209e2fc014f66a5f465c8e1d20,0.00088300445,0.99864954,1.2715177e-06,0.00025422414,0.00021206471
ba296ac966f96f1aa18952ccad689ab34c68a926,0.79874253,0.056228735,0.11768446,0.024431009,0.0029132883
ba397f5338dccee6292878cc1506924bd3bde22f,0.0016407958,0.99826247,3.0848712e-06,2.7469838e-05,6.612914e-05
ba3ee9b441039aace1175fd4a4e6f2e68c76d75d,0.015189957,1.7766224e-05,0.9847238,4.1538457e-05,2.6922542e-05
ba6b33d571605f4ebfc22aa1de38eb440fd43cbe,0.27666798,0.00084278686,0.7204924,0.0016504658,0.00034638259
badbe559bce1dc2504aed06e7cf35f63c701e620,0.0018059972,0.99792683,7.1589916e-06,0.00013524837,0.00012474382
bb2035965d75b96a01eb4ade932e13dd12643669,0.8078811,0.042821787,0.12472594,0.018149635,0.006421467
bb56e256de6bb3e5a7d4566a6006a87a1e6495a0,0.29542184,0.0009912914,0.6966819,0.004727376,0.0021776273
bb67f1ff3ad9a0ba9e732ad8a0daa8adab7e32e8,0.48987222,0.008674936,0.46770796,0.032052435,0.0016924187
bb97ed6bfda31c2f3eca438dc751091299bdbe7c,0.0036191572,0.99601895,1.0637349e-05,0.00025039626,0.00010085767
bb9de2e1581f1f5b53149e79675bf150a689fc17,0.78039354,0.08076037,0.11085781,0.023707615,0.0042806165
bba94934f7cfa11228693491fb4f1dcc9ec60f1b,0.7793986,0.00097273727,0.21776608,0.0013594896,0.00050309394
bbc26ef790f4a1a18993c52a2eb8c165c50691d9,0.31806594,0.006301903,0.66685265,0.0076310458,0.0011484721
bbf28e2db4d0d47a1d4694f14846594ae33244a9,0.037345067,0.00055686914,0.9615136,0.0005139222,7.048349e-05
bc017e6bd7d83c8b6e0c74d446cd7ab529a9a280,0.001577131,0.9963722,2.0619218e-06,0.0005262282,0.0015224523
bc04d5218726ad73f6e9612e384f282ebf405913,0.003022746,0.98918635,4.1889075e-06,0.004402956,0.0033837105
bc2a6e6bb9a879525018c3c43c4adcbc8aa3cf92,0.23242654,0.002695379,0.7615533,0.0029044945,0.00042030483
bc2a9e9ee0b1745d4406c09077da5ac273991672,0.048585463,0.00035274797,0.9496284,0.0011711799,0.0002621468
bc3f7e48c85170f013d828c3050717a5a494686f,0.19358675,0.00045288826,0.8027266,0.0031413736,9.2324204e-05
bc435aa30b1af7355e1ff47fd9433062d832a3f0,0.43781015,0.49870914,0.036688678,0.013518293,0.013273721
bc59fbf035e5ac3069ee3a877e2c7d536ad397e2,0.05722877,0.0002884867,0.9402557,0.0016310562,0.000595967
bca97783b475ffff043436fd01607984eb389ede,0.0063142427,0.98981035,3.7084483e-05,0.00094107946,0.0028971892
bd3ae5f62cc76de4546975f8b59f74d8b8e78913,0.54172635,0.0054360884,0.3592974,0.07083121,0.022708952
bd65a7355c4891580917237c1883a7ec0447c63e,0.95499647,0.017057145,0.0119131515,0.01443065,0.001602522
bd8706678fb86ea594ff6589406a400147bf958f,0.60323465,0.12558126,0.22257185,0.03375159,0.014860631
bdd900d7cdbbbc83616162e21fcb5770d338782b,0.463646,0.037784502,0.19016223,0.14432591,0.16408126
bdf43ae46589b7b5cfbd0ef5832c0c03f8b9f6b4,0.95800304,0.002358144,0.035281554,0.0035536839,0.00080356246
be566a7ad37160a761be7e73d469acbe9b775367,0.28333548,0.06206981,0.57429945,0.06852095,0.011774304
be7413153d0f555f0616d4606917167f2c8ee2ca,0.019442143,0.0006140487,0.9755334,0.003348679,0.0010617375
bea74a5ec769faf97fab64087a4b5289a5d15041,0.0071954504,0.987899,0.00023251752,0.00082655443,0.0038464786
bed4cf019dbc672c9bc022f835928fc09d051523,0.014294833,0.9821117,3.96812e-05,0.0019918587,0.0015619084
bee828e72df09d02d66c07c1d9f459534f35232b,0.0016199304,0.99795747,1.2632771e-06,0.00015126861,0.00026989522
bf35626b5186ba5c90d24bc102099569e99f2c05,0.8638551,0.0019840738,0.12945883,0.0042327023,0.00046930474
bf89671f753e19f5467f79fb9ab2bb9e40ad0665,0.07320885,0.00062967057,0.92387414,0.001984319,0.00030313845
bfa451a648def2c224fc61df21474efaef897a31,0.43467087,0.0965912,0.36925787,0.053206805,0.04627322
bfcada19f8807fbee284f3b4a72397bc226f10b3,0.013470062,0.98393804,0.00012492646,0.0016671896,0.00079971115
bfd4b483a02b1d0b52e26f3b5497bd4f242513ad,0.5165648,0.38434428,0.05197067,0.02482723,0.02229303
c0120e482e4c0f6c32d8105ce88c91324380bc01,0.02086072,5.9611237e-05,0.9788199,0.00017731288,8.2401006e-05
c021db26b2e37b3f2a09404dd7a977ed10f9e0d5,0.0008352062,0.9981407,9.1456354e-07,0.0002762417,0.00074684096
c03cf0c5372f5da45dbbd8e266aeee554f847deb,0.00034692904,0.99850047,2.3536509e-06,0.00014779383,0.0010023018
c05c34f3fda6ea06133fb099c75f6de4f25dba0f,0.92422736,0.042265106,0.010631989,0.019799162,0.003076333
c084633acbddaa388df517640ec629295f8876a3,0.004164814,0.9953694,1.5401347e-05,0.0003813519,6.891159e-05
c08ebda618fa715ddd15013c479b562f9c144cbd,0.06424033,0.00032272816,0.93436825,0.0008937959,0.00017483617
c0d6f9e76d5d1d7bb71be0fad0c707b2ee7b72d4,0.59143865,0.010743174,0.38327998,0.011183421,0.0033547836
c0d839e08d58f05623136df040c86a952094ae6a,0.24916187,0.026076524,0.7196059,0.004566048,0.0005896796
c13fcf9178304e135f3e669820bba80bffafef88,0.7035858,0.0072461967,0.28539398,0.0024701976,0.0013038471
c1e54fa1948147cda67b7c5942eed3adb342d163,0.27012333,0.0001910631,0.728253,0.001159997,0.00027256523
c1eaa52ab811b58d7c793bcb8ee23627f62f236d,0.86267275,0.0012515303,0.13219784,0.0031765115,0.0007014452
c250188cc8c62897d66a75f9cf6aafb4511d93ac,0.0013504134,0.99671966,1.5995133e-06,0.001114019,0.00081443926
c2dd1cb278640f47912c39b1f44ba384af0f10ec,0.8110379,0.008768674,0.17614026,0.0035824412,0.00047078583
c30e757b47e395f6c3082add4c0d36d5aa90d38d,0.07736439,0.0015786706,0.91278666,0.0045871683,0.0036831002
c32f70cc6884db6746e94f34ea7616a142bef90d,0.0067393114,0.99291164,3.5581597e-05,0.00024990423,6.359532e-05
c3a8394f51b0b80d29717771dfa1a40d9925c68c,0.2322754,0.39992845,0.011246623,0.2681644,0.08838512
c4415f7635fb0dc156e29649fbe17ba7e5682939,0.0017562733,0.9953412,1.8181943e-05,0.0010168419,0.0018674867
c45c169cb961154f721a52902b8a8d16b11b7459,0.12014591,0.00045148598,0.87809616,0.0010804151,0.00022611122
c48d70d817412e621643e01c8ddaac811b72a15d,0.0039591235,0.99389416,1.8423278e-05,0.0012650246,0.00086323725
c4992b42a931a21500dac80c7e3c1b4521e5b2a8,0.43066236,0.13503347,0.40972638,0.020148572,0.004429238
c4ee26a3ade8064a2ec494996e836900fd32dd8e,0.96127814,0.0048460304,0.01768884,0.014566827,0.0016201361
c5433fc034f8a897f01886f4da50af0343f17c59,0.0025458685,0.99725765,8.995214e-06,0.00014785334,3.9615803e-05
c56b184a370262e2949e4394316b0eba85d24e9d,0.013771928,0.9851275,6.824455e-05,0.0007543188,0.0002780409
c574e96247af7a6f91a52a8928319771b9c028f1,0.23115747,0.0049222247,0.7542242,0.004131822,0.005564324
c5b111fe50620ad97e28270b2899f7a2baa7155d,0.0012724294,0.9976139,1.3219296e-06,0.0003943288,0.0007180333
c5f2231a19f4fc07bd3e00e76fd4f05da54a27a6,0.4474727,0.018778658,0.5118813,0.014297051,0.0075702826
c66c79a9e65198f5eebb4990cf76972f6bd6ace8,0.0023399044,0.997526,8.70467e-06,7.6198514e-05,4.926742e-05
c68c9d891fd782447aa4a031fd3179a4117823d3,0.25973174,0.031471293,0.61528426,0.08323051,0.010282163
c6c76cebf43bcdf6d7a0354fca7a517a33137b33,0.4069595,0.01360093,0.55444735,0.021876555,0.0031156878
c6da0c74dd1d4f5bdec3e41d22dfa5a0ed9c055c,0.0063835112,0.9897934,3.60609e-05,0.002536344,0.0012505586
c6f39cf418b301b3af64c02f844da9241d6a69b0,0.54400843,0.008316809,0.10158562,0.108053036,0.23803617
c7895f6cb2b5db18f44b5b9120b3b5891765775c,0.0932542,0.0023697931,0.8996377,0.004238724,0.00049954775
c7a9cfd06b583a9c4c52eeca895c66bf4902c751,0.0018081769,0.99506664,7.374069e-06,0.0010632998,0.0020544704
c806d79743c36959592a8d57788fadab3f37ec81,0.6681455,0.0036761882,0.31714517,0.009782888,0.0012502286
c83e9738ae5d1790ee85b99863deb734e7614c52,0.7912804,0.0017450154,0.19559884,0.010970764,0.0004050414
c849c5dfc1bcb2d2525595c792e5e12ec24288ae,0.0045850696,0.9952218,3.143273e-05,8.12315e-05,8.040773e-05
c84bd2536a962f3330898cb4f19107ec0b580c7f,0.651266,0.007119349,0.32407656,0.007852186,0.009685828
c8957a66453d3bf8c5d9a8dab3d7db47de8712b4,0.92380583,0.019416068,0.043958068,0.011961505,0.0008585876
c8e49a700f1d664be60760fa1588c40694ca9e8d,0.80607176,0.09882856,0.034558192,0.038788285,0.021753259
c8e892c58980372ff7d5d4253f1ffae2318e9660,0.39276364,0.006049319,0.5883288,0.009365331,0.0034929551
c8ead25b9e3c3f05fce76e1f1d102964c5e038ce,0.6971004,0.011386244,0.14919871,0.07488662,0.067428
c920cdde9b65a124de592bf659ff27baef9da5ab,0.12046323,0.003148569,0.86290175,0.009089944,0.0043964777
c92bba121202830c4f14119dfdcba813f390f271,0.781954,0.00048273316,0.21242563,0.0037330901,0.0014045262
c96036221d1bd893a7e51932123e8b03acba5757,0.49022526,0.001884987,0.50166714,0.005752972,0.00046972258
c9848c9c75b92481a9afdf7fea3578176468e817,0.67434174,0.0749409,0.22477277,0.0114407735,0.014503776
c9e22427f4c7aa646ccfffac8f18cf52d73e446f,0.6969867,0.20048447,0.009473352,0.061948087,0.0311075
c9f91af501aec7b0bb4779d58f74c551697bdf1a,0.27058688,0.62614405,0.07444402,0.009184488,0.019640505
c9fde22724acdcb871ee1090ed615496ba205e87,0.78913456,0.027223552,0.16848265,0.0088441465,0.0063152052
ca02cd38409dd53ab400043d6f2cf12c9f0865c8,0.0019398114,0.99725795,2.356073e-06,0.0003286358,0.00047121436
ca18d2404b1358d24da0aeb79cea4ebc842ea694,0.7474688,0.032709364,0.19655985,0.011362807,0.011899221
ca2532ca69d48b19310c8f7e3ef90e2fa198cd80,0.7842484,0.029395048,0.062308755,0.08084994,0.04319788
ca6f551f8ba46016386c7f4a13b7aa5d4821b3c7,0.0015540594,0.99282396,3.2450343e-06,0.00032267286,0.0052961386
ca8150df84803ae2614d5212c9955a5a994b4d21,0.9542237,0.0035274709,0.038849436,0.002552466,0.0008470476
ca967afa4e839aee8db005d7f1a4245103e3fbf9,0.52495307,0.002331133,0.41739208,0.04351567,0.01180803
cabf893c95f15a2f07d9f520d21b10f056b43dbb,0.0018165656,0.99689984,3.670673e-06,0.0008396479,0.00044025798
cad9dbc323820473785d6629d41d64c86f9a2ea0,0.0045125256,0.99539596,8.376991e-07,4.8087397e-05,4.2592266e-05
caefdd4de6156e38ca33fcf4d4a5ce3dbd665d2b,0.17117468,0.0026493925,0.7980877,0.019752067,0.008336151
cb1208f8dbacecea218e0cec2d76fa1b4ac4d0a5,0.4244169,0.0075707817,0.55067194,0.014048442,0.0032919052
cb21ab88bb966afd1a426ddaad8a8e0cba32387a,0.4311908,0.0014163583,0.5527574,0.0141763585,0.00045914392
cb8998305b3b5c68ef7cae28ba51fc04cd86397d,0.9327519,0.0073738066,0.033319205,0.023233213,0.003321922
cbc4b663926fd8a24a60085869830b17103347ea,0.00059586973,0.9988086,3.799312e-07,0.0001567621,0.00043841102
cbc6e968d7f5931833b773f3e3c04de513b9e96d,0.24570233,0.001828398,0.7449303,0.0050981217,0.0024408046
cbfacd101b49a5684864f5c4f2634f4fa4b8edff,0.013932147,0.95445144,3.3504683e-05,0.015811676,0.015771234
cc0be3b0ddc900c3ef969bc8305f851a44de9ad8,0.060630865,0.006533339,0.9304056,0.0017653697,0.0006646927
cc177c2cd2b1d4af25745d9084dc24e7008d7210,0.6440501,0.001705406,0.34321085,0.0077497945,0.003283822
cc1ec6952a5227b4dc799f42536bcc4ec534fbc4,0.61970794,0.0027081242,0.3759042,0.0014784462,0.00020127922
cc3864d11bd5e88a6d463d48ba99c2a437dd4880,0.0013226301,0.9979006,1.9928415e-05,0.0001465032,0.00061026565
cc41b5ea1ad863f38e63cb94460ebffb9ffd9340,0.0012873542,0.9984529,3.928984e-06,0.0001358739,0.00011991173
cc62e7b9e1a98777caa8883a4cc603e5104f2d99,0.077339165,0.0043893233,0.86371464,0.05222663,0.0023302028
cd548c8c2d5b494e374b79688dbe2ceca2702b53,0.39435294,0.0033235466,0.5887418,0.011454416,0.002127234
cd667821afeb639c9365139b43854a9005098104,0.00219013,0.99636567,8.0753225e-06,0.00075766543,0.0006784102
cdcf6391e0c55304d97baadc9273c372a85cd0c6,0.8169733,0.005691447,0.10179811,0.07124466,0.004292405
ce2de362a163389d83e83844a32d5cdf6363e39b,0.025447095,0.9739715,2.4968418e-05,0.0003852205,0.0001713146
ce8a1578c0eb95557e98c1a651c5c054cd7c2765,0.0016439742,0.99770063,2.069599e-06,0.00038901533,0.00026435134
cf15d4184bc43b05e11237cd90503368e41819c7,0.0012721542,0.9985207,1.478824e-06,0.00010638546,9.9403114e-05
cf259ec891e9093c9c66a8c25a6eb2e1d607a9b3,0.004013659,0.9957449,1.3217862e-05,0.00016055057,6.771635e-05
cfb169d1dab1642fde37e4151880d6d9b606f313,0.9356967,0.040393345,0.0094278995,0.013285132,0.001197018
cfb84f64cb1fe2940b24dcf30a77897721483b16,0.0135328565,0.6417066,0.00043206086,0.017449066,0.3268794
cfe2db107b6edc3ceab4c5c08fd38a1069b98730,0.76861316,0.027183516,0.11668558,0.07850592,0.009011787
cfeb39e1ea90be9bacb1e6e739c1a90c2137255b,0.00404346,0.99489516,1.5716267e-05,0.0002425633,0.0008029932
d005feb68474379f5904014bd2b0720518f05e1f,0.052119296,0.00036608553,0.946399,0.000875238,0.00024041535
d00f43ec6efe6e239fba779b331b4e0856bc93d3,0.7657546,0.15014018,0.028359259,0.047439553,0.00830643
d013a5976e3a95c6d82cf4dd528bacd57cbcd56e,0.77865076,0.008675369,0.15924445,0.05016101,0.0032683867
d0433b4a961d0b447b8adc7a01064ffb00890e07,0.3744192,0.00060355203,0.6234968,0.0013912929,8.915188e-05
d05787a28af810bd7d7c20856fea4fef17b8f0bd,0.6297967,0.27447313,0.06469137,0.015224711,0.015814127
d05e335c896be1d68c0bd54cc29a25c079cec9f1,0.018038226,0.00017916759,0.9809732,0.00069620635,0.00011319891
d06dc92d4151980ea5fc69c70d753ea20c069b06,0.8400369,0.00019809637,0.15921113,0.00047121325,8.262533e-05
d09fdb4125b7dcee205889074ebe3992797da98b,0.22615774,0.004578101,0.76359963,0.0052625453,0.000401949
d0a4732b7965d6da4efd4e12808c3ee5773ff34c,0.3234691,0.006950794,0.6368658,0.028033055,0.0046812473
d0f6014f7cefd377168147483e5a9b89e375b468,0.05092755,0.9421824,0.0011397423,0.002098189,0.0036520828
d112ebf682f1338aa5a84b25a9158ff3f318f47a,0.10505138,0.00085174374,0.8940354,3.1954085e-05,2.9486262e-05
d11cb8cc53d729efc6236f7a97aba5d8504c6077,0.0410252,0.90826803,0.00065927487,0.020983092,0.029064378
d16693fe7d8fa0fb9400a9550bd4a26fe3b2fa9e,0.030961325,0.0008226625,0.9635982,0.0035644937,0.001053249
d1857540dbe5bcd867fe8fe5bd9e488f22c8a075,0.008360151,0.9867736,8.4263665e-05,0.0015967996,0.003185227
d18d4f31f5e03258882bb8a77bbc214763c6b73d,0.060319465,0.0009049608,0.9340605,0.0028809733,0.0018341681
d1a8295550eaaf3375cb2db5f38fd59b38d26fb2,0.032878447,0.9649596,0.0003034222,0.0011022227,0.0007562091
d1d0d8eb9e9b1dc3d0ba7ed86618268f64b57427,0.19140725,0.050742276,0.7512724,0.0025789228,0.0039991657
d2088a09d9e2c875e2978a9f84bea689f4c028cd,0.09291592,0.00047922687,0.90539885,0.0010260232,0.00018007994
d211fc0940d5da1622d7745cb14bc6ccd913bfa5,0.9529958,0.0045476374,0.039930947,0.0020235665,0.0005021644
d214443fbc8db6edf587ca299d2efe6714a57e4a,0.87676704,0.0034659104,0.10613067,0.012940623,0.0006957879
d23e4d425a8e18d559443275b441f7f74f6e6c2e,0.37497076,0.028190529,0.16644396,0.36790502,0.062489662
d25c69f99c4b844ffab77f632920e3fa9032be92,0.006712043,0.99144894,6.498299e-05,0.0011160737,0.0006579813
d26afbd138ff96d9466388b195f7e183c0bff3d5,0.93830144,0.011947431,0.045769647,0.0030959898,0.00088557194
d2d8b08112beff69fb1336e2bb7d569bee31ed24,0.003107934,0.99530315,1.7096034e-05,0.00032631305,0.0012455767
d32197f3db6bfa837d5d87797306a762a3d66d4a,0.0038081973,0.9959364,1.563294e-05,0.0001627777,7.692066e-05
d378367989d05bc8a20d1b5e1a86077a8ad768af,0.008252729,0.99123365,1.1882891e-05,0.00034361484,0.0001581392
d39ef556f489720d0b268f94aced549e0d89dc14,0.0047993627,0.99354255,1.9135794e-05,0.0013960996,0.00024278025
d3dd1bc9e20cb888169900832b4c67546c6a0a4b,0.5908441,0.026241103,0.34669453,0.009778297,0.026441917
d3dd7b26dcdd412dbcb68496e4ce7b19aab014de,0.91417414,0.016734999,0.06308532,0.004903244,0.0011022844
d4077d83a5359394178167ee288176a6fc960751,0.7598926,0.032069486,0.09144272,0.030189628,0.08640551
d40b1b5d1d86c0923195cefdac86c4151418674d,0.5715974,0.09651543,0.20773052,0.04684531,0.07731137
d420024c918fe5694623a001408600a6da4c5b2a,0.5213525,0.013681905,0.35067725,0.09861419,0.015674105
d42df34f8d3f5c2a1327418a884c4abe2bfb84ef,0.017004082,0.9075727,0.00012538627,0.03208276,0.043215074
d456ba6139f1e5678a8ab460d827af937d89f412,0.0059615583,0.9939328,1.8862416e-05,5.048369e-05,3.639351e-05
d45e1d8ae9cc6007a0f77a7da0120c5d8a4f69a9,0.9772275,0.006121401,0.010812378,0.005292213,0.00054645113
d4869bffbe66a36d9ff5e4e32e2f8b36d8f399e6,0.0025227894,0.9952538,5.075423e-06,0.0010134553,0.001204801
d4af711bc55f07896229d6026413f2460f1b7562,0.76601166,0.076136,0.057975285,0.084169716,0.015707431
d4cbada67a83b397ebaf0740f48d1c041e4148d5,0.5281575,0.053554084,0.11840931,0.26005477,0.039824307
d4d02e73da889db1f4fbd9157ba8122d6b1d9ce7,0.5758678,0.00859113,0.23326358,0.17465414,0.0076234294
d598392e86af429cedd649dd7ef994031e6e58d7,0.28325644,0.0026894647,0.70219636,0.011233952,0.0006237603
d5b4e18816472105d9a8d077a03032d35fe63ae7,0.06866819,0.0047713635,0.9184261,0.0060823797,0.002051986
d62b245703125f2e5bf0708694cc53d7f2b0dbf3,0.0016904137,0.9928691,6.4103915e-06,0.0019410857,0.0034930094
d64370a40c913742fa0e76134caee5aa99fe2fd5,0.62525785,0.01887989,0.21664594,0.07712485,0.062091555
d682cf768640d3e80131ca8230dd5bdcb76a0191,0.004674348,0.9924573,4.3982895e-05,0.0009471876,0.001877273
d7e3f6424ffae44050202d881c995e7ad3ca0e81,0.7753561,0.012498559,0.080232136,0.12130011,0.010613053
d85fcaf4a3eec9b797c49c034145a877103cf5ec,0.014358263,0.98346657,0.000119666794,0.0018264949,0.00022893031
d862361974270e180941553285c430746e607449,0.97264785,0.0012803894,0.02488882,0.0010393417,0.00014354607
d878e173af778553972679125cbecc579fa8c63f,0.16086271,0.005772087,0.83118606,0.0013271266,0.00085207814
d897658c3347a799c08c8a175499e041b13d270e,0.6412809,0.0032224967,0.34722534,0.007792458,0.00047879387
d899d9750e073d928bee63a8b98bcacc71c19da5,0.5188844,0.0009526926,0.47645682,0.003337729,0.00036827428
d8a53489430e4a34f8de93aa599d5e4dd954b414,0.6053028,0.0056297714,0.38424975,0.004003051,0.0008146656
d92fcd0792f47772fdfc7b553b26382218e5f2d4,0.16675977,0.0038006383,0.80898696,0.01771125,0.0027413766
d93722c9c7b1c70aadc0ad14da0c332eee58a4a0,0.0040914165,0.9956779,9.322015e-06,0.00013280066,8.859846e-05
d95158fa1adbd3f9b284dda815ec2776c53f1613,0.60832584,0.001658708,0.38579634,0.0040683444,0.00015081112
d9a08adc801c17e65c72f9158f118c1fd51424cf,0.23004407,0.16358696,0.0050072577,0.38447618,0.21688557
d9adfbd38a7b1e1906801044e968e63f7d6e7ca3,0.9377195,0.050200753,0.009764307,0.001833361,0.0004820588
d9c9feada8b7a022f06510a07a6139875a0dfc0e,0.5616213,0.37945515,0.019483665,0.014676056,0.024763864
d9e12fec63d883964d1822d69200472877cff3e2,0.7458105,0.20650412,0.011908747,0.026538773,0.009237836
d9fdf4c7b9b51b1b538a558379cb7656240dc869,0.19335967,0.0024313256,0.7909896,0.011138263,0.0020811881
da058bfb9d85e11d0d012e56ebf0b1c0b09b418f,0.006086632,0.99338806,4.87665e-05,0.000109876884,0.00036668841
da5e2fc2250ded2e30b7f4d7cb4602575cfd60b8,0.58785456,0.02244762,0.109109715,0.17296842,0.107619636
da69c1c34a12c895a3d0a52c57daca9fc3bbf82f,0.0057984395,0.9938905,1.5469044e-05,0.0002208003,7.464027e-05
db4d1667675c0233d90ce7f0a3775f900006243e,0.7529469,0.0061688875,0.22385886,0.015033321,0.00199193
db4d6126261d321e9aaa909a84c72fc968be8d2a,0.012552678,0.97146636,5.0844013e-05,0.0061438303,0.009786333
db59ee6c47c0c7a46e5ab2b291c6cd47b98be4fd,0.7979328,0.18007945,0.01485663,0.005350312,0.00178078
db842eeeb2c95a8c129df97b9e9904dee2eaa21c,0.055978253,0.00066954806,0.93872166,0.004492425,0.00013817684
db8e26fcbdb5a17085dea03bc2491f481ad9a323,0.08415022,0.0063834484,0.90068376,0.0066430937,0.002139598
dbdabbad2e58692b8debea8756429438879927f6,0.46739906,0.073764086,0.21011412,0.23300715,0.015715608
dc01fbf43d09af1ba655d5f30684a0735dc34f2a,0.68743634,0.01811831,0.14337768,0.12109002,0.029977586
dc117ed4ce6c089a0ed328f271de10a2996b8c3b,0.9020288,0.0065262965,0.08820718,0.003096188,0.00014153802
dc562be2f7e02c7a50c95b4df1081eeec758397b,0.9420076,0.010572444,0.030542184,0.015420917,0.0014567762
dc649b42fca41df09f2e9402845807aed2af621d,0.0009683895,0.99770373,2.0963414e-06,0.00063791184,0.00068778323
dca334b810b9021828fc7f227e784d99acf23a7e,0.0011125127,0.9981882,1.3621055e-06,0.0004144388,0.0002836101
dcae6506c15134f10d6ae3733947eca0c59deeae,0.15594213,0.00096276624,0.83567613,0.0052698287,0.0021492334
dd65788e513c2abebd1d6072a6f06212dba600d5,0.5058748,0.028743254,0.42069182,0.03924653,0.005443557
dd9a44d9a7c5c32955b9a4e9dee9c3789cf44b3d,0.2993044,0.15865803,0.014614195,0.4363164,0.09110695
ddb6a2a4d384bc99867bf8128d51b848482af361,0.36778754,0.0027454223,0.6244388,0.004304251,0.0007239973
de165a1a543cc6b94cf0bab11618339367a0b223,0.3836578,0.0003353791,0.6118925,0.0030700443,0.001044168
de1eedc62bd9c4ff29e72a9dabb604188301c8aa,0.15734762,0.008040033,0.7780571,0.02198794,0.03456725
de3b4ba7b7ec43cd2ff2fc819f79030e3ed82bcb,0.39580756,0.0024355089,0.5838996,0.013930797,0.003926475
de431a8b564be15671a1bb420f9c90885d96fa5f,0.778906,0.06835517,0.021005454,0.11405416,0.0176792
de6fc0c6a7b8daae7c6367a623b538ab0db67ec3,0.89369696,0.018994791,0.0770012,0.0094136195,0.000893416
de72e8c4c5a713eb29d2f3adfe3fbbf98d60dcbb,0.9199112,0.0042771683,0.027153224,0.044746142,0.0039122966
de794d6f9a08d85f93bdf3bacdd6ada5971fbbda,0.8808619,0.007526823,0.040060315,0.068186305,0.0033646051
dec4101b48d9e34b431fcbb507d867e58901e2b7,0.55954826,0.014023727,0.41791648,0.007203142,0.0013083476
df347c2cfeae69ac152b02ce7e9bff4b90554983,0.00941593,0.9883624,9.832155e-06,0.00069777196,0.0015141437
df7f7188bfe99d170fe88ec509f980f59e12a9d1,0.88283646,0.025446666,0.06631791,0.022755062,0.002643892
df88a4c1c1e5439bd0125622689edcb436d94621,0.0059282565,0.9939761,9.5642945e-06,6.747962e-05,1.856116e-05
dfcb7266c7b2120312a1dfc4721214e08fec2af1,0.06391422,0.00058798585,0.9354151,2.1263828e-05,6.14799e-05
dfdb44a7d8eb584ea06199cd2f34507b15949952,0.0015613092,0.9959908,3.959211e-06,0.0011024475,0.0013415852
dfe30cdde4cfd07a58f7c33a7bc7c02aff419032,0.78089374,0.0037130476,0.1957894,0.018571857,0.0010319068
e006a3025eb8e44f71aa1ba48e75d944be23377b,0.0029624572,0.9823957,3.1797772e-05,0.0012704774,0.013339477
e12fc793103f1e2e1f3c7068587c5693f28a5b9e,0.43312213,0.00085225364,0.5624736,0.0032270101,0.0003249964
e1371921331aa897ad9c9160010babc920ab08d1,0.4028379,0.48139006,0.10485019,0.004030178,0.006891574
e16949b03e8b501dfd54090b527942dbbaef2bd8,0.012915951,0.9865068,0.00033679022,0.00016595508,7.443008e-05
e188c64871c9123794e44108d8f463a080147ecb,0.91963804,0.004260528,0.063662305,0.010498138,0.0019410133
e1916779d87d289a7501d1733ac2a9c723d54ce5,0.026102208,0.9727778,8.9683665e-05,0.0009206189,0.00010968047
e1a18f02c3a32f6313461f114ac9e185a85192f9,0.0017056162,0.9976502,5.0084277e-06,0.00047356708,0.00016560979
e1ea2efbc36d9e9a53382bf485ecf6b0579d4afa,0.56531775,0.017687075,0.4057584,0.0053578075,0.005878991
e257f539c35e8adec6a7ddac6e144508fc221ad2,0.27409896,0.0024127644,0.7057522,0.016978364,0.0007576711
e2ac0a206ac6f354714408942e7c3f6c2b850b24,0.6820518,0.0040243585,0.29130614,0.014659982,0.007957739
e2e6df05b41fdac7c6c28ec85514191bc58b2752,0.17101347,0.0008527563,0.8201167,0.007708539,0.00030853268
e2f02773f1aaf733cb4aba40fa2d045cbc2d25ca,0.29962128,0.5914539,0.006716479,0.035054352,0.067153886
e300ea5c80c5e07a80b6a3cd61cea886d9133e37,0.6769305,0.007948849,0.30729014,0.004993648,0.0028368523
e321d86da5ce9207dd04aaca4740c43e55febcb7,0.17361899,0.0017047536,0.8138204,0.0082202,0.0026356305
e3223e9ae357fba1ab47e00abf6354fa84743887,0.13649829,0.0015549733,0.85085297,0.00831637,0.0027773057
e3738beefd228afcd86a4e82983be99c3726f90c,0.52050173,0.060427167,0.4109127,0.0049631367,0.0031952853
e37486852ad48c993fd7b2be6dcec4e82f790f85,0.003720066,0.99559927,7.923143e-06,0.00047137684,0.00020129578
e3aae02d6b14d4bced0547ed664fae2cc387ac19,0.41317195,0.0012464706,0.5800678,0.0048942612,0.00061947585
e3fe10749268fa621ca1e067c0150b290f722747,0.031961687,0.9518253,0.001023596,0.0041526095,0.011036785
e4aa6d284907bb7de6ee937eb4ad0b4e9447058b,0.11223352,0.0012290467,0.8850395,0.0013069529,0.00019091455
e4b930664b4ddd4edc29b4c467ab1d5b7a18a3da,0.5802597,0.080847815,0.33623102,0.0018486535,0.00081287517
e500162e1d3e1d6bc81d435bac82983a32f9e0a7,0.1867517,0.0019941565,0.7814784,0.028558247,0.0012175256
e591b3ed99fb226ff688c2d687b12dc08a2619e7,0.6597275,0.02556005,0.30759963,0.0047169235,0.0023958685
e5aa8c2c7b65a053ccd0572328dbac5b2c423c44,0.4036813,0.08416835,0.46222937,0.041311778,0.008609306
e5aa9b439d8d134f5afcfa2f727775a099f018a2,0.8584689,0.029243344,0.09389117,0.013474556,0.0049220435
e5f6ad37f86b76e0d0c75fed1366143e83ca34de,0.0024677136,0.99724907,5.5981873e-06,0.0001313467,0.00014623327
e61d77d94952b728dbe1eedd0a106687e6365e69,0.0011613795,0.99878865,3.2297019e-06,1.8608263e-05,2.8223325e-05
e648c02982810cb9e8d6c36f5be6f719ae4aea20,0.45663515,0.028732082,0.31858987,0.17028987,0.02575296
e69431b75ecbecf075f1fcc5bf20b0dd0255e80d,0.071871035,0.0009155564,0.9225362,0.0026886805,0.001988588
e6c7dc5975120947d85b67e82f7ce7ba3451d117,0.9580434,0.015838327,0.018693348,0.0071065794,0.00031830336
e6c7e1db8488bd55bf436e8f4cd545ddb5610b2f,0.2429561,0.006203243,0.7392905,0.010928651,0.00062151457
e6fd4e67adc0b7ca945bb6dab199a076ad7dc110,0.9666927,0.013035021,0.008991836,0.0104003865,0.0008800442
e7097af7ff806e11fd6426650d7c3c5d159b39a0,0.95833564,0.0007582754,0.029492164,0.009890436,0.0015235329
e72f916f832c1ae41fd57ad9509b2a242fb6bc73,0.7564397,0.021919567,0.1963819,0.024310838,0.0009480882
e73af8457a4f14cd9fbca401184bac2de84725e8,0.00069206336,0.999209,8.898927e-07,5.3216074e-05,4.4912158e-05
e75a4ade4e43162bf822d6fa9fe0656ea1ec4e28,0.0071155406,0.99200565,9.1590424e-05,0.00056119025,0.00022583573
e76ce214e699936abce9910a859e8d6cd9a5bc43,0.0010728041,0.9983973,1.2571885e-06,0.00031288335,0.00021571878
e78aa3a954b093085f487fd4eaf89fcf1df84f0b,0.12035407,0.1108794,0.042373106,0.5545784,0.17181501
e7b2c425a23fe0de6d6f46bbba77ec4b9f982d2e,0.02076304,0.94187427,0.00016105155,0.020950297,0.01625146
e7beaaa052746a44db673865d1d17ba1ff872191,0.013066296,0.985859,1.6562031e-05,0.00072329276,0.0003348902
e8020af78e466c61d20ed26e4ab654dac3eaf8f4,0.0014463905,0.99659854,1.6834293e-06,0.00050403026,0.0014493405
e80688b8b17b2261f7d51d27d865fca6bec84f8a,0.06877474,0.0024255984,0.9026204,0.023376597,0.002802632
e8583580fa40064ae071da9a0bc97fdc508fda8b,0.5706316,0.017258953,0.2898192,0.100881465,0.0214088
e880cde7d5226b2adc9e4c4ff0eb6dfa6e00e78f,0.09752694,0.005444137,0.8724716,0.018588508,0.005968871
e8eb073082f6465208ea2e254f0e30045558687b,0.5786822,0.018876938,0.39878917,0.002913116,0.0007385174
e9d4c66bbce9778e148aee25d1b53129aedecf40,0.9005303,0.0027061289,0.08873076,0.007610985,0.0004218191
ea27a85d79cc6ff80972bfc23bdecdef40ba8cb7,0.0043944153,0.96558326,6.93777e-05,0.006435895,0.023516905
ea706674fbaae9551b82344b31b55ce556517e8e,0.40691975,0.20081723,0.013805433,0.25283134,0.12562624
ea7aa889f54e92ed4b00f4fc9db56ec8141d6739,0.0006874855,0.99884474,1.0225696e-06,0.00022205121,0.0002445517
eaad3bc3df9ac172818db9f14cfcf0e9e6662c00,0.12976049,0.83831656,0.00064992724,0.019582199,0.011690945
ead39aa4bceb42944d932dad4a6a79891f35c332,0.76667976,0.0024336986,0.2112439,0.018067554,0.0015751189
eb34206bd75b4b14c0a683375fccbbe2c8a70d3d,0.004328158,0.9954921,6.02279e-06,3.6530433e-05,0.00013709637
eb852fac37dc757ca931882db56983b5d54bba7e,0.95575,0.01143343,0.028671034,0.0033195748,0.00082597026
ebc0e56934c13deb79e35123979264c53f8c7cda,0.9435229,0.008627014,0.043726083,0.0029720848,0.0011519762
ebcd63f41ae689fcbd70ab70a603f10b42a33904,0.00073107524,0.99807054,6.102216e-07,0.0004930256,0.0007047505
ec03498954ca9c39330e1915490eb04253cdb7da,0.08606793,0.004727742,0.88121283,0.026588075,0.0014034836
ec476f53f999ad8c6632c829df4afc927e7efc53,0.004105803,0.9880988,1.4392052e-05,0.0028302886,0.004950764
ec5209f2abdc6f20f336d9b4130ce9b81edbfc49,0.0014122381,0.9984055,5.119897e-06,0.00011755163,5.950028e-05
ec97d5e982ff9317f872c8be79281574e4ca37fe,0.030319126,0.00022493914,0.96889627,0.00051062234,4.8974438e-05
ec9d2cb08c81b7a4ffaeea94fea338e223c660a1,0.55691946,0.0014235087,0.42855844,0.010029906,0.0030686168
ed5996a2b94dd61d228197de899d405f6ce122da,0.38273615,0.008481223,0.60584366,0.0026116942,0.0003272272
ed5a10b4df0e2625156ae899979d7921228a2843,0.101234935,0.0006734528,0.8949442,0.0024521376,0.00069525745
ed687138aa65a945c4c16dbc02025eb2cb7a8e2d,0.2553475,0.0060856882,0.7096364,0.024520319,0.0044101314
ed6e6e201b01f90f3a197fae08f3d7ad7399e103,0.30991194,0.0009865953,0.6846576,0.004241714,0.00020217687
ed8f028ad0bd33a4633c0af204c9cd518a0f61c4,0.14923315,0.0019263739,0.8397477,0.00724329,0.001849444
ed8fbbfb7beb57d8d8db7710cc484db60c9b2450,0.73604167,0.032812905,0.12137385,0.062380467,0.047391146
ed95bfe5d2e2552bb71581187b600752afc10cf0,0.0021206068,0.99664587,3.3129393e-06,0.0007450766,0.0004851375
edc7d7a099d7237c7858c199d36bae3b0a5aef3e,0.0012083622,0.99593973,2.3904568e-06,0.0009787291,0.0018707968
eddaf8862dbd3127a856e2308b5cff614f1b4700,0.03402605,0.0009393101,0.9643698,0.0006305637,3.4215427e-05
edf68af41a6b9d43d8bef6bc884b65262805b0bb,0.037129942,0.00064254407,0.9564548,0.005265056,0.0005077801
ee1bc8402d7fb4a05e02abd348cefd4ee24052bd,0.90077657,0.029858608,0.052050535,0.0152044175,0.0021098948
ee3bb82f6852c5817e957792157f482086711345,0.9256004,0.021315297,0.047546007,0.005329368,0.00020895398
ee855eef79ea68e30d6bad50e48dd886d096fa57,0.002557477,0.9970144,7.5678945e-06,0.00020741172,0.00021304755
eeaf22cf43c18ed2e4775acfc776d788cd80909b,0.005366607,0.9943334,5.894772e-06,0.00016142544,0.00013268029
eeb3f46451687820864a52e947b0254ffa119b1d,0.26065505,0.003429441,0.72514915,0.008900371,0.0018659137
eefa998949eb0f81c8a09fdabe4f01edc11944ae,0.22846061,0.0058593093,0.7329637,0.026928887,0.0057875346
ef3d6339deca5a9f8ab0f7603061bf84b08032f5,0.28590778,0.008781573,0.60733813,0.08995011,0.00802242
ef401d8f6bc700e007740b081b0042a2a231a943,0.052625347,0.935779,0.0015860613,0.006845077,0.0031645095
ef7246bfe17afd6bf195f046c49f0cf923e0ac9a,0.00066289306,0.99172735,1.3913212e-06,0.000675078,0.0069333324
eff4265676b9057d3bf0389ddcee6666642ba8bf,0.009712395,0.98981196,3.37877e-05,0.00037487329,6.696546e-05
f0140c66a9e641ac587e754b76288b66473314c8,0.15440823,0.005167393,0.82349086,0.016299214,0.0006343358
f0638ce4eb4a8439a27cfd0c58449e40a4997873,0.0005810367,0.99879456,9.044602e-07,0.0002761605,0.0003472759
f0891b93ceb5fd96ad45dfaf844732d2eb85237c,0.020188836,0.0007264766,0.9766824,0.0019338577,0.00046836195
f0a3241b265d196ef31a1e3ac9e634bff9598fd6,0.0025164278,0.99722844,9.60774e-06,0.00016009343,8.529607e-05
f0b2d119f56cb62554b0d4c1cc8cd3428331a749,0.12510793,0.0044952664,0.85450596,0.011790556,0.0041002496
f0c847341dba78b37d97647546e9f76ea7b7223e,0.17253706,0.0008190461,0.8242795,0.0018401475,0.0005242965
f0efc079737afc79cc7a64983a7c4d0c9b8183fd,0.022677312,0.9763064,0.00029958767,0.0005921724,0.00012450191
f102d2906ae65a7f7b26e7b9ada0ee3563a9fe0c,0.17699368,0.014821682,0.646967,0.14557306,0.015644629
f134dd31dc6dfc74578a8ec7528166271df04e3b,0.4900052,0.0023048078,0.49080193,0.011430182,0.0054578627
f15b41713d6addb3efe05f199414ea90d4556d16,0.0009499741,0.9986292,6.468358e-07,0.00014479258,0.00027544386
f162424b52b6ac892463728376bc106bc114837b,0.0021063692,0.99759656,6.8016766e-06,0.00021596986,7.431402e-05
f170d81723bcd79533a7cd7dab303f6969610815,0.18933192,0.004719822,0.75433666,0.04273673,0.008874951
f170dfc1da299cecdf2576577d6f01f777b5b609,0.6780613,0.081316955,0.20987274,0.022346912,0.008402083
f19c681417273371191c2bc2b11106c3e4f9e83d,0.002273917,0.9964908,5.3993463e-06,0.000645096,0.0005847688
f217464dc5d9b52290742385e671ad257a9da152,0.9556574,0.018712558,0.016830046,0.0077426634,0.001057266
f258bcdd72e3ca83fc9b6dd5d3cdd1214cdff164,0.49173513,0.13564995,0.038298458,0.28652206,0.047794405
f2a1424b0af3bbe1ef0cbaa8aa2edac6c332f783,0.84811115,0.097377434,0.043508388,0.0078930985,0.0031099957
f2c0420b2c4187b04721620e49d833d07e18c638,0.0036725767,0.99603516,1.4435772e-05,5.7408528e-05,0.0002204622
f2d8f23c36282f00b4bc1ecbb96534420cc0165e,0.5566228,0.09138797,0.329216,0.0110293,0.011743931
f2eac9ebe106d83690d3e9bb49f5a52873948624,0.36467305,0.20059569,0.06880554,0.18528695,0.18063878
f34418e595f4e6e13c36aa5383e3302cb20308f5,0.9619876,0.02344622,0.0030788665,0.00992958,0.0015577124
f345dd03b7a1b1626696b726d924ecea157e1740,0.00084811624,0.99781966,1.6188442e-06,0.0006765259,0.000653964
f37987ce590d1a8cbb9073a6d99bd4819d1b54af,0.8573823,0.07501361,0.0115862945,0.03752502,0.018492829
f37f3e61afb7593223b6daf35914a45555a613c1,0.104631,0.0023054567,0.87168324,0.0123169115,0.0090633575
f415febfbe939d60168894805874ecbe2ab4c556,0.75298804,0.059992343,0.09087137,0.075850986,0.020297354
f416d7d29a6f7d9920133443d958c40689224bed,0.031642463,0.00082407397,0.96479034,0.0026242267,0.00011895404
f416ea86f0a10199ef8874552936e08645507057,0.07852151,0.09036905,0.01406232,0.5446894,0.2723577
f480517dd1d148d87687a50a8c9e558cb31b144e,0.9187388,0.0006051778,0.079985574,0.000639004,3.1412234e-05
f521c5d3a221d782cafd51c2f60e84563862de3e,0.67462575,0.010621376,0.2945655,0.017653707,0.0025336868
f6299c79fea98f2352989ecb51b16455009b7473,0.005131309,0.9940455,1.8438459e-05,0.0006518627,0.00015288228
f63e3d1d5e4b965b3b004b47f8a4ae3d1e27dcea,0.031223547,0.96794164,0.00011262421,0.00017113825,0.00055107404
f647f4bedb047ba56eb1fee1ff2ced5c9ff54464,0.42659107,0.13112518,0.33407483,0.0993363,0.008872606
f701545d7209c336fa3de1c09677dbd702e6e354,0.0061708954,0.9927691,7.283198e-06,0.0002012165,0.0008514524
f7256f787a44fa6b2f1c763b54248f77456e507c,0.1277622,0.0039539374,0.85298616,0.011704436,0.003593287
f78a1e78c1f5e1e6defb5cdba1b6e3c4ab04368e,0.9071279,0.013437289,0.07136394,0.007341715,0.000729213
f7ceb05475f9dbc5fb03757f267015753f73672e,0.33414412,0.00096686004,0.6581605,0.0057062395,0.0010223307
f804bf88bb8c36c9c43cda946d8eae32bfb16b55,0.51973933,0.06318451,0.023164447,0.37087014,0.023041517
f8683bb62ef0932f883eafe899477d3579bc6410,0.23975793,0.010976926,0.6231138,0.116508536,0.00964276
f88dd29020381d3e5a08bd5d74a5bceaffe75c3a,0.4452572,0.0035707583,0.5191005,0.026426699,0.005644816
f8a787deefcb60af0876c9d7cd565f8a971a6946,0.9317136,0.03211006,0.021421678,0.012751116,0.0020035612
f8c25f6f9f005b6dac3eae76bad8c77a5c4f5a14,0.33119547,0.00980266,0.49684954,0.15611638,0.006035907
f947396a25fd49d8dc23960e17ce749db4f65841,0.575375,0.0057006385,0.3919265,0.026146935,0.0008508816
f948a1fa1ff3a6bfb7b654ee672d7ce1cfa5ecb6,0.0050854427,0.9942888,1.8615261e-05,0.0004710651,0.00013602141
f96fefc70c2a918d4043028e4b3c8f675ec2df36,0.39606994,0.0011684152,0.5993355,0.003031196,0.00039502213
f97c4493db2a81b0887ff0c0e4025eb896113453,0.83655536,0.05555208,0.086224474,0.0145651065,0.0071030436
f99ecb8f8a7402f194f1be29acf0e099a265f250,0.0022701833,0.98148227,5.450975e-06,0.002436234,0.013805919
f9a70cb56054490c7c5833769b94f5e1fc8b9614,0.68202746,0.21127954,0.061163165,0.015711013,0.029818868
f9e5c8ba26def6b138155b99caf13629472ad9a1,0.19298248,0.005597597,0.7903678,0.010408854,0.00064325443
f9f6428b55eaf0222f5de2895f304c56a6ea6779,0.00081343384,0.9965655,8.1272077e-07,0.00075313397,0.001867047
fa0d2384c45d1928905ff94dbfaf40debf0d4253,0.02891156,0.97001284,0.00010607782,0.0006925836,0.0002770809
fa50fa69d3ae1e883988b98d3b6384362440bf20,0.642834,0.014060517,0.21467261,0.11729331,0.011139466
faa4b306d93fd9e4b1a6303ba9c7752b30afb12b,0.018876705,0.6627864,0.00050625484,0.013035996,0.30479476
faa9fcc129f5cc6f215ac5f02cb26eeaf5ae27bb,0.2574352,0.035827335,0.6979474,0.005359982,0.0034301104
fad1b1200b49dbbfe413c52b0fa05f68e24ad73c,0.8021498,0.04678069,0.10769948,0.026058039,0.017312123
fae51efe623604c00002e037903e85e696f42748,0.8388765,0.009016919,0.11190688,0.036492724,0.0037069395
fb8af0fb2929fd10c1618b398351b3f3f20a2e0b,0.6644739,0.0011544627,0.32073244,0.012291649,0.0013476221
fbee24aaeb8eb97751d8295e2ebdf1487796e59c,0.0010029785,0.9977715,1.8412918e-06,0.00055513927,0.0006686762
fc280ce20d6b5d89f549c0487e855bced7e2b6e8,0.011771333,0.98790306,6.5383483e-06,6.0135273e-05,0.0002588149
fc31d3ffa3a4852631c65578752d35c6c0d078ca,0.119047225,0.0076244515,0.87026495,0.0011421031,0.0019213686
fc4307ec4ff10f8eee99f8243c2acaa35bbcdfea,0.70660615,0.00019183564,0.288061,0.0048505445,0.00029054462
fc535d928b58ec844cab4f6a6f9eb7b80e5c70a7,0.97117585,0.00979234,0.018028604,0.00051123975,0.0004920044
fc7c9c0b93845f43503478592f92767e7434cc7d,0.007381703,0.98677456,4.253209e-05,0.004055067,0.0017460829
fc8cea28fb0ed80f8780c06712f4fba1c53c2bdf,0.42287967,0.0009122446,0.5691634,0.0047633126,0.002281414
fcd6260c1c048340bd64fb57bb8db78e15a4c831,0.0007965395,0.99898535,9.175329e-07,0.00015519315,6.192757e-05
fcd99bf3242a74a46bea2a8716360468d09f7aab,0.0010458704,0.99890494,1.1689054e-06,3.459218e-05,1.3426276e-05
fcdd932bc76a2bf31fd4cfeeaa522e9d64aa055a,0.0006749642,0.99758196,2.1140104e-06,0.0001610414,0.0015798804
fd18f4bf1d2de2ee3dcffe3f662e5b86f5870fee,0.0391192,0.0007261227,0.95919544,0.00082771434,0.00013152286
fdae06bb3e1e2a55fa58224cddc2994635cc77dd,0.9077243,0.06478483,0.009559741,0.016048718,0.0018824392
fdbc31eee97116d2a8c8345d96f9f96f396a44fd,0.49758032,0.07531271,0.41924542,0.0039022448,0.0039592437
fe0883f1212cc257918826af706eb607aea73de3,0.00076773134,0.999049,7.497737e-07,4.6861423e-05,0.0001357195
fe5316ca33eda434a08bcd5d34a5a7683f36a6d7,0.004852211,0.9947725,1.4172929e-05,0.0002372407,0.00012375455
fe57ec17625aac3c9d4ec1069685945a9680bb18,0.0015800588,0.99314696,2.8149127e-06,0.0022403474,0.0030297793
fe6040d0d0a8da5c4d394655fe9a6e02d40ba25b,0.3980068,0.0055216956,0.55709267,0.033205803,0.0061730463
fe665cee17a0a93d27d4b80cab32f5886694d33e,0.008664552,0.9905847,6.907005e-05,0.0005950898,8.671135e-05
feb4b0ae88524c9cee3e50f2301d84a235f3c607,0.80462074,0.0049518696,0.16034251,0.028011607,0.0020732777
fecf3f14f47237e02721ed4baa4eb6c11abd239f,0.0023667172,0.9970151,1.1977919e-05,0.00024001324,0.0003661837
feed09e13586d12139cd59bc20996a4d29706606,0.0019552817,0.99317956,2.7811325e-06,0.0016118933,0.0032505326
ffc0bca6fde8fa0cce1ac3a7b0d746603d441bf8,0.0016957801,0.9965423,2.859884e-06,0.00065931235,0.0010997431
fffdd6f356ed5b8dba21717f60c53f6520e650ab,0.7158597,0.060736753,0.12499659,0.06664879,0.031758126
