swahili_id,kitaifa,michezo,biashara,kimataifa,burudani
001dd47ac202d9db6624a5ff734a5e7dddafeaf2,0.8012512429723598,0.031031733126602977,0.13325893680525838,0.025937315882825492,0.0085207712129532
0043d97f7690e9bc02f0ed8bb2b260d1d44bad92,0.02728990457916659,0.9331739388926589,0.022125159286535218,0.011838883536782658,0.0055721137048568865
00579c2307b5c11003d21c40c3ecff5e922c3fd8,0.20124248865898292,0.04270394494034838,0.710325794049185,0.031543495481415544,0.014184276870068221
00868eeee349e286303706ef0ffd851f39708d37,0.47280298553498956,0.18626591301608106,0.1625418431259761,0.14599381351299623,0.032395444809956986
00a5cb12d3058dcf2e42f277eee599992db32412,0.3355727970736704,0.05064109732017699,0.5680779834668342,0.030286452479825622,0.015421669659492815
00a93e174866089d7f4b59b72645573f963da555,0.0399695639378516,0.8794000080301174,0.038444554579096124,0.02982022167512855,0.012365651777806087
00caee8b79f36cc0a5ae4fe86b8abbedeef6c705,0.5443917312575104,0.15544623271916103,0.15898603644375547,0.10832209678202454,0.03285390279754863
00e72e69de296484ccacd96e38240844ac61be23,0.18318266009083,0.6264529835764325,0.11231738003053778,0.05386406786516729,0.024182908437032337
018effc3b6ce812c825fb01d244f4b849658ef3c,0.01911478345802873,0.9576202324449441,0.0111585790806153,0.008098016964407586,0.004008388052004548
01996c3787dbce345ac122a8912dc9ab57334e2e,0.23623825180292832,0.37973484947397546,0.21958273014894883,0.11540095477877159,0.04904321379537576
01a58fd93c05d8febbd10824b162ba00f51a9fcd,0.6991773416118553,0.04548748501731818,0.22046424005467047,0.024610806643001196,0.010260126673154924
027063d6cb270ff8b60a4ced0c7d3835628286d5,0.5180763715528035,0.15883389145790675,0.2129418363838975,0.08177762377463538,0.02837027683075689
02824fb4c78d076c52d71f21f50c7e33fac4a530,0.34659572565156294,0.05313229620475926,0.5667487061937281,0.02236994887361937,0.011153323076330272
02c1bb0911f056f18e04a9e831b405cfa721b62e,0.7774638635970483,0.03749662133351163,0.1535000074290674,0.022807474684722683,0.008732032955650148
032bcb8f892f50c0f4698d550e140474cc0a2e25,0.028244647516619037,0.9383652264136186,0.01641637147949633,0.010779907730170306,0.0061938468600957475
034185c116681f9afdefd8445f0a9896b9673f9d,0.38452733745489953,0.14151580340125466,0.3816108969731668,0.06899826132039097,0.02334770085028813
0355be98526df7da1e8da43c81f012551fd53a74,0.5626031801890055,0.12195578284007244,0.23403693261117375,0.05305254877798812,0.028351555581760158
03817b4b8fa61ee0176ac9c5cbf66fec86f2ed3a,0.1770680271511244,0.08220900489227896,0.6823765535678983,0.03755220027546786,0.02079421411323055
0388b907e596357c5bbee251003dcdf97d679c89,0.4790071402637295,0.026568325901510172,0.45673570079431924,0.027393045329255135,0.010295787711185785
0480c08ce9059abe99336f4b39a41f4562150848,0.19632668145396848,0.11035576643064496,0.6260259568584322,0.04825591489383193,0.0190356803631225
04d7e75611796f3ce8ec460f1eb6bffa9da15676,0.030479610888315897,0.9345574641665804,0.017058075851605792,0.011528235265520017,0.006376613827977973
050e737c0998f7ba049bc0f02d5a4b64e7f0625e,0.14061979003476305,0.6378855016512002,0.12180613478708507,0.067879512600274,0.031809060926677575
0516a757aad1d09f893091602ad05505b5e88401,0.3147099640208038,0.09384025275997586,0.5194538019636652,0.05305601035238134,0.018939970903173686
05d499508761de20c4ae1f9fee1e204bd435edd9,0.49745745875690284,0.0697431871702867,0.36525443970927624,0.050184853381505426,0.01736006098202886
05ea491371ea5305802da17a93f27ecf8e59bb49,0.08785295267606444,0.8213153127262719,0.05202243282046858,0.02696331192568101,0.011845989851514088
05ee92945a93072bd98b56eaa9917e73584c0d2f,0.6006191424481406,0.11241322481408877,0.21215331872708684,0.05210653892122345,0.022707775089460282
060017feb4ec0ef7415dad6cc02e33842dfcfbb2,0.5337713632556016,0.014655295617188261,0.43218957176506057,0.012686375452722122,0.006697393909427516
0689b40d0a24ac5152e62aad9d112138e7aabe11,0.13863345541365807,0.04499174598167235,0.7776232402434865,0.028058053218733177,0.010693505142449948
06bc918b17a76ca6f18a3341f7da78d1fd02a326,0.055888780926590186,0.8855182392553618,0.02996056125494877,0.016243931262492704,0.01238848730060645
07556b566255f261f362d7b6dd317cf7c8722507,0.5446703261602804,0.08256119297724096,0.30981735570408286,0.04022461140362299,0.02272651375477268
075bbea3663e0db97fcd4a2687ef2d47236dac28,0.7011494141755084,0.08427505118691972,0.1473558326656674,0.05416443142084722,0.013055270551057369
07ad07b3e6307bc93b4abf80011e4630058b665e,0.49641706752289533,0.08133138865023025,0.34876054321842237,0.050863217540749406,0.022627783067702505
07e372ce107507e12c04bcc938f1014a190c4912,0.2093574495323818,0.07863882215501228,0.6412199215043256,0.05189630068284656,0.01888750612543376
07e92959da333f858fffbcb3d9598ccfe7d2da34,0.32268219363153516,0.09281681431208155,0.536128130478269,0.030117219729447135,0.018255641848667167
07ea328f3b14346960dc9ee5be834753bb1261e7,0.522445095091768,0.14397315539687924,0.19197546245538502,0.11941943687815158,0.022186850177816377
07ec88b88bba066163e7aa27228b6263ee506390,0.5911287032108427,0.09318445756691983,0.24852564744896286,0.049022123119726986,0.018139068653547658
081412e435970d66e6a60e9406148323605d7171,0.5888076454695748,0.06797423410903292,0.2703756943153442,0.059740308747416815,0.013102117358631392
08275ea9ddafd22b968c99f94db32c366a9b94d8,0.059772848879330105,0.8701167176604525,0.03011266092944748,0.02642967302199206,0.013568099508777912
0890a8acfb73d35080feb74458c9792b1d57fe6f,0.6409791864632154,0.057156130916798685,0.25524555562840157,0.0317380810360361,0.01488104595554817
08df63a437025893af3ef60b87a702ad20dac5a3,0.13341660586594295,0.7269654488330246,0.08497192385015367,0.0357868541120998,0.01885916733877907
0943b6968f97bdcdb50614734e04244199588da6,0.03894636186505586,0.9001790380343183,0.031157705090381696,0.019941942769124275,0.009774952241119975
09b4ed7da8e5f8780ea8d3123478d6b42be31dfc,0.3795343616930604,0.047358803744648445,0.5259211588285463,0.03191816839854824,0.015267507335196677
09e50d9ada0f258798d3a9ae312d4783589e5fc9,0.08973630160665752,0.04840382536357686,0.8204064885117746,0.02691648146084184,0.014536903057149058
0a0c86c5a3e9253c647297a0fdf9355262620f8b,0.38745875865035323,0.10713990250375763,0.4258459134792653,0.059367525031799206,0.020187900334824743
0a223acab39e9b37cc0ec89b241874869c79cef9,0.5573834205586481,0.13726964827013327,0.22142932206487245,0.06321346594529809,0.020704143161048082
0a25a12bcfb1bcee66a0fd936b305251082736ef,0.025403979432262774,0.9385732668443727,0.01927866135665132,0.011222150167050604,0.005521942199662504
0a6152dbcfdcc0e8f2980179f6319d511d86e258,0.6129748183988964,0.061667567662817606,0.2740121644775838,0.03387916403672465,0.017466285423977535
0a8af0671430846c40524d56d374035793d03247,0.04252681531386615,0.9062114718474007,0.029026295016959885,0.014630928331690975,0.007604489490082231
0b01e6d23ead0ce43ee3cb719a84694cb634c84b,0.05141266882188985,0.8922299150697975,0.027667457490233697,0.0188118755981927,0.009878083019886208
0b39b6b564a36e71f36a9b2da87e1d8b0edc1926,0.5848192063409545,0.10749310099376241,0.2560066777448028,0.0331052740104462,0.018575740910034097
0b47e2144dc890d150c60a32986e2b130fa1e6ce,0.32682028983754213,0.052793397309316,0.5749654327328046,0.032579033264631185,0.012841846855706104
0b556c8ed912121e0574b62a5e41d68e771ed380,0.6741632119997766,0.05529675731040961,0.19787891852011213,0.05374727299352018,0.018913839176181575
0ba0156e5105e73cdc1c9c6e0b247be99c8b8be7,0.5603388953489833,0.04143852357107879,0.3552226775229341,0.03048050994413551,0.012519393612868227
0c272f5d8f6746d7b77b3d8dfff502c55b7b6612,0.7129764296623792,0.0759302058019752,0.16399879486289154,0.0340339103097941,0.013060659362960227
0c970a83167a984294a4f45f714cc117adca3b91,0.6030972632323974,0.15542583531310955,0.1828194454644717,0.038876046405929544,0.019781409584091667
0cdc764a2cf4f38e3b734dda222498daaae7762b,0.20554366394810872,0.03207579719192169,0.7270200956281437,0.023436162764881453,0.011924280466944267
0cfbd5179035e5e22964b1fa9c764337cc816bc4,0.3502029845596815,0.10629149144980006,0.4804422384619266,0.042598800611784435,0.020464484916807673
0d15d685fd32390bac5ba568a7ad5cac59313f78,0.054618979813855405,0.8779342373952121,0.03908716337929262,0.017731530121528127,0.010628089290111603
0d1637e139b088cf1d9a114ca48a5676abca4161,0.3021666059063046,0.04951604872338975,0.6061245812826294,0.030280527374618657,0.011912236713057777
0d2e3cdfa1c479f93d7d19008616c7331df1d4d1,0.23939516782853773,0.03548799303112602,0.6951271551231497,0.020782554183064423,0.009207129834122023
0d33de20de638919329d55c90d8eeb6e6c05d8bf,0.2355365934144639,0.050045166491908946,0.6745768188874222,0.025790272372596835,0.014051148833608083
0d8e8bb5db320bc6c7c048d0bed7b17a4e52fd4c,0.4601678741665268,0.0884762108084337,0.21713273784273454,0.2101043486378104,0.024118828544494594
0da943ec51a642a6c551c33e260fac9702db1261,0.05374672595903923,0.8759043382801098,0.03845404925219557,0.0197419389406821,0.01215294756797311
0dad250b74ae3fac96a6ea95da3908cff18481e3,0.8248519357433874,0.052790348890922725,0.07943866114233233,0.032936305698767813,0.009982748524589687
0dbb48e484af46a1567888ee8cad187011cffe91,0.581846004953413,0.08908941426195659,0.2583959112615105,0.05234456863626069,0.018324100886859186
0dbff8419b10d05274f9ae806c3a80f4182e9533,0.47983132590838695,0.08683902207332667,0.3086731247669028,0.1019042607036554,0.022752266547728144
0dc7aa83d132722c26c404bcc4c3beff84a4f6a9,0.5557879358342165,0.18686627874069084,0.09441457632832687,0.1397850019213947,0.02314620717537105
0e43e7f0e72fd33f0fbf9cccf323f5075970ebb1,0.22611510552470498,0.03232824629431185,0.7078090279688458,0.02375422603064296,0.009993394181494412
0e9ac91411adcd07930eec2cb5aca10edbcb5baf,0.6809864167179827,0.11830200684518559,0.11060432839647552,0.07320880816207413,0.01689843987828208
0ebce7758de01efa31f6cb32923137d89af0eea0,0.20735129950638664,0.5331887204855638,0.1876348841942015,0.04244044067756397,0.029384655136284004
0ecd111de63881bf6a1a5737ab588f514c96c70c,0.7143590305696264,0.08414537868203185,0.12488638350300699,0.05802482941760766,0.01858437782772718
0eec26a488ff8052197a3b5390b418ac1c12ba6f,0.23178051810594633,0.10230375868320046,0.13260789396911318,0.5096057530447727,0.02370207619696733
0f3cbf200b1576ec06958663630b1fe0296dc147,0.5246900105120199,0.12586281525965257,0.13187370905921347,0.19241522184326587,0.025158243325848116
0f549457628a1f540d3d5940ac5d21ba5f258533,0.5232285397308631,0.03407625552793227,0.40669039025355275,0.024598678330418774,0.011406136157232906
0f5bf82dcbb81f6291a8dc85ed6e306e15a1cbea,0.19429883621557856,0.05118860766739372,0.6960015511205943,0.042245685515683584,0.01626531948074991
0f5c284178765d0a6d07ce07bf4fe33f92e06202,0.5670883386607761,0.03995674215640886,0.3572710573198413,0.024761711434682768,0.01092215042829095
105b495562a154cbbcadcffad1064e8118242c74,0.02614226342401087,0.9327242526725148,0.02210579918937486,0.012762437413047951,0.006265247301051311
107dd7197b90fdfbe1a98b86dadfa8bfac9bfedf,0.2203072001138235,0.14527285206451107,0.5491674575140321,0.06050886885247836,0.024743621455155042
10b03eaffdc3304770628c87bda11e0267eed7eb,0.038129063614884565,0.9104022458793585,0.024487883677305904,0.018149708985349438,0.00883109784310139
11066cccc8556d9216650f0e9b8a11bea7bda395,0.683958475226083,0.059244100394675245,0.1917590618243759,0.04776347174563025,0.017274890809235628
1146d6b4b5f38d1e47599fc43dc2416ab09a9c6b,0.5611333494542184,0.15019608829121314,0.12474556027957838,0.12548883919194034,0.038436162783049774
115f11eb5f7d4ec8c9ed994f7a613024d7495529,0.14331594837549724,0.06590194885645433,0.7289235610434496,0.041874770575637266,0.019983771148961632
1166f416e9abde5e66f0073ad84fab41e55d2f5f,0.15206077079795743,0.04062049224228,0.7771884476134201,0.019643780161422198,0.010486509184920289
117475559a39a6e0c91bc8146d3af16441445958,0.42349659797213607,0.12707809175996507,0.1334952783628297,0.28866428404581806,0.027265747859250993
11cfaf6f1cb4d9e912f67fc7bba2dd20617a54e5,0.3226831941671297,0.21396366254747204,0.18151723398821312,0.23844106318481756,0.04339484611236742
11ebf20c51938edb9f0bb485fdcb764dec79b720,0.2882160166932917,0.08807218729110088,0.5555852632456,0.04958390196911701,0.018542630800890494
11f2336ac02a445727c4c70267c96c26165e5160,0.07309951700446876,0.8351812726463184,0.053947197329203944,0.023422057089256418,0.01434995593075277
12bfbc98cc72f5b4325559a389d68642841bb352,0.6456101014006068,0.05797612710222207,0.2503591254388793,0.03262691271896672,0.013427733339325124
12d9b3e67591a19adb213cc10fce955b95975b59,0.11899398187777058,0.749806664180095,0.0749813501196565,0.03655907425967453,0.01965892956280346
12e3516097ebeb561a648ed3b80c84831b2373d5,0.2160325467419147,0.04501789711315274,0.6893594998521693,0.03280588429756315,0.016784171995200152
1317a6c2be8b08e66c44be5fb0fa0abd95dc1122,0.4653671812040158,0.0927922665815318,0.3721771510125839,0.0509318795661509,0.01873152163571774
13299c54cb74ce4c8714de5e4a9bccbb9a556f96,0.031112425003605514,0.931908624731805,0.01793235583753737,0.013027255437773761,0.006019338989278247
13451413c35a1bcc624706c98bcb353fd910f62a,0.08660676679921779,0.8391729948107451,0.04510441237772778,0.01834747787737817,0.010768348134931051
141df8d7c9720327fef3166a4946149d4597520a,0.44094027273092845,0.09417743310271734,0.4161517742987625,0.03263475391995914,0.016095765947632526
144800063ce42c96dfa9cdddd36d622159cef6fa,0.5463495401282537,0.14220125755798652,0.21285132985578484,0.07466704294378723,0.02393082951418765
145d0710b6bb3db5a6f1bb4781468967ab8f363b,0.45287811133676636,0.10695567055212571,0.3578808478030401,0.058187978805241784,0.024097391502826082
1490e2b0c8e2ce49cc21aedb335c55c4b8df719a,0.3708906694210781,0.0712411203676207,0.5009660733499068,0.04058494292374395,0.016317193937650385
14fcb47517af5bcf9fefb157fcef1ba616a7c081,0.7203245240841306,0.036692047779770594,0.2079222673512205,0.02517059559744852,0.009890565187429897
1531d5b6c12ec1d135669ae9484671aea15423d6,0.20465020310903415,0.06228531484231245,0.6894407246842609,0.030625913592456377,0.012997843771936371
15881754e95674ca3089e2c229cf14ca385993e1,0.1112062674920829,0.7085471920779525,0.10299167292665111,0.06057816698417772,0.01667670051913569
158cc5c81fe5b29eacb35b95b6e0e56d09d8e758,0.020944826851020077,0.9403862277021195,0.01395032789431683,0.018199283813252524,0.0065193337392909535
159224fc313fc2d9b3ef32df8c20c53fb98725a2,0.8439958432111605,0.02579724959612472,0.10473743711772877,0.01945787250142167,0.006011597573564436
15b073c6c1159056affcb7b1d5fd094d2fa178d5,0.025583690819446607,0.9429839934883354,0.016145296694845105,0.00994486564860145,0.005342153348771223
15e01f45d706c15014d706a000efc2548eb33980,0.4330285341811049,0.06979667968437081,0.45116615872843263,0.03422160868122301,0.011787018724868618
15e5a9271c80e1c7161e468adfb58a694c737ae8,0.13820372087018556,0.05459276629607391,0.7808606047363713,0.016392069927454775,0.009950838169914641
1641eb85255f102592a85d3cba2cb9cacb8b4051,0.02686574117213827,0.9472312119491989,0.0134542791880562,0.008250157838433214,0.004198609852173505
167e0483268b98bf5fe1a5aad41cd95eac382f0f,0.42697696743849867,0.09439702482238409,0.3883254164979012,0.06955682412423976,0.02074376711697634
16a0e237108278566224aab63145df19b683c705,0.1944431646477971,0.040269153831428206,0.7189618665146212,0.03483037766811211,0.011495437338041151
16a56f26b6f696151809e0cb26b75093ec47a58d,0.04891930741746995,0.8827908806768294,0.03748179556269516,0.021873990764342727,0.008934025578662897
16b770f6de7ce9481b84051fc4e124b792695910,0.618434926669116,0.04133545410222827,0.30649268874763935,0.022923671064443117,0.010813259416573344
17aafba88458bfd29ddf9b7cbd159c191f7a1118,0.7387372381697259,0.06156903197388027,0.1063805191914572,0.07930389726860543,0.014009313396330924
17dd7effc40752af58e35c37c5895d4ba5d84269,0.04614941361821798,0.8685650241843631,0.04350637303451138,0.02924767302677623,0.01253151613613134
18595209cee4049feb8c24a6fd25aafd9d0d755c,0.23200000197865114,0.3984344093312354,0.2342183101076146,0.09305175037434414,0.04229552820815475
18a3d479d214f7c41b65ecd6abfbea8e124d5ea6,0.27043683178412864,0.481264329673353,0.08363664671717512,0.1387084944033351,0.0259536974220082
18bbb303cb556aa3dd69b6705893649b194b875f,0.1813543203310861,0.0428926342948716,0.7334140494173697,0.028095348970161815,0.014243646986510823
18fdf5f0583fe8b0cd324b2324e235a7cadc9143,0.021820297549786732,0.9511653437299752,0.01077449727773219,0.01135363872458971,0.004886222717916254
197baa2e7a1a9b5e091c5dda305922b912b5f000,0.06938716019955622,0.022338536946282316,0.8854770200041142,0.01604481768960871,0.006752465160438577
19f510e2874c0b863f7b753a1fd624e1cf7f65a7,0.631562887605224,0.08276995410313905,0.22247728473805642,0.04568896310274124,0.017500910450839346
1a17c80adddd2c806c7c006c1c6664551f639945,0.7648369926332153,0.0977413912058785,0.06815316636784105,0.05292238158925303,0.0163460682038123
1a2945de7db7d664a6a47aa9d4ca66f32f70b007,0.5769839285019834,0.1026421848095831,0.25521620625950847,0.043251630037225534,0.021906050391699485
1a434697e5ed37622d6e242b2661e1b5f15fa4bf,0.5742522161343718,0.12496744091281382,0.18465334849120246,0.09112925778663435,0.024997736674977466
1a4ea72aade16ffb2a8a5482d687c49f28e5748e,0.5874538245144547,0.15999538135841648,0.11989030402196592,0.10502836352363375,0.02763212658152914
1a8feb5bc2c7f920cc90e2d48e1aa165756d8e40,0.6153456476867866,0.11676738442936706,0.1858293383757061,0.06160664275302684,0.020450986755113493
1ae7db637de02c1433a216bff407f1e00b7746ed,0.37317988375859557,0.07532542751087717,0.4918025630672747,0.04130975340270357,0.018382372260549083
1af7c0ced692824637718b5bc494b3f369c27ae9,0.1471413670325855,0.19399887524518267,0.5651029160115356,0.0675056938896769,0.02625114782101948
1b1dc07761bcf39e979dfb1718967a78d0aee790,0.4009085274708804,0.07514175468596163,0.47376273097031646,0.03266730572047874,0.01751968115236273
1b50390e6648cebfec8fe3a6aef61a0b066febf9,0.8433497754517221,0.040046937229111484,0.0772018887743428,0.0299022906005918,0.009499107944231934
1b5736b3ac4f1db6c28a7818835cdf7a9574658a,0.2250630172151497,0.1494672595366168,0.5007328502396023,0.09228486449037701,0.03245200851825405
1b5e71255db35337b4ed41409ad2a02e2631eb7f,0.5182678198844588,0.04346227814293502,0.403000000393947,0.02572974362355123,0.00954015795510799
1b9efa38da384b10eaa53d56a07a9094febd5c6c,0.6602514651301782,0.05928181686360474,0.2370293898448415,0.0297687342044877,0.013668593956887834
1bc2142fc267f7d22be3b03f1d8b96791148b0cb,0.038944684193068076,0.9068865410537239,0.02570871578153286,0.018833724419883246,0.009626334551791736
1bc5f88ecb46e60f0f63bef176307d245171062e,0.1992798074540369,0.6066100592300142,0.13231696203876292,0.03723064990653278,0.02456252137065326
1c3ece194677524c78a9f91716667bce5fb9b7eb,0.18970652781222083,0.060244866336783734,0.6979862723217616,0.03703131704849942,0.015031016480734419
1c626c21d45834c3cee43ec7ec17c73629afce5f,0.73820040983273,0.10349041693905585,0.08577068123106503,0.05580377311793918,0.016734718879209867
1c73a9479849e76c9269bf9f1542e264493cd91b,0.17188782793318633,0.018095661549082247,0.789955280153533,0.012785365357813057,0.007275865006385345
1c7e51812e18ca91b75484915554483ce2a55119,0.34711598966330504,0.11457572683888514,0.4574457060872241,0.05571527633166623,0.025147301078919364
1c9268524736398ee3e60880113cc4d92f934989,0.6318181525601156,0.10515359685778264,0.15249535402009234,0.08166075522618738,0.02887214133582199
1ca667458b92c09852f3e4a2d3be77fd0064c069,0.26780574615546887,0.4934857307156048,0.15724398012278543,0.045964181088154095,0.03550036191798688
1cb82db6885a902029c17c04ae7511653a1d23b9,0.16008478847462618,0.5686842219819741,0.14498750679674105,0.07477820908185676,0.05146527366480193
1cca7897a49ff7f29aafea06ccafc2ab7f050d9e,0.10077907552134481,0.7534577305987107,0.07229527363399998,0.050992525504815985,0.02247539474112853
1d21046991eae6f767d0af4f3e2df0c41d57376d,0.13913127961339306,0.015391306112564274,0.8298122379603707,0.010650685979134752,0.005014490334537097
1d3892ce2970b5f0ab94bd5d6df178022b82fb75,0.38597462225367785,0.05022815393726535,0.49480781075082,0.047307050542997414,0.02168236251523928
1d3b44ab1c7acfdf3850e0f32c81ac0733875299,0.032778731743857654,0.9208985201725297,0.024154823526593882,0.01409003361949245,0.00807789093752633
1d7c293d74195e673ba22ac413866beec98ca7ba,0.10505579654790723,0.6969321873830842,0.10129220070936251,0.07369698622427476,0.02302282913537129
1db409415257ad5afb7d1a4301b5bdd7e4b23a4f,0.03945132224263615,0.9100407647251666,0.02286102378830018,0.019324436454105268,0.008322452789791854
1deae0ba27a1dff11ac59bca2da59863dcc89401,0.07265220280969209,0.8341910159260758,0.03402814580645828,0.040246385280321664,0.018882250177451907
1e5f02f3348efc9deda3149c6dcb24262b68e0bc,0.14448099290948008,0.743125966695666,0.07557239395527704,0.0234958397140032,0.013324806725573665
1e6b54269bbced15cb129fd99873927aab30fd92,0.30718145240657463,0.06478648607648507,0.5640953797488024,0.0437438839386383,0.0201927978294997
1f306e0c91d64cf18674974f3520900b53ae60d0,0.026860483925342345,0.9424789923030921,0.013677440682520902,0.010756869293614324,0.006226213795430401
1f8ae4a40785fe5619988e033a6bdd897823827d,0.3739704199097237,0.046468517022736626,0.5254371844579357,0.03740294380742213,0.016720934802181824
1f91a15048e3ee430b307e0d25298ccb4d778c78,0.05497622066741759,0.8784795630363621,0.04461043339632601,0.013263411148497321,0.008670371751397007
1f93a643487d5fc6008d958f25d7ee0ff54a7d11,0.4345292320567128,0.04587977302752243,0.4733164007311037,0.03319220708373734,0.013082387100923762
1fa318e91639e14ded7d95319fe5e497b89c1c6b,0.4879271578889101,0.11143473739543945,0.33529820756895423,0.048443104408079335,0.016896792738616925
1fec12dabcfdbf1509bf3c4a94af4f3be401a957,0.7493671763397866,0.07386930485439162,0.11961425139916437,0.04360418851665443,0.013545078890002987
20514b3a900e6865ddbee4dc7f3ac9a494c3982e,0.75748884454431,0.0628242623871215,0.14103629433725218,0.025813657424917993,0.01283694130639851
20db7329999438154327e166b1e270010149814a,0.3304676777313211,0.29303091712545964,0.2852016741802424,0.05419446574028013,0.03710526522269664
2186342b9a2ac3d8370cd188deeb4460adc17368,0.05115578797327584,0.8724886051263268,0.040471513351920986,0.022796663516223833,0.013087430032252665
219c4fdda89354527ee17ad814be82a051c69f85,0.29751373454953073,0.05720058468759287,0.5964098110352135,0.033659283100069375,0.015216586627593478
21d98fb6b5204400522e33450b68f43377298c45,0.2238449013561787,0.07697090185579487,0.622011665168386,0.054398836298227574,0.02277369532141286
22133cda28691ae1c52d81796c20644a27ad65b5,0.5239819873493788,0.05663682300032222,0.374898758801829,0.029309413491602272,0.015173017356867798
2232f3e8f9147b183adc5e5922031ada4617fe49,0.6461886432603287,0.14118615922251215,0.1360180090316973,0.05436810702083056,0.02223908146463123
22650528be024b0ae698b5211306bc3732636d13,0.47229681852468464,0.11554194768229846,0.3230832703957571,0.06471311223503803,0.024364851162221604
2271fe2c21330c061b949ee2ef4e519280852b13,0.3487870121953494,0.12398637335090912,0.4489285830044838,0.057103128375822945,0.02119490307343472
228a29757133e396c6f0962ee01ecd920542a044,0.5472072313103037,0.14552510805372143,0.13504843239338618,0.14554452833690226,0.026674699905686414
229d4fe6fec882e0612a7ceeda6ac8204de18c82,0.6940714631208074,0.044684359280815884,0.23331606569082647,0.019306643324688687,0.008621468582861544
22a7967c345454212d50c6f8b35414ca1947cfed,0.6333270764979647,0.10167540281378395,0.19417545431215488,0.05324101395264732,0.017581052423449067
22aa78381e31b43c9ae7f2a931d04e5fe3a9e2e1,0.06597904225365472,0.8558824597080518,0.04549697765225739,0.022093392470127093,0.01054812791590904
22c65d35241b8783cbb04b57e5d8bbf67b18466d,0.06636490806382467,0.8368687707842771,0.03212914667285938,0.045535097985357174,0.019102076493681838
22d51c0b65218f37924043f86cad2836c06750f4,0.5911738051067527,0.08935874165933062,0.22441437470405567,0.07550600839989573,0.019547070129965205
22d605a5ecf7c468fa8ca8482cb4295a0c6622f0,0.7407673327933243,0.06158396199927384,0.14023675385524287,0.042925658823330284,0.014486292528828678
22da997d2d5a443d57cc82b9c0b996d4444012aa,0.025126555744038343,0.9387488248429385,0.018913977348249872,0.011238408429070352,0.0059722336357029265
2331aed1ec908a42e14752a12d2ff6db43352185,0.31621424848319446,0.0652715266946086,0.5591581185181737,0.042289210998018946,0.017066895306004286
23432f8e81eae4e9d012a18339e19ab9076f72b2,0.4272257744983893,0.049941057785864,0.46712948613493205,0.03950627016198575,0.01619741141882899
234503eb2811a7bd940e16cb63e858165b824b02,0.11324017798259561,0.7645181845884033,0.07288228861669593,0.03279990945489575,0.016559439357409445
2389fbac7e9352ec0de7cc8775f2efc4b4cf6b5a,0.025705621391163013,0.9448301866401553,0.015967060733024487,0.008415481606438268,0.0050816496292190975
2396eedfb4b784c10e02b5ff30b30a67b2b43c8b,0.444786514087731,0.03498012735078976,0.48598741889872643,0.023258666923573063,0.010987272739179864
241de8bd14a3c5059ba72e47c9c7d81256740add,0.22846918670366434,0.022023074935014385,0.7284746889833654,0.014800415815125631,0.006232633562830241
24951db6a078339cfc92582044799ca6e960669f,0.05288736291063896,0.8744927129693127,0.03939031148827757,0.02310739304372902,0.01012221958804168
251bd51aa700823c7d36d58b331cdc110a1701f6,0.28278745346038087,0.13795745139956694,0.5017693228700433,0.0513375389517685,0.026148233318240312
25222836d355cefbeb28dce0331b511c5504d970,0.8059699582186604,0.020317646047159955,0.14651837845250323,0.02071165921272357,0.006482358068952972
25310ef53a4af995ebd5cd6ebf505eb496bd1f82,0.7221659062809248,0.07631821645880205,0.1357255578608627,0.04674137316899053,0.019048946230420066
258ac68db6c7767d8e8ba2c49921e2c329aa0f88,0.051985764211994294,0.8996965552321661,0.024957911212711657,0.01598302562750056,0.007376743715627519
25c7ddcde232773eeb3487aa8e6cf929750416b8,0.7932333046801155,0.0414207649917365,0.10005267504882585,0.053853474368551375,0.011439780910770714
260a4acadfa1c8e2a5b405b858b556fb841b39c2,0.5387273087196468,0.10182427625165465,0.27149332784807156,0.06435898356287649,0.02359610361775056
26498a5987dbab32e9e3841a04434d9d6216f7e1,0.10549400519336198,0.0779326091520798,0.7670605990622879,0.03406753248606547,0.015445254106204979
264fa2dc9c98b37c6db6f1f7c8b7f54fce27c993,0.805051448898106,0.045510330004994035,0.10435789344203207,0.034036813203781366,0.01104351445108664
267db0653386b9e84e4130fd216b57a77289b54d,0.05125421309733638,0.8615126774718653,0.04779715725193495,0.027068811510544653,0.012367140668318644
2682e0c1a27de26e0649f196994225173d6323ba,0.6376265249972983,0.11852193073054375,0.16044686794699464,0.06483750647632322,0.01856716984884013
2683a7feb3b17d27344244cb210cd148d35223f0,0.14892209705178516,0.7116926179862815,0.09172789961917152,0.032330807424095435,0.015326577918666475
268b71f045246efde4ea467a4ccfcea2c2804b51,0.12918812210481795,0.05930870543112036,0.7568157440670036,0.040190755478645694,0.014496672918412317
2691ac6f3a6e113168f145237d836b60df881924,0.376703605317207,0.10720061651387847,0.44527529748896355,0.051370653411729715,0.019449827268221326
26b702a06ae1e864430330d015aaaa35f21d4eeb,0.8154609194569868,0.054201321139422644,0.07381622141150204,0.0463179516431693,0.010203586348918988
26bf62e344aaec65d875ad14fd562aa40b49408f,0.3107268601845285,0.11087813908067841,0.5194095400254901,0.04208277036034085,0.01690269034896219
271825ae352bcae7618044ca2b5719b6f67c6e07,0.04572937406730248,0.9067106168427104,0.026104384322091657,0.014013144699919681,0.007442480067975632
27234421a1cc225bbf6d4795f3488dfdf1d2a1c4,0.3534036477303608,0.051410929158295544,0.5286561290753131,0.04960831991388001,0.016920974122150646
27559809240c440f0b528fbc1af7e5cbe1b8fea0,0.11721688299441041,0.6976177293305573,0.0772951251987166,0.07497911438676526,0.03289114808955032
2799426ff8c1dda3701fbc7dcbb624bdb230cae3,0.24098319585236042,0.4576749141719604,0.14760006464450603,0.11054181966075828,0.04320000567041482
27ec30c7c2416334df93fd818a58e3d9554913b5,0.15450027277124342,0.03702060118261341,0.7693221744701959,0.02687407614074093,0.012282875435206333
27fab48d0e16964ff46d6c5b904ebdf9e81e8747,0.6443028569458377,0.09008159477845634,0.20881920739115323,0.04032822229864787,0.01646811858590495
2851c1456c5a6737c8594631348781c2ebfa30cb,0.298295700559481,0.06644919810680408,0.5957225680113551,0.02786067708026351,0.011671856242096306
28667773b1bcb3baf526df79f8f3296c0d4c9674,0.03536535958220897,0.8957795566457981,0.033614557114395725,0.024144894297912972,0.011095632359684311
28a78ac3fea8a67371457536a90b0e9567273865,0.530529543307486,0.08258330446571985,0.2643806280383183,0.09964823645445203,0.02285828773402368
28dc3ee972f8779bb4b14107db268c8409f50219,0.045065575009383414,0.9073214166858679,0.023341492921302057,0.016598810218362722,0.007672705165083989
28e36096ebda6cb2169943384d6c1fa8180fd9c0,0.7215091211292196,0.09556970040539321,0.10126222002011172,0.06614746480328788,0.015511493641987562
290c85dac0aae4c60fc1f957f7b17b380e049c23,0.247071918641235,0.5243576134921903,0.16776996734107777,0.041239530678345744,0.01956096984715108
2949d2d118a3240ba3c654d7c7e93169307176b3,0.019725088996076477,0.9472060099074174,0.012800369513908507,0.014548457934517246,0.005720073648080213
2957893c8d9481ae20b144a940ea8a293d90d18d,0.08336591711899355,0.8073924947255037,0.050793058045048134,0.03805316297119676,0.020395367139257933
29a252032b84ce882412cf07189c50cb15514eeb,0.5955189873817752,0.08997934821020206,0.2572317804790236,0.0383988362986588,0.01887104763034032
29b49407d4bf17d71f7bd1d4f4e47c4a899a28ed,0.5902200153545789,0.01293266965691712,0.3815773370585003,0.009622159950135545,0.005647817979868118
29c81c827ac7170ca7898afd9b27347ff592bdfc,0.6769174779202501,0.16263696425105187,0.08159911999146664,0.05326722507752469,0.025579212759706794
29e5ea1ed4816d8687114bbb13162d9a074e7eb8,0.05370337991153026,0.8856837168940894,0.0332334408755093,0.01865163739316537,0.008727824925705532
29f93cb4ecd517363279aecef84e97875d5545a6,0.6632821241733143,0.13425340677429937,0.12336570838098074,0.05736317640723167,0.02173558426417391
2a84a5008e52e2a6656bb548d835335011aaaf74,0.022645884155117337,0.9559737751839145,0.009768656302363557,0.007533984967482719,0.004077699391121887
2a9af38c7e7210b6ba6c72cf5864052629eb3b6f,0.3329438978375245,0.07863806091716888,0.5258450149525116,0.04147531549968799,0.021097710793106995
2ab0ef31dad96da6e0da678339f3f4f045ac1076,0.6780831724006727,0.05783711530586071,0.21629195769278903,0.03494719101138628,0.012840563589291145
2ac85346f12429c41daf50490f042007dcd08c83,0.2956351008619045,0.4411333056311751,0.1503726716877992,0.09140155632275236,0.021457365496368976
2ad94bd023bc1acacfed6a3352a100906678b109,0.6423970394721025,0.0947022198587394,0.20908604625023333,0.039227809923578015,0.014586884495346902
2b48e2cac369ea2abb17921a610162bd33f74d68,0.6381016401576945,0.11463638140910488,0.08975658020898793,0.13549053959823606,0.02201485862597663
2b95c79271040f8a030d774286ad44053ee16b9d,0.38605356391175555,0.0918850873725984,0.4459265450701647,0.05442475071515124,0.021710052930329994
2bba32730836833faaeb1a263ed29ab4df5735a5,0.6300053135266916,0.0795089826219117,0.22535838889092644,0.047700162455932775,0.01742715250453734
2bd8ed9333cd7b9864725f1742a689df365ad51c,0.43926266331727204,0.034491175735354714,0.47097574815350013,0.04074181676968191,0.014528596024190973
2be0d207f3a86e11d08edc1188508e1af1d63fb0,0.2188560934087188,0.460083528422,0.1823494561836567,0.08551646776976082,0.05319445421586365
2c498e330e035ae446ecde1a08bbf4f9598ea178,0.25989436425039236,0.05961797383043626,0.6170350193450103,0.046829984068990686,0.016622658505170283
2c6451ee38d8ba82c2d43d23ada828a269ca4116,0.04718185338870783,0.8752823989160963,0.03600462785081352,0.029533716123394168,0.011997403720988222
2c966c3f4143d9c68580bf1c3d404a59137ae609,0.09922704817910964,0.7506881222789628,0.07458228203245787,0.05510092312503795,0.020401624384431962
2cada7f16de01df9295a1b644efe5c619ac8a2b2,0.2066569659442947,0.09468859589811839,0.6201694654382082,0.054305122506914834,0.02417985021246406
2cae18f86c326b0eb16f03b0aa9c75818a977448,0.2598019977185442,0.08842806675881601,0.5833733524717851,0.050368832913341474,0.018027750137513145
2cc876deb0920ade25c16884bb57a0aa8359c43a,0.02388361943760316,0.9475326509003382,0.01358517295676592,0.010027649448498866,0.004970907256793926
2d2fe22b39e39e7bb306d5e84dc9f9c4d470114e,0.07590115442267577,0.8401647363191276,0.04551268382230627,0.026300353265440373,0.01212107217044993
2d9c99c1154e7e7bce3b3f191f4d828672ea27a6,0.34679879678625364,0.04459124207493492,0.5589045183845658,0.03424749006153273,0.015457952692712875
2dff481ee72ac1bcde6262b26c372a9e8b7c7497,0.5803316509094717,0.05524910705273025,0.3147085936076794,0.032508516982145755,0.017202131447972856
2e543d501ac8b6dd450fef9425cae55ff7b50a73,0.3834866123348151,0.0713252248740219,0.4940197968517348,0.0345363914618587,0.016631974477569318
2ea80316710f886c245ae2e2d45915567e548c7c,0.4332050755080632,0.0544122183043969,0.47042283745669067,0.028972606578293914,0.0129872621525553
2ebfaa78df27a0a64d26bf6772757307c9ff975a,0.2199790695672898,0.04243419080557919,0.6864669840603663,0.03368970499093073,0.01743005057583399
2ed11ec456a062d53dba7f7a9d57534d12acdb95,0.5656151379316439,0.10956295413204639,0.16994410732850937,0.1310639294633769,0.02381387114442338
2ef825bd7e0591e0e7cb78dae66ce5a2b6c40f5d,0.2360081322530952,0.1503992860930389,0.5302027258218254,0.058055497737073525,0.02533435809496704
2f011c8fb460b9dd5e28275c0362745a010f4ca8,0.77383369152736,0.04542680976087269,0.12921376070566182,0.039212278101630166,0.012313459904475393
2f508eb79e87d75611f3ddba309163ce9d0835c8,0.04832182632835651,0.8841357218189237,0.036991254990927466,0.021016840715576596,0.009534356146215919
2f79ff4c3493a02edea1636bcfcf555b1bf7d64f,0.5514277409321419,0.0858318992260368,0.29408555046131557,0.04902800384062784,0.01962680553987792
2f85f84d5136cdf6e1ede869b0015b7bfea6b800,0.031365926213793756,0.9303805513315723,0.02010695512638875,0.011513717921342096,0.006632849406903056
2fb671633b2e8316879cf56b830a57c8b33983fe,0.7988288051263144,0.061957250681767564,0.04722137280174925,0.07977021110017474,0.012222360289994242
2fbe2ccec11883bffc4a999febefd5f09b871424,0.05058000052610835,0.9010218075748279,0.024547413597184098,0.01645421815387076,0.007396560148008872
302994572385583073738f971152dc77783b528d,0.6656166325866512,0.1723366481636844,0.09505117837720345,0.05017505417392383,0.01682048669853713
30bdb11d5166101e7dbb5634d71c2575b6e5f54e,0.6902873410497935,0.07826736280839308,0.14443586003037795,0.06578384556346302,0.021225590547972444
313225e9af2ad60d37829216caf4bce04f23ea92,0.09152324389140117,0.8216328549546572,0.05218628296561963,0.02261072130440212,0.012046896883919628
31964043423a074f2a221988df0c76b5e6b8f5b2,0.017660946081333662,0.9624714904815579,0.00963441397515912,0.007049025555738707,0.0031841239062107016
31c938d5ecab1bf0f1c4e8082776f0361a50f27d,0.1272417354872899,0.06295183640424618,0.764298043489074,0.031053055471751093,0.014455329147638677
31f73e02023dfa2d1e29e8ff41fd9b18c79878c7,0.16453229248813792,0.6603561122011214,0.12037861753531874,0.03803455087278051,0.016698426902641464
326da275051ca238a24ffeaf166b24c00be6216f,0.583903852921099,0.036361402583736664,0.3364319937167196,0.027938738598351647,0.015364012180093077
32f27dc369df8e68abab72fede10e6a6ed9ffbfc,0.48117693092381414,0.06547972388303917,0.4048228247711083,0.0350868396003246,0.013433680821713818
33892ecb8c7c790fcbc2105f390c491c08963ea2,0.7006126784001575,0.09107446372811513,0.13143120273824227,0.059587472473213304,0.01729418266027189
33a7bd491294f9bd4db119b53c5ad00ed70bc6c2,0.4524926581881663,0.14578414264634265,0.3059964314852618,0.06411053475044443,0.03161623292978487
33b2fcf2f8546fae425948d41785c784da14d6f9,0.46374129158467364,0.07000778680914838,0.4011914034665172,0.049474918211332826,0.015584599928327805
33c00e4613dc29cfd313ec0b072111e354130d9a,0.21900140523518438,0.07009964177147845,0.6516097471408826,0.03866664680696445,0.020622559045490093
33c58ca9d55b9898c0c1d86a2321bf4da5e1f0c3,0.521084450052502,0.03277605434072914,0.3871110143291041,0.047193466311974984,0.011835014965689653
33c989d20b0b8cda8a03f2f35a54c9f20d4358ed,0.2870148185662223,0.031267252716239834,0.6514307056092936,0.020316020355591734,0.009971202752652564
33e428a439707970edb08701626948e828fdcdd5,0.3298507429983755,0.049103002674488784,0.5722014831106867,0.03504546241357185,0.013799308802876964
342f45fb99ca21761635a2554f6874290379264f,0.3701974159200609,0.2519791428351258,0.2381054166782565,0.10296298083611814,0.0367550437304386
34c01b50cfbf61b078e8b418bbdca0a04a3748df,0.5503181417394993,0.17761141565298832,0.19180426472789608,0.06028984883777988,0.019976329041836504
34c47b3aa1a1f73b6c8b2ef6ea2c5b9dc18feca9,0.838960334482379,0.044702411270044394,0.07275196522096543,0.03458832431023851,0.008996964716372596
3503923351a4e5b9f1526ebe2bb91828008c7ba0,0.04875005097641546,0.8866665125458756,0.03156994390017386,0.022563346703469944,0.010450145874065122
3515161f7bd3c88c82fc4880721c119c8b65b6a2,0.18541753419399437,0.6218650859750181,0.0851720458630092,0.08217842588068401,0.02536690808729438
352512f17d97d8c2ec89b553c49d9b66b73cfd29,0.2779305830399914,0.0903241759837501,0.551665600485986,0.06447986393395247,0.01559977655631992
353f1104abb19365f64a32a062aee01bb7b736ef,0.31551634848969273,0.09493617500216085,0.5365894331709051,0.03523089529567245,0.01772714804156891
35cc4d648238374926f5b1c5dba18f64a62aa3f7,0.06733940260437203,0.8125406731716869,0.054352711955182396,0.046264221219139166,0.019502991049619545
35dcca283f314298e197346f79866e31c4c9a806,0.022804468778968766,0.9499318761877937,0.013435002926287493,0.00940565228317624,0.004422999823773987
35df43cc777af342d62d49720a39d7cc544672db,0.7198730790561956,0.08167192689813446,0.15394121149646253,0.03227485410064546,0.012238928448561929
35f111d0e97cc60de6b2295b0dbb3bd3c185cce6,0.05165107590162923,0.879098400227608,0.041814203139447274,0.01851613871722711,0.008920182014088477
360dacf49e0f34b5d7ca48bbab59ed497f667a1f,0.16409605831631124,0.6010848376050153,0.17020321639041713,0.04394978209412247,0.020666105594133784
3616b750238fde10f0af92b39f8642ed04f4292d,0.1324878372069338,0.03939631166761748,0.79227788231991,0.024582531735743218,0.011255437069795376
361806eaeeb8e109ee70a5a7682afb4c62db6a6b,0.08277168926095414,0.8338398023432758,0.042760874366779916,0.02656329685352353,0.014064337175466698
3667780549f63698b6bcda210f734afe6f00b6f5,0.4231963858374861,0.07360044590017595,0.4398716417450324,0.0471765240147362,0.016155002502569363
368581ce89aa3d42dd5da5b819eaed2a7518d5f8,0.32877421257215006,0.07544349160297913,0.5354186396232158,0.03771930701477556,0.02264434918687955
368e350eda45f3d79eee691af6eec3b5ac67734d,0.6797130853409887,0.03175469176178041,0.25775053981362517,0.02173707453444233,0.009044608549163358
36a25b2cd071cd97e370fe277ecc4ac8143298ec,0.19058366182744832,0.5897472953893517,0.1506163187831919,0.05155713969709851,0.017495584302909605
372a5ed3b413fac23455e6f6c7b06707653d3d73,0.46009794457521846,0.0494484099631126,0.41764871957042343,0.05393149458179199,0.018873431309453514
376e988ff1fcf958808647649e2cdf3d01ea4602,0.21938417456216622,0.051215248580881625,0.674546757656175,0.040145756018959686,0.014708063181817423
379e9ff20a7faf7614ccfbcc1157a2ba9c1649df,0.1232798524497989,0.03823751391662214,0.8035795523329664,0.024301658560653097,0.01060142273995938
3885298536c50c15602b994f492a3160010dee2f,0.028711098282325407,0.9348114398470007,0.01564196891724434,0.013708075338877765,0.0071274176145518925
38dc25352f81252d7e3e6510f383867dfac5c1c2,0.5095289443354925,0.039605823481540146,0.4155636493588749,0.02436076339469878,0.010940819429393721
396d208d43ce393a6dccab5756f7277841766af2,0.19841869364010112,0.03175007411760547,0.7293478746337655,0.02928647829417562,0.011196879314352242
3970b66161631251dbe027dd83cece64dd0de64f,0.6869858566190306,0.09424433371931523,0.11547137508703963,0.08064833795581366,0.02265009661880102
398a4144007d77ecf3ec1c1deebee3b6f4cea7e1,0.8240546691136791,0.05136216446302379,0.06736650221881528,0.04466794292435583,0.012548721280126029
399d32183389be62b9e3e781c566f30a35c0aef7,0.054456873114498,0.8848330099152759,0.02885510926606768,0.020924740757427267,0.010930266946731288
3a1253a00f5dd488cf15f8679bab5ef457a3a969,0.34112866135667214,0.07133077270482549,0.5163759014039887,0.05045629281685653,0.020708371717657152
3a3f9fbb047cfee35b1f0fd80ccef2c4f6fd1867,0.057901618664430575,0.8633136342003863,0.04096630950011628,0.027535512471717233,0.010282925163349764
3a4658180642cbe2761195b9b7780b1fc18b0766,0.06505179169777632,0.8204457129622378,0.05522453586086402,0.041334999118357384,0.017942960360764607
3a5d3d3191b1a854703715c46186fb9122eef2d2,0.24630161244375923,0.049273588624347345,0.6722894684174574,0.020939534257621045,0.011195796256814945
3a6f248cd6c1eac31bf2c6ca7d6686f08a259b94,0.7106046360863667,0.08053889800264374,0.14790959453471672,0.04692786190877262,0.014019009467500367
3adef46c0ad4a98d53de3f6bcff7507e9adaa103,0.0685118989811956,0.8551182304359765,0.04052166821231334,0.024754554669246857,0.011093647701267719
3b0a48a292ee2314e553b3ae0e9fcfe5acd82924,0.3975261957878238,0.07399822039944405,0.46056104563006256,0.049930590338994614,0.01798394784367507
3b2fba8eab2d0c87c14342ab93f9593833a58ccd,0.30002502163341815,0.11047318774939598,0.5084572672506007,0.05645060426396542,0.0245939191026198
3b4fe73c7a6f4cd4809eadcc3a8ddd5c26a7b329,0.07812326861704594,0.805582589705702,0.06518998804690544,0.033620250245796825,0.017483903384549804
3b66c5b3641287eb6bcfdfaf1432db339d636699,0.06012514377418795,0.8619308757226127,0.03666719459334098,0.02878799605894087,0.01248878985091756
3b99fb4e5cdd412fd4a195cc34cbdb68f95023d3,0.023194074923766003,0.9466773173702393,0.012962378639064952,0.011252915723593193,0.005913313343336558
3baaafacbb8a56cdbf2f0606aae30356237e7a36,0.265343151340257,0.10994018251189594,0.5469261746122961,0.05646393652657565,0.021326555008975172
3bb07573a736eb7a159fc4266b7cfab3e2caa588,0.7598234967431233,0.05666493090425727,0.12747728487960075,0.04379541484277064,0.012238872630248157
3bed99a322bab956e678483c2ed0338635bae020,0.2657754410864305,0.035763507878590436,0.6605097975130156,0.028143235543411936,0.009808017978551551
3c194dad83f96a132dc193cb478b44cb3461480d,0.6013314215327031,0.20339227635843074,0.10286088080083183,0.06867509082662861,0.02374033048140579
3c2d132307838479da9a7ea2aeaf7b49bb1f0e98,0.5726049944844597,0.27660542263993587,0.09607791412096942,0.04123171068413137,0.013479958070503685
3c2fbf3e89cf8927e65c8c95dc1f965f97088d1c,0.037210310178325094,0.9130972008577392,0.02207711375841657,0.016358018055809033,0.01125735714971011
3c49e11299417669bb889f53ee69a9eac81f3c00,0.08756815870436754,0.7893743384879839,0.05360256323144348,0.04895058546907928,0.020504354107125738
3c63bba60c34b790de86d559d5c64bf24983e7d8,0.03510730468394903,0.9261214004515699,0.019333877570953208,0.01366946410050796,0.005767953193020029
3c9fe40cd16d06c217583aa70ff91ff98449a19b,0.22132933427382045,0.05014743583214632,0.6837381186763447,0.03116851233869037,0.01361659887899822
3d1d32fa2c804524e6be92202fcb61c9c6f6e6bb,0.2581135471190219,0.07397526709815137,0.6154449449457705,0.03596653311525461,0.016499707721801597
3d27f4b78d09d18c7fdab658245b1acfcdbb1ce2,0.2367891602305074,0.5123221210146098,0.1964634578578898,0.032881026747747,0.021544234149245927
3d7646aa97f7a6fd4d5d7962fe039ea0267ce82e,0.27687607772752887,0.2234918925785396,0.07906313955251922,0.3777386074227853,0.04283028271862697
3d7b8c6d5faa987683984b2e13370fac13d99bce,0.11199870233191954,0.8251921077706117,0.03112435256488005,0.020980005525054166,0.010704831807534398
3d7eb9ce8727645ee4ec20bef250e766d937bc33,0.06588019849967595,0.8346248980408414,0.046436163867624544,0.032768910208947684,0.02028982938291052
3d968ff12649d5fadfc7bb51a998e81141b6af67,0.06370831537630053,0.8276426884374247,0.05869118799309462,0.03564331069868859,0.014314497494491615
3dca37fb5b222754452768c19679c0a1e6350aa8,0.7149726166055046,0.07484483470842433,0.14586835873589166,0.04526988572097614,0.01904430422920324
3e2708a682dc263246f9339ad8336ecb8ebab0a1,0.0395170500803535,0.9061689005335439,0.02665448983909013,0.02025161214303903,0.0074079474039732505
3e4a810a0d73e508de6c53ecdfcc3db19b6defc7,0.15891584557709512,0.06989496617093166,0.7147192720174979,0.04092180654733658,0.015548109687138871
3e75e226e7455e797ba49e7a71bdfda5584c345d,0.7378778643896615,0.057867470869829796,0.15570993479346404,0.03704055120780622,0.011504178739238462
3edc14fd83dd2a5a168cb887b108488e39d07676,0.5035603422083923,0.07927895363043337,0.3459164120422708,0.051295821819172666,0.01994847029973085
3efab5e77da8308ee9d10d8377599e04f4541b65,0.7274325397548606,0.07879878806782313,0.13131032240107163,0.04652947180292973,0.015928877973315048
3f21caf8ed997cfa7908f309bbc09978d7fa138f,0.20651619728380408,0.19805177931191065,0.4717863683534294,0.09466343546052258,0.02898221959033332
3f991b7a289f5c96810a62e767d9e8e4a8506c89,0.658219098433855,0.14724958508317593,0.09679028356928594,0.06452160965693454,0.033219423256748544
3fb4a05a1d41f82013c9b5bb2162253d7ddb8041,0.4684680429961794,0.1013852192027135,0.3318686752778526,0.07230913051570552,0.02596893200754901
3fd93c73799d370d5fdd697bf21bb51a46ffc60f,0.5608244167426076,0.15512626533353963,0.16498969789546364,0.09449013245059726,0.024569487577791954
3ff07631c53fb574981f8a8566ad1df74e9b38fe,0.5169127561480569,0.045690152546576455,0.3761368148446379,0.04869843403256065,0.012561842428168084
406e2d7535778e94393ce2e5d838c09362780035,0.03244436698262633,0.9298748894985679,0.02201596525781129,0.010315098668966525,0.005349679592028078
40aa2348315c7f16368b4f6a53455fe9be5af037,0.2911733505685488,0.3547330838941843,0.14150705348353904,0.14900355109399327,0.06358296095973467
40e0e34c64479a19963ba2b3a4ca66ad2fce2a0d,0.13538405665326073,0.04152464141639137,0.791206116238656,0.021178575044012826,0.010706610647678997
4139d0cd9dd188d32c4bd09f1f615c9f8f074a78,0.354781425344752,0.06997983808289146,0.5174906847189267,0.041279263323145236,0.016468788530284637
419f3484c1d4d86a847a90dd8b750219233fc02e,0.5676082906079918,0.13051449999822798,0.11368801600614094,0.15601364715579652,0.03217554623184286
420d57cb8b69cb097e553a18b2ae5496b90fe177,0.7893355461621722,0.03341257247886015,0.12997872535601893,0.03640416853930379,0.010868987463644854
425fa2c3e26db62deeade6a465c14fe6ba7a5769,0.03133174453311738,0.9145947965155378,0.02482059250862285,0.021895388112025654,0.0073574783306964335
4266cd82b4012f07076553cbc7637904c4434738,0.033493390143708196,0.9141397676448859,0.025689677561020117,0.01769673360694206,0.008980431043443947
42748c8819059ab2e3e4a11e49b4904d18f6dde7,0.3216947578566822,0.038268126348140634,0.6055072793028469,0.01994630573645089,0.014583530755879221
429b3c1cc70b8987fbb65cc64ddbb2ac4af2e413,0.6334988305580445,0.08499967985057166,0.10029429593829287,0.1574478041551287,0.02375938949796235
42c2f1c46d8cc0e1e53d3ee5a982b6b6b134cb11,0.25255908742967315,0.1580274639741497,0.5105294982260683,0.055035590583115086,0.023848359786993636
42c69bfd2bdcd6f298cfd1d2c80a28ac3b11bb2d,0.0443391936865923,0.8973313025079594,0.03028323016005783,0.01762904375723514,0.0104172298881552
42d72fdf8b86e46185455a13c498c706f024f0d0,0.7931758083135374,0.029095618722568672,0.13391964170668402,0.03502413338944399,0.008784797867765964
42da4b38de50486157849b2a650b7450582f1538,0.12588423782999525,0.050680546645935846,0.7866696181550444,0.02428066004341042,0.012484937325613987
431fe08349f4b79dfda06907dede71aa34837c5c,0.35420135911648404,0.2025095973593648,0.3201679855337033,0.08699507043841011,0.03612598755203777
439d7e5cc85ec84ff8c5b289de3cc9418bb25654,0.6137375346137117,0.04758571902633815,0.300132628904341,0.027424273352517917,0.011119844103091215
43a4f680a89759370ccdb4593b8adee125300d3a,0.05527012591029899,0.8697487507102725,0.03846781986780147,0.024305166754059422,0.012208136757567576
43f86b4839c0ec3eb2d84e81a856e227a90dcb74,0.2744370214914009,0.34014448202091024,0.21624764740078267,0.12278283060075933,0.046388018486147035
43ffd5ed227791dd5c9851f7d905e9f82d8143b6,0.4166966261677467,0.0769034507974722,0.45851108106594896,0.033034660298136544,0.014854181670695701
44223f4d8c80798db4c67a3886f9998440e8bd36,0.33655044363373204,0.07123104615889903,0.5315995275094212,0.04247977864189902,0.01813920405604875
44a93f93ec30d799bea904fe8a6c590449bfbbc1,0.11786218400219418,0.051935646709107025,0.7952227626851295,0.02375102703405798,0.01122837956951142
44ac3f9e2b4857633860cbfb643520d2531fb490,0.06628408908823186,0.8410807828834488,0.051483647486884145,0.026933684823542702,0.014217795717892593
44f5d1ed2fc82b23b06512ed53b1b98d9b274abc,0.48958481762585465,0.04014671727237686,0.42804002831314036,0.030801473587793022,0.011426963200835166
44f5e18fed1a59fde38b7115f238e5fc874979d1,0.045671869532978526,0.9069818361633022,0.02622800683649393,0.013915459083454068,0.00720282838377118
452786c6035f1b0993d6df134bc1c59f80bafac7,0.2687592947132697,0.06400189553286241,0.6206899599310328,0.02964681323805788,0.016902036584777087
454d211c41b771239334065bdf189c9f96c24f7a,0.10243257051679343,0.7405543748168775,0.0745375217095465,0.06198108824254245,0.020494444714240168
45bb6098cebfcadc5640c6624b3fcb9631ac2b68,0.023380614920144337,0.949149280427748,0.012856683620129768,0.009977064673982636,0.0046363563579952015
45d0b1a2040340f9781bdaee64f3fc6c7901bcc1,0.027070579081065343,0.9436312084459119,0.014249957792846676,0.009698328120510285,0.005349926559666016
46d17d2861e55a2d3a7dc177936d3ab6cd60812e,0.5347732703887293,0.18872237860924415,0.13899715839357274,0.10694517371192915,0.030562018896524632
46f7d99c5024a91169d68f7a9001524b7aabc64a,0.20391412723533558,0.15090649897877137,0.5384148480944025,0.07848642523285171,0.028278100458638895
4718fa12fbae9140868d4fdbdba755d1b9b1196b,0.5044788433429713,0.07186432194079,0.3760789230110438,0.03259087737412252,0.014987034331072423
475bc2d8c167d10a9866a5220a35adf48ac6a4e4,0.056317735717964335,0.8850786366431009,0.03478456853677188,0.015204755076412557,0.00861430402575029
47732d84ebc10d114f7343b35b8c819ced7ecc7e,0.5495523579998168,0.13840554766997282,0.2077363661146002,0.07832640428107905,0.02597932393453119
4844cb02f7be947986205fd1be1e54359d5babdb,0.12391412356241245,0.11174968279928052,0.6924838710119644,0.04792483957808732,0.023927483048255184
48b701e4a229a02017217ed52c9b8e224e7e46f2,0.3282001679209858,0.10330760834769835,0.5063490081542057,0.03993465611570346,0.022208559461406662
48cbaad2e505e5ff8a6daf0e65ddcfa7b9dab801,0.1554089559573305,0.7410365648436792,0.05545946936884177,0.03071462886253681,0.017380380967611703
48ed17ea7e5054a02febfc7c5ab01ea3963d49f3,0.027229786264014805,0.9339637031081379,0.016668929007774006,0.013331258531198577,0.00880632308887472
4924991c24da1d29571b87e46a77aa26629bf211,0.041648702051553396,0.9159171297348323,0.022235184753543236,0.012566346480785142,0.007632636979285881
49332e6f1f7ababfd0fc18e396eca6de1db6b11a,0.22007067521214632,0.04785917694658733,0.694853685985281,0.025160022704482175,0.01205643915150329
49740fefc32e31129f8c9dc2aa6ff7f84f0ecf12,0.3777858205063227,0.09040311098150812,0.47439122916732984,0.038957108055144206,0.018462731289695087
49f5d3d270928177b9704551664459ecf50ee002,0.11123769218358823,0.05004472843583627,0.8040318224682425,0.021421491139624712,0.013264265772708261
4a3c5532a96ee5d9cca5495b0c891b5b65b2b18c,0.15507908418005076,0.7475617681655389,0.055554659734821016,0.02872832257610996,0.013076165343479388
4a9a5b9ce7c49ef6d3025a1a36236ee187311423,0.4687050226457994,0.11308310386011126,0.2962995417190908,0.08849105891114861,0.03342127286385004
4abffcd8cff043da06735cf2de74fecaf0708e43,0.5631597032823066,0.08873003712094267,0.2648801341572369,0.06405133216475242,0.019178793274761498
4ad2d58e8d4159b492758479cc2ca008a2a8160a,0.25411189433716846,0.41204601129922264,0.24023801583155055,0.06189410847958162,0.03170997005247672
4b1b9aaa2431e1fd6c17d0b7915989bfe28c9b22,0.01618429387805946,0.9477916578979619,0.010433271764279117,0.01725629966251736,0.008334476797182112
4b316bdcd74d1c4cd61a2f73940cce36a3e38775,0.22035423834370035,0.09382068087401893,0.6164108459303484,0.049483641255077614,0.019930593596854788
4b6eddb260cf69fa0ec1d343699edaa3c91de592,0.030649587939259152,0.914431568621756,0.0261213520624952,0.018259877156080004,0.010537614220409622
4b7f4f3ec8977c4bd930528c5a16f614edd59433,0.10812866844156514,0.041120131171231374,0.8139848405238009,0.02527854542731084,0.01148781443609171
4bc882e9e5a9a33ac6310e9e66234803cb51b2b6,0.07211470613270206,0.8453435791185442,0.0425051290521328,0.02774198284081429,0.012294602855806754
4c5fec07ab429a07e915617d597778e7d7b3bc83,0.559412390153296,0.2249683143959591,0.10226990056896106,0.09023683187522362,0.02311256300656019
4c7aadef8f8567eede8cb0690f090afe1b26c815,0.7009773584456431,0.042092254740842154,0.21329778172856,0.03235707869675908,0.011275526388195631
4c92d992f539b1c7935a2ad8919ea143ec457bd5,0.2674030433655523,0.056694553997106656,0.631936150511647,0.031094174558720836,0.012872077566973332
4cccc9422b54fc433479e10306a5293839cd1891,0.7659655802183875,0.06063693018881403,0.1087392315680488,0.048192793235917894,0.01646546478883168
4cee51b2788d75bf3cc62fe90ad2c44c35b96b8a,0.08404110534328271,0.8256457109498507,0.04767318162254247,0.03072181480976865,0.011918187274555268
4cfa6e5fd96a7e01e57d3112ad22a99bea040aed,0.06034296888909025,0.8679698640579192,0.03204333396712414,0.02671540242474984,0.012928430661116694
4d243e1434da227f8f665bb2f3f42e3e9a240197,0.2587462021877801,0.06948629830223477,0.6294601037462753,0.02888059498522367,0.013426800778486066
4d30e5726e84c02fae86f224a0bec2b2f27f0997,0.07326001355338245,0.8375522647078589,0.04525693615161885,0.025827612741738372,0.018103172845401725
4d4b0b920ca88db835c48891e2bc915ed37ddb2d,0.05396315720816333,0.8939025599530461,0.028752735531159642,0.016381262430275573,0.00700028487735557
4d991190f7265ce225ec8e954110adf7812a9fb4,0.03897239615929408,0.9080671070641481,0.030963149829917352,0.013503415801102158,0.008493931145538565
4dab277070219a9e560f549a49f8a6b5c78bd86e,0.48967078714104195,0.08009116543754036,0.37149797716758376,0.04125978148731199,0.017480288766521968
4de4d5dfb2f1584da96dcf14b1b38077b284a9f4,0.7505444576249908,0.05915664420869155,0.13946630146755473,0.03979789111347962,0.01103470558528325
4df59854dd007fb1ab530e4f2c592afbaa6c89e2,0.2777012543392278,0.10864649820227178,0.5143299549721604,0.0791908622773389,0.020131430209001086
4e5bd6e8961e9c4799618f589d470f6878326c06,0.13116189509979004,0.6305436291412185,0.1255616146912763,0.07648391395506654,0.03624894711264853
4e6c10248378a0d05b5a65f983463c558e52070c,0.03339500031595257,0.9265017638852008,0.019887516773186655,0.01351218867253301,0.006703530353126972
4eb936b5f5f9af34bce71a68a663708d05d7c160,0.7947848186601276,0.036735457635395645,0.11597311828751282,0.03921136990624012,0.013295235510723761
4fc0752c514347b8d2143130e12894fc9dc29341,0.1327357256716927,0.7542558195371979,0.07906837893681976,0.020874526407792283,0.013065549446497418
4fdd17f3d722646d7523eba88c70d71bc581b121,0.7996344248796051,0.04632572410828288,0.08486719091336643,0.050249782783991566,0.018922877314754095
50092d4f78944002cd8907b6f0e18aaa47e38681,0.10943895427659578,0.6908233781462308,0.12284986070808165,0.05673229552828203,0.020155511340809507
501365960bedde7040ab68ccae6c1fb3a9fb8162,0.12313300194367024,0.01619390521252738,0.8428736742780164,0.01223787929807853,0.005561539267707441
5016b0996b59b836fb5b7212d0e75013495fadd4,0.21876242393404036,0.03239660698547629,0.7085347225605564,0.025417106252313876,0.014889140267613048
5018c43ac36a275028ed9e1048fca60e68f1e7b8,0.2042670832480523,0.48667606225627413,0.19567347317814476,0.07556255059247458,0.037820830725054225
501b5e2676faf018e4737f586ec6e62fc385f168,0.4879084735385842,0.2661528044820727,0.18485497540795914,0.0429230538026444,0.01816069276873953
5026edc3937dc8e12639053066b8a7130746c56d,0.043912769055087106,0.8971299934993615,0.03602096866787718,0.01502412406135267,0.007912144716321588
502842bf998366359620b9486789f1e85582c4d4,0.2698069536322317,0.07315950519080222,0.5972368038954012,0.043780272842089796,0.016016464439475023
50619271d55a78bf05f2dff89cdc893c8291f74e,0.2723809277870797,0.07367221951020497,0.5952917488466816,0.04368252552693391,0.01497257832909999
50a8b92b597491939365a098c448b79c8d283334,0.4640651353591934,0.1791944070891644,0.1595651303543463,0.174034115718163,0.023141211479132933
50e24045ab34f9a06798545f90b82d7faebbab6a,0.3849802049689169,0.3265195928972497,0.1449694716902592,0.10942021892234602,0.034110511521228126
50e33fbb7c515474bb684b8312b877f75c64d5d2,0.7239246582106951,0.09729981474505042,0.10479329808187705,0.05240190211184227,0.02158032685053518
51613eb8ad494addcab281bb55bcfa4d1362935a,0.11688248906177762,0.05054625844046685,0.7948616463501978,0.026532450785687303,0.011177155361870427
52004be06c1495c8a2e8d3af7be60f4a3978f103,0.7448760848306615,0.045400186295382276,0.1457719955570061,0.0536947500344527,0.010256983282497504
521947b7254043afad5321488b45bd86bc9fa9e4,0.747317296342405,0.0785761833791469,0.12542467344763467,0.03477677309573511,0.013905073735078327
52389364131fc64749e056382f21e7ab23096fb7,0.49319134096146416,0.12706708781367004,0.2351607178734815,0.11462677350035046,0.02995407985103374
52488500b9cb9ad27efd3e9c7e1b6069d76f9ed4,0.10382910590750648,0.7948439427993729,0.058397084775933736,0.03013252531568157,0.012797341201505457
524ee4d9cd355c91d4dffe1725197af0d6918333,0.04476271878930179,0.8914658926726308,0.03349339008138231,0.02173965406942179,0.008538344387263362
52a9e8ca172d2bde982c97193a5ee5f7a6a97c15,0.2771017751151258,0.0653101634559277,0.5985846632895243,0.04184788703550994,0.017155511103912162
52e207a7301dbed444e95437b27b36f9c739fe13,0.6255565640981591,0.16013179890829746,0.10716702301375894,0.07734415723353809,0.029800456746246533
52eee36406e8117cf59be7b9906e0dd085b70f49,0.15629658208697694,0.10923063637500792,0.6640193858192224,0.05036143293078088,0.020091962788011973
52f3116321ab77268a26b15caa4b5977934d21df,0.6134437142045703,0.1960385454488818,0.13149139681065658,0.0455247368850557,0.013501606650835576
531188121a60a5fc43d8ad724fc134a921e73659,0.35616743757860697,0.04267717099285843,0.5590352937906682,0.028785109871499456,0.013334987766366949
53175daa7da6c12a02bb5d43fe53bb144d52c844,0.3347442299183885,0.07207033730608238,0.5423867103492752,0.0336316985845425,0.017167023841711378
53332d2e0363433b554581a07239a648c5bccaff,0.6897902369785199,0.07051884113489527,0.18213940157409306,0.042077621483316376,0.015473898829175449
5369aaeedb5bc24f9ef3f1bc3030397a5eee1ba4,0.6391536315148678,0.11168697001739025,0.18539316941261347,0.04650011948065585,0.017266109574472676
53ebd8e93dc6ac7e39f636449ebc6bcb84a7eba1,0.23702453696781928,0.16590711954747664,0.4893629144987379,0.0778255426801288,0.029879886305837353
53fd639b02e2f3b268a5f0258e0ff0945f01f3dd,0.09845853741905665,0.8182590393844799,0.04811218960421933,0.02106620714935804,0.01410402644288604
54067c7a878c3b58fd11de9198320fa4b253e3de,0.25597826550151315,0.4749956272792088,0.15745969085585151,0.07701307708560191,0.03455333927782468
542e0fdca9eca8f1a8ac3f759f2320f897941e3d,0.6141775801133137,0.13463397183039416,0.15982842725798246,0.07473667087522022,0.01662334992308959
54c6327ea2d922515d7163f6b7d440651e35cc17,0.10975984078395444,0.7622622905527686,0.0687896501396272,0.0397456305886902,0.01944258793495959
54c6903a8b969096bb76ec66c4a13b6e0b79c7cb,0.044838111865639164,0.9042186023112231,0.02472691039457308,0.018570079715064622,0.0076462957135003395
5503e470d7193f77e462e47a43d9f9b6b66bf91b,0.5880290914830093,0.0733997612222602,0.28895931804926606,0.03201443831765282,0.017597390927811683
555ed405d478feb0d94588bbac2b59a51f6fc4a5,0.022460810919612995,0.943708524432123,0.015089518237476758,0.011992240694087584,0.006748905716699619
558bb6fa5f377c6c25426487db900d7fda9bbeb2,0.3129818856363399,0.16466869498407935,0.3916723056864429,0.10280350723513859,0.027873606457999196
55da7de7ff954cfc1a71aea496f4ed5b9cdc8bc9,0.08887365656356033,0.8080237954573013,0.06362471694605717,0.02454035251977822,0.014937478513302906
560fae6ec45faca058217fe528498b8f3f60cfae,0.46572658811841117,0.04884239831253668,0.4459239007164014,0.026958135441195463,0.012548977411455175
5617a7b9fb9683f0d8f9252e693e44b0f056df7b,0.08906302219199835,0.7879251800818347,0.06806513778602284,0.03639550682916268,0.0185511531109816
562784ca558a3edd53d16967c5c8289e67ac2b31,0.3799850004042378,0.0960896952825688,0.4115846991393776,0.08810962917828948,0.024230975995526233
56b8911bb19bc8102fe4fd245f0de4a221bdd5bb,0.41194420857260833,0.044195128158411735,0.5012639215022767,0.028147917620904232,0.014448824145798905
5732dbb50d3e1063ee48700c04b4ecd8164ed3b9,0.4238917752314602,0.1476745176161461,0.30849538875210497,0.09256832450349828,0.027369993896790363
57453b728072b8f4ac1a990da4c20fac8ae2bd17,0.6595864504006929,0.05043467602993744,0.23706645654766495,0.03457241981359535,0.01833999720810941
5745f26be877d7bc6841578e9976b7975cb0a50f,0.29279707024246593,0.29544842037297,0.26054553388082546,0.11642231642093301,0.034786659082805566
575669e9a06757b33795350edf2ecc3dc7c55b5f,0.10810497415219793,0.7080599514163778,0.09179698198264484,0.04939257015061734,0.04264552229816205
578b9b45ee51e49001a85f9d4c2fa417109a2d55,0.6780320705096837,0.12597450685096187,0.13078483783313402,0.046396426721140485,0.018812158085079904
5799cd2160dee3092a53dc89f8bdf4fb810a2c80,0.6050215180613737,0.12911933245943014,0.1982523265035271,0.04833449422620975,0.01927232874945915
580f1261670fc795dee645c261a1c8a14473b21b,0.4040457532487096,0.05872629331600249,0.49348491486156953,0.029162935507805892,0.014580103065912604
5818195dc82ef1b86aa03ed7644cb973307a2f9e,0.7011284078811606,0.05587443825956887,0.18507705361408008,0.043853338349762544,0.014066761895427876
581978bb76e9d205671c4fccd7ca5efe25afc973,0.4041102726659649,0.09414402386775264,0.4394478941271663,0.04032260829580237,0.0219752010433137
583018a3e6b001d56495e5b2c5f0af165905c0c5,0.4398923483986367,0.12724162884382936,0.3341918765565427,0.06543552630306754,0.033238619897923656
58797486ce63157a998329605a155c6226ec4cba,0.07029036455936855,0.8234763833730755,0.04999299247528592,0.041874331504121,0.014365928088149096
58aee3aa1d94554ff57e6a053dbd60658e4890ff,0.05457801542443253,0.8925195198624589,0.028162963849870912,0.0159855980783876,0.008753902784850047
58b15b8d9ba8a56c867a26c0598bd613a57cb77c,0.162134916273584,0.04417465556692575,0.7493967992154819,0.029794289579608346,0.014499339364400095
58bf4ab284faea337a0d32107f98fad33ca5ae72,0.32377948195230627,0.09022640179032285,0.533088040498851,0.037583113507584594,0.015322962250935294
58e14980924abd6531656ef3af536852284084f8,0.13769404996836165,0.789812589204057,0.0393260409663141,0.022662823912164048,0.010504495949103167
5959fab7b3f173e06a13ced0f5aecc60cbde40c1,0.39451797798128263,0.3485213185702802,0.147264496755463,0.07046060754455254,0.03923559914842166
59aa58b5a39079b7f52fbb08f024848e4c2a1edc,0.7990171792784817,0.03835245989560384,0.1254639584922138,0.026694884259802425,0.010471518073898097
59ccdd7b9de47214adaacc2b67ce9923dc382f62,0.6020398917192075,0.02776896231409136,0.33516828845845087,0.024241036511246154,0.010781820997004261
59ee593b27cb3b792b3f4d9c7ff0509265409521,0.037964436305506596,0.9031366126053774,0.0270461484962112,0.01949864316591913,0.012354159426985615
5a2d56de8f4035ee0f63b1eb158fc1474ead5633,0.6898924727790094,0.084922477266937,0.1439510076432516,0.0667670594239867,0.014466982886815206
5a6e4698b3f6b34fdcc3f4cea46be02316337834,0.4090425444740338,0.34045892216451445,0.14070168410896447,0.08130067273134559,0.028496176521141624
5a772ebe24a1a88a37e93bb5d5e09f527a31d14b,0.1781075720295682,0.062047275065277505,0.7150014942840812,0.030402778472165642,0.014440880148907504
5aa9f42e2997030682037a7545035c07b2f9d10c,0.1229578251631424,0.026795906074146128,0.8176819447981645,0.023043411538049265,0.009520912426497788
5acfc258efd4d5fa8756ea3cbc7a25bac5203274,0.053865727948566484,0.8721169808663787,0.04021873444895039,0.02250178417272809,0.011296772563376321
5b17d138a5aa1cf2c6016e9b0aa92a893f2bc3bf,0.665931533477691,0.0829713432384215,0.18466548974206992,0.04794859752249207,0.018483036019325563
5b1ad0ee8439755707f2651b62a58eceba714a1e,0.24885435817898424,0.057159443302419385,0.6471031024093744,0.03306134104641341,0.013821755062808467
5b32610d9fb1e6c06c9a759c9325afe1c580bcc6,0.7396145602176653,0.07953751165674043,0.12057104630290827,0.04472239788493665,0.015554483937749391
5b5467b06ed20a92a9137215df91d48e80aa33c4,0.07113173780512556,0.8240399946743251,0.06190743309779346,0.028471085074436013,0.014449749348319697
5b8bbeb9a7ca0e754c4d54d25d164f9ad29f592c,0.13375728306948423,0.06188472451189449,0.752978391404928,0.03694966668427518,0.01442993432941814
5b8dbd2f3e9a7a2bc4281d4cbff969b8fc191e86,0.511595491403664,0.09669857981003892,0.3223101723128703,0.04672010800394457,0.02267564846948218
5c16246513e338b4ebe14d84ecc16ee1f87447a0,0.1290761793890825,0.7497744414016964,0.07463417543936164,0.03322298270723975,0.013292221062619613
5c72a46844f5cb42829a1f1845c3d60d72fbf310,0.21994664772707115,0.4743221894192589,0.17801253511898513,0.07059907555836022,0.0571195521763245
5c86228fe34314d82d5db352632cf55f9d450c48,0.7047890230926144,0.07861684620002139,0.15204444816984794,0.04549860976271781,0.019051072774798478
5c8cef625915c6a1220f0cd86ce0ac0dd78a6e6d,0.3882795811307941,0.0849112224785359,0.4502008611716333,0.05263206759538734,0.023976267623649235
5cbeb23ec37cd92586317894971a58371c66dd5e,0.36438518753720095,0.17342410999841862,0.23681703363018508,0.19208352014379979,0.0332901486903956
5cf8576037a8428434adf073dfa7fcdc1d4b91fa,0.22941616119461417,0.08478408648112365,0.6234560066875008,0.040999188561952345,0.02134455707480901
5d087f02d1541d434bf4a32e539c1d0d1868bffa,0.09432370928527538,0.7683451673195503,0.07535398434621414,0.0430545767644454,0.01892256228451492
5d5311827f2cfeec7edfe2f8870a2b865a07dc1f,0.6240782098453879,0.07935556068179875,0.2187488496401309,0.06126212524019095,0.01655525459249149
5d5634590701455990abe734d362c5d5c7bee90f,0.4570656554770088,0.20770803884032554,0.26949811524023365,0.040455380741695676,0.025272809700736355
5d8ea177728d8ea79812d96a27219a7d5d2620c5,0.7153551950342535,0.06680507660287446,0.17843789681611552,0.028274209223589145,0.01112762232316717
5d96d8e3f4ed7494a97ee83502cae3f3f87d7b9c,0.3485062128324632,0.08218685918010449,0.49341066719885646,0.05727359550761869,0.018622665280957074
5dc9d7f6d10704dfcb4fbdc56e4bca75400ab27f,0.19594075412250914,0.06680998438244519,0.6975001381593982,0.026780617943832134,0.012968505391815412
5e3775e6cd75950ecfb2dd52d44c0e40b59de390,0.09490489950456221,0.7690695860660112,0.07112638642683397,0.04876476368095288,0.016134364321639734
5f01334d1c0dbfe04ccecfaa6eec1cc5cc534e3d,0.7268355446051795,0.07111705767331913,0.1471723610981376,0.0421384488395062,0.012736587783857391
5f23900038a99e911753e9c154bddadb5d15508b,0.028804952668098526,0.9361577486583765,0.016790453422305236,0.012004331417445781,0.006242513833774001
5f75d7ccb5d7641dfd0c6dba3dc61942ff643b72,0.22455412787560614,0.039730304201031075,0.6944764645915583,0.027436359230013613,0.013802744101790894
5fdef434a2b49463e5cbb4a729574345647a194b,0.2549654770362119,0.13044438633352326,0.5304571803921626,0.05826972161587487,0.025863234622227272
5fe829f295891aa0dab6a838791b576c5660d6a9,0.08559782078242642,0.025645318409186185,0.866238677741341,0.01502353148975212,0.007494651577294344
5ff773a6eeb3180c55f96aa7c5e4eb6183a5273b,0.7658334342282562,0.08252016223907961,0.04964847752907097,0.08830980415372527,0.01368812184986785
604802030b06eeae31f0f9f9f44885a00a60ca5a,0.21052412099880619,0.03474949265480116,0.7189872651713811,0.02542272434879917,0.010316396826212267
605af423115f4f3a1242799fd315157efcd34729,0.14570491594717774,0.7547897135738834,0.05364400782169931,0.028579898785405598,0.017281463871833738
60a41d7436e2647a15c7d57aadaf1d6fb7e37974,0.651096946360906,0.0686655828146973,0.22793626821004162,0.0355304936491817,0.01677070896517329
60e112b51e98a607921c2a29cf2e46d57df95921,0.14906771514169803,0.06203600617119724,0.7252877431190627,0.04455376974631591,0.019054765821726036
61023bd78d026327e80ea3a76d8231e54c72ce55,0.4531610365940262,0.1511996698962749,0.24145061428659176,0.11399257345843992,0.040196105764667166
6104898c110df931c113d79fe356470934a27d28,0.059812672015494964,0.8624281895046906,0.04515987806253132,0.018681629068724784,0.013917631348558085
614fd786adf4a1876a5d5b7c43897e7fbce29c06,0.6540290568553033,0.04426122315334364,0.2531908394065444,0.036165516610596395,0.012353363974212163
617137f0bd56b49da4ed41bc8caf9ac0eae9eedc,0.7215644270951478,0.053856894099232465,0.18744724250135417,0.026942592203231436,0.010188844101034145
617227c2d4b80a8f4c20b82535aac34dfadcfa17,0.3179346769321676,0.2837665954726203,0.30536339360042375,0.05661505630995862,0.03632027768482972
618ceb1dd4ea60b89c8c921896c37f3dcf45714f,0.19927574209791202,0.4136034128372777,0.3047910521348798,0.05840370226527024,0.023926090664660248
618d36b105582d3ceb1bf8b194f99d9bd3bb2e02,0.296601983469277,0.3598853979480992,0.2018109056536699,0.10676146390180621,0.03494024902714751
61b4d23253eecd6cf2fe1a8ffd335d2e5f937810,0.2594319523341943,0.040147404996304564,0.6595910628799638,0.028438390414858336,0.012391189374678873
61d337198d7bc3441d0a5ca14d17c32a2eb922a3,0.05476127902404346,0.8831498504576898,0.03573225411943113,0.0176096798124355,0.008746936586400137
61f0326e3ed61b418db3656ec18884cafa1e705d,0.08503135805578887,0.8102369254094741,0.0653532805665124,0.024303888312768925,0.015074547655455801
624320fff44f833c1c8296fb299ab6825c2c5b42,0.03239398283331259,0.911672952067157,0.02652908535510237,0.02010255298274277,0.009301426761684974
6263d9a1596e632b0e35af422c6c7b7c19319d34,0.5354945069849621,0.078048998124813,0.32514483403484384,0.04683261028553107,0.014479050569849843
6290717e64a93dca3056942ef52034b12e2e0891,0.034965628039127596,0.9223574919819786,0.023951510564682386,0.012133865313213437,0.006591504100998116
62e30da20c6583c451115b772c017f0ad8837eb4,0.05344343468737791,0.8821720272328869,0.030698120723794096,0.025200541332737064,0.00848587602320387
62fa2d435fe7c8fd8c397d9203b0efed7702eea9,0.3908417595704247,0.23557827295867476,0.08322233383662836,0.2578159976547441,0.03254163597952813
633d378a5ddbb5f2b7cc63788a66ba8cd43591ab,0.02446849289453119,0.9185277068441339,0.02448889448754532,0.022255062851636725,0.010259842922152844
6357380f249a669fb4943a25c1f519152b9c3bf4,0.02251194421147096,0.9566047615392772,0.010728445114307249,0.00665483251116616,0.0035000166237786497
635df35717a0191c013fc3eed105d72f350f89e9,0.7316477846618,0.06367656384476539,0.13414417864406664,0.049053852221858596,0.021477620627509263
6360d3db5c148abb44efb1722f91ee852935b23e,0.03948559257670474,0.9170493320954171,0.026628512387588205,0.010646075265857249,0.006190487674432754
637dd71e973595ece26e0c25f9b2a93f4bc494b3,0.042231784097114866,0.9106580733968943,0.027079067684550536,0.01282982210563821,0.007201252715802149
639cd49dede254f5fa9b8b5e95f15a6118eadf03,0.2299505780592856,0.034559376718760755,0.7045107650987632,0.020860237002968424,0.010119043120221992
63bc19b4b88d7bb78c33368241e3ecc8617012c7,0.6827825060751964,0.07893782114967515,0.15685582853015484,0.062425624677482826,0.018998219567490857
63f56c8cad492e08f889b57e038a78e5557e5254,0.6727870554737585,0.07113383389169424,0.17926595463040554,0.057333477498597275,0.019479678505544266
6424e559f393310c073f4d6fe7c78eec68a2e4b4,0.42478456893085464,0.12462590620350036,0.3546160452786009,0.06816428882167826,0.02780919076536579
64871a0691cddf644392c9d099016c4580e226fb,0.5967099747298626,0.13616220276840404,0.1773430349360129,0.06882262157518244,0.0209621659905379
64a93a8c68b5deb4b10a11724d4168953da105d8,0.03578303314890609,0.9230976952873974,0.0238473575293495,0.011793314544369039,0.0054785994899780215
64ac267142e26e3b5fe2faf8d8a52a92bec46034,0.20684976339446454,0.10834711620089875,0.6225790877312275,0.04059698143663108,0.021627051236778216
64b3100a90d7b579b4f66545e43c10fe9c0d8d42,0.26941750945711335,0.05031979455050006,0.6382159216024936,0.028863781840386044,0.013182992549506983
64b8e10e63d628388b011950c876f16442751bca,0.17244799959564056,0.09413443784692184,0.671937832840313,0.039264347927364926,0.022215381789759615
64fa4e7b5eaa2a99c56443b65507159d60e1e960,0.022582569664174518,0.9569799817243537,0.011289095238089146,0.005814683659734686,0.0033336697136478037
657815adacf02df2786a40af37c538fcfd4888c9,0.6508873527430661,0.0635679638214457,0.23879988266212843,0.03181132326967505,0.0149334775036848
6619b1412033a3a2101a83acc0886e7e5eb4202d,0.24195631851156355,0.04680166189403614,0.6544655199954966,0.038897913067815766,0.017878586531087932
66233feabe9d6522180481e341a021a46f43ce61,0.8405886390921,0.046697429114687126,0.06711201314988913,0.037829513609895206,0.007772405033428507
666d159ddea5ec0bb15462f9c781fa72fc2152ad,0.3056926112719102,0.40603183303443824,0.14555873482656892,0.098746878149554,0.04396994271752874
66bc5c0a87bb4f42fc38fed7345879c55cc91a6d,0.5250305956041038,0.0652100782648394,0.35527513898815966,0.037864263528541296,0.01661992361435588
66e3665d6c0148cc17e299050f744290b8a3d093,0.1446200551659368,0.0686033110247398,0.7212334762672494,0.044617393180985364,0.020925764361088735
67739262a5ab2475ae7180e250e62e8d3e7e3db2,0.4592665706933792,0.05208220891758612,0.4447331537958894,0.02529918919870966,0.018618877394435584
6785befb8d46eba5ab121260b0712c1a47d7f5ea,0.1898577118493795,0.547484678930014,0.0747726720765597,0.12894736345663785,0.05893757368740889
6789d7f08729f9f8fa244f46b6a7bed62f5159e5,0.027911006786250185,0.9356575819655729,0.018610767576671374,0.012676363749365257,0.005144279922140166
679aa28fed2eb1a03cbed1fe216be4df18fc1712,0.8438631168312881,0.052658905186644255,0.0713238843935102,0.025512606081732985,0.006641487506824322
6882c98a5a411b163d838e9aea148cebd5aab5c4,0.11026769518347758,0.7543929602315038,0.0791141793649518,0.03931866921401164,0.01690649600605514
68cfb4cefd190d64520200428b1a773d5ac65853,0.781702010268922,0.04232889166642268,0.1360777550225539,0.03171901418958248,0.008172328852518873
68cff36caed2898f19953a94b3aed78b29116044,0.05363461391382951,0.8826822923312821,0.032119327427907664,0.021012894041808172,0.010550872285172453
68f2fa12b2724f34f4a5eb70f9a9d61d32cedd5b,0.8397523744383043,0.03297575392880458,0.09678885137694151,0.022868868759242277,0.007614151496707414
6921316307f25e1f070c18a393f61ca57040842d,0.038510501838135223,0.9093627613081415,0.02818085295076191,0.013556515637596083,0.01038936826536514
6924a0be0cfb962389189d06d94520969f1edb6c,0.03440831676385378,0.922261771734679,0.022910374583126416,0.01307348869346055,0.007346048224880317
697fe27651f3e320d31b68f340d284f4d1ceb3a2,0.2794098268774581,0.4568505169647417,0.1633434838629526,0.0754033385135649,0.02499283378128266
69bb74d66efe6e02fdc08fd29a1ccdd84a09db62,0.37649925236119014,0.10336876067589212,0.4518353370942435,0.04915264879832061,0.01914400107035381
69c800368874c2c6aa0a05203ca693b518288bfc,0.20658905811927442,0.07808316689876985,0.6670794363819575,0.03308398495575526,0.015164353644242864
69ec582506cb25ebc18e901e321f06fd9013aca8,0.03117801401402943,0.8996332516338544,0.028029177613862644,0.02919861159771296,0.011960945140540604
6a1392c6a0d3ebddd1de6e260b5862d1a572896c,0.5457783346849755,0.08241102647533863,0.2902259590570691,0.060910133421474943,0.020674546361141796
6a274eccab7892485536c065854a6da4b496a625,0.7456709116101767,0.05313189943487556,0.15276400598201736,0.03616239395298374,0.012270789019946693
6a58f97d959a1a061cc94e0ee613986c7d017ad8,0.028193711851450694,0.9225579802733476,0.024440970616330698,0.016597890957913673,0.008209446300957211
6a8a58f0394fa1b8b9fa401bdd88d3d103fecb47,0.5776011453179477,0.06829522782790076,0.29672559744617033,0.04216624904733918,0.015211780360642095
6afc6c4f1d14d5569ca59ec6a8366f24617cdc49,0.5401508791371531,0.043314756904739515,0.3708909838221473,0.03075959925303451,0.014883780882925694
6b0cf9f25c17d4548d4efab83260f8038a6de4ef,0.10016820366918615,0.018048978001562188,0.8576154515704376,0.016167766373733718,0.007999600385080565
6b262ee93120e0a1644994735fe7b346a3a2225b,0.3600789538736225,0.09029483838443171,0.47363314383919103,0.05708008940865494,0.018912974494099857
6b9453518b7e7749cff874b821f8d104f0a1ad7c,0.7062275558965588,0.1020532606745118,0.11257179777917337,0.05860882144328214,0.020538564206473788
6ba8844ddadcac56422e8034a0425e7747265d9e,0.19590442236911218,0.5979047368758595,0.13533962506445846,0.047024373775670175,0.023826841914899675
6bbbf6f199215b285ef61d9aeeb1c93e9c560864,0.20982714298316493,0.04899065503537428,0.6966423474019398,0.031014724521502425,0.013525130058018751
6c235a74119d55dbd3559b0b7d1bbc04e9f787bf,0.6835439208052049,0.05669329068163827,0.21115747934243378,0.03489630680744767,0.013709002363275416
6c923170e43107bf80cdf29d092a8e2fab805c30,0.027371399559854525,0.9429468363568403,0.012539797757719113,0.012047722729565715,0.005094243596020287
6ca7be5ba4e89977b21edcdbed449805b7588524,0.05002598166697931,0.8695067989750349,0.04335931262963391,0.025200812357437468,0.011907094370914575
6cd87e2b10f1c509ad970c519843efd4fea963fa,0.24738491089117673,0.05254758928650589,0.6620166166767738,0.026942401839033885,0.011108481306509847
6d2bcb3ddb35a2d843625a75e0b35b3d4e334c54,0.6407214969389654,0.033945351512347975,0.28329446926928215,0.030517123725130896,0.011521558554273567
6dceade8d897ae6d1a852562410c6b3696125d05,0.3008873142078902,0.4763278661206722,0.11842920076274475,0.07737004424153511,0.02698557466715767
6dd5e61f60beff3e1b431d679dd5854f6fd8dd7f,0.3207368398613277,0.04997602938807172,0.5868067639773699,0.031123789805913803,0.011356576967316793
6e21bfa733cef237f87765595749641afce188eb,0.03889963054353304,0.916354595437411,0.02378469731514428,0.013243446662142524,0.007717630041769181
6e7c9c3cafdf89e02fa3b4a3d5615574bf778123,0.4830635035460905,0.10058021809347414,0.2680842711991659,0.12666932751795093,0.021602679643318315
6ea294001b6f78003b2e13e85b0252dfe7105302,0.03983028602705462,0.9251529607281678,0.02030831956126876,0.010393433301128603,0.004315000382380144
6ed4417d3de4a939fdb48b3e110d9e5e8b47bde4,0.4481065907574204,0.11833569032988776,0.26037895213834855,0.13342976469161164,0.03974900208273161
6ee12308a614a08079b7e7884e9b154437eced0e,0.05791918110415226,0.8769337485857738,0.03515015201636351,0.019723705466718085,0.010273212826992291
6ee3c1053c82b37f43a87086e0496f11a1cd9fcf,0.16015524123179986,0.08900257380405009,0.6809181718190067,0.05193567932986806,0.017988333815275318
6f1c14f17352c43f8f613478bfa9094fe6081c95,0.7245863887470112,0.05971719787706102,0.17626154400174449,0.028603833045856383,0.010831036328326762
6f1d449838e0268bcf3f98b1f75599acb264606d,0.1212180025803256,0.7111424796076524,0.10040382502851639,0.04222875766359852,0.025006935119906867
6f2b7f26b1a1f59e014c572ee6f38802da8e5974,0.3049599528977676,0.06902788316936906,0.5200477816145394,0.0855038487299925,0.02046053358833147
6f487919066078ae5e2d08c7e2b4f593eca6b3d6,0.05383561363279812,0.8630799089056145,0.04005982429284778,0.03082372575681859,0.012200927411921091
6fca45a91078b43e391fa3181c2d12643fdb713d,0.6902587066886717,0.06280830111144833,0.19486043682818413,0.03651946755897811,0.015553087812717794
6fd8d72582414959b81f736ce615be6460be48b8,0.8147772342964124,0.055806792639910945,0.09049469856236428,0.027507955681707975,0.011413318819604328
70c478677047b4b00cecd462c30b55ace1eb086d,0.6694410059998724,0.15403440503799862,0.09397143829452667,0.06349278766683246,0.019060363000769874
7141cc0565e4ade59694dea1fc763addd0248c49,0.06495051380885855,0.8719002311656127,0.03752547980373921,0.016063271860597163,0.009560503361192551
71a2a1345d8a2c4f0207ce2a3dfa51f4b43a58cd,0.7842112293038732,0.06882639075362534,0.07815252213956445,0.04987462184953161,0.01893523595340546
71b9276ee4c3ee28476615bae7af34d619ab1650,0.35649728842489503,0.16661378201222077,0.3647101804337106,0.08765018901146891,0.02452856011770454
71bd90d681e50bb0e10723525ed6c5ac126503e4,0.1331357669320899,0.09726573394333134,0.7068530955152342,0.04152803459048408,0.02121736901886061
71fd4d43438e740869f1302716a03863d57bc88b,0.07227394744758152,0.8785433597673937,0.022779943647745132,0.015551525046431184,0.01085122409084844
72047c2ecc3dd679c4f0cd8276612934114ac56e,0.595962829598444,0.08220614121039473,0.2544064558636184,0.04984080534987354,0.017583767977669234
721a31c9ac2b94a4e71f0680efbc0a8a48388f89,0.04821228188191207,0.8621646015049073,0.04068749142662196,0.035872801744538094,0.013062823442020784
72239f6ee95fc60332e5551aa9210cb7a412cd08,0.30087160367990584,0.13308934496723102,0.3753929360029155,0.1384254406017237,0.05222067474822386
72562d5df82cf681a20660315014691be110e15a,0.4022921109101267,0.1034756556921473,0.4464385427013959,0.03345194873856641,0.01434174195776388
727432189a618542e8c5f0279d02042fbf38627e,0.6438612744893163,0.15897373382232433,0.070093073435518,0.10846249194673155,0.018609426306109837
72b0721d459d10fa5f3fbdbc54890e7fc4322857,0.290979899853002,0.06463063513525989,0.5955468842820157,0.029759363134146535,0.019083217595575835
733b492f2dce7e6a7431535c9ac2bff218ae7310,0.55156366772267,0.08342730419748369,0.2993518798435024,0.04646816911453054,0.019188979121813325
735f520a7acfb1da864d7ed41eb9ca907018a02e,0.14924493428130628,0.034727433803682525,0.7741563788858193,0.027801846782155002,0.014069406247036982
73758ef1f2c1c88bfa2460e56c1014d9cdbd5bb6,0.7121439692100533,0.11211359669006461,0.07928065209490243,0.07593092457684507,0.020530857428134514
737e9bc0682fa0c1da5460a75c38d5b5fb9f626f,0.7236229653440062,0.05558631093006163,0.18417860328718225,0.027082632882799693,0.0095294875559504
7391478a4a6cd67e15d01e0de0280028935012fa,0.3281263631770639,0.3227030219978327,0.2188627195964395,0.08408253477034101,0.04622536045832297
73b484b59fe8ccd1ea387781cfcb307f64626a04,0.22436790967642342,0.11853326837404088,0.5866317341277918,0.04198874976134451,0.02847833806039933
740ddb0b1253eaf5a8f694c1561aab3898f94236,0.560815837118316,0.11563239644511485,0.21389029596844428,0.08610173139169822,0.023559739076426844
743280d1f3d59a6fd96d6bab8633f94eed8de854,0.208286741619889,0.050784547579768254,0.6969393644129971,0.029156065055717086,0.014833281331628543
745d2597fff1e7faed78b9bfe5fd7078b2e8ae76,0.7715373645112827,0.05149086608343896,0.11460448602166723,0.050182066454800923,0.012185216928810265
7460c0dc2c2b4409c875dd838a8ac4d0e7640c82,0.28470789127853885,0.37882731544549664,0.2557640592642874,0.05047098447609967,0.030229749535577284
74d4900964a84fd9af5d4f67a4d7ff23486b046d,0.6002496249673097,0.09129805220684226,0.22777865709189787,0.061680679829127394,0.018992985904822856
75174185e289225d5ef42a17ff7541d79409d81e,0.5590725982004527,0.042269044216342595,0.34208202424611295,0.04294285558360633,0.013633477753485453
75380a38f0bd7cd8b49565a6c79ac63a7e7a0d64,0.6802992357070408,0.04312164674871216,0.2457241180721748,0.02231922262745653,0.008535776844615721
758cb430b7a1813d360d9183978d8317773815ce,0.5894538745283876,0.1614336558925587,0.16257719135450538,0.06452424711876859,0.022011031105779736
75c582ba616d8f7bb3bc0cbe3a0f2d900d3fe25e,0.0739824855042579,0.8581863421024043,0.03736635333488623,0.02299216924862608,0.007472649809825448
7631d2a4862b8696d037be74ae03ca6783d2d02d,0.26009774929477003,0.4575622304673128,0.217254910449979,0.04317770663082325,0.02190740315711502
7710932bde4ca0ccea17ce889cdc9a97eff2947e,0.40987583800538063,0.07390238877141411,0.43495484220365754,0.061194089062517366,0.02007284195703049
771992f1d27f0aa23708611b5733980796971e89,0.6486993274201094,0.05285287563938749,0.23767049180825273,0.04360152503512592,0.01717578009712445
774e3340401efb155d9fe6b6335d82daa423706f,0.6452843490439717,0.031846028985986784,0.290433823636369,0.0216535285264676,0.010782269807204875
77a4a170e752706645ab29dad6fba028607ffdcd,0.6154188391866554,0.14991560662985656,0.10807008320786561,0.09872385088927961,0.027871620086342922
77c028788501d4cee3d89bdbc6df7c88355db164,0.5342665499253589,0.03284365749570228,0.39693656734921434,0.023595173633227492,0.01235805159649702
781b31cc1654baefc49002bd7f5f20fd6f06ece5,0.8383443418740386,0.02602667671512479,0.0811506961420282,0.04473525254557663,0.009743032723231987
784a31a5aa4c0a985c8a57178b4f926dd0d2490e,0.059759122555593625,0.8569774402016161,0.05315426843202019,0.01985885712498217,0.010250311685787904
784d5231d4e9490ad83bc2d0e437e3b2ffd388aa,0.20075437790515197,0.015299243892946054,0.7638400443175687,0.013868003096619735,0.006238330787713575
78f5d6ab6b21bf131c81d2271eac5f741b454ee1,0.2490562467793248,0.1976723021899511,0.46262729530044105,0.06375469812280303,0.02688945760747988
790bb0e9ee9dc366865dca419180d5ccd5f4f0d5,0.7938653496774157,0.07695879903735774,0.07481735629753118,0.03981111183079347,0.014547383156901992
790ddca5decc331d39c21cddcdd8757fae87c86b,0.18613379110931214,0.025099855572412365,0.7577583072469128,0.02239916803226345,0.008608878039099276
7920d21b1ccca84da6df5d6510aa6d30300b7fd9,0.7146478245647738,0.07893446593933237,0.1326855898506191,0.05722490963469973,0.01650721001057502
794825ac8ea36a584d28ccca0e5f081dcb149b53,0.04174328467101316,0.9090434403161313,0.023303190613461627,0.017472222656121344,0.008437861743272688
796c2db2137687c4114afdf82a60921372160764,0.7049115302405458,0.06675134953987212,0.14844703582338895,0.06509435244458339,0.01479573195160964
79b06459a66f92a021e085710b3cd44c286c6013,0.19045971191975408,0.07737528086451775,0.6791185006679986,0.035530911603002466,0.01751559494472723
7a5152f7711ca295a3f854a8bde2563c49e398fe,0.5735552356029483,0.15092112522910806,0.18492204333790205,0.06913692846675487,0.021464667363286744
7a6ff39cbdda2ad3b37cff9702af218ebde5ed34,0.7978659883548779,0.053045064012766,0.095349430943318,0.04189666811528598,0.01184284857375193
7a7fbfd1cbe94d882aaa08cd5cd244fab33893a4,0.29891151469220095,0.08681861375287774,0.5601261798529199,0.03587574547602695,0.0182679462259744
7a952147c1ea570c66008cd1dd170227c064403f,0.06997543541359505,0.8338634912036841,0.056334073265896276,0.024634964297533677,0.015192035819290822
7ad9326bc9500287e796d0f23f529e2dbc2282b5,0.5057945650639984,0.054760223721645025,0.39606150213748376,0.028006357685150612,0.015377351391722147
7ade65877708417e5d7e0e781209c4147029c7cf,0.26627871952638665,0.5651121906217795,0.11342655870984461,0.037946693979498264,0.01723583716249089
7aed818a1c94c2d05baf2b2ee73b12803878e0f4,0.638948231880195,0.11258824059383901,0.1686341081233744,0.05725852960867243,0.02257088979391917
7b281087a160effcf89502a1789c4a61edabbe83,0.0526469096425656,0.8801319074848927,0.03371359634602943,0.020644423244768426,0.012863163281743768
7b431d5b6dde0737aa12f92435e0fd3d7306051b,0.07245523349843608,0.8110852576380316,0.04713168550901116,0.05358374412056907,0.0157440792339519
7b57ec1a95b89697a7eacf7247674a332edf3a44,0.04669513849123053,0.902172692640703,0.028440870804912515,0.01457478219439251,0.008116515868761297
7b6d3e6f1a05874adc5f5929c4d6d50931fc6494,0.2312811693749821,0.25374228666000853,0.1990610507865713,0.23561064250600494,0.08030485067243309
7b877dccd9212dff93e51b26105ff48d48d40786,0.765179134373022,0.0941319338248454,0.08663475256052877,0.036295504522944146,0.017758674718659866
7c3b0de651ebf290fca93f600a03a59de64ef5cd,0.04428234414106451,0.9064546781282313,0.024834804027053636,0.014468388138491278,0.009959785565159453
7c6fec764798444ba48b9e29c28907b52a9f7461,0.6944364711264519,0.05745331939838541,0.20060564650545756,0.03515898643117573,0.012345576538529336
7c9c60384f852b1018b03d72d522bbd5f47c30eb,0.32098084857433606,0.06039712245595852,0.5753617473321148,0.027642752457617933,0.01561752917997256
7ca1b27aba0d373e72143b6d4829b1766cab05a4,0.09465099065524131,0.028554054941729405,0.8522874363675245,0.016605127998334003,0.007902390037170753
7cf05f7bef40f282ee3505f13f7c8c9400c065e4,0.23123567812853052,0.04732079243997887,0.671546033901205,0.03524536815248431,0.014652127377801229
7df19dbbe38fc64abb38dbf77823f33eff95a0ff,0.01754501205804303,0.9562865669228432,0.012489905370068149,0.008862178450542012,0.0048163371985038336
7e2c139357e1aa60a9eb5f8b55704e9b8c99aaf2,0.6915574797093429,0.08580714785209159,0.12080228402576947,0.08222341470450442,0.019609673708291597
7e628d0421fcb4bb226d1e96075626288b65c711,0.0964349718108018,0.8042737164814725,0.05940955920441777,0.02660313137052185,0.013278621132786154
7e6b5bac0cd7dc4a049dd244f3ae5d3e92e645b9,0.3370295209966037,0.10091914787604475,0.4739743357508597,0.06561346581350172,0.02246352956299016
7eac2bf5cda2744a31d4344ec96acec36f0a2a54,0.04689071748213303,0.9058399344834629,0.022757957884609135,0.01695284793578171,0.00755854221401323
7ebce418a37093c4bab86409c3c2e0f428e88175,0.6754729185604107,0.08977765727075403,0.15807654158248105,0.05885418232972118,0.017818700256633006
7ed93ef2f8f44850ba66eca3f0e7cb75f0057af6,0.028630196189453186,0.9135053489893397,0.02488448230729127,0.022929952373912935,0.010050020140002865
7ef98c43fe16c30a6ccc0740ea9125f15bca547d,0.03813054373422156,0.9113157220391711,0.025782507559225627,0.016867124722752518,0.00790410194462907
7f09297fc1b6574f88998b31c1d81b3e91a18c48,0.587655757545332,0.11677703430572287,0.2183711830640653,0.05687117751297792,0.02032484757190191
7f9997156d9570ecaffc25844119687e0163c182,0.031311366382479035,0.9361667196328013,0.017274454821722296,0.01000745065602073,0.005240008506976593
7f9c782a3bb19fc187af4483ee8853f27d7ad88f,0.7070025556489109,0.023433092517120477,0.22897105669262371,0.03230691992368351,0.008286375217661283
7fa086a2728956870a846a86da4e02671eb25a7d,0.1261972226865441,0.6755862971990629,0.11706205919267977,0.05478018760019762,0.026374233321515513
7fa49d935dcbc001b9a575a44b671de14baa5812,0.05732803395549328,0.8482272398707921,0.046668365764909535,0.030430182746319704,0.01734617766248527
802bb47bbac63060cc2a31ea488a3e88e898fd24,0.22719273912827392,0.02571065332137376,0.7173497420651351,0.019830726262899365,0.00991613922231765
80657bbb29eaf7a9bb0e49ed7e8d6b3f7f5930b2,0.048895928857366225,0.9072476362277705,0.023191073469327077,0.013384065988003416,0.007281295457532763
8073e0fec4423f60bca714433d608d84f98043a1,0.28789632162900636,0.0649382552181487,0.5870981435845797,0.04587600181151534,0.01419127775674992
809931de28ac84cde391bb4184fe3cbb8a8fb3d2,0.15150213129153778,0.7044972701331768,0.083692408646229,0.03932730433225811,0.02098088559679847
8099b0a0e3cc5f9932577b989819453fc85d4930,0.6695753234772351,0.04310248129433697,0.24493930259676344,0.0278475208848595,0.014535371746804863
80a72a4970ce34d789d3bde3bdcc1897a4d96d74,0.5632269863929533,0.14191798499302546,0.2118470845446783,0.05998230166830244,0.023025642401040384
80b72ffb6209c77a1b6317a35491a2ded6b52321,0.7146205180691471,0.065609135462857,0.17449464131005038,0.030825351040815786,0.01445035411712979
80be339d9c32080b162f55e76cb3d04c646f1571,0.22298816677995328,0.06763969483834142,0.6643710428277613,0.029084330036027874,0.0159167655179162
813c5ddd13ccdd76a16ecb6ecbeefa0477e6471c,0.031109415750512282,0.9295552442745454,0.016606492827330305,0.01507889131463069,0.007649955832981601
8157913bf8aed60ca8bb93efddb90d2803aa6a6f,0.09858489154737546,0.03897020559594123,0.8349512489987515,0.018517481425008954,0.008976172432922874
818f42973d933924c2459d0a3051233e8b572558,0.7057690490318281,0.07418332813554553,0.1678238006379278,0.03822646900766887,0.013997353187029538
81a21083e49c2c7cb50a59102453bc94da5dc661,0.5921968079548003,0.046378720025328626,0.30846782984266163,0.03667647561389435,0.01628016656331516
81eee390bfa2ba4a6783bf742d7c1f5577872727,0.2943750329547458,0.5139169637029044,0.09017364062005082,0.07877808709352203,0.02275627562877699
81f4e7e4447feb07eeace7a9e61165191bc5fbe2,0.31397740635310983,0.09701045017750601,0.5355128702480356,0.037411441099079616,0.016087832122268983
81f5fc093364e94b8bd6e20ceef313e89e5a307f,0.46488323384922764,0.05699335708707866,0.43926138132202464,0.027053635536275947,0.011808392205393118
81fb4fef951ee50c5311c6f270321d2419f27e6f,0.6491811885737943,0.03931557954745689,0.27156501140225753,0.02790395832446218,0.01203426215202907
82402665be55b87f84aca36ef2f01139a704e6af,0.3912707924818312,0.04838795425182259,0.5234690322442173,0.02498970918281554,0.011882511839313388
825097219ff0a24995bd0c1990e7aad327633d41,0.37052014960407637,0.0796645664338475,0.46178901569804626,0.06832557788041838,0.01970069038361152
82741a528f701adadc471d3025bb9781b5dbac08,0.43841126607321823,0.2660693284196231,0.1856986512219447,0.07002703823404317,0.039793716051170706
828eb52539fabb6f2a63b32d3f2ae8a783f0e924,0.5420473090277301,0.10526366597852929,0.19093072752620152,0.13939921277629946,0.022359084691239747
8295a1111aafc032d6aac0577cd2ae74f2d6ef18,0.41205628251921006,0.05692934471073932,0.47677772516334355,0.03794608898361995,0.0162905586230871
82aa9714c0624a02478fcca3f7e098c1a5a61513,0.4531094314166375,0.12304328551120651,0.37354630787072984,0.033122248738397635,0.017178726463028506
82beb10b4596758f4a7f7026962e218ff67d952a,0.24614745355354872,0.5409541281825606,0.15868641122082083,0.030852036436100023,0.023359970606969704
832cc72e0de7acae91cea6cfda292a0b29a2765a,0.32071785024946226,0.04752298289811428,0.5947528207088287,0.023784882218538046,0.013221463925056659
8372eb7514a3de5ef20435e1aabf0808e7f25604,0.36986470023124635,0.0922340553959355,0.48565270215796874,0.03725513019551405,0.014993412019335482
83833f6832ba25805852cd145ae2a0a1c5ba0001,0.2119221876679429,0.04242676840325308,0.6738144729855313,0.055057536529247296,0.016779034414025347
8421b52dfc2c73a5c1a5bb5492a9093f019e40f1,0.6605402130953661,0.060987846387755625,0.22299907450342787,0.04176424428434873,0.013708621729101594
84a12a8fb9ffb82c79899838ffaa32cce933a8f5,0.2561659751277846,0.10243712722777991,0.10563400544110417,0.49961617853171464,0.03614671367161684
84a84af332d8410a649bdd889722d90fddd46bec,0.061223214986190704,0.8675634700278154,0.03907902571443973,0.022067406108884642,0.010066883162669498
84c6dadff44ba7c6d6daa7a2e59e0b59d46364a0,0.38926871217683506,0.1892530736617535,0.3155833250940583,0.07265858439239195,0.03323630467496123
851a6548977da40c3fe95f93c8fa63820618640d,0.24395702307630093,0.029842194179891212,0.6935957867689563,0.023243681713302364,0.009361314261549151
8564e8dd4c184aa8f193e7ffd7a19529a2ada380,0.5943956658160049,0.05948974243077082,0.29691667695802376,0.03586147684115638,0.013336437954044003
85b739fb368731cd3a22a740d1b08dc8377200b5,0.4110893050052874,0.13207311119656245,0.3684551438520612,0.06386982277619103,0.024512617169897877
85b9380dd8658400eddbc561f13b9e2602d25585,0.10410395210429807,0.7792292939406023,0.05798259778192687,0.03901839493044276,0.019665761242730007
85fc7c85ce292cf90c89ac9de6920fb23355dd90,0.3314499905158408,0.1293545369188424,0.432087836403136,0.07603822062508549,0.03106941553709534
86b0edba7f83c164a8cb1b597e84cbaf473771b6,0.5989737633796512,0.08769034693445676,0.24226182946575767,0.05131690527249134,0.019757154947642967
87344c94ad76e7e284ae2c6ea21f2fb4af2d6e6f,0.17697492890497551,0.6389859940068519,0.11920359998607578,0.04544540390161175,0.019390073200485053
875b40e7c1a60b0df8559f1570f8f66691bb9cb4,0.14588853215778977,0.6243309765765798,0.1376627257240208,0.0651047493559244,0.027013016185685267
87681f25a07d0a804ce9e362e1567a0d587b4815,0.31385977116354447,0.08588803704640648,0.5458895670705376,0.03724235365455938,0.017120271064952078
8771c61774bafb439e99f54fe2f1ec8a595f6a15,0.280825789544807,0.05913876925868336,0.6134630930514903,0.032584607576755006,0.01398774056826413
8799b775bb3366dfbeddbdd164c29abdef9d282e,0.30455709407133835,0.020773304534881683,0.6467835645519094,0.016929175503995815,0.0109568613378747
87b2eec153fcdc330b4c1bd0afab63e028638377,0.4284572696931525,0.14421348500734574,0.3105043675785884,0.0841005229534419,0.03272435476747147
87b3e02af79114d65b1f4b982d644dfa8ecd49f9,0.28421962261337647,0.2480215313614905,0.1334383111480221,0.21057731500927235,0.12374321986783865
880628b7c9df29b90860022f0ac69ed3cc1b4d29,0.6266622396305042,0.03927415792291941,0.29236281334592473,0.028156759147054043,0.013544029953597618
8817d1ef9dbe2964ee7ad49511b168e0ca188c34,0.6923136073281391,0.09023793381566288,0.09093792441183642,0.10478707725314293,0.02172345719121858
88265a7926dd85e77d10f015df7158e877b450a9,0.2575054087870978,0.438129072440674,0.1247959252062531,0.13669725444688524,0.04287233911908977
88ec6deb265592eacf5180b3720bfd69274b3a03,0.3135217800311792,0.06906401050642962,0.5683015724799227,0.03478958401169375,0.014323052970774618
8925998973a33a0580f4b36f6249793330e00448,0.3507559745787943,0.09303603031164709,0.4539806574309401,0.06795120780716088,0.03427612987145777
8927230a94cc87b5007f95b83a056838711a8d18,0.08463988471635767,0.8321017186810229,0.05113962863265297,0.02128594245232016,0.010832825517646243
8944fdc054984a2d284ab4b46cae71a7425927bb,0.07992158206616452,0.7865841740393722,0.08787875684951615,0.0312426695958523,0.014372817449094875
8964da0bbf32d72667b4a8a7132c59a21efb5ad4,0.7178356705366257,0.09271520556678657,0.12639410584277166,0.04680463662301652,0.016250381430799737
8971560da841654042f221f023b57627ffb3c68a,0.45560215738314913,0.025348511526872997,0.4893186189199482,0.020428279238839685,0.009302432931190029
897bf1448815e1b20b77416abcd4502baa854609,0.11546915752655593,0.7332591378289933,0.083338200640658,0.048192693732571054,0.019740810271221782
89af600c262bf0f90467ddc60a798c710409ca5b,0.37264712352869267,0.23286481557126365,0.30266865585151503,0.06732275925491506,0.024496645793613638
89b3233697a364f36648f5cc762b8871bb796219,0.06314290750441011,0.8755894848836182,0.03200699511687958,0.01990010676239595,0.009360505732696152
8a00e47d47f430d08e977673bb3aa1260773505a,0.4516053945040894,0.06516434708609647,0.4235434987271649,0.04327050695362177,0.016416252729027386
8a04bf8e4820320ed7dba53cf31d7346ac0cf6f8,0.687528958325656,0.049176378149372334,0.209488471147271,0.04040148011744906,0.01340471226025177
8aa6e6fbcd12d694dbdd004d64ccde6fc467e228,0.023463014764210886,0.9528639515294283,0.011406300042835632,0.007484973777692951,0.004781759885832247
8ac57b97d3011dd06d76b12f98d6ba6e379a8583,0.32213714218328016,0.021356789206073132,0.6338258943952113,0.014906498105789458,0.007773676109645983
8b6d5c21a1cd3fdc808991200d40ed4216fb434f,0.303391212142889,0.08197254508332291,0.5510884203049644,0.04312126044162477,0.020426562027198794
8ba27d258fde5d01ce3a01d3b32e3a77f5aaa01c,0.6901821576265379,0.12085170945813727,0.056103235709489115,0.11193576884735267,0.02092712835848303
8bac789341101abeb21ae2bc647a5ac4537d8bf9,0.3916206395206649,0.3944239297615871,0.15005917333100396,0.04658670499804479,0.017309552388699294
8bb8c2e76969a4d5dbf60a5d57eb04af8b20c4bd,0.6218770547594248,0.0505161273710422,0.27996330631400584,0.032893759525437855,0.014749752030089259
8c0d596e13f61b8f2785d18f7728cd7f59dfd91a,0.4089392268768686,0.08632787836408862,0.4359062289886031,0.046999487464517875,0.02182717830592163
8c399ef2d3cecd969018e5919f079602ec8592d0,0.4331928460186035,0.05037194041283831,0.46888143764244483,0.03493231831042244,0.012621457615690881
8d71c5e43546c487adfe2376024bca4f71f13cf9,0.28445032409736626,0.5649858458809737,0.11051288601201427,0.029057536665583947,0.01099340734406175
8daef43d6364153b91cdbc9ce110c9768d62c747,0.05233946867183919,0.8928158053227427,0.0305420401039927,0.016713463165710804,0.007589222735714656
8de16294c60318a5e14f3d75ff1c31efd33f4929,0.03248463116855639,0.925606623157272,0.023461093008080428,0.012417578094376996,0.006030074571714138
8def6fa867c1f6fa018a75d9437c96da27ebc653,0.028723972359774273,0.9405448549446653,0.01492888417571314,0.010421920800405922,0.005380367719441257
8e09bf48158e6e3f1895bedab209af94422a38d7,0.1829932202345402,0.051510285771013076,0.7143910641204535,0.035788946853149844,0.015316483020843456
8e29e7517b9d8cc0bec21b841cf4bbc2dfb1f2c9,0.6635875539979837,0.08799488939592433,0.19535598619680883,0.036308954569532474,0.0167526158397504
8e5d659c8dce795ec6ab2ed7a1b61cd39688cb5a,0.49668297970714076,0.052287598850302354,0.40521930340012047,0.02930745202304023,0.01650266601939622
8eb1126142f953756615fafcbb2cc29557298c18,0.11408653421634576,0.04305219839206497,0.8095045615940734,0.021788961762655386,0.011567744034860373
8ebd13d8cc5bf38e26fba6b558a3ebb6e425ac5a,0.2855701151197964,0.05830688949422535,0.6123616528070545,0.030509070204000767,0.013252272374923085
8eed74ac393a9c28b1553d8f19bef476e170be8e,0.1618135242781368,0.07134429061121365,0.7102822095824058,0.03953989899458538,0.017020076533658283
8f157f16224358eff499e4d516646d594376bc53,0.08511414761776376,0.7853627304377122,0.0771500449570459,0.03711020147312024,0.015262875514357758
8f21bba585efc8b1d70bbbce9453745a6f07fe3e,0.10160226722928356,0.01594061564429929,0.8470251570886523,0.026721293416298125,0.0087106666214667
8f6025914c3d077bae6b408315ada9c4838de506,0.09679064178106878,0.8028795448346527,0.06421857660120774,0.02462175421992839,0.01148948256314253
8fcfecacd3c47dafbddcbfaeb72a09f51e04b494,0.13857978280074643,0.0926819353019972,0.6880930258806884,0.056953441744717066,0.023691814271850777
8fe33e7476cb5b7f63150df082a0f91bde079be5,0.37409567795166754,0.19725189857796727,0.31967720042149705,0.08279072743081192,0.02618449561805628
9055ab4f12aad23abe3b5dafc2d48c5c293d17cf,0.19573780257505863,0.04985416145524467,0.6468787212446908,0.08789387640267796,0.01963543832232794
9066fc88715e33b69494562e2417356810a0286c,0.7918812666168785,0.036020136183012724,0.1271916037382066,0.03349313755031926,0.011413855911582872
907fdc32fd896f08a94c5b27ac8913bda5e0aaaf,0.433222847613954,0.047382582461935024,0.4798891565514522,0.026773491312929446,0.012731922059729246
90e0b14f284e0319a84dab9ba868a0201b8406a1,0.1351793017371712,0.7250545198092538,0.07601224530820476,0.04435472586929467,0.019399207276075615
90eda08f48d3f894a1ec1e7e68ca42eec7b9ab9c,0.25283635285367706,0.03576737915732073,0.6689912722974762,0.028935041584953424,0.01346995410657252
90f9f6236bf100916598e240422ed7143d336444,0.6301618792385392,0.1644098988655265,0.12002738924242096,0.06998238666715904,0.015418445986354385
910dbff5c52c1ca9c7e90f66ac8ccb6fd9f61958,0.06768535615462311,0.8604633962211692,0.045935257309370744,0.016242956314000318,0.009673034000836647
914b001550281785098ac4cb2fbf6f1d2ef65a41,0.041718806234485095,0.913799902935082,0.024418453768196163,0.01418481686839795,0.005878020193838843
914d19fd563923a99daf22b5f4bb076be008a2fd,0.06701399077023651,0.8669302146410618,0.039210893502331284,0.017417639371994788,0.009427261714375718
9153e54b3bc15a1e89adc3fdc502966689bf1e71,0.02713873182307154,0.9156412947721996,0.026581106927432704,0.021848856640771123,0.008790009836524918
915ba928b81b61b9c0e562cd0d444499f382f4f1,0.5692923571234586,0.07805563984739584,0.2930451055878365,0.037471988435168184,0.022134909006140943
91fb902c1e4ec7acc975c5120a24a2d2cb500220,0.24923581524632865,0.4698651737904011,0.20343662492143466,0.053831412598844594,0.02363097344299077
92019adc09c1a28bb28b43afe1815e06f2fad72e,0.3460512673335675,0.04378401762752243,0.5479283557408933,0.044248226573730266,0.01798813272428653
92053977a6b28dde78f6becc7609e7e36ff8ef9a,0.4384777871278024,0.1950180607996981,0.1591563259471186,0.17675195146302072,0.03059587466236009
9228c551e38331bec7142222e3c95cb5f96a0247,0.4379857172005928,0.07182128838357825,0.42873731270636056,0.04407497634638406,0.017380705363084385
927e636fa2d50337331faf0a3d5173850529489b,0.29101509938516507,0.019788660022755155,0.6663113786303153,0.014977262053687922,0.007907599908076606
9299e6433f32a140e3b56adb2aeb3661afb103e9,0.8120314115554463,0.052295637340574706,0.0951665894979307,0.028471043934063325,0.012035317671984801
92dce967653e37b0587255194db8191acff0bdd2,0.31195268167114193,0.0544966812758218,0.5940238913041272,0.027239245848626435,0.012287499900282647
92e0f406a48566b9bca344f49c38f8c339c657e7,0.6955064072213507,0.07635361517290654,0.17027755818558654,0.04162329358775891,0.016239125832397224
9300f3171f0a4df9abcb3e456046f7562e8be257,0.0255645629979657,0.9486634704088268,0.013558099130653674,0.008075403600349472,0.004138463862204209
93090a1272d6e9c4070b181a3dc61b17c6ad7c8b,0.02100687632856739,0.950994856708409,0.014697136979379589,0.008618875854659697,0.004682254128984241
9315a4e62cbf0be09064a1543983028800e3ec36,0.021779006837878652,0.9513866237717242,0.011285407316928706,0.010326885317980901,0.005222076755487676
93528a47cb418a0d319023602d2d1dbe22a14124,0.19557235197444622,0.07017384277114865,0.6983356674481599,0.023461370516959915,0.012456767289285261
935df75fb21adc0c4008726e4baeb0337fc03307,0.7595381805712715,0.04201007962162269,0.1683037682067614,0.02078805541172004,0.00935991618862449
9362cab7b1f02ae1e56b9b62b23f16bddc55b1b5,0.22087018531589864,0.03796167111990049,0.7096228212868612,0.020554719477749613,0.010990602799590049
93e4e980d21e107163b60e3d56869b48ef0071d2,0.12237033312095398,0.06476003539238306,0.7445600023010248,0.04728885436002082,0.021020774825617254
93fb42d64b30c15216541fa674a3a463d55b36bc,0.7428930545051133,0.06913019594278169,0.10476395824680484,0.0692025589988281,0.014010232306472019
94b0f94445627a400153dd2edd229fe138391de0,0.705161620369865,0.05522857242274064,0.1867788354591993,0.03944129565862084,0.013389676089574348
950827f1535e1865470ab879f625a407cfeefa52,0.35024918773635594,0.03656112770464391,0.577419804922934,0.024682026325395453,0.01108785331067075
950e83f2fba446a7cca7d0387f3ce3235a596ea4,0.2517682148189359,0.4318976951805086,0.20851203489843942,0.07325140949836184,0.034570645603754405
9514ae4eeea6d081cd345c84180d44defe56eca9,0.053948287217487,0.8734316048127192,0.034463681979742415,0.026375259069080295,0.01178116692097106
952b5f73d99ad910a2b872562ed92deb32f6c9ac,0.16071002155658165,0.09762544468788295,0.6675353685497182,0.05172317794856831,0.02240598725724892
953dbdc2712c9e869fa8a37870fa62d0c2f12be3,0.07546233370976772,0.7962973076057461,0.06081371154314786,0.049675226280027705,0.017751420861310308
95420db42eb68eb218464930925d3a1c8086709f,0.03628496992841807,0.9148195717266541,0.026445745561280282,0.015357159904278382,0.007092552879369107
95a5a039696020101f02fc51d7d34f52fa6974ee,0.5016405823011106,0.0316556481122314,0.4295386417608842,0.025391753870054188,0.011773373955719604
9613558b5ab1950db48f591e88863268163e7e97,0.027693395793073013,0.9176266257959398,0.0263649303684771,0.01823508588775578,0.010079962154754334
9628e4a159ef849ea6afcde70f6358edd2c20bd7,0.5939833088160142,0.079475674377248,0.25423341538788885,0.05231047032529059,0.019997131093558287
967e6d875a1dbfd2a8a4fa2aea7ead54b543d3f2,0.5068902185032561,0.10119783206562576,0.074210301171834,0.291184432373941,0.026517215885343212
96a9bd9d745a09a0d645b2ddac4a447ee969b885,0.05384841974382998,0.897072123580462,0.02619679576785508,0.015069809218390077,0.007812851689462913
96b36be6ff419d2fb9b35dfc05503e7ed2aa4ec2,0.03737138664472709,0.9104898086503345,0.026708305407263228,0.017589348348766406,0.007841150948908764
96e09eb3e3afac7a1ef3334f3df1fb2ce8e3b19d,0.6877957407636727,0.07150957492369123,0.20314871167819407,0.023525703749162463,0.014020268885279621
96e14929c32c48d5dd271c99a0206edfa9a6660d,0.12257224658748668,0.057855580820772495,0.7795882725096143,0.02835971942288933,0.01162418065923714
96f1f0be06407ecf662270dfa3f793b51ef0db31,0.324128529075507,0.09024944405755833,0.528873134283838,0.03794311621727094,0.01880577636582578
96f6511ac646fd5d6cbb923952aa3e7e275b230f,0.6990218887691524,0.09589058786777106,0.07193022636805647,0.11147850282529759,0.021678794169722578
97180137e718b513c96960f856d97ed3b120d0c4,0.05202566421314796,0.8810693376602798,0.03862527285413629,0.019124875039606488,0.009154850232829536
975383d8f1bb6bf4370da455a59e567c5f7e7dbe,0.328449150877722,0.09017319646901495,0.5107542565457013,0.050758607313699106,0.019864788793862713
978051623d4f7910a4ddd55b99ad5569662e68d5,0.5918798352200682,0.05232592751768017,0.3173124663746837,0.025168571490032775,0.013313199397535204
979d205d2bbf709301db8b70852bd10970113df7,0.09055874770533243,0.8185484290881634,0.05364384962502457,0.02680685283789274,0.01044212074358682
97b22e9a72b630f6de7d72e14f2f3000df7dad92,0.05232371228601348,0.896532034234902,0.024506392171274972,0.01816752380624613,0.008470337501563353
97dc0fe026418693904e4868702f331386900eb9,0.035409336125925304,0.9168950651009135,0.02250125189872505,0.016207773697330466,0.008986573177105899
9827223b6be2be42cff2387778ed07e4112e9a8a,0.13156175558738684,0.7407042623811574,0.06978651115216197,0.04128632007516995,0.016661150804123784
9846d89eeae0d807b02a436e2fcf481b3bd7fb82,0.04458571436366628,0.8843495070064221,0.031438604489784014,0.026402530523992402,0.013223643616134968
986bdb07e65310e4ebb424903c153d50422d88b2,0.06601338898386395,0.8661461418809037,0.03689246970248647,0.023334152733376513,0.007613846699369539
9892cbd1d2a4328213ac714dfe24a46da3283dfb,0.4211886957005736,0.21575771744009964,0.16035521553147788,0.15933698605098645,0.04336138527686237
9895f081172c758e065896489e2fd2af8eff7d65,0.041182096466964344,0.9212316008125203,0.020957983870835844,0.010633963224535277,0.005994355625144164
98a70c388e03db2750c872b65b38f0e7c3b6f6c3,0.023409852510037958,0.9236425525920043,0.0224129319547705,0.019930419247810433,0.01060424369537679
98e92cd1fd1062aeca09bd068ba00e465e9d0cf4,0.3331677730205266,0.48095762079800736,0.09894040131243709,0.06564730646487649,0.021286898404152505
9928f7fa825aff4637a52d48f5def4866d638c13,0.28336271374584937,0.24036126704819916,0.3630020352859269,0.06140597955125316,0.05186800436877144
998feab6cfae08373049d3083ac990f902b93508,0.3635659383831135,0.235559862642014,0.28169334227190534,0.07656516398155175,0.042615692721415334
99aa4b7b310ede62a66fc6797801c10fb3f18f52,0.18754934753929253,0.05526455057067762,0.7174232029965082,0.026642914030747547,0.013119984862774112
99e05a1c511cbf76e64d3fee419ce7f5635deb9c,0.679549438157134,0.046397921509054946,0.23475639348460853,0.026340266600511846,0.012955980248690512
99f84e3aecfc812d8d28677eb0ea9d0865961a4c,0.6131179827464628,0.11972887608925901,0.16811438926125383,0.07765195106202374,0.02138680084100081
9a3c2f79840227c83eb207ce1b65a9a3eadc47e6,0.6768948923707531,0.08661761728971286,0.14744700705673744,0.0646553532012159,0.024385130081580827
9a87006903e08e379a9496f868ce9634843bea83,0.03818870208658778,0.9221185041723103,0.018945709267619938,0.013738338724875943,0.007008745748606061
9aca589737a4007b3036ce3cff316e22c6f47842,0.43901105969726806,0.05933344658766487,0.4559353425718502,0.02866363145539833,0.017056519687818395
9afc1a2b4d9f515bc9c5fa39575d1cfeb5969612,0.09922174025343629,0.7783223366886621,0.07820889638716454,0.029461221227945537,0.014785805442791483
9b6a30faa2348dfcec47c8384447f699507e711e,0.48047049227794963,0.16655821962769646,0.22877801917002802,0.09520584414873033,0.028987424775595554
9b6ac379b03b908107ae8df566ba259fb4a63d07,0.292762134417295,0.07585533688712759,0.5743906826249093,0.04074332690295252,0.016248519167715622
9b7dab4354255fdfda8ce0c7e55237bb35f01b26,0.5524513762393876,0.03996442110281339,0.3711505569467326,0.023331681691040076,0.013101964020026353
9b866284715be55e9a191da635240dc1df63bd14,0.09333879760163855,0.06881247306684408,0.7832911854675282,0.038322176576828675,0.01623536728716076
9bf745ccb5a22910bb6557d9c5065e4f0b47380f,0.05237084163580522,0.8393010211120321,0.05837013609691347,0.03468077107200791,0.01527723008324148
9c16c25eb1f2acb33ab0c5ef85bc7cbf4e9200fc,0.3328335089840957,0.09260859105691834,0.49310245093770694,0.05612364650898515,0.025331802512293864
9c98d322f1e1c03867822cfd101c9c681ad4096b,0.7213498895747208,0.08665134814578915,0.104884334868503,0.07102345222891487,0.016090975182072295
9c9b00876222cd20f4ff9ae894ead1fa36526960,0.42141710019580586,0.14018316254572502,0.21580151855578797,0.18867250415417652,0.033925714548504765
9cc0096196b2d9c6174e4e4ab12b6c05c519efc8,0.10649793204928136,0.7845865141386091,0.055310115633161655,0.03750217667672459,0.01610326150222315
9cc09294223581af49a0ef72482f6a4be9469b89,0.5639390051306135,0.07836273579521658,0.29910445340128494,0.0423441987556024,0.016249606917282545
9cd84cd14eb9cdf596d00a96d0fcf35c891b0419,0.2745712134746747,0.3898319085265553,0.1980905359184056,0.09584271617652022,0.04166362590384418
9d13cf231ebaa17077222150aa737ebedc8c50f7,0.5758256810300691,0.0825728684833305,0.2766539005148268,0.04869240084853687,0.016255149123236664
9d7bf1ec92ccf34b91c01093b93b09cfaed588c4,0.046479071124984776,0.9130167373821638,0.02355034656087853,0.01116514152036015,0.005788703411612721
9d8f90ae8b33243294ce2c742fa466ed65c8cf3e,0.33268404064524004,0.07552724271394508,0.5316932223277967,0.03975604601895666,0.02033944829406152
9def047c04147ddcac5d32b2b9638aacb09162c3,0.7440652791965473,0.07075530439764231,0.12643594334103503,0.04310736730379824,0.015636105760977174
9e8250f92f72775c8e508808f215cec4ac703f72,0.5808700856628106,0.1243327876137325,0.20311689244968423,0.06842953168202152,0.023250702591751184
9efa7906b28c4f1278f7b2b0736917a6efdcdfbe,0.7542168301940464,0.05717832654328011,0.13339240642431424,0.041291264081241806,0.013921172757117422
9f165429099303d27923c2de8bb5e2efa92f0845,0.18820182762050724,0.06788958129372538,0.6946674578301842,0.03336474472014257,0.015876388535440503
9f1702b44113e407f4be693ed91b39c61b7a90a6,0.770734276453915,0.06302945294713767,0.11305355366696537,0.04127561165767034,0.01190710527431167
9f52d77cdae11505ddf4776ae95ac9c0437dd3ac,0.2529769728311084,0.5151564574907564,0.1816583089693582,0.03253744503387932,0.01767081567489759
9f67c236515506f0e2a80cb122e08a3f2bbac8c9,0.1865417132679948,0.023679697714992648,0.767962439575358,0.013891394614119394,0.007924754827535135
9fff4a006d27b240f15195970433028b7c317d99,0.7461785588845036,0.061609619389461204,0.1351740660000844,0.04202470600583582,0.015013049720115045
a0285ee2657b30b0646d27a10adc4df925397cce,0.021338702442562897,0.954788375942948,0.012839067507882513,0.007163448916264821,0.0038704051903417497
a07a9fc65276c7b3e66356369647d501687ab04c,0.6110068049354698,0.08272644648505408,0.23166056300768653,0.0575520258150062,0.017054159756783448
a0c6401fb1c07118f4bb63f7ece49386769e1a1e,0.21205685501199542,0.5980688283089125,0.11030225599900946,0.05687550827801518,0.022696552402067416
a11113e50f5711a29925f618136065af9c3c2dfa,0.7455412287518047,0.04774231380688901,0.16714658929718215,0.027700225723487668,0.011869642420636406
a14d8bb64623087cc9764520fae4173e8cf687a2,0.6420322293303199,0.03565835969668687,0.29227297037044303,0.019347726335109394,0.01068871426744066
a19d4b56498ce7889ac847c466c870a987824926,0.5038601846763779,0.10880014879283967,0.30387221744180715,0.05246005083449427,0.031007398254480945
a19dea4e11e86bff4b9a65ace1bb222f83a2398f,0.07830450086601294,0.8403142903904894,0.03458856962085608,0.034896240991881426,0.011896398130760297
a1d391ad01aa22d793b176f1fb8e092e243b1ddc,0.8669431894067756,0.011617220711830165,0.10754456728144005,0.009831588066766553,0.004063434533187799
a257be61549c231c125c084cc5e8ef087bfc5f52,0.590937778557712,0.021158769072615675,0.3625539345044074,0.017695628384493695,0.007653889480771145
a262992f34139d818076c787fc2b683521768242,0.45428463624170884,0.16421563808361483,0.27835359196188025,0.06972857697492402,0.033417556737871966
a2983bc28b9bd42c33903e5a0a80d0c2494fb88d,0.03839120394586176,0.9058543559439354,0.03231468534146377,0.01611403337321508,0.007325721395524225
a2f6d6ff0f62276e425653dc834074230854ae79,0.47566038488968737,0.06614515319382527,0.4014589837519238,0.043390487674791395,0.01334499048977207
a2fecc417616647bc98aad030152301a46a1f21c,0.33792718639659836,0.05348162349796721,0.5572972835238855,0.035928343214765505,0.015365563366783396
a3400257cc6da250b6e3c02112201f12fe88d01e,0.5845093778239943,0.09620282444244356,0.23073115399851954,0.06605058156853937,0.02250606216650335
a3c8bb81aa30afd27de00f07bc08ff1b9f957470,0.1358014427173634,0.7435203847976489,0.06840642230144209,0.03673154649182805,0.015540203691717543
a3d534ba088759cd569f290427199dae40c00ada,0.1161419270980511,0.02247763971189263,0.8368724576837588,0.016101872526890767,0.008406102979406787
a3fb0263888145b3e8a5213946f2f77a964238f5,0.2913248209148489,0.05518626433624248,0.5915273633389828,0.046029362044822934,0.015932189365102798
a4404b8b4c1efc887286ece86cc72b5259cc8b20,0.06543151160880371,0.03448276757115843,0.8705078788986458,0.02058660011027886,0.008991241811113252
a4ac80773e8734bb7afa1f1e6750d194980b37e4,0.7392718733731544,0.05905926694783903,0.15406401099242414,0.03371927932637066,0.01388556936021187
a4b429ed6e571c822ec3c642fedb7b54e37e1b55,0.7359914710812572,0.07389904519863438,0.0840532408904962,0.09163189761024532,0.014424345219366886
a51bf1fd150d83b6bab3f088f05ae1ad2ba331a1,0.04079622178243117,0.9193381383702116,0.022155371528897252,0.011801901180276134,0.0059083671381839255
a563a750d36fcdd1ebe1b64bc254675d689aa6ee,0.16520849170352203,0.04643404683038245,0.7327229198733723,0.04196771717035902,0.013666824422364148
a599038bf7022cb0e9d0d9b9b901b3be58c0aca1,0.08775243815725929,0.800337689062383,0.05890597710630267,0.03556592975229018,0.017437965921764643
a59a4ee43d81b5eebeceb3b53b8737ecfc87a63d,0.2845103137056486,0.053724441056305396,0.6149647086113503,0.03199399184741925,0.014806544779276336
a5de11781e5f40cd401f20b475cc0051f06e0e3d,0.32999551534094157,0.06010654094762863,0.5602236399282663,0.03444324331672458,0.015231060466439062
a5f0d36e3a2181a7c9399c83265993b63e4f7868,0.2206019922481199,0.16037527611648245,0.5137269805909656,0.06773725329451204,0.037558497749920025
a60c2d34fa4321a8f1aafc53adcc0bd77e696d91,0.24062332203382567,0.050045843012713156,0.6691834146046333,0.026612615613067922,0.013534804735759983
a61b719feefe1e856ea6db2cefeedeb4eecf7837,0.08282438537470758,0.8123753881148289,0.051915292158720205,0.038406115111401594,0.014478819240341815
a6317e7e908c3743410f36809b05c91d0597b32b,0.6234297272810922,0.13418096948355107,0.16158706421566896,0.06102154596353405,0.01978069305615372
a63c46f1c92fb53c522c6f26246a5558e86ba3fd,0.5795774569763804,0.05888948038969559,0.30221956074464124,0.0445516973863278,0.014761804502954959
a641973697045ecb002324e5e94e194b5043f695,0.7814040038075276,0.039566119789649,0.14161854288761827,0.026968897221747067,0.010442436293458094
a687352ae1f99b7ee12fb52db8d3eff7b5842396,0.5671017074389411,0.12028095573484565,0.23465029537536614,0.057782078395873925,0.020184963054973273
a68e1cd072da13f6815d92b3427e65f18ce0d7a7,0.7221392098203927,0.04262947796431477,0.16077817128386557,0.06108829085967642,0.013364850071750528
a6a82b5f5fd74c15ab95ee41d3b1bdb093dd6d5f,0.15420605693097345,0.12256961183424057,0.6482685906791849,0.04845029302018041,0.026505447535420834
a6ab6279c49859a309e7635bf5c9a58cb67cdb1e,0.618397209471907,0.060980362539524685,0.2724424020392735,0.03281302733919899,0.01536699861009576
a6f9524e2d54f0bb869afdd4df7a74c6304c4781,0.3846610825004707,0.22949425066290124,0.21763834728848241,0.12246688514973855,0.045739434398407185
a71160643f6e2171f2be2e52c11c8332e16b045f,0.03233344871049102,0.9308521438593403,0.0167392214085614,0.013526357648384758,0.006548828373222237
a73018ec3aacba5c1ca71831f183eda81f1481c4,0.21720853237418078,0.0739680485372407,0.6562223837200225,0.034047950229671824,0.018553085138884175
a76cc2dc5b6c59d0ffe466c8dd6f4be22c0dabbe,0.7459900028281042,0.07262376118168475,0.14352648365590864,0.025668914229835582,0.012190838104466778
a7a36eba4e6f2010f4279e58b313181c630cb8d6,0.6595500406615763,0.17323417252651738,0.07658352487122669,0.07062851775172573,0.020003744188953832
a8abcecf7e3e2922cdc49468b3f369f2ea295377,0.38744075962595653,0.06354599597697766,0.5055857025811099,0.03069260750675226,0.012734934309203635
a921e2c4247025be7247ef32ab7b4bd02d5378fe,0.0645571376405325,0.8524397145304038,0.03388203267896747,0.033755564234964085,0.015365550915132186
a9785f054fc51e55009da4c78d9826333c7baadc,0.6308780903999749,0.10921544889292925,0.16372619698409238,0.07695215289163877,0.019228110831364793
a9a478475998201d18bb95e7baab0b799cea9809,0.2525576917595119,0.05029184750724694,0.6467577342882566,0.03252625671698926,0.017866469727995216
a9d176ec1baea859c466ad74a87f3d06fc959e36,0.38057847127662936,0.12220030201425354,0.43794717345499334,0.042879893283080395,0.016394159971043487
a9d9494484aee1a859ffc079838829ab27ede021,0.4364186050623765,0.04319840682105963,0.47850024656046714,0.028127418225894055,0.013755323330202662
a9e3bd5d1285ae5c79e16310c4712dbb0b2d4d0c,0.26669335307229536,0.2103682365023361,0.40406533920320836,0.08671594875981083,0.03215712246234938
aa2e03ee8f11facdfec5c357e0fc987adc1ad8e0,0.4824890611152234,0.1148945914706051,0.30611506770378916,0.07458460849957596,0.02191667121080633
aa2e45dc757c7fb476722a6ab0ab02d79d17f5db,0.6999604328061602,0.063237344149869,0.17345190900427904,0.04691278054207216,0.016437533497619634
aa3d7d93c5d08b69eb8f0be7f58dd3bad595a323,0.1684320148925963,0.4707945327287027,0.0457381094530485,0.2550192115012025,0.060016131424449955
aa3f6951c32fe66db3ddcb4ac081606fb3ce5ff0,0.6128843125722554,0.06454408972031236,0.27614703849213046,0.032076555246706946,0.014348003968594916
aa4fb0146659d0713351e5ac23315f549bca5389,0.2641998750388206,0.10900534786351856,0.5344407671354632,0.06638924372508762,0.025964766237109922
aaaa3de32e2bb82d4f724acec8cb146d3425f771,0.03698034067253063,0.9145360275186885,0.021299517788279924,0.017163604715753695,0.010020509304747141
aad3c9fa7e5abd75cd4fc4e76c44608a827cda5e,0.4395209796058526,0.05001437915367493,0.4600675775713282,0.03705716267228911,0.013339900996855168
ab0573c5fad77973d8032da5583ff200d6ded9a8,0.3499851980786346,0.2822502371037322,0.28544294493526795,0.057046526977303884,0.025275092905061452
ab78de95ce2bccf7828f06f62280318fbeef83e7,0.584454723835774,0.14517746055989167,0.1945529542886876,0.057505229145910726,0.018309632169735898
ac2d59b08a60925d90bc6b874f55eb637cb91cce,0.4425813739949163,0.07807118423430166,0.38891076440614497,0.07086233090461837,0.0195743464600188
ac37b67d868c42fe1f1bb8787f759efc13dc1f22,0.18007940564890135,0.6719743279390814,0.0975430158896186,0.03358377972920816,0.016819470793190364
ac3bb264d91b914866cce86bf407c2c014a44181,0.12481427980263173,0.7508114985892842,0.073143894151405,0.03479399768923782,0.01643632976744122
ac4fe2820b4ce072f7a20c5858f93a06497624fd,0.1438337243313575,0.053957096285613904,0.7710121347016194,0.020366611241248375,0.010830433440160703
ac575d1705d8bdededf8b0937317c85d518b8587,0.5112137524073861,0.08262422188824758,0.33530016426734516,0.05034227435582482,0.020519587081196382
aca61929158a49a75faf74697df765aab9ee3ac1,0.15708520056641098,0.6442201754718413,0.08393929438147447,0.08442652996688593,0.030328799613387306
acc1819eff732bb96d4ea17d2f12cc882e42535a,0.10615751871072543,0.04498574414993293,0.8164950175576197,0.0219831078670982,0.010378611714623738
acf29144dcee2f39efefc957007b08ce509481b4,0.03409998820956762,0.9379289341275928,0.013142070733940199,0.010570089038348251,0.004258917890550939
ad1390e694ce72d24c9244cb97d3bfde4e5b807e,0.055855047155003855,0.8684835412244891,0.04450762113394803,0.02064688948211235,0.010506901004446734
ad5cadab36e5f9bf048ed5ac77460c75a81fa6d7,0.1643413388779248,0.04706436947756966,0.7409105632991014,0.03399765176619358,0.013686076579210518
ad8ea9231afb45add85e8d5f1ab90767090ceed4,0.7209888168440954,0.07061951585450614,0.1443091913671754,0.043457659116361874,0.02062481681786105
adc859e0aced36905e67fe3747492b90dcb04649,0.8698003409796082,0.03267837056832954,0.05964809272204637,0.0313985568214324,0.006474638908583477
ae3baa6c34aa523fd2aa4de3c89448efff922311,0.49686983033149806,0.08805171948660814,0.32769870839409126,0.06472089550984857,0.02265884627795391
ae53cdc13a51df53d1bfb022ab8cfaff9d86ed75,0.13555460471505207,0.0708314271488999,0.7506843661091677,0.028292798270336997,0.014636803756543396
ae5922ef2aafcfc09e714f439e0abc8910acca06,0.10249841766466646,0.7955685918756363,0.06405362775086781,0.025826938041364485,0.01205242466746503
ae8f2bf59b806326cbf5e9216764fc7c720aa0fa,0.1621190128529585,0.04767646120115589,0.7474018293777278,0.02951893636890113,0.01328376019925671
aeeb2f9f6202c23e51da33c3bb17aa94773b479f,0.04936056121124956,0.8855205547136588,0.04119237342625687,0.016838974707644117,0.0070875359411906695
aef83dc3b29a3f0b134e8d5e9caba49fe411b6f8,0.48965158210736826,0.062236452814480196,0.39829182748112346,0.03499474319852681,0.014825394398501291
af0c363f7207e4199d3b5cea6cd5ca977ce58756,0.7413975199946282,0.07886474993964848,0.12773249048642166,0.03726636247804547,0.014738877101256175
af7fc5af7f0d17eb6053fae764c19eecb98bb0b2,0.5033400946356397,0.114871540062319,0.31597223724446877,0.04453478376193677,0.021281344295635655
af9e220f6610cfa4ca22b2ec62261f7ee9e3148e,0.3775802715309361,0.13268257113164542,0.3863738535492738,0.06951580475217166,0.03384749903597287
affcfab8fa5467f555ab9a19fa296ac7456bf9cc,0.6057192320157028,0.12252011390464666,0.20533446295164073,0.051166459826644986,0.015259731301364807
affd5449f7828ac42b1e735cdfa59ba404017f71,0.7772724923447137,0.06460365233392024,0.07732707323836625,0.06458445617521967,0.016212325907780108
b04dad4f1870c0532575b7649af87b09e7a6f36d,0.5677028489728905,0.10103689089996909,0.215698952779468,0.08973566201593551,0.025825645331736927
b0a5b13388bc58286ae6e8dd9469a0d2c8f63d42,0.2532471844881797,0.1412405038998045,0.4994708119568457,0.08138562322792486,0.024655876427245406
b0f3bc798d6c3c45dc72a428d2cd9314697bb844,0.08653762999993085,0.8001307995309986,0.05698819503745594,0.04197267850914079,0.014370696922473822
b1807b0293714fd077c5a446e20d392e0c4263ae,0.7488349989497818,0.06024844199510818,0.12926789467712219,0.05003115818780027,0.011617506190187627
b18229823538b034fbd2739a975e9649098aefe8,0.43084998484121106,0.1951660971979604,0.12064441262159989,0.21856863034662596,0.03477087499260259
b1e4fe5a56790c796878c91570eb55dff230bb4d,0.43251054657663995,0.08220422967932245,0.40023386866180466,0.060700429898901585,0.024350925183331384
b1f0d046dc7745107c56d319dda1efa405694316,0.4013411088293698,0.08527160007313572,0.4247973773148741,0.06611723816383593,0.022472675618784497
b20e138790e88df3b650c1ba95121414e3150d39,0.7601177783006843,0.06317751260434033,0.12000599733832543,0.04304929422186895,0.013649417534780951
b210cb5997bb7165f8f299435daa3a42f0947500,0.1946400681648103,0.5641788625942064,0.13804621711837597,0.08107332444726216,0.02206152767534524
b2370dccda5fdf4c1454aa048c6a4d295a1609b6,0.10324991819673131,0.7630722846524643,0.0854008279496229,0.029526391326212032,0.01875057787496948
b25eb0a5efe9cc31463e649667dd705b8303b1b0,0.17388184175886603,0.4232190551598618,0.07917938621438435,0.2654593098309271,0.05826040703596073
b29ab6ea95cca4231743f9a06772d8a81b63722c,0.12197189411815049,0.7881754156498835,0.05542908959621591,0.023590442463909372,0.010833158171840811
b2b02b5b8950666ca731e46ec0b4c1fe39652046,0.5119912017086055,0.06794201912534265,0.3653131099250134,0.037223460364072695,0.01753020887696563
b3302479a4931ff9233a4505882ca08f82504338,0.19005490080723494,0.18397623041654743,0.5312969231341503,0.06826859392505687,0.026403351717010505
b3b7a564d7321ff2407d5ac41b1e6753f93fd66b,0.044256320979684356,0.8674141431134919,0.04950290342142337,0.026429627076386384,0.012397005409014042
b47afab20f73e2fe129051737f4618558ca1fd4d,0.7062044596598376,0.09561505327523358,0.0865861947530366,0.08832301967033121,0.023271272641561026
b4e7fb790004249f73da1aee9bc92a1691c8420c,0.4540549142521377,0.06218413195124084,0.4328418106164953,0.03762955375914608,0.013289589420980026
b4e8cb26e7ddc0899002aa6f037dee20f7f205df,0.7337009605123112,0.07807008605285169,0.12521038102328422,0.04803323781280098,0.014985334598751851
b4f615c200810e27c2cbdfa6e03f50fb48b6629a,0.7277934684411915,0.02612045441169786,0.2185479111760303,0.02017147421210687,0.0073666917589733085
b5414650126c64991b9441abd834fc4510a279db,0.18189390314706272,0.057822848608034404,0.6275444539858179,0.111793109656,0.020945684603085015
b5b953503542609bed3cc9a21010b122b498c5d1,0.4615521466493609,0.0818587862941997,0.4105539920480017,0.030434175080694136,0.015600899927743552
b5c79072d139d556a90f8f71f80fc88522219d28,0.02508124240266076,0.9509027531592763,0.012663790544078693,0.007700034790207773,0.0036521791037764325
b5e06fb3570dfc4d48411bcfa9ae2e1e1a2e6632,0.03770399148195426,0.9042220574318622,0.026827071792268634,0.020031533228757014,0.011215346065157726
b5ee075917911a030fd7b05063111f171087ddf8,0.037909869952999255,0.9266069021434926,0.019656522308962584,0.01083723055149862,0.004989475043046946
b5fae332f02bf756db6817cb67ff8e41dbcd1046,0.17652229658107307,0.048714737122215954,0.7443347401665539,0.020671377584177274,0.009756848545979978
b607fb7459e29da0846b2fd549f08763599a5860,0.04229492906475565,0.9097896425995732,0.020401368103894757,0.018633852423293684,0.008880207808482407
b6382f05521a36b6f8f2c35cbe25bd2ae9e03cbb,0.7637830717122492,0.059771515740072174,0.12570042338193008,0.03731746408817308,0.013427525077575192
b6ea03548c371a68e97e45a854873446c339091a,0.41579428629412685,0.06083815950021274,0.47115420952287274,0.03418819874392911,0.018025145938858716
b741cfbb458532cd74f866755e1cc5f9eceea4be,0.587976182866378,0.07928027475877562,0.26800626517078285,0.04633862669648023,0.0183986505075833
b7522ce8a3de8e4a5acc15c9dc8170c70d0f94f0,0.13171109806004586,0.7143887584001044,0.11250898266219264,0.027069232239781152,0.01432192863787603
b75e1b6f971f0b6c238855dcf6fdc970ef114153,0.044376116077994465,0.9087651510148823,0.02528420443176511,0.014990567833772816,0.006583960641585512
b780884b569ad649ffc2fbe3ffdcb83796ab77e8,0.07624136525111283,0.8222128922734322,0.05518230096765391,0.031242637288714136,0.015120804219086795
b7d51ebc10df58e9ff0d81c7bad4f5ceeaed8d9a,0.8407917437342902,0.04716446346356154,0.0654361472455794,0.037517200792513125,0.009090444764055784
b7e0f66356a10621a0df84622ee58ef7317a8031,0.4823802589306394,0.058858155226507954,0.37179583076973594,0.06731977825698764,0.019645976816129188
b7f794d81866ce8cbdd35c58563e5d21ba9f3850,0.023591610583446773,0.9265543648550644,0.01941045809451589,0.021254874575336827,0.009188691891636073
b82a1963807ffd59c94e442c9a77b39427c6b67e,0.19805227875650852,0.0381727109662949,0.7255002724095946,0.026645117291123392,0.01162962057647855
b8d80e386622a5bfaf8fd9158c77fd90aae21d1a,0.2949208507969993,0.14364257133874547,0.07014867479661994,0.45599005878861976,0.03529784427901561
b8e676365b693078c0084b5e9387a3842d688499,0.8351638441479492,0.028796916269082592,0.10796050529919306,0.019905416172528605,0.008173318111246547
b91cf5580ab8fc273c333eb48d3afca51aed4e32,0.04470080059819264,0.899795910317456,0.025719107006344184,0.020681738008493725,0.00910244406951362
b939657b3a7e388455f3a13cb84e0fcf5e745c45,0.5806078564046956,0.1328217622852183,0.19066156268181897,0.07640060230247617,0.019508216325791
b943eb89823af783fbb796d245ec33dc463bc322,0.2839941699252351,0.5219562262235916,0.10288824985410729,0.07038267663117821,0.0207786773658878
b982ea8f3c0ee1209e2fc014f66a5f465c8e1d20,0.0302323846413259,0.9332663669438324,0.016916834185895412,0.013129548435885862,0.006454865793060382
ba296ac966f96f1aa18952ccad689ab34c68a926,0.5615536279403035,0.10694753249106985,0.25285368606691183,0.05950121427333528,0.019143939228379574
ba397f5338dccee6292878cc1506924bd3bde22f,0.03733490868656108,0.9029502982614988,0.033425285058316226,0.015987691030979925,0.010301816962643989
ba3ee9b441039aace1175fd4a4e6f2e68c76d75d,0.06735107411879314,0.03467382296946423,0.8758556080718932,0.014906875258883463,0.0072126195809659194
ba6b33d571605f4ebfc22aa1de38eb440fd43cbe,0.2815099240673166,0.04444637159598527,0.6249070719034102,0.03430550273725823,0.01483112969602959
badbe559bce1dc2504aed06e7cf35f63c701e620,0.0463704788020321,0.8820114632588726,0.03769564312030543,0.02343747720199992,0.010484937616789725
bb2035965d75b96a01eb4ade932e13dd12643669,0.5192651220170486,0.08021906959432168,0.3372543266817541,0.04625331061216395,0.01700817109471178
bb56e256de6bb3e5a7d4566a6006a87a1e6495a0,0.34956942954891324,0.06403291187259844,0.5359166063346352,0.03332986708964922,0.01715118515420383
bb67f1ff3ad9a0ba9e732ad8a0daa8adab7e32e8,0.4103008243487302,0.12523731767575783,0.3893780641666292,0.05791234350198911,0.017171450306893626
bb97ed6bfda31c2f3eca438dc751091299bdbe7c,0.07028129026203589,0.8485153863250129,0.04508203901834196,0.023018717366549146,0.013102567028060166
bb9de2e1581f1f5b53149e79675bf150a689fc17,0.5781874283150835,0.03944261798749167,0.3475477178165987,0.02352178464485984,0.011300451235966232
bba94934f7cfa11228693491fb4f1dcc9ec60f1b,0.7581943218494582,0.031698192313116214,0.1823482482144462,0.018450641303701696,0.009308596319277683
bbc26ef790f4a1a18993c52a2eb8c165c50691d9,0.47727010687343036,0.044453035097708,0.43652145256671987,0.027960440863265237,0.013794964598876483
bbf28e2db4d0d47a1d4694f14846594ae33244a9,0.1401230536859515,0.050442727319118204,0.7656856143380176,0.029425820334873145,0.014322784322039598
bc017e6bd7d83c8b6e0c74d446cd7ab529a9a280,0.02078327379445177,0.9334430286034248,0.01663577547973796,0.02017364972360302,0.008964272398782398
bc04d5218726ad73f6e9612e384f282ebf405913,0.03733409904564753,0.9138652986888466,0.021263964461928037,0.019212131285307663,0.008324506518270108
bc2a6e6bb9a879525018c3c43c4adcbc8aa3cf92,0.382898364726231,0.08514828343030235,0.4715208065991612,0.040476560422724454,0.019955984821581098
bc2a9e9ee0b1745d4406c09077da5ac273991672,0.13184154810498766,0.047475855535732046,0.7802274872465568,0.0267182547302462,0.01373685438247749
bc3f7e48c85170f013d828c3050717a5a494686f,0.14145200412931758,0.04620849445872041,0.7810170463053965,0.021098897341314628,0.010223557765250964
bc435aa30b1af7355e1ff47fd9433062d832a3f0,0.27478581173112254,0.35929577341951824,0.20884544221448822,0.07184831863630486,0.08522465399856613
bc59fbf035e5ac3069ee3a877e2c7d536ad397e2,0.19292750887961146,0.025864871621626005,0.7522243311222152,0.018645261304815506,0.010338027071731858
bca97783b475ffff043436fd01607984eb389ede,0.05509075085567258,0.8595938669216314,0.044742236910320615,0.027366957582572366,0.013206187729803007
bd3ae5f62cc76de4546975f8b59f74d8b8e78913,0.5818423903567618,0.054767206512039326,0.29722393378186257,0.050928345711765716,0.015238123637570605
bd65a7355c4891580917237c1883a7ec0447c63e,0.7017377483385224,0.10565247442736653,0.07285744656495337,0.10149949589570255,0.018252834773455226
bd8706678fb86ea594ff6589406a400147bf958f,0.5344155036240811,0.14279808977568542,0.1774184775264986,0.1183470573631544,0.027020871710580423
bdd900d7cdbbbc83616162e21fcb5770d338782b,0.3585392762567197,0.16997370175706839,0.2083572316635279,0.19942769300584165,0.06370209731684233
bdf43ae46589b7b5cfbd0ef5832c0c03f8b9f6b4,0.7579996864770617,0.0481982461992417,0.1556429870232927,0.027024689062867344,0.011134391237536569
be566a7ad37160a761be7e73d469acbe9b775367,0.14439783189741115,0.12070891979731126,0.6726212654050133,0.0440644896178168,0.018207493282447588
be7413153d0f555f0616d4606917167f2c8ee2ca,0.10932662754756087,0.09392330573221229,0.7431437108307243,0.036068142290140645,0.0175382135993619
bea74a5ec769faf97fab64087a4b5289a5d15041,0.07154137381120365,0.7815731174684734,0.08157577479550508,0.04589755658747044,0.01941217733734756
bed4cf019dbc672c9bc022f835928fc09d051523,0.03638880586633284,0.910901729408402,0.024706169462527034,0.01819409746549622,0.009809197797241988
bee828e72df09d02d66c07c1d9f459534f35232b,0.02465111851905326,0.9489580987753706,0.013034476342867697,0.008038006511652566,0.00531829985105586
bf35626b5186ba5c90d24bc102099569e99f2c05,0.5926603053756364,0.07240502944784942,0.2916097604933717,0.02883797492172604,0.014486929761416346
bf89671f753e19f5467f79fb9ab2bb9e40ad0665,0.3250459554053965,0.08244718769314893,0.5338290394484193,0.043454097130328266,0.015223720322707033
bfa451a648def2c224fc61df21474efaef897a31,0.4168557111980747,0.07682482548623056,0.44790341541718576,0.04163243219978236,0.016783615698726596
bfcada19f8807fbee284f3b4a72397bc226f10b3,0.039765348361613606,0.9108912985180663,0.025331516538589473,0.016922042033160604,0.007089794548570154
bfd4b483a02b1d0b52e26f3b5497bd4f242513ad,0.4242201327522487,0.2838269939701624,0.19226076728212482,0.06544540825015921,0.034246697745304935
c0120e482e4c0f6c32d8105ce88c91324380bc01,0.06925855072803026,0.010617203547093373,0.908531828813949,0.007680771628637148,0.003911645282290215
c021db26b2e37b3f2a09404dd7a977ed10f9e0d5,0.043365815122613206,0.8885734101712484,0.032918746498613045,0.023670279880357754,0.011471748327167469
c03cf0c5372f5da45dbbd8e266aeee554f847deb,0.026518917337340853,0.9264025132598012,0.019167016767191108,0.019053198571393704,0.008858354064273124
c05c34f3fda6ea06133fb099c75f6de4f25dba0f,0.6672729893388223,0.11776233709747613,0.12677660669913218,0.06940428316001476,0.018783783704554535
c084633acbddaa388df517640ec629295f8876a3,0.04829517074402907,0.8989397669386323,0.02681167052164049,0.018510830250610323,0.007442561545087968
c08ebda618fa715ddd15013c479b562f9c144cbd,0.3236561447929134,0.03678643256526415,0.5972908457753074,0.02852101483851471,0.013745562028000377
c0d6f9e76d5d1d7bb71be0fad0c707b2ee7b72d4,0.5666796012963592,0.07865454501341206,0.3024407317231675,0.037816342146503645,0.014408779820557521
c0d839e08d58f05623136df040c86a952094ae6a,0.12730309162773987,0.020141039327160614,0.8299493978956537,0.016314624510458738,0.00629184663898726
c13fcf9178304e135f3e669820bba80bffafef88,0.23474037288380006,0.036958333125303895,0.6930083551471905,0.024075406449703983,0.011217532394001485
c1e54fa1948147cda67b7c5942eed3adb342d163,0.6694476156000698,0.04753760204523398,0.25115144728919264,0.020699760091533223,0.011163574973970344
c1eaa52ab811b58d7c793bcb8ee23627f62f236d,0.7069471753274144,0.06618310188251005,0.18047359580531963,0.03396050282525249,0.012435624159503363
c250188cc8c62897d66a75f9cf6aafb4511d93ac,0.050223595675041685,0.8899827207434863,0.029656719262744595,0.021157966283411003,0.008978998035316446
c2dd1cb278640f47912c39b1f44ba384af0f10ec,0.5030601239268064,0.044606387921148946,0.4138072495902958,0.027030096427343848,0.011496142134404967
c30e757b47e395f6c3082add4c0d36d5aa90d38d,0.17108796063463638,0.08930605147136718,0.6461321688968606,0.07471112938036102,0.01876268961677468
c32f70cc6884db6746e94f34ea7616a142bef90d,0.02218302469415662,0.9507095614453266,0.01511085958761779,0.007675664297910271,0.004320889974988606
c3a8394f51b0b80d29717771dfa1a40d9925c68c,0.20415836240729343,0.46992765807367104,0.12564184549306945,0.15441754563161958,0.045854588394346536
c4415f7635fb0dc156e29649fbe17ba7e5682939,0.02422523239705721,0.9270589458028232,0.023100776515778586,0.01705990231970661,0.008555142964634528
c45c169cb961154f721a52902b8a8d16b11b7459,0.1618029261673957,0.04139174644362995,0.7607419829450711,0.025540984142898317,0.010522360301004882
c48d70d817412e621643e01c8ddaac811b72a15d,0.04087192713599092,0.9131425654324471,0.023904952061786913,0.015544238223220779,0.006536317146554308
c4992b42a931a21500dac80c7e3c1b4521e5b2a8,0.14433102516163202,0.15591757028458897,0.6248245502064228,0.04748966519943603,0.02743718914792012
c4ee26a3ade8064a2ec494996e836900fd32dd8e,0.7982325499454791,0.05875695058255763,0.06453340835466981,0.06657857738439732,0.011898513732896318
c5433fc034f8a897f01886f4da50af0343f17c59,0.02061401350231676,0.9535412186729015,0.014566467442549224,0.007367167905403737,0.003911132476828708
c56b184a370262e2949e4394316b0eba85d24e9d,0.10771730921207374,0.7983387893664163,0.05306819815414177,0.027434892194479463,0.013440811072888643
c574e96247af7a6f91a52a8928319771b9c028f1,0.22729011127830853,0.06234105492218617,0.6746826008201514,0.023563364266033355,0.012122868713320585
c5b111fe50620ad97e28270b2899f7a2baa7155d,0.042480251872310304,0.9197897025962928,0.01711749140977268,0.014358291983520524,0.006254262138103951
c5f2231a19f4fc07bd3e00e76fd4f05da54a27a6,0.3265517117645684,0.10091627016976928,0.48967243815106953,0.05659323696915392,0.026266342945438833
c66c79a9e65198f5eebb4990cf76972f6bd6ace8,0.05518603061616666,0.8823205169501086,0.03688255993936136,0.016109239208848214,0.009501653285515242
c68c9d891fd782447aa4a031fd3179a4117823d3,0.4241217033229896,0.09765373323573284,0.3826428225056692,0.07481953793536873,0.0207622030002396
c6c76cebf43bcdf6d7a0354fca7a517a33137b33,0.38915135417063107,0.10703264854693605,0.4195013364281761,0.062073401839989106,0.02224125901426771
c6da0c74dd1d4f5bdec3e41d22dfa5a0ed9c055c,0.05536515816101517,0.8786375824792786,0.03425079043002358,0.0213697460314219,0.01037672289826086
c6f39cf418b301b3af64c02f844da9241d6a69b0,0.7261752731969633,0.07693772821358191,0.12979442206166592,0.04423585020219744,0.022856726325591378
c7895f6cb2b5db18f44b5b9120b3b5891765775c,0.22325697457588548,0.07931957844658243,0.6377629943208591,0.046429142608822416,0.013231310047850438
c7a9cfd06b583a9c4c52eeca895c66bf4902c751,0.0682094780027438,0.8484048226935773,0.048880251441936216,0.02392091257246375,0.01058453528927886
c806d79743c36959592a8d57788fadab3f37ec81,0.5970258847934827,0.06512352906432353,0.28282109099921565,0.04138377715854611,0.013645717984432064
c83e9738ae5d1790ee85b99863deb734e7614c52,0.7132868770334954,0.04293494671646801,0.18389810805716097,0.04796559984692896,0.011914468345946897
c849c5dfc1bcb2d2525595c792e5e12ec24288ae,0.047452441420826524,0.8925869681819588,0.03654646066284466,0.014392690630844534,0.009021439103525614
c84bd2536a962f3330898cb4f19107ec0b580c7f,0.5258880242647478,0.06083673048213646,0.35540038260877704,0.039653180273973784,0.01822168237036496
c8957a66453d3bf8c5d9a8dab3d7db47de8712b4,0.4253268979071022,0.02657246278203843,0.5058574338666924,0.03284676213007406,0.00939644331409278
c8e49a700f1d664be60760fa1588c40694ca9e8d,0.5522663708038675,0.11549702902680017,0.226937266822691,0.07976068240712901,0.02553865093951227
c8e892c58980372ff7d5d4253f1ffae2318e9660,0.3197039156435122,0.06726714262018875,0.548749303083283,0.04574935653580312,0.01853028211721307
c8ead25b9e3c3f05fce76e1f1d102964c5e038ce,0.5100726346091664,0.09493036690771171,0.3433012788191174,0.036932925941537006,0.014762793722467459
c920cdde9b65a124de592bf659ff27baef9da5ab,0.22938307372378583,0.1086154077543808,0.5891916647916199,0.04851099048200107,0.024298863248212364
c92bba121202830c4f14119dfdcba813f390f271,0.7309375367142802,0.019462032257339876,0.22482647476870146,0.016337659927425308,0.008436296332253313
c96036221d1bd893a7e51932123e8b03acba5757,0.8008401446968878,0.021295970656629734,0.1502579656607999,0.02090168787089425,0.006704231114788141
c9848c9c75b92481a9afdf7fea3578176468e817,0.3837053071031662,0.07599429167021525,0.45487944615156095,0.06582105768826231,0.019599897386795132
c9e22427f4c7aa646ccfffac8f18cf52d73e446f,0.766768955558435,0.068709874218332,0.11862143227044392,0.03346490684889188,0.012434831103897141
c9f91af501aec7b0bb4779d58f74c551697bdf1a,0.5827366729365431,0.13601111852214448,0.21438320054694354,0.03900379240268444,0.027865215591684443
c9fde22724acdcb871ee1090ed615496ba205e87,0.5315201737863607,0.05617746782904786,0.34200239655524695,0.050321788514048754,0.0199781733152958
ca02cd38409dd53ab400043d6f2cf12c9f0865c8,0.025886859770928326,0.9412771073600477,0.011807049870563519,0.014795431269815206,0.006233551728645262
ca18d2404b1358d24da0aeb79cea4ebc842ea694,0.5791896757551925,0.0707704515089975,0.28288166796307673,0.04407105847697426,0.02308714629575898
ca2532ca69d48b19310c8f7e3ef90e2fa198cd80,0.739368624911034,0.11114675885843969,0.0761578222651734,0.0562860421650576,0.017040751800295306
ca6f551f8ba46016386c7f4a13b7aa5d4821b3c7,0.024544585598940957,0.9380737706077579,0.015447167708710526,0.014622621694556635,0.007311854390033839
ca8150df84803ae2614d5212c9955a5a994b4d21,0.8764713119829811,0.017362552670917037,0.08361071037512151,0.01652244694256828,0.006032978028412027
ca967afa4e839aee8db005d7f1a4245103e3fbf9,0.4214305721924838,0.07051939456031027,0.4318743913853627,0.05437818060900183,0.02179746125284136
cabf893c95f15a2f07d9f520d21b10f056b43dbb,0.0392434985004076,0.9155162180695608,0.01856857392434631,0.018426614170868244,0.008245095334817067
cad9dbc323820473785d6629d41d64c86f9a2ea0,0.07241010258548881,0.8591722799338738,0.034736901448059264,0.023249714623160167,0.010431001409417991
caefdd4de6156e38ca33fcf4d4a5ce3dbd665d2b,0.2066119292942682,0.05532371853992169,0.6669796849976962,0.05482815411389107,0.016256513054222838
cb1208f8dbacecea218e0cec2d76fa1b4ac4d0a5,0.6947751237920006,0.0661943076346349,0.169507123935316,0.054198771078231255,0.015324673559817408
cb21ab88bb966afd1a426ddaad8a8e0cba32387a,0.25909970222259643,0.07455433344689509,0.6213460853821171,0.030011744283416825,0.014988134664974666
cb8998305b3b5c68ef7cae28ba51fc04cd86397d,0.7828424791757497,0.06767833985241314,0.08506900967911152,0.05271909421556362,0.011691077077162122
cbc4b663926fd8a24a60085869830b17103347ea,0.10801874850580831,0.7893232051056891,0.05900324325817772,0.03036420249179829,0.013290600638526655
cbc6e968d7f5931833b773f3e3c04de513b9e96d,0.2475140063815816,0.07329140306782189,0.6326601051910506,0.030531303268282663,0.016003182091263075
cbfacd101b49a5684864f5c4f2634f4fa4b8edff,0.07075254598405756,0.8576630422815412,0.03633665656231308,0.02339838317799936,0.011849371994088767
cc0be3b0ddc900c3ef969bc8305f851a44de9ad8,0.10833004607456069,0.04898485918670452,0.8009883664654565,0.02733689478652159,0.014359833486756766
cc177c2cd2b1d4af25745d9084dc24e7008d7210,0.6934532476948725,0.052351021140008634,0.21353519338246052,0.027510318606769134,0.013150219175889344
cc1ec6952a5227b4dc799f42536bcc4ec534fbc4,0.6312569522886078,0.02291450152561447,0.32311565560239425,0.015423539259992188,0.007289351323391326
cc3864d11bd5e88a6d463d48ba99c2a437dd4880,0.11243212832339074,0.7102871950254946,0.1232362678523996,0.038121087406762774,0.01592332139195228
cc41b5ea1ad863f38e63cb94460ebffb9ffd9340,0.030406888541728308,0.9266005678768845,0.024469454823599822,0.011451558909663317,0.0070715298481239626
cc62e7b9e1a98777caa8883a4cc603e5104f2d99,0.1512999575363497,0.10901349726220647,0.6456475863669721,0.07186725964937814,0.022171699185093693
cd548c8c2d5b494e374b79688dbe2ceca2702b53,0.3946568036699771,0.093704266220879,0.445107249692654,0.04531861674798693,0.021213063668502924
cd667821afeb639c9365139b43854a9005098104,0.05194979802856019,0.8886712265977855,0.03275770629704766,0.018503999349039336,0.008117269727567135
cdcf6391e0c55304d97baadc9273c372a85cd0c6,0.6308685370001235,0.07170631061587275,0.23525449356854783,0.04501311693218584,0.017157541883270132
ce2de362a163389d83e83844a32d5cdf6363e39b,0.024823002331513296,0.9517778766122382,0.011773409414170266,0.0074429787994116665,0.00418273284266657
ce8a1578c0eb95557e98c1a651c5c054cd7c2765,0.04536081677456733,0.9000007417438003,0.02849943515475906,0.017367400524567717,0.00877160580230545
cf15d4184bc43b05e11237cd90503368e41819c7,0.03318700796619208,0.9192295758710918,0.024395476048441504,0.016291415555165608,0.006896524559109212
cf259ec891e9093c9c66a8c25a6eb2e1d607a9b3,0.07011504235264171,0.8438159972285845,0.051164001019649276,0.022680804564045438,0.012224154835079073
cfb169d1dab1642fde37e4151880d6d9b606f313,0.7444202165349361,0.13127244324810408,0.06428624274303771,0.04396402232429793,0.016057075149624317
cfb84f64cb1fe2940b24dcf30a77897721483b16,0.18971955441567515,0.5100522816991004,0.10993252104933558,0.10143518194826892,0.08886046088761994
cfe2db107b6edc3ceab4c5c08fd38a1069b98730,0.798873436635684,0.051489588429148955,0.07102428237435121,0.0680352605212893,0.010577432039526683
cfeb39e1ea90be9bacb1e6e739c1a90c2137255b,0.019845564701029893,0.9457036722989062,0.012316683906699329,0.016512241477977457,0.005621837615387223
d005feb68474379f5904014bd2b0720518f05e1f,0.1665816618278975,0.03592120086477617,0.7588747501159279,0.024907329555073927,0.013715057636324607
d00f43ec6efe6e239fba779b331b4e0856bc93d3,0.6047591777433593,0.1615952612224068,0.10859051386982307,0.1030695153437794,0.021985531820631475
d013a5976e3a95c6d82cf4dd528bacd57cbcd56e,0.7476968389840923,0.04543757142728306,0.16896054520139628,0.028661375355500382,0.009243669031727868
d0433b4a961d0b447b8adc7a01064ffb00890e07,0.26494107542210193,0.045189437768309706,0.6574190979322517,0.023631112111202168,0.008819276766134448
d05787a28af810bd7d7c20856fea4fef17b8f0bd,0.44632642011714,0.28521152942816436,0.19134691230649442,0.049536653853827536,0.027578484294373602
d05e335c896be1d68c0bd54cc29a25c079cec9f1,0.14460650627049085,0.033217561857440944,0.794228729730643,0.018624016261881468,0.009323185879543764
d06dc92d4151980ea5fc69c70d753ea20c069b06,0.670670707669535,0.028955577293244723,0.27361054324632955,0.01810622641125797,0.008656945379632875
d09fdb4125b7dcee205889074ebe3992797da98b,0.44753512446170096,0.05781384839680876,0.44275996021792907,0.03482432360879962,0.017066743314761507
d0a4732b7965d6da4efd4e12808c3ee5773ff34c,0.3644757653871178,0.02825077215812554,0.5701255107374863,0.025555975360396485,0.011591976356873913
d0f6014f7cefd377168147483e5a9b89e375b468,0.11025349335153166,0.7458213555344071,0.10016983854824887,0.028646979928335946,0.01510833263747641
d112ebf682f1338aa5a84b25a9158ff3f318f47a,0.15084810905598714,0.03312368915270006,0.7883893007080314,0.018937330769747622,0.008701570313533883
d11cb8cc53d729efc6236f7a97aba5d8504c6077,0.13328293300671873,0.7277675123959401,0.0688113444103168,0.04964739323471774,0.020490816952306538
d16693fe7d8fa0fb9400a9550bd4a26fe3b2fa9e,0.1474049997308431,0.06121878160181896,0.746146352721246,0.03115700400786651,0.014072861938225415
d1857540dbe5bcd867fe8fe5bd9e488f22c8a075,0.1301913838164519,0.7106717291354309,0.10523455014863171,0.03783845389251183,0.01606388300697374
d18d4f31f5e03258882bb8a77bbc214763c6b73d,0.23857660977681555,0.09088892905608963,0.6178524156942795,0.03409653962611435,0.018585505846700965
d1a8295550eaaf3375cb2db5f38fd59b38d26fb2,0.024249667753570302,0.9430855482133669,0.01962245604413893,0.009013920670129015,0.004028407318794814
d1d0d8eb9e9b1dc3d0ba7ed86618268f64b57427,0.21169769332781246,0.12436179502023376,0.5730537057956523,0.063753192415602,0.02713361344069943
d2088a09d9e2c875e2978a9f84bea689f4c028cd,0.23947367528201544,0.024611179939705262,0.70912071507633,0.0185649069819487,0.008229522720000557
d211fc0940d5da1622d7745cb14bc6ccd913bfa5,0.7439560984043346,0.03933929854388222,0.1677534562814616,0.03654890760698022,0.012402239163341424
d214443fbc8db6edf587ca299d2efe6714a57e4a,0.7282690835056127,0.08014104868151305,0.12669816050501342,0.04947275482002399,0.015418952487836965
d23e4d425a8e18d559443275b441f7f74f6e6c2e,0.3960147708837243,0.19535361090255302,0.23131718378244315,0.1429599836346752,0.034354450796604284
d25c69f99c4b844ffab77f632920e3fa9032be92,0.0665251731729306,0.836734808703859,0.050171371074439586,0.029949523999722102,0.016619123049048765
d26afbd138ff96d9466388b195f7e183c0bff3d5,0.7044400605899677,0.10265268844786915,0.1233051541682971,0.05154763628419486,0.018054460509671223
d2d8b08112beff69fb1336e2bb7d569bee31ed24,0.11802251429325758,0.7283020121420061,0.09182589346296963,0.0451908309756989,0.01665874912606782
d32197f3db6bfa837d5d87797306a762a3d66d4a,0.03459666585323776,0.9218022615694749,0.0236191091657076,0.013582385534079311,0.00639957787750069
d378367989d05bc8a20d1b5e1a86077a8ad768af,0.026125748707217473,0.9475387041012591,0.013315775145993863,0.007951684915346367,0.00506808713018309
d39ef556f489720d0b268f94aced549e0d89dc14,0.04130438809351054,0.9034506978592118,0.03376886498539085,0.013787868011245074,0.007688181050641575
d3dd1bc9e20cb888169900832b4c67546c6a0a4b,0.24526230028479773,0.11382883442958325,0.5436376522659705,0.07676890578015326,0.02050230723949523
d3dd7b26dcdd412dbcb68496e4ce7b19aab014de,0.5716006120940021,0.13733913295050088,0.18428898064993018,0.08329944274941996,0.02347183155614696
d4077d83a5359394178167ee288176a6fc960751,0.520627210829841,0.0777288481854271,0.31617757007867314,0.06255807616831426,0.022908294737744535
d40b1b5d1d86c0923195cefdac86c4151418674d,0.44821463061882133,0.09776444454983325,0.35768897636137903,0.07016409123081699,0.02616785723914933
d420024c918fe5694623a001408600a6da4c5b2a,0.6509247473812375,0.07651512327598453,0.22698080293155848,0.033722716100432204,0.011856610310787347
d42df34f8d3f5c2a1327418a884c4abe2bfb84ef,0.16501233419097452,0.6027216606892264,0.11079469339315362,0.07976959889287065,0.04170171283377484
d456ba6139f1e5678a8ab460d827af937d89f412,0.05829839850566683,0.8784177604447923,0.03652191297413509,0.01819774622180185,0.008564181853603945
d45e1d8ae9cc6007a0f77a7da0120c5d8a4f69a9,0.7683657980317459,0.05660910687101416,0.13500616337264532,0.02999469976017948,0.01002423196441508
d4869bffbe66a36d9ff5e4e32e2f8b36d8f399e6,0.021432401717076856,0.952969478216576,0.011746889525206543,0.008683491086810687,0.005167739454329932
d4af711bc55f07896229d6026413f2460f1b7562,0.6611032502026232,0.15526693599300584,0.11729109134903039,0.049652956139566266,0.01668576631577439
d4cbada67a83b397ebaf0740f48d1c041e4148d5,0.5171579524445749,0.10079209032157267,0.31599836558324274,0.048740767562383415,0.01731082408822621
d4d02e73da889db1f4fbd9157ba8122d6b1d9ce7,0.5268091325996144,0.05722545596285023,0.2868871564958103,0.10784328923763722,0.02123496570408784
d598392e86af429cedd649dd7ef994031e6e58d7,0.3834040526393791,0.04801191888025881,0.5139507688165971,0.03710482129013651,0.01752843837362848
d5b4e18816472105d9a8d077a03032d35fe63ae7,0.20482787870588315,0.1257541651612018,0.6084606724785747,0.039193135445864814,0.021764148208475557
d62b245703125f2e5bf0708694cc53d7f2b0dbf3,0.024205508844104356,0.9513076524344776,0.01194345905190667,0.008163961792635954,0.004379417876875347
d64370a40c913742fa0e76134caee5aa99fe2fd5,0.6152650741725629,0.08127033280339861,0.2200047404471983,0.06570971582565298,0.01775013675118721
d682cf768640d3e80131ca8230dd5bdcb76a0191,0.06662429622789089,0.8071418543830697,0.055797175837560914,0.05321802703075604,0.017218646520722553
d7e3f6424ffae44050202d881c995e7ad3ca0e81,0.750193030888043,0.06193513344645256,0.11233495619837586,0.0587592765619121,0.016777602905216453
d85fcaf4a3eec9b797c49c034145a877103cf5ec,0.0776596160127214,0.8222379364920728,0.054975499885853735,0.033627150011758596,0.01149979759759346
d862361974270e180941553285c430746e607449,0.8499524702701892,0.0411471794816202,0.07159097993930617,0.026546615051519055,0.01076275525736535
d878e173af778553972679125cbecc579fa8c63f,0.22154837761926224,0.041588348952434004,0.7047338155105857,0.020370532944902823,0.011758924972815245
d897658c3347a799c08c8a175499e041b13d270e,0.4366382563247444,0.07649019645246577,0.43651516035912963,0.036310742934494204,0.014045643929166032
d899d9750e073d928bee63a8b98bcacc71c19da5,0.3137256884073999,0.03572301295386485,0.6076534592453396,0.03115093469288947,0.011746904700506065
d8a53489430e4a34f8de93aa599d5e4dd954b414,0.5647561585031304,0.05681881231574891,0.3336454287134244,0.030465598186907146,0.014314002280789028
d92fcd0792f47772fdfc7b553b26382218e5f2d4,0.2652873938183867,0.07393236072080546,0.5990907743083914,0.04426877530496757,0.017420695847448785
d93722c9c7b1c70aadc0ad14da0c332eee58a4a0,0.03407839389585069,0.9170606170104401,0.025176540675960757,0.017062054314799725,0.006622394102948728
d95158fa1adbd3f9b284dda815ec2776c53f1613,0.3797839756671197,0.02947118128086092,0.5587591782190725,0.019720556945304123,0.012265107887642762
d9a08adc801c17e65c72f9158f118c1fd51424cf,0.5902879544810006,0.1886038232177899,0.09305112011572228,0.1095113846105262,0.018545717574961016
d9adfbd38a7b1e1906801044e968e63f7d6e7ca3,0.6666109158553836,0.11213373738673646,0.15454468595547807,0.05232257309392806,0.014388087708473715
d9c9feada8b7a022f06510a07a6139875a0dfc0e,0.641854138189555,0.10447134126622878,0.15892177165850355,0.0734558937564277,0.02129685512928511
d9e12fec63d883964d1822d69200472877cff3e2,0.7275440687719315,0.11354422388131234,0.09937482718922595,0.04518034352050249,0.014356536637027772
d9fdf4c7b9b51b1b538a558379cb7656240dc869,0.3072517324614078,0.07082019299959894,0.5689557516443308,0.03502027635623239,0.017952046538430168
da058bfb9d85e11d0d012e56ebf0b1c0b09b418f,0.08251299294907535,0.8134314364138804,0.05972611694202822,0.02978799719779497,0.014541456497220944
da5e2fc2250ded2e30b7f4d7cb4602575cfd60b8,0.5320272210590656,0.1485809865581401,0.1876083340631109,0.10481439610726631,0.026969062212417204
da69c1c34a12c895a3d0a52c57daca9fc3bbf82f,0.0642453698611564,0.870047244311852,0.036385263589294864,0.021701647632734807,0.007620474604961838
db4d1667675c0233d90ce7f0a3775f900006243e,0.6812954097742101,0.06687503200099415,0.1901268933531633,0.0466596278868687,0.015043036984763775
db4d6126261d321e9aaa909a84c72fc968be8d2a,0.04614337417635876,0.8896074886472073,0.030933253615777354,0.021035429900923042,0.012280453659733643
db59ee6c47c0c7a46e5ab2b291c6cd47b98be4fd,0.5134666966693802,0.13241106360398192,0.1917468601034913,0.13438335796243583,0.027992021660710895
db842eeeb2c95a8c129df97b9e9904dee2eaa21c,0.10908037291134053,0.04675827861167283,0.8028038928432768,0.03024229489036765,0.011115160743342374
db8e26fcbdb5a17085dea03bc2491f481ad9a323,0.2511999434949578,0.12175588004143914,0.5505467739923157,0.0511726955325126,0.025324706938774845
dbdabbad2e58692b8debea8756429438879927f6,0.5501752667010987,0.2344974947534592,0.11327171415190962,0.08048150148195699,0.021574022911575546
dc01fbf43d09af1ba655d5f30684a0735dc34f2a,0.6674921164329867,0.09139650132232151,0.13973925126956135,0.07745676216836488,0.023915368806765588
dc117ed4ce6c089a0ed328f271de10a2996b8c3b,0.6691758218727881,0.05268391247132934,0.23257467758663883,0.03262483882103608,0.012940749248207518
dc562be2f7e02c7a50c95b4df1081eeec758397b,0.6863218670466037,0.07008075566946374,0.19017549260933572,0.039910079667818066,0.013511805006778864
dc649b42fca41df09f2e9402845807aed2af621d,0.05408160922222114,0.8826232045807956,0.024864652659045704,0.028607355028878092,0.009823178509059654
dca334b810b9021828fc7f227e784d99acf23a7e,0.027529788395081106,0.940662654396621,0.015352504747119359,0.010734503467696957,0.005720548993481629
dcae6506c15134f10d6ae3733947eca0c59deeae,0.3284562704506055,0.01870174834335354,0.6252257207097156,0.019802669217370988,0.007813591278954389
dd65788e513c2abebd1d6072a6f06212dba600d5,0.4323330363456492,0.051914967697985294,0.4664159849953476,0.03668766085562403,0.012648350105393908
dd9a44d9a7c5c32955b9a4e9dee9c3789cf44b3d,0.4402193318790362,0.20844797827600642,0.13955476658106508,0.17749227667913559,0.0342856465847566
ddb6a2a4d384bc99867bf8128d51b848482af361,0.4870138340035147,0.047675031973709786,0.4087259499060994,0.04080689682429299,0.01577828729238311
de165a1a543cc6b94cf0bab11618339367a0b223,0.571229733674748,0.07584051222180083,0.28646628498764376,0.047255218031077316,0.019208251084730135
de1eedc62bd9c4ff29e72a9dabb604188301c8aa,0.2654670594608562,0.07022299319556179,0.5914372411559871,0.05213275109711508,0.02073995509047991
de3b4ba7b7ec43cd2ff2fc819f79030e3ed82bcb,0.5560856353537675,0.04692440606036134,0.34930923769843,0.02897156313028198,0.018709157757159117
de431a8b564be15671a1bb420f9c90885d96fa5f,0.6547312878269951,0.12388585692676889,0.09237457308999325,0.10459834517045473,0.024409936985788038
de6fc0c6a7b8daae7c6367a623b538ab0db67ec3,0.7284572600767578,0.06164465990393811,0.16053557199364918,0.03778867887773873,0.011573829147916182
de72e8c4c5a713eb29d2f3adfe3fbbf98d60dcbb,0.7343357568658713,0.01745365228623401,0.2200766656283069,0.020553550214816918,0.007580375004770901
de794d6f9a08d85f93bdf3bacdd6ada5971fbbda,0.7742925675911672,0.05840012331232059,0.0711799574805281,0.08085158106811624,0.015275770547867886
dec4101b48d9e34b431fcbb507d867e58901e2b7,0.4657325888080777,0.0609426985469735,0.4230141398742913,0.03510563787281274,0.01520493489784506
df347c2cfeae69ac152b02ce7e9bff4b90554983,0.3484657969311733,0.4204678674855578,0.10684195816739406,0.10103463237855824,0.023189745037316623
df7f7188bfe99d170fe88ec509f980f59e12a9d1,0.6131468079113644,0.13928856928519737,0.17548020380206286,0.052769339676958335,0.01931507932441705
df88a4c1c1e5439bd0125622689edcb436d94621,0.05870756013619338,0.8674523568999654,0.043599453496499324,0.019829525449931853,0.010411104017409885
dfcb7266c7b2120312a1dfc4721214e08fec2af1,0.11456623535674494,0.06469289164413738,0.7796928464753918,0.027842626022925854,0.013205400500799876
dfdb44a7d8eb584ea06199cd2f34507b15949952,0.05993254938271668,0.8749930809146245,0.036946859513652244,0.018659464388683034,0.009468045800323632
dfe30cdde4cfd07a58f7c33a7bc7c02aff419032,0.29498800617219045,0.04949088290551079,0.6047665207258909,0.03722951740712237,0.013525072789285487
e006a3025eb8e44f71aa1ba48e75d944be23377b,0.11818504599057929,0.6462668483062826,0.13828350166192843,0.06644730223301429,0.030817301808195384
e12fc793103f1e2e1f3c7068587c5693f28a5b9e,0.7721980758015656,0.044189504322536155,0.14959621060933448,0.02345929458657675,0.010556914679986892
e1371921331aa897ad9c9160010babc920ab08d1,0.25689448433285444,0.4405619244036948,0.2357609380029989,0.03485123161828136,0.03193142164217057
e16949b03e8b501dfd54090b527942dbbaef2bd8,0.19193050957531357,0.5371497561398038,0.2006887103874707,0.048760275594763314,0.021470748302648727
e188c64871c9123794e44108d8f463a080147ecb,0.7212280272778798,0.06726903017560704,0.14438508259652788,0.053898635847315184,0.013219224102670322
e1916779d87d289a7501d1733ac2a9c723d54ce5,0.07224919791156936,0.8396192408678055,0.05488863182323916,0.023348462588625375,0.009894466808760837
e1a18f02c3a32f6313461f114ac9e185a85192f9,0.025495528320603093,0.939755482327574,0.015451132352351807,0.013038471391324535,0.006259385608146637
e1ea2efbc36d9e9a53382bf485ecf6b0579d4afa,0.49039280038687255,0.07719279586035409,0.3750189134627326,0.04130867171455548,0.01608681857548528
e257f539c35e8adec6a7ddac6e144508fc221ad2,0.3905101878690216,0.09200254945076648,0.43268547485697195,0.0622126176940414,0.022589170129198765
e2ac0a206ac6f354714408942e7c3f6c2b850b24,0.7917586044906133,0.01081172451026257,0.1825580032477193,0.010628860494910323,0.004242807256494543
e2e6df05b41fdac7c6c28ec85514191bc58b2752,0.12176347346797287,0.0693479752017781,0.7594901683120459,0.03519555642539004,0.014202826592813135
e2f02773f1aaf733cb4aba40fa2d045cbc2d25ca,0.3459711947953605,0.2384447569589056,0.1219252160383281,0.26192143186340283,0.031737400344003
e300ea5c80c5e07a80b6a3cd61cea886d9133e37,0.5667242338623982,0.056390874995721825,0.3404934824569593,0.02548849354346061,0.010902915141459805
e321d86da5ce9207dd04aaca4740c43e55febcb7,0.2890550008527102,0.111937534526882,0.5363880173262257,0.04162827399315016,0.020991173301031927
e3223e9ae357fba1ab47e00abf6354fa84743887,0.20508574930769718,0.10616603208506982,0.6138104508440239,0.05202696117821844,0.022910806584990645
e3738beefd228afcd86a4e82983be99c3726f90c,0.33327590968830356,0.12869463509515444,0.4570170557623061,0.053640271130545765,0.02737212832369013
e37486852ad48c993fd7b2be6dcec4e82f790f85,0.046210551075855234,0.9027237648089295,0.023590250319028942,0.017798062083052898,0.009677371713133492
e3aae02d6b14d4bced0547ed664fae2cc387ac19,0.28359853620406006,0.04274027803285408,0.6184085343700167,0.04079907726430317,0.014453574128765983
e3fe10749268fa621ca1e067c0150b290f722747,0.24022662660469002,0.46778323300804997,0.1458862635815812,0.10607130543503217,0.04003257137064663
e4aa6d284907bb7de6ee937eb4ad0b4e9447058b,0.3822076196322418,0.05334707704349074,0.5145463873810298,0.035770607358297936,0.01412830858493966
e4b930664b4ddd4edc29b4c467ab1d5b7a18a3da,0.1974719497065235,0.0648444181833341,0.7081595334380387,0.01872669790899994,0.010797400763103709
e500162e1d3e1d6bc81d435bac82983a32f9e0a7,0.2931166232156758,0.08003666033953098,0.5018060546433614,0.09578790495686014,0.029252756844571782
e591b3ed99fb226ff688c2d687b12dc08a2619e7,0.6193548666474851,0.05603878678259822,0.28077156805688097,0.02884596870620665,0.01498880980682924
e5aa8c2c7b65a053ccd0572328dbac5b2c423c44,0.14778458903878797,0.07286053270494303,0.7210421424396768,0.04101480870260844,0.017297927113983765
e5aa9b439d8d134f5afcfa2f727775a099f018a2,0.7572974526707683,0.05244493562109121,0.14491714256276556,0.02867539729543275,0.016665071849942172
e5f6ad37f86b76e0d0c75fed1366143e83ca34de,0.02541663250748226,0.9456583635954342,0.015533174141260256,0.008273808617739948,0.005118021138083317
e61d77d94952b728dbe1eedd0a106687e6365e69,0.05261035089921652,0.8878165869101787,0.04036221544283642,0.013097339013536317,0.0061135077342320075
e648c02982810cb9e8d6c36f5be6f719ae4aea20,0.28835090104209515,0.08271326928640937,0.5281308340655219,0.0816595379885633,0.01914545761741037
e69431b75ecbecf075f1fcc5bf20b0dd0255e80d,0.2059633192252679,0.08455486786944713,0.6488756369541964,0.042609690102890736,0.01799648584819775
e6c7dc5975120947d85b67e82f7ce7ba3451d117,0.8072353604966056,0.04290774526363738,0.11448101572717682,0.02760599010697459,0.007769888405605768
e6c7e1db8488bd55bf436e8f4cd545ddb5610b2f,0.276431416353393,0.050004418368942795,0.6200984951460347,0.04019939156854431,0.01326627856308519
e6fd4e67adc0b7ca945bb6dab199a076ad7dc110,0.6386168624004143,0.1461696260791976,0.10989164639499487,0.06781396323064134,0.037507901894752047
e7097af7ff806e11fd6426650d7c3c5d159b39a0,0.7335288234997143,0.07534920144666792,0.12260459063831866,0.05156299830695882,0.016954386108340287
e72f916f832c1ae41fd57ad9509b2a242fb6bc73,0.513734445485236,0.14014022920290112,0.2250069713610653,0.09312260304751353,0.027995750903284003
e73af8457a4f14cd9fbca401184bac2de84725e8,0.05093213089406216,0.8958765130508132,0.02855446820416522,0.016017363888138177,0.008619523962821226
e75a4ade4e43162bf822d6fa9fe0656ea1ec4e28,0.032415124141063886,0.9229101927704568,0.026510716922383,0.01175145557014612,0.006412510595950137
e76ce214e699936abce9910a859e8d6cd9a5bc43,0.01977557538889699,0.9504089783790757,0.012261973323967012,0.010972141781875727,0.006581331126184611
e78aa3a954b093085f487fd4eaf89fcf1df84f0b,0.3724294762517559,0.16403635520216836,0.2158159427206459,0.2147161922812972,0.03300203354413263
e7b2c425a23fe0de6d6f46bbba77ec4b9f982d2e,0.16329768212290455,0.6396523826680024,0.06911867517618175,0.09025337034605126,0.03767788968685995
e7beaaa052746a44db673865d1d17ba1ff872191,0.24725067483470514,0.5196150474604282,0.13010299776244091,0.07791119529955629,0.025120084642869387
e8020af78e466c61d20ed26e4ab654dac3eaf8f4,0.06217798252606203,0.8668840714978104,0.037573629569261066,0.024019660820298903,0.009344655586567498
e80688b8b17b2261f7d51d27d865fca6bec84f8a,0.21002610500105634,0.11578325246876482,0.5838398019975319,0.06212771671632147,0.028223123816325402
e8583580fa40064ae071da9a0bc97fdc508fda8b,0.3627049088097754,0.1525838452273745,0.40482024757699564,0.05113965293411592,0.028751345451738314
e880cde7d5226b2adc9e4c4ff0eb6dfa6e00e78f,0.33429907414118465,0.09795181820578429,0.47989577520897786,0.06377455396526627,0.024078778478786735
e8eb073082f6465208ea2e254f0e30045558687b,0.4296052592253865,0.10303742212036467,0.39680961416724797,0.05148477926950346,0.019062925217497532
e9d4c66bbce9778e148aee25d1b53129aedecf40,0.6676863147950374,0.056856016409881575,0.2218545013483828,0.03941325186899462,0.014189915577703535
ea27a85d79cc6ff80972bfc23bdecdef40ba8cb7,0.03993072540471063,0.9010140664962413,0.029343254969808823,0.021236771318986252,0.008475181810253082
ea706674fbaae9551b82344b31b55ce556517e8e,0.6942688315201025,0.11126217300894492,0.07827126187095418,0.09695354583523885,0.019244187764759394
ea7aa889f54e92ed4b00f4fc9db56ec8141d6739,0.023049199177064893,0.9459431340140475,0.015563241664465153,0.010345426961386121,0.005098998183036372
eaad3bc3df9ac172818db9f14cfcf0e9e6662c00,0.4551360033674022,0.32135876965892984,0.08579073498578439,0.10432980190379426,0.03338469008408935
ead39aa4bceb42944d932dad4a6a79891f35c332,0.7579264469949027,0.0806089781734806,0.09893204626360332,0.05068087412414419,0.01185165444386909
eb34206bd75b4b14c0a683375fccbbe2c8a70d3d,0.06669825001198061,0.8630931828733258,0.040350934055098424,0.01803989863823249,0.011817734421362764
eb852fac37dc757ca931882db56983b5d54bba7e,0.6962527361942926,0.08252781132940648,0.15255633910437105,0.053451498472224614,0.015211614899705022
ebc0e56934c13deb79e35123979264c53f8c7cda,0.6872523387505663,0.061569495700147005,0.20261728437600948,0.03270246962513007,0.01585841154814701
ebcd63f41ae689fcbd70ab70a603f10b42a33904,0.03287322254719446,0.9297309752141546,0.019685990004511635,0.011708352862390348,0.006001459371748794
ec03498954ca9c39330e1915490eb04253cdb7da,0.13724662493836381,0.11354533968244712,0.6404010099735508,0.08808203210734135,0.020724993298297
ec476f53f999ad8c6632c829df4afc927e7efc53,0.04855386842080706,0.8665997902407437,0.04172732361115033,0.028146055812634817,0.014972961914664238
ec5209f2abdc6f20f336d9b4130ce9b81edbfc49,0.0476860854162926,0.8863049711966979,0.03469843027762672,0.022607257390753404,0.00870325571862915
ec97d5e982ff9317f872c8be79281574e4ca37fe,0.1090091290338408,0.022830260116202723,0.8361514561571606,0.022810902091855732,0.009198252600940053
ec9d2cb08c81b7a4ffaeea94fea338e223c660a1,0.5452707135764471,0.07156537065913822,0.31494842402391293,0.05197400276175804,0.016241488978743845
ed5996a2b94dd61d228197de899d405f6ce122da,0.5698233453285378,0.05440307455837309,0.3128083027809299,0.04841726170323655,0.014548015628922682
ed5a10b4df0e2625156ae899979d7921228a2843,0.26648796669433583,0.05198682304108165,0.6430760731708515,0.025453089512314862,0.012996047581416377
ed687138aa65a945c4c16dbc02025eb2cb7a8e2d,0.22865012959213965,0.05076919107243192,0.6786865269931203,0.028586200189618653,0.01330795215268934
ed6e6e201b01f90f3a197fae08f3d7ad7399e103,0.27253985038739614,0.04292424433776525,0.6481135763583302,0.025320901431208902,0.011101427485299414
ed8f028ad0bd33a4633c0af204c9cd518a0f61c4,0.3781873468392449,0.04068511044545858,0.5356111194277725,0.03255226585333819,0.012964157434185775
ed8fbbfb7beb57d8d8db7710cc484db60c9b2450,0.5524069006229932,0.11554947832985676,0.23729047207930273,0.06606839968377692,0.028684749284070474
ed95bfe5d2e2552bb71581187b600752afc10cf0,0.05285943629233567,0.884602060384978,0.03198861070463465,0.01957403705891637,0.010975855559135191
edc7d7a099d7237c7858c199d36bae3b0a5aef3e,0.03385135822589463,0.9027659063352405,0.02855182262026806,0.02362163644871098,0.01120927636988589
eddaf8862dbd3127a856e2308b5cff614f1b4700,0.10159356037842762,0.04977464626366283,0.8084665442285582,0.02826447760772603,0.0119007715216251
edf68af41a6b9d43d8bef6bc884b65262805b0bb,0.2547943167218149,0.0595061628354045,0.6219287415792888,0.04562517587912586,0.018145602984365992
ee1bc8402d7fb4a05e02abd348cefd4ee24052bd,0.7599465426601841,0.049012267388353715,0.14504483167940363,0.03532436777168387,0.010671990500374729
ee3bb82f6852c5817e957792157f482086711345,0.806101900796233,0.026638333245083242,0.12835931648850404,0.028944726221486236,0.009955723248693494
ee855eef79ea68e30d6bad50e48dd886d096fa57,0.05249456987863778,0.8905825847631308,0.032373166221572464,0.016899694597905374,0.007649984538753628
eeaf22cf43c18ed2e4775acfc776d788cd80909b,0.06898742740927642,0.8690699521834859,0.030796043917478675,0.02258633934235798,0.008560237147401036
eeb3f46451687820864a52e947b0254ffa119b1d,0.2869147531548783,0.07536920904483387,0.5763469191210224,0.04273618031643181,0.01863293836283375
eefa998949eb0f81c8a09fdabe4f01edc11944ae,0.41303429200375164,0.09752851967898599,0.39870562228884915,0.06452210709969407,0.026209458928719263
ef3d6339deca5a9f8ab0f7603061bf84b08032f5,0.2824069363595665,0.09689488921644782,0.5339233073369528,0.06346495107631131,0.02330991601072158
ef401d8f6bc700e007740b081b0042a2a231a943,0.1772886320804139,0.5731550429907885,0.16071771870656346,0.061443267413558274,0.027395338808675916
ef7246bfe17afd6bf195f046c49f0cf923e0ac9a,0.045404361331303565,0.874495212605234,0.03312766641210962,0.03198705968045161,0.014985699970901168
eff4265676b9057d3bf0389ddcee6666642ba8bf,0.03995108610549736,0.9035076040007337,0.03139351256087722,0.017273565873619688,0.007874231459272192
f0140c66a9e641ac587e754b76288b66473314c8,0.10966092110455339,0.04112224690479698,0.8144553561117706,0.023984442838315783,0.010777033040563403
f0638ce4eb4a8439a27cfd0c58449e40a4997873,0.046980047674374206,0.8981332238924945,0.0266691145232892,0.019406740091152567,0.008810873818689582
f0891b93ceb5fd96ad45dfaf844732d2eb85237c,0.07530267799129202,0.03696965769313697,0.8634395586759854,0.015132177633717502,0.00915592800586804
f0a3241b265d196ef31a1e3ac9e634bff9598fd6,0.05521926728972284,0.8613574540632045,0.04563803053579031,0.024543874295733945,0.013241373815548343
f0b2d119f56cb62554b0d4c1cc8cd3428331a749,0.14633470734685658,0.06004876947002664,0.732891079386678,0.044134428863500406,0.016591014932938263
f0c847341dba78b37d97647546e9f76ea7b7223e,0.39749394782624065,0.06038677532565949,0.49068679155933054,0.03546049685470063,0.015971988434068555
f0efc079737afc79cc7a64983a7c4d0c9b8183fd,0.06073144095469196,0.8725519795632697,0.04370757877500339,0.015087430786285732,0.007921569920749128
f102d2906ae65a7f7b26e7b9ada0ee3563a9fe0c,0.30359139474081476,0.10308197732502739,0.5183140473238418,0.05388726441597208,0.021125316194343907
f134dd31dc6dfc74578a8ec7528166271df04e3b,0.60077793964274,0.05171400040848907,0.30665994746329867,0.028090333329378082,0.012757779156094063
f15b41713d6addb3efe05f199414ea90d4556d16,0.20669907009636737,0.5243264299084651,0.08158763841969723,0.1631879186913983,0.024198942884071945
f162424b52b6ac892463728376bc106bc114837b,0.05424796275326953,0.8894503978853562,0.03229260963545871,0.016128494948088296,0.007880534777827266
f170d81723bcd79533a7cd7dab303f6969610815,0.30002417393301756,0.0755290935095232,0.5491201102344758,0.05350034649402443,0.021826275828958987
f170dfc1da299cecdf2576577d6f01f777b5b609,0.3942404192695074,0.2106071038751629,0.2569129591797824,0.09963565885163275,0.03860385882391444
f19c681417273371191c2bc2b11106c3e4f9e83d,0.06791185834283049,0.813906625419626,0.05437587441373916,0.047449751444870306,0.016355890378934073
f217464dc5d9b52290742385e671ad257a9da152,0.692593370416423,0.11615343313116931,0.09462145483962014,0.07131163634378393,0.025320105269003388
f258bcdd72e3ca83fc9b6dd5d3cdd1214cdff164,0.5078423571436009,0.1565861021559483,0.13102727875694278,0.17869052266219826,0.025853739281309615
f2a1424b0af3bbe1ef0cbaa8aa2edac6c332f783,0.7477194699633127,0.054304446356362064,0.13272196011315057,0.05064742235298131,0.014606701214193404
f2c0420b2c4187b04721620e49d833d07e18c638,0.11730124723781579,0.7257563700961106,0.10837147025072745,0.032809253686032505,0.015761658729313746
f2d8f23c36282f00b4bc1ecbb96534420cc0165e,0.2850638024900313,0.25916645818661166,0.3578726881839417,0.07017073227976388,0.02772631885965146
f2eac9ebe106d83690d3e9bb49f5a52873948624,0.4205862169392132,0.22101018703342515,0.09336306034901386,0.22770455545254684,0.037335980225800806
f34418e595f4e6e13c36aa5383e3302cb20308f5,0.7970830594689694,0.08375980861905755,0.04199643987493629,0.06375758651521468,0.013403105521822157
f345dd03b7a1b1626696b726d924ecea157e1740,0.01792878472812931,0.9594027395731642,0.009930405544728587,0.008136930289135078,0.004601139864842817
f37987ce590d1a8cbb9073a6d99bd4819d1b54af,0.6323606112547765,0.19107630304907244,0.08087055431574323,0.07410340477077558,0.021589126609632216
f37f3e61afb7593223b6daf35914a45555a613c1,0.3776125662886596,0.05917350291527243,0.48101720762262284,0.05825534401571629,0.023941379157728683
f415febfbe939d60168894805874ecbe2ab4c556,0.4932149726570425,0.1180228880513012,0.2135728255934568,0.14700242714063913,0.028186886557560402
f416d7d29a6f7d9920133443d958c40689224bed,0.10846869424487833,0.03684304689967648,0.8309023415675767,0.015359369282829364,0.00842654800503912
f416ea86f0a10199ef8874552936e08645507057,0.2927078116725025,0.2295740365922756,0.24965970784930394,0.18473803422657767,0.04332040965934038
f480517dd1d148d87687a50a8c9e558cb31b144e,0.7235727080862748,0.0321086512412488,0.21294775770764754,0.020266775169115653,0.011104107795713247
f521c5d3a221d782cafd51c2f60e84563862de3e,0.7207233484658119,0.06326985976926716,0.16197094905719775,0.04044426875295985,0.013591573954763436
f6299c79fea98f2352989ecb51b16455009b7473,0.03662168896447127,0.9175519222491856,0.026058683728610112,0.013853630761973438,0.005914074295759384
f63e3d1d5e4b965b3b004b47f8a4ae3d1e27dcea,0.05582391832644088,0.8831763094212495,0.03716369024328871,0.016103719748043296,0.007732362260977475
f647f4bedb047ba56eb1fee1ff2ced5c9ff54464,0.24005004982005745,0.11811254970272213,0.5483393595625489,0.06888398180880599,0.024614059105865404
f701545d7209c336fa3de1c09677dbd702e6e354,0.13552851161542676,0.7082637896798868,0.08682643767534713,0.040975820637547476,0.028405440391791974
f7256f787a44fa6b2f1c763b54248f77456e507c,0.17677775119203934,0.00869353708189109,0.798509547012858,0.011140086038507708,0.0048790786747037055
f78a1e78c1f5e1e6defb5cdba1b6e3c4ab04368e,0.6485049428290648,0.08292360058349607,0.18340939372273196,0.0649034409952546,0.020258621869452605
f7ceb05475f9dbc5fb03757f267015753f73672e,0.3228052899306735,0.02177920397917513,0.62655346843842,0.02092075834342977,0.007941279308301678
f804bf88bb8c36c9c43cda946d8eae32bfb16b55,0.4441849382094763,0.17881573327828595,0.10221295563977306,0.24640008123410606,0.02838629163835873
f8683bb62ef0932f883eafe899477d3579bc6410,0.37235311792590914,0.046103210197327174,0.5424860347461495,0.026753809111460938,0.012303828019153154
f88dd29020381d3e5a08bd5d74a5bceaffe75c3a,0.2923322039276128,0.0636145021959647,0.5854998450670984,0.04235974659204621,0.01619370221727786
f8a787deefcb60af0876c9d7cd565f8a971a6946,0.7286477333114436,0.06490207546501774,0.16114585816516125,0.03443510014266836,0.010869232915708966
f8c25f6f9f005b6dac3eae76bad8c77a5c4f5a14,0.618406995831234,0.049380090688388514,0.28294415021631597,0.03799220912981058,0.011276554134250992
f947396a25fd49d8dc23960e17ce749db4f65841,0.6183954876520237,0.06352727750854391,0.25010174305395017,0.048101719442609936,0.019873772342872405
f948a1fa1ff3a6bfb7b654ee672d7ce1cfa5ecb6,0.0390120802061864,0.9170479973322804,0.02219732273393824,0.013885588035408306,0.007857011692186803
f96fefc70c2a918d4043028e4b3c8f675ec2df36,0.31153013713407623,0.0539463249805861,0.5933487098730734,0.029495064826342024,0.011679763185922246
f97c4493db2a81b0887ff0c0e4025eb896113453,0.4802227138989266,0.11229298818588615,0.29245025270210573,0.08671013002433921,0.028323915188742357
f99ecb8f8a7402f194f1be29acf0e099a265f250,0.0741260243695888,0.8140478638069668,0.053149456301283815,0.037666949481304605,0.02100970604085592
f9a70cb56054490c7c5833769b94f5e1fc8b9614,0.43977588970588355,0.35143808611107685,0.11706538469328168,0.06457471114915452,0.02714592834060314
f9e5c8ba26def6b138155b99caf13629472ad9a1,0.2430118609187321,0.05604985632798574,0.6653112758733538,0.02542790529498966,0.010199101584938686
f9f6428b55eaf0222f5de2895f304c56a6ea6779,0.03991449093591925,0.908207165466194,0.02015462626785615,0.02265305722195151,0.00907066010807915
fa0d2384c45d1928905ff94dbfaf40debf0d4253,0.1452920086905988,0.6758342097814924,0.11455691189320517,0.045448412832000594,0.018868456802703056
fa50fa69d3ae1e883988b98d3b6384362440bf20,0.520353811507457,0.0620270249202734,0.36745347492393743,0.03431790811740916,0.01584778053092307
faa4b306d93fd9e4b1a6303ba9c7752b30afb12b,0.21032001704778427,0.440312554068186,0.1962204428302389,0.10065250235654019,0.05249448369725062
faa9fcc129f5cc6f215ac5f02cb26eeaf5ae27bb,0.20329560707984815,0.05691376379943095,0.6864021508732498,0.037558966557394345,0.0158295116900767
fad1b1200b49dbbfe413c52b0fa05f68e24ad73c,0.5477429287815624,0.078564917074985,0.31919275800272984,0.03647660208922695,0.01802279405149578
fae51efe623604c00002e037903e85e696f42748,0.6325622505462987,0.0664249522018252,0.25859554375709204,0.029005881888143348,0.013411371606640856
fb8af0fb2929fd10c1618b398351b3f3f20a2e0b,0.6591502726114375,0.05246979636252433,0.252971800693457,0.022478045834887564,0.012930084497693548
fbee24aaeb8eb97751d8295e2ebdf1487796e59c,0.021084394745822847,0.9493734803477671,0.015158762490165505,0.009358141620870931,0.005025220795373586
fc280ce20d6b5d89f549c0487e855bced7e2b6e8,0.108354041581161,0.811348982178062,0.044452600280276706,0.024248045032777877,0.011596330927722427
fc31d3ffa3a4852631c65578752d35c6c0d078ca,0.17004639898923943,0.1551277085763676,0.6074051965077893,0.04226382981443672,0.02515686611216688
fc4307ec4ff10f8eee99f8243c2acaa35bbcdfea,0.6506563236458551,0.03263132822170854,0.2823272844180226,0.0234749094154531,0.010910154298960658
fc535d928b58ec844cab4f6a6f9eb7b80e5c70a7,0.8304358549030029,0.038722540759474636,0.10310238558857417,0.018695672113476225,0.009043546635471965
fc7c9c0b93845f43503478592f92767e7434cc7d,0.06351592086583062,0.8463115262571277,0.04547493369947893,0.032738662913918325,0.011958956263644337
fc8cea28fb0ed80f8780c06712f4fba1c53c2bdf,0.35641499039135854,0.07539281985500347,0.5165640434076868,0.03349132707972286,0.018136819266228413
fcd6260c1c048340bd64fb57bb8db78e15a4c831,0.023409473692475372,0.9490800945885293,0.012439383408876252,0.009824991334803383,0.005246056975315749
fcd99bf3242a74a46bea2a8716360468d09f7aab,0.026201107104803698,0.9477978117307192,0.012918598665677931,0.008049137241020746,0.005033345257778521
fcdd932bc76a2bf31fd4cfeeaa522e9d64aa055a,0.03753002362734739,0.8945583258646653,0.03189065503816956,0.024285081303717,0.011735914166100621
fd18f4bf1d2de2ee3dcffe3f662e5b86f5870fee,0.13209478664958754,0.06071144345652321,0.7700895292101586,0.024366696596216604,0.012737544087514143
fdae06bb3e1e2a55fa58224cddc2994635cc77dd,0.7598747177335734,0.06999951805227599,0.11835483055849153,0.03937899201292802,0.012391941642730856
fdbc31eee97116d2a8c8345d96f9f96f396a44fd,0.3650144942875794,0.06604062996633779,0.517524851035839,0.036252819484809726,0.01516720522543407
fe0883f1212cc257918826af706eb607aea73de3,0.03538333212876489,0.9235628429587996,0.020138468374464633,0.013849245921829258,0.007066110616141467
fe5316ca33eda434a08bcd5d34a5a7683f36a6d7,0.1412041213960827,0.6909104812252816,0.11015381435916309,0.037156659524034415,0.02057492349543814
fe57ec17625aac3c9d4ec1069685945a9680bb18,0.0434415608134491,0.9120981036694926,0.021336197292469158,0.016191660339489603,0.006932477885099597
fe6040d0d0a8da5c4d394655fe9a6e02d40ba25b,0.5755060269526276,0.06729909099559395,0.3044353872929763,0.034343256197323056,0.018416238561478997
fe665cee17a0a93d27d4b80cab32f5886694d33e,0.1863354288161501,0.511080240831192,0.23427490458064745,0.04781069883742283,0.020498726934587617
feb4b0ae88524c9cee3e50f2301d84a235f3c607,0.6323644626416494,0.08151120472954662,0.21709484214653663,0.050976062374229594,0.01805342810803773
fecf3f14f47237e02721ed4baa4eb6c11abd239f,0.08953543283588696,0.8126702257656603,0.05710982613114472,0.02589342667026911,0.014791088597038895
feed09e13586d12139cd59bc20996a4d29706606,0.04429617947918339,0.9018028603831624,0.026183676070356453,0.019371438489328343,0.008345845577969314
ffc0bca6fde8fa0cce1ac3a7b0d746603d441bf8,0.08514829926287047,0.8510520871047405,0.03631451458066184,0.01871127948730241,0.00877381956442477
fffdd6f356ed5b8dba21717f60c53f6520e650ab,0.5576905016004537,0.1547227872705036,0.21132858351174966,0.05699733329630779,0.019260794320985302
