swahili_id,kitaifa,michezo,biashara,kimataifa,burudani
001dd47ac202d9db6624a5ff734a5e7dddafeaf2,0.8355747248956559,0.029405925120744122,0.10737853861409044,0.023477971257731427,0.004162840111778136
0043d97f7690e9bc02f0ed8bb2b260d1d44bad92,0.030803668572064617,0.934916547682571,0.01725639472739023,0.011613320760695978,0.005410068257278118
00579c2307b5c11003d21c40c3ecff5e922c3fd8,0.1252051288957771,0.027487191806411355,0.8039485937222629,0.029000345521766748,0.014358740053781675
00868eeee349e286303706ef0ffd851f39708d37,0.5309080591244731,0.15592797975792472,0.11754000855091151,0.17257382735233381,0.023050125214356804
00a5cb12d3058dcf2e42f277eee599992db32412,0.43741708026713133,0.044697323150867295,0.47185344346380503,0.03566800665892567,0.010364146459270591
00a93e174866089d7f4b59b72645573f963da555,0.02546223041574154,0.9147722766657576,0.01823337591291096,0.02724267693362263,0.014289440071967283
00caee8b79f36cc0a5ae4fe86b8abbedeef6c705,0.610383592512823,0.10954968116366769,0.09602891522805647,0.12239027981400818,0.06164753128144466
00e72e69de296484ccacd96e38240844ac61be23,0.11256811530681472,0.7954106914356792,0.04527511595712212,0.03149483562441208,0.01525124167597182
018effc3b6ce812c825fb01d244f4b849658ef3c,0.026038056753585493,0.954012538648626,0.008531274314248792,0.007454402697482532,0.003963727586057297
01996c3787dbce345ac122a8912dc9ab57334e2e,0.1997052981536751,0.4791248318422017,0.120776950249445,0.14025979831701046,0.060133121437667726
01a58fd93c05d8febbd10824b162ba00f51a9fcd,0.8012532293668645,0.03099477080074739,0.14072302047480723,0.021841904676494557,0.005187074681086383
027063d6cb270ff8b60a4ced0c7d3835628286d5,0.6718097101246141,0.10712398652602254,0.14000664539059618,0.06144971570338343,0.019609942255383723
02824fb4c78d076c52d71f21f50c7e33fac4a530,0.423968669587149,0.05279639100673938,0.5059248545206142,0.012036164593592578,0.005273920291904824
02c1bb0911f056f18e04a9e831b405cfa721b62e,0.8106527249978803,0.025705926281745648,0.14350401420079972,0.015963302259307362,0.004174032260266713
032bcb8f892f50c0f4698d550e140474cc0a2e25,0.02451141013950975,0.9543996363319064,0.009589024758296776,0.006421507738869665,0.005078421031417298
034185c116681f9afdefd8445f0a9896b9673f9d,0.4258089307927575,0.12375661043292006,0.34235702174262045,0.08839961555706896,0.019677821474633057
0355be98526df7da1e8da43c81f012551fd53a74,0.5740576871507429,0.15579789218045353,0.1689995626435413,0.05117140265040387,0.04997345537485827
03817b4b8fa61ee0176ac9c5cbf66fec86f2ed3a,0.19395243635666914,0.0977328873407565,0.6402366236927922,0.048240460643056926,0.01983759196672527
0388b907e596357c5bbee251003dcdf97d679c89,0.5185893878333045,0.020753210897872056,0.42930232874070506,0.023689701281687705,0.007665371246430731
0480c08ce9059abe99336f4b39a41f4562150848,0.14475924022827388,0.11539564603598011,0.6598434832159124,0.06531186324775116,0.014689767272082543
04d7e75611796f3ce8ec460f1eb6bffa9da15676,0.03525938295327974,0.9316301513853991,0.01445536345291136,0.01268437736485433,0.005970724843555177
050e737c0998f7ba049bc0f02d5a4b64e7f0625e,0.11492306413446404,0.6734627601484866,0.08265552949687283,0.09078359640122052,0.03817504981895596
0516a757aad1d09f893091602ad05505b5e88401,0.20372454368626913,0.057768284701917846,0.6968729460824521,0.03048897542611054,0.011145250103250475
05d499508761de20c4ae1f9fee1e204bd435edd9,0.5493864037950448,0.045069751780806855,0.33906026564350467,0.05311899163526737,0.013364587145376356
05ea491371ea5305802da17a93f27ecf8e59bb49,0.07475129997875195,0.8601455519983916,0.036654703658204314,0.020584330412158815,0.00786411395249331
05ee92945a93072bd98b56eaa9917e73584c0d2f,0.6561865814039477,0.10043726564252274,0.16472494337558125,0.05874083821613006,0.019910371361818315
060017feb4ec0ef7415dad6cc02e33842dfcfbb2,0.5611806916683333,0.00947989287999263,0.4179777649960656,0.009121750105475333,0.002239900350133129
0689b40d0a24ac5152e62aad9d112138e7aabe11,0.08992546200606044,0.026723986634459723,0.8582590206076304,0.02049532759303789,0.004596203158811508
06bc918b17a76ca6f18a3341f7da78d1fd02a326,0.05557415036624913,0.906956107678449,0.019462564014191105,0.009984334986550188,0.008022842954560813
07556b566255f261f362d7b6dd317cf7c8722507,0.5415444190314013,0.05777526036517037,0.35208352570653234,0.03453603257956836,0.014060762317327518
075bbea3663e0db97fcd4a2687ef2d47236dac28,0.8015136802708879,0.04870590896384302,0.06279575799332865,0.07990065591116759,0.007083996860772741
07ad07b3e6307bc93b4abf80011e4630058b665e,0.6149864628897085,0.045420039632413846,0.2877632671100074,0.0353030662480724,0.016527164119797894
07e372ce107507e12c04bcc938f1014a190c4912,0.14035056242160357,0.04246920529223121,0.7789574155945929,0.026065739941911262,0.012157076749661048
07e92959da333f858fffbcb3d9598ccfe7d2da34,0.19931073894684997,0.03385980856790218,0.7321003397293762,0.019502576940281378,0.015226535815590374
07ea328f3b14346960dc9ee5be834753bb1261e7,0.6661900533694954,0.10840590705919394,0.13841303649590644,0.0757396758603204,0.01125132721508371
07ec88b88bba066163e7aa27228b6263ee506390,0.7353833905172985,0.053926204389287434,0.16569669069763773,0.03640905936027331,0.008584655035503146
081412e435970d66e6a60e9406148323605d7171,0.6296656878184554,0.05832083125137621,0.2576638303095408,0.04887329907013918,0.005476351550488375
08275ea9ddafd22b968c99f94db32c366a9b94d8,0.037317978759677024,0.9195933540226835,0.01060763525132417,0.024015124472436155,0.008465907493879063
0890a8acfb73d35080feb74458c9792b1d57fe6f,0.7105127090664501,0.04217455499526935,0.2191310993151355,0.0206357946226843,0.007545842000460959
08df63a437025893af3ef60b87a702ad20dac5a3,0.07072895358869262,0.8481790704448062,0.04423782126563228,0.02257526613590878,0.014278888564960148
0943b6968f97bdcdb50614734e04244199588da6,0.025997715512192765,0.9309353970102456,0.01798362018880437,0.015440848192202908,0.009642419096554451
09b4ed7da8e5f8780ea8d3123478d6b42be31dfc,0.33493005581849583,0.028598418653433447,0.6162322530587035,0.014517306157278748,0.005721966312088451
09e50d9ada0f258798d3a9ae312d4783589e5fc9,0.07923552183970424,0.03786327715733471,0.8454332548637457,0.026010516779696645,0.011457429359518797
0a0c86c5a3e9253c647297a0fdf9355262620f8b,0.4556426888910018,0.1292455901829459,0.35848443920522993,0.04408767935605084,0.01253960236477152
0a223acab39e9b37cc0ec89b241874869c79cef9,0.6410696683268933,0.11126895245612448,0.16271588091905229,0.06551699846599991,0.019428499831930072
0a25a12bcfb1bcee66a0fd936b305251082736ef,0.030406779845818778,0.9151506188215935,0.027844618058135606,0.013648401725910402,0.012949581548541485
0a6152dbcfdcc0e8f2980179f6319d511d86e258,0.7034343654630967,0.031705566709771746,0.21880770850159612,0.03289695424200426,0.013155405083531148
0a8af0671430846c40524d56d374035793d03247,0.03625082373542689,0.9322614326206421,0.016752820605426346,0.009935770730598342,0.004799152307906481
0b01e6d23ead0ce43ee3cb719a84694cb634c84b,0.042399670329732644,0.9185880614949522,0.016858343154202152,0.015127646808074857,0.007026278213038218
0b39b6b564a36e71f36a9b2da87e1d8b0edc1926,0.6045182679924013,0.08947300343517955,0.2698900463317581,0.025983128531288837,0.010135553709372138
0b47e2144dc890d150c60a32986e2b130fa1e6ce,0.27505181026774894,0.030477367416898136,0.6765109622637099,0.011731675036849713,0.00622818501479337
0b556c8ed912121e0574b62a5e41d68e771ed380,0.7893299385846346,0.026243953426227262,0.1234349167847484,0.05106769828658389,0.009923492917805777
0ba0156e5105e73cdc1c9c6e0b247be99c8b8be7,0.5990403589803316,0.01737615296007206,0.3697645648564746,0.01043774569826334,0.0033811775048584085
0c272f5d8f6746d7b77b3d8dfff502c55b7b6612,0.8368271568342954,0.04428838208996638,0.0973710987471095,0.018089399485783912,0.003423962842844739
0c970a83167a984294a4f45f714cc117adca3b91,0.6632695727283493,0.1528786365421657,0.12176366422317063,0.047030003660659674,0.015058122845654635
0cdc764a2cf4f38e3b734dda222498daaae7762b,0.1264948732491251,0.018322419092671193,0.8351994115925444,0.01412473865152351,0.005858557414135956
0cfbd5179035e5e22964b1fa9c764337cc816bc4,0.29394397163386937,0.055213611167512174,0.6142523125139993,0.026004267858907783,0.010585836825711464
0d15d685fd32390bac5ba568a7ad5cac59313f78,0.02414780139768234,0.9425416865899088,0.015204022388356301,0.011829726758631361,0.006276762865421285
0d1637e139b088cf1d9a114ca48a5676abca4161,0.2210698707004588,0.03220472119748808,0.711201092796091,0.028808369468571578,0.006715945837390617
0d2e3cdfa1c479f93d7d19008616c7331df1d4d1,0.17683792273736756,0.01523925055546818,0.7918546956469806,0.012078220938673367,0.00398991012151025
0d33de20de638919329d55c90d8eeb6e6c05d8bf,0.1741629997061759,0.047985899255958656,0.7545807183738199,0.013710725113641856,0.009559657550403654
0d8e8bb5db320bc6c7c048d0bed7b17a4e52fd4c,0.4451633117994442,0.08687516087749757,0.1777961432375166,0.26649667739664323,0.02366870668889837
0da943ec51a642a6c551c33e260fac9702db1261,0.07594939862636252,0.8585096731523276,0.0279315483206896,0.020401655348224832,0.017207724552395488
0dad250b74ae3fac96a6ea95da3908cff18481e3,0.9067955209881989,0.023401865502411447,0.040891753800018214,0.02506063006254455,0.0038502296468269134
0dbb48e484af46a1567888ee8cad187011cffe91,0.6278322947292997,0.09579429633051706,0.18493433769412249,0.07309830394194107,0.018340767304119696
0dbff8419b10d05274f9ae806c3a80f4182e9533,0.46019695399734517,0.07345924565965249,0.29307648670169273,0.15423925384449608,0.019028059796813542
0dc7aa83d132722c26c404bcc4c3beff84a4f6a9,0.6011771470640432,0.18140464910565965,0.05733835253931487,0.14031916683457246,0.019760684456409886
0e43e7f0e72fd33f0fbf9cccf323f5075970ebb1,0.23345440365176884,0.01969697752366425,0.7253339007975946,0.016227932266813096,0.005286785760159184
0e9ac91411adcd07930eec2cb5aca10edbcb5baf,0.7605094822832087,0.09392835579959258,0.07492570303876928,0.06231764963391545,0.00831880924451402
0ebce7758de01efa31f6cb32923137d89af0eea0,0.2022352796821046,0.5594279410053752,0.18356635962053336,0.03424207601561978,0.02052834367636706
0ecd111de63881bf6a1a5737ab588f514c96c70c,0.8294861927987546,0.0373455527343891,0.07584279440684061,0.046589395079404385,0.010736064980611292
0eec26a488ff8052197a3b5390b418ac1c12ba6f,0.10174542112250416,0.04224242782466374,0.0591946894292751,0.7781309361643587,0.01868652545919827
0f3cbf200b1576ec06958663630b1fe0296dc147,0.5654742076992768,0.11863099227609573,0.11669485197883057,0.18524933607238,0.013950611973416998
0f549457628a1f540d3d5940ac5d21ba5f258533,0.4850476901441776,0.021755460911901364,0.4724573092382051,0.015331281360640955,0.005408258345075089
0f5bf82dcbb81f6291a8dc85ed6e306e15a1cbea,0.16759688538209447,0.024930362048422177,0.7695650884157033,0.02943206988785971,0.008475594265920445
0f5c284178765d0a6d07ce07bf4fe33f92e06202,0.7012969898708339,0.020991985813150687,0.25839555709115924,0.015503896869955083,0.0038115703549009977
105b495562a154cbbcadcffad1064e8118242c74,0.02069356224808415,0.9454736360529621,0.015975700662992504,0.01141446623985476,0.006442634796106531
107dd7197b90fdfbe1a98b86dadfa8bfac9bfedf,0.165995031850203,0.13786593301084157,0.5436922193172482,0.10579856828503152,0.046648247536675715
10b03eaffdc3304770628c87bda11e0267eed7eb,0.03171526342086376,0.9304717679540124,0.01921813133509552,0.012737637696302932,0.005857199593725547
11066cccc8556d9216650f0e9b8a11bea7bda395,0.7706935765961499,0.04602914648995872,0.11771279539208354,0.051434298963762906,0.01413018255804498
1146d6b4b5f38d1e47599fc43dc2416ab09a9c6b,0.704850144668851,0.11846930837366218,0.07872759036372523,0.08177553607976455,0.01617742051399703
115f11eb5f7d4ec8c9ed994f7a613024d7495529,0.11665027119767253,0.05131994894751845,0.7966917921099803,0.02452272550710287,0.010815262237725838
1166f416e9abde5e66f0073ad84fab41e55d2f5f,0.10936331562325835,0.023502453757580758,0.8518010928017313,0.007845461468076869,0.007487676349352809
117475559a39a6e0c91bc8146d3af16441445958,0.3346547365724978,0.14375261524420116,0.10689950134219363,0.3776248403995225,0.03706830644158502
11cfaf6f1cb4d9e912f67fc7bba2dd20617a54e5,0.2776012122378137,0.22539311987620295,0.17411895260351684,0.26381677402300036,0.059069941259466095
11ebf20c51938edb9f0bb485fdcb764dec79b720,0.28822335451381925,0.07302711223160951,0.5688459505179767,0.05357338529520537,0.01633019744138906
11f2336ac02a445727c4c70267c96c26165e5160,0.03361614489900744,0.9332081347262455,0.019396808973284645,0.008711506729503707,0.005067404671958634
12bfbc98cc72f5b4325559a389d68642841bb352,0.6313748596622604,0.04521691493187193,0.2976932576682911,0.0187417088659527,0.006973258871623983
12d9b3e67591a19adb213cc10fce955b95975b59,0.08913162921600977,0.8192113511455904,0.03642577418701137,0.03435823773846667,0.020873007712921776
12e3516097ebeb561a648ed3b80c84831b2373d5,0.18618745919437388,0.03542768126386226,0.7262248329617579,0.03888654936920117,0.013273477210804676
1317a6c2be8b08e66c44be5fb0fa0abd95dc1122,0.4909543307576866,0.08300505122353813,0.3652296513180813,0.04882672869174701,0.011984238008947065
13299c54cb74ce4c8714de5e4a9bccbb9a556f96,0.032309568113139925,0.9461062719730002,0.008713088524681507,0.009075214539587375,0.0037958568495907526
13451413c35a1bcc624706c98bcb353fd910f62a,0.08290960772509277,0.865204220466018,0.02809256700072199,0.016220749387010874,0.007572855421156479
141df8d7c9720327fef3166a4946149d4597520a,0.32667484393066304,0.058731340129201205,0.5855830348563039,0.019714044856836258,0.0092967362269955
144800063ce42c96dfa9cdddd36d622159cef6fa,0.6125317079700332,0.11181188336576418,0.17260451038018035,0.08860334506939367,0.01444855321462862
145d0710b6bb3db5a6f1bb4781468967ab8f363b,0.4603964760833052,0.09024003745156157,0.3623558121256988,0.06465194023897734,0.022355734100457197
1490e2b0c8e2ce49cc21aedb335c55c4b8df719a,0.3319082141106902,0.05597458764322346,0.5708773516204105,0.02966306329126571,0.011576783334410142
14fcb47517af5bcf9fefb157fcef1ba616a7c081,0.791026929126681,0.016692361466281773,0.17315346879721916,0.01601369820090042,0.0031135424089176068
1531d5b6c12ec1d135669ae9484671aea15423d6,0.09995724813667375,0.03731423681250568,0.8362676787203107,0.016716166973186022,0.009744669357323998
15881754e95674ca3089e2c229cf14ca385993e1,0.12993938878073413,0.680504636650476,0.10547209306609578,0.06596627140551399,0.01811761009718021
158cc5c81fe5b29eacb35b95b6e0e56d09d8e758,0.022834958043196303,0.9378747399963698,0.009248331244061068,0.02207060092856377,0.007971369787809043
159224fc313fc2d9b3ef32df8c20c53fb98725a2,0.8959839761020146,0.016470796457154376,0.07366179231992226,0.011926042216712425,0.0019573929041963823
15b073c6c1159056affcb7b1d5fd094d2fa178d5,0.022702232659055133,0.9477161051200278,0.014280245325493867,0.008921897060239258,0.006379519835184037
15e01f45d706c15014d706a000efc2548eb33980,0.44186576359520924,0.04600145780961483,0.487207976541789,0.01977438541012743,0.005150416643259225
15e5a9271c80e1c7161e468adfb58a694c737ae8,0.08947976682387092,0.05472159902105098,0.8401507827646162,0.00996369391903407,0.005684157471427856
1641eb85255f102592a85d3cba2cb9cacb8b4051,0.03392885458325371,0.9452902950364762,0.011387877120375547,0.0065742768466851694,0.0028186964132092002
167e0483268b98bf5fe1a5aad41cd95eac382f0f,0.3147699314621115,0.07475803596582817,0.5396971439704221,0.05545249628939561,0.015322392312242503
16a0e237108278566224aab63145df19b683c705,0.15013237980126806,0.026190249127101342,0.80000178895185,0.017686052836027095,0.0059895292837536295
16a56f26b6f696151809e0cb26b75093ec47a58d,0.03827121311701691,0.9089182457166359,0.02705706022244923,0.02002797416351787,0.005725506780379692
16b770f6de7ce9481b84051fc4e124b792695910,0.5510601108899685,0.02769277205357586,0.4072489116791216,0.010719668817064203,0.003278536560269945
17aafba88458bfd29ddf9b7cbd159c191f7a1118,0.8287584727932507,0.04460870430492751,0.06329678910328244,0.05886497951559516,0.004471054282944245
17dd7effc40752af58e35c37c5895d4ba5d84269,0.03400796934646682,0.8878691946511899,0.027210148141135246,0.03406583557599463,0.016846852285213505
18595209cee4049feb8c24a6fd25aafd9d0d755c,0.11915775169991981,0.500917353031464,0.15698982634752856,0.14063341417156777,0.08230165474951984
18a3d479d214f7c41b65ecd6abfbea8e124d5ea6,0.28398183478950384,0.5214431591351912,0.06382727519012901,0.11865441397595336,0.012093316909222515
18bbb303cb556aa3dd69b6705893649b194b875f,0.09655667448789912,0.028179177832059695,0.8454235392674795,0.019167839633053498,0.010672768779508091
18fdf5f0583fe8b0cd324b2324e235a7cadc9143,0.029034154935808448,0.9384442095131953,0.009893913588363114,0.017648307136299498,0.004979414826333733
197baa2e7a1a9b5e091c5dda305922b912b5f000,0.02556941646326985,0.004895905764269932,0.9644166297228579,0.0033622659725373065,0.0017557820770647914
19f510e2874c0b863f7b753a1fd624e1cf7f65a7,0.7021712972950089,0.07460310248464196,0.17865229195269733,0.03333498625837746,0.011238322009274363
1a17c80adddd2c806c7c006c1c6664551f639945,0.7935026353584254,0.06497724418150012,0.056123560706673264,0.07334801296162814,0.012048546791773113
1a2945de7db7d664a6a47aa9d4ca66f32f70b007,0.6834450181923815,0.06616722617996523,0.1933177710620062,0.03635636129583583,0.02071362326981117
1a434697e5ed37622d6e242b2661e1b5f15fa4bf,0.5433433768343688,0.10609416596950678,0.174578921080813,0.15707431591364315,0.01890922020166829
1a4ea72aade16ffb2a8a5482d687c49f28e5748e,0.6539458530756722,0.146699807143018,0.06933313655965279,0.11830017074329074,0.011721032478366363
1a8feb5bc2c7f920cc90e2d48e1aa165756d8e40,0.7814726466573262,0.05982799109223186,0.09707756051226077,0.05090011597020351,0.010721685767977534
1ae7db637de02c1433a216bff407f1e00b7746ed,0.30660047733636697,0.033215803986603565,0.6299659683765167,0.021526326066700293,0.008691424233812313
1af7c0ced692824637718b5bc494b3f369c27ae9,0.09963189425531509,0.18388279300666674,0.5904922705461008,0.08778720593274572,0.03820583625917157
1b1dc07761bcf39e979dfb1718967a78d0aee790,0.4170342863696829,0.04995606479200724,0.4940242496597254,0.02938187568258379,0.009603523496000674
1b50390e6648cebfec8fe3a6aef61a0b066febf9,0.8797952665368383,0.029488166515244035,0.05127077515100936,0.031184294467940687,0.008261497328967473
1b5736b3ac4f1db6c28a7818835cdf7a9574658a,0.1475631721827766,0.16873289301922534,0.5633364270687912,0.07951824836046623,0.04084925936874062
1b5e71255db35337b4ed41409ad2a02e2631eb7f,0.6591584215806029,0.03145827066445546,0.2917268475334501,0.01336361839647502,0.0042928418250165554
1b9efa38da384b10eaa53d56a07a9094febd5c6c,0.7846269163666098,0.041719854405946805,0.14049637183442118,0.027197002750544295,0.005959854642478172
1bc2142fc267f7d22be3b03f1d8b96791148b0cb,0.018447212039669182,0.9407791486632363,0.015854301892819056,0.016947665253579998,0.007971672150695502
1bc5f88ecb46e60f0f63bef176307d245171062e,0.21444973926208735,0.48273216959142023,0.21457254937176434,0.05178765664638056,0.03645788512834737
1c3ece194677524c78a9f91716667bce5fb9b7eb,0.13359413467444659,0.03781404298861291,0.7929709389539003,0.026163196932354606,0.00945768645068581
1c626c21d45834c3cee43ec7ec17c73629afce5f,0.8515533631343144,0.06468554845660404,0.03779881483356842,0.0397480470889022,0.006214226486610858
1c73a9479849e76c9269bf9f1542e264493cd91b,0.24224966953330948,0.010849283033577132,0.7342713575950233,0.008791681644252296,0.0038380081938378724
1c7e51812e18ca91b75484915554483ce2a55119,0.38586506662213116,0.10995683889503997,0.41637628615575384,0.057159837740367786,0.030641970586707104
1c9268524736398ee3e60880113cc4d92f934989,0.7898868544236853,0.04223649824712718,0.11414353869422403,0.04368992384250697,0.010043184792456557
1ca667458b92c09852f3e4a2d3be77fd0064c069,0.18129718437161738,0.6508079299592346,0.10217516144179081,0.041011076758671654,0.024708647468685282
1cb82db6885a902029c17c04ae7511653a1d23b9,0.10216308781162212,0.6643539700932022,0.09701157864809015,0.06716389100239399,0.0693074724446918
1cca7897a49ff7f29aafea06ccafc2ab7f050d9e,0.06678726743527069,0.8353088699739594,0.03643505201824713,0.0439167994464967,0.0175520111260261
1d21046991eae6f767d0af4f3e2df0c41d57376d,0.15958121197931943,0.009332133904094698,0.8234889708211575,0.005877622432434447,0.001720060862993856
1d3892ce2970b5f0ab94bd5d6df178022b82fb75,0.3826852359861424,0.017018598333324524,0.5764845005695076,0.017434943975920884,0.006376721135104557
1d3b44ab1c7acfdf3850e0f32c81ac0733875299,0.012598060547825399,0.9669278446422788,0.010267888232945369,0.005870055585422515,0.004336150991527948
1d7c293d74195e673ba22ac413866beec98ca7ba,0.08316875866329188,0.7567706295265969,0.0642201425436936,0.07283601966935684,0.023004449597060897
1db409415257ad5afb7d1a4301b5bdd7e4b23a4f,0.03651622285856694,0.9029547849573384,0.016677625154848157,0.03316076956659728,0.01069059746264908
1deae0ba27a1dff11ac59bca2da59863dcc89401,0.04913223456057799,0.8651769991635481,0.027279478832369464,0.03991471347888366,0.018496573964620785
1e5f02f3348efc9deda3149c6dcb24262b68e0bc,0.11045803705650652,0.8114705161658764,0.047366558922081185,0.021934220359098047,0.008770667496437939
1e6b54269bbced15cb129fd99873927aab30fd92,0.3095076788806837,0.07633314769089436,0.552551383640535,0.043289289402795375,0.018318500385091523
1f306e0c91d64cf18674974f3520900b53ae60d0,0.026570702041331523,0.9475700955774868,0.013893394014227251,0.006374593065621013,0.0055912153013332536
1f8ae4a40785fe5619988e033a6bdd897823827d,0.3558603066799551,0.017385763496386993,0.5941623920150634,0.02395592081747938,0.008635616991115069
1f91a15048e3ee430b307e0d25298ccb4d778c78,0.03439558039329826,0.9271216539495787,0.024473804656431834,0.008852815797390072,0.005156145203301107
1f93a643487d5fc6008d958f25d7ee0ff54a7d11,0.4136382799066935,0.016399999605260437,0.5552256165118183,0.01100250480844669,0.0037335991677810896
1fa318e91639e14ded7d95319fe5e497b89c1c6b,0.4893849890866876,0.14600975156147267,0.3009432652205308,0.049927411412015114,0.013734582719293884
1fec12dabcfdbf1509bf3c4a94af4f3be401a957,0.8646311568591329,0.03582687149454365,0.06933803520348197,0.025213213725710237,0.00499072271713117
20514b3a900e6865ddbee4dc7f3ac9a494c3982e,0.8120725762771164,0.04657009898017895,0.114800251610261,0.020989264015300053,0.005567809117143744
20db7329999438154327e166b1e270010149814a,0.36215905660828934,0.2811767623216793,0.27946437027732246,0.0441887428385951,0.0330110679541139
2186342b9a2ac3d8370cd188deeb4460adc17368,0.025120967093219093,0.9247161205238246,0.02239951209747037,0.017571131472019268,0.010192268813466635
219c4fdda89354527ee17ad814be82a051c69f85,0.24570511817202884,0.045162828283133886,0.6691497770815944,0.026072631620593638,0.013909644842649208
21d98fb6b5204400522e33450b68f43377298c45,0.16509564932792897,0.053495401437613596,0.7143883506602963,0.05116261617542533,0.015857982398736006
22133cda28691ae1c52d81796c20644a27ad65b5,0.532538685589595,0.028709883618683752,0.4046599593963037,0.023998559988364476,0.010092911407053002
2232f3e8f9147b183adc5e5922031ada4617fe49,0.7473149445461641,0.11904853345514918,0.09160467247475955,0.02977293347733634,0.012258916046590842
22650528be024b0ae698b5211306bc3732636d13,0.5018833172201778,0.08812883435134278,0.32142896489042805,0.07281626437361073,0.015742619164440665
2271fe2c21330c061b949ee2ef4e519280852b13,0.368474294477251,0.1184579409355546,0.4338852045271941,0.05965492708042864,0.019527632979571708
228a29757133e396c6f0962ee01ecd920542a044,0.5734303741627482,0.12211817798809338,0.09972479871066178,0.1760879769393612,0.028638672199135344
229d4fe6fec882e0612a7ceeda6ac8204de18c82,0.6811027906689597,0.04412195436519128,0.23213909337881222,0.03538920255217987,0.007246959034856883
22a7967c345454212d50c6f8b35414ca1947cfed,0.749515700004802,0.06315311647833294,0.1345070830563131,0.044959568679599035,0.007864531780952847
22aa78381e31b43c9ae7f2a931d04e5fe3a9e2e1,0.034759683313236395,0.917898426107937,0.027080945250186145,0.014294647413777464,0.005966297914863002
22c65d35241b8783cbb04b57e5d8bbf67b18466d,0.07130009994070381,0.8648197411650432,0.017313825800916033,0.0331462422291753,0.013420090864161538
22d51c0b65218f37924043f86cad2836c06750f4,0.7673831058030885,0.060918564407682424,0.11362461350762133,0.050673027591608744,0.007400688689998927
22d605a5ecf7c468fa8ca8482cb4295a0c6622f0,0.7742455203717218,0.04951844514037617,0.11114413569414365,0.05168969422940279,0.013402204564355511
22da997d2d5a443d57cc82b9c0b996d4444012aa,0.015867448365539178,0.9651458253681588,0.009996119821546893,0.005385901519779818,0.003604704924975254
2331aed1ec908a42e14752a12d2ff6db43352185,0.35194348969091616,0.06952930590688033,0.5210902957146121,0.042159083420433945,0.015277825267157583
23432f8e81eae4e9d012a18339e19ab9076f72b2,0.467742477804055,0.02831797236266287,0.4757464779108238,0.019470899819463656,0.00872217210299464
234503eb2811a7bd940e16cb63e858165b824b02,0.07022791697913093,0.8710910975177231,0.03636286357802426,0.01713845680882728,0.005179665116294183
2389fbac7e9352ec0de7cc8775f2efc4b4cf6b5a,0.02429635513070081,0.9459127702259437,0.013839622013991838,0.009962795631276122,0.005988456998087684
2396eedfb4b784c10e02b5ff30b30a67b2b43c8b,0.4232375776867639,0.03216154750877323,0.5230483773571964,0.01470644125355436,0.00684605619371208
241de8bd14a3c5059ba72e47c9c7d81256740add,0.19258249363020669,0.008935146389051239,0.790184654019931,0.0063069628138947955,0.0019907431469162137
24951db6a078339cfc92582044799ca6e960669f,0.044056851426169816,0.8885114606466291,0.031159422336291605,0.026666542419406764,0.009605723171502756
251bd51aa700823c7d36d58b331cdc110a1701f6,0.2401127292939427,0.181407621659252,0.48653217580827074,0.05574957282785719,0.03619790041067753
25222836d355cefbeb28dce0331b511c5504d970,0.8668596481817917,0.008272530901908756,0.113220440461973,0.009839875442616604,0.0018075050117099477
25310ef53a4af995ebd5cd6ebf505eb496bd1f82,0.7566452860156077,0.059635523684313865,0.11376528955960157,0.05296657608336176,0.016987324657115006
258ac68db6c7767d8e8ba2c49921e2c329aa0f88,0.04115559870190424,0.9381851312191171,0.012302830128856045,0.005349306178383475,0.003007133771739095
25c7ddcde232773eeb3487aa8e6cf929750416b8,0.8744495914867775,0.02764009766938503,0.05180059524121801,0.04087130287594132,0.005238412726678403
260a4acadfa1c8e2a5b405b858b556fb841b39c2,0.6778501585103286,0.0703865019795247,0.19285506942603847,0.04333112536462728,0.015577144719480924
26498a5987dbab32e9e3841a04434d9d6216f7e1,0.03210454510839695,0.0356510899881273,0.9084847382677527,0.013955315989760103,0.009804310645962964
264fa2dc9c98b37c6db6f1f7c8b7f54fce27c993,0.8813877335926154,0.03266649696613398,0.05706397260438925,0.024610611358623618,0.004271185478237696
267db0653386b9e84e4130fd216b57a77289b54d,0.029026610203834586,0.9110861846967528,0.023417292556470473,0.025228949242176977,0.011240963300764965
2682e0c1a27de26e0649f196994225173d6323ba,0.6753147071980528,0.09766309881157798,0.15271080795436065,0.06259717145842256,0.011714214577585976
2683a7feb3b17d27344244cb210cd148d35223f0,0.1959340782517147,0.585645916895081,0.1706321569997392,0.0333160026018433,0.014471845251621604
268b71f045246efde4ea467a4ccfcea2c2804b51,0.0639958449013267,0.026518030872926243,0.8655869513973601,0.03511693587168704,0.008782236956699765
2691ac6f3a6e113168f145237d836b60df881924,0.3968286890254959,0.11758078810604176,0.42324060904286576,0.05184407072754117,0.010505843098055342
26b702a06ae1e864430330d015aaaa35f21d4eeb,0.8830390754043326,0.03037395556939026,0.04588528855552679,0.037386131237218366,0.0033155492335318077
26bf62e344aaec65d875ad14fd562aa40b49408f,0.2749665314902565,0.09577176694311601,0.5676633003769007,0.04610182953168471,0.015496571658041974
271825ae352bcae7618044ca2b5719b6f67c6e07,0.040521392088191166,0.9274266542310743,0.016643325101122982,0.009650702727478595,0.005757925852133148
27234421a1cc225bbf6d4795f3488dfdf1d2a1c4,0.39963997741660656,0.048438310298786126,0.48360510158792935,0.05445679092145169,0.013859819775226162
27559809240c440f0b528fbc1af7e5cbe1b8fea0,0.08279888920449455,0.7345867453324567,0.05050254387433798,0.08397196276815641,0.04813985882055435
2799426ff8c1dda3701fbc7dcbb624bdb230cae3,0.1542808673262511,0.5656022015289556,0.09144260422022837,0.12303690064085179,0.06563742628371323
27ec30c7c2416334df93fd818a58e3d9554913b5,0.12730316015296048,0.030219991691699723,0.8156616903931271,0.018231593972929734,0.00858356378928306
27fab48d0e16964ff46d6c5b904ebdf9e81e8747,0.8336748544268184,0.04220248447157025,0.09987578998987719,0.018997693518533993,0.005249177593199889
2851c1456c5a6737c8594631348781c2ebfa30cb,0.43659394646569155,0.06065098744150739,0.4749759667141097,0.021358339214832753,0.006420760163858709
28667773b1bcb3baf526df79f8f3296c0d4c9674,0.026016195650819807,0.9179898412712003,0.020012048975209,0.02060962889605325,0.015372285206717465
28a78ac3fea8a67371457536a90b0e9567273865,0.5459872208682026,0.0668451083841188,0.24698853624293446,0.125520893498604,0.014658241006140136
28dc3ee972f8779bb4b14107db268c8409f50219,0.047231984156645375,0.9068016615588702,0.020494959933104795,0.01711936231355729,0.00835203203782236
28e36096ebda6cb2169943384d6c1fa8180fd9c0,0.7579964128561633,0.07974015229644751,0.08924660209694858,0.06519277437309376,0.007824058377346807
290c85dac0aae4c60fc1f957f7b17b380e049c23,0.2794662171266426,0.5101114246238594,0.17594554746525223,0.0230189654746008,0.011457845309644846
2949d2d118a3240ba3c654d7c7e93169307176b3,0.022112310747473135,0.9459212543141483,0.009315579845555845,0.01725421009327741,0.005396644999545472
2957893c8d9481ae20b144a940ea8a293d90d18d,0.045464894545556564,0.8899004498229458,0.02065567023082629,0.032225546930100386,0.01175343847057103
29a252032b84ce882412cf07189c50cb15514eeb,0.7952966418572324,0.035397674658060096,0.14466253627378195,0.018355807821433062,0.006287339389492613
29b49407d4bf17d71f7bd1d4f4e47c4a899a28ed,0.7666557283369106,0.005562229937861359,0.22211094990051122,0.0038308083952276945,0.0018402834294889813
29c81c827ac7170ca7898afd9b27347ff592bdfc,0.6634922749739336,0.1863716264044717,0.055701371784227786,0.06865937249850558,0.025775354338861287
29e5ea1ed4816d8687114bbb13162d9a074e7eb8,0.05136426556740924,0.9050934442716745,0.01962925609875625,0.01712645783450172,0.00678657622765824
29f93cb4ecd517363279aecef84e97875d5545a6,0.7364634747981438,0.0911841278132841,0.05685518636459477,0.09293449806014745,0.022562712963829973
2a84a5008e52e2a6656bb548d835335011aaaf74,0.03655142056506627,0.9469728494246658,0.007542818275004791,0.005029006489610562,0.003903905245652293
2a9af38c7e7210b6ba6c72cf5864052629eb3b6f,0.2660421711602675,0.03546400599152032,0.6465995357716815,0.03390971302578522,0.01798457405074547
2ab0ef31dad96da6e0da678339f3f4f045ac1076,0.7544420917860086,0.023357809428353707,0.1968792454103199,0.02058572462900521,0.004735128746312582
2ac85346f12429c41daf50490f042007dcd08c83,0.21223106586169696,0.5643858075606832,0.11681552606751275,0.09106980791935969,0.015497792590747274
2ad94bd023bc1acacfed6a3352a100906678b109,0.7570205556043721,0.07378743018491027,0.14658724016453725,0.018025469826920527,0.004579304219259823
2b48e2cac369ea2abb17921a610162bd33f74d68,0.6761816144192881,0.1084994713145143,0.06675442958069497,0.12789537021230626,0.020669114473196252
2b95c79271040f8a030d774286ad44053ee16b9d,0.3255802418855611,0.055594498298292404,0.5621188497357744,0.04523314598585494,0.0114732640945171
2bba32730836833faaeb1a263ed29ab4df5735a5,0.6766301322631385,0.07365054189332666,0.1837408262425205,0.05318834060546017,0.012790158995554158
2bd8ed9333cd7b9864725f1742a689df365ad51c,0.3730207170621403,0.020671804424852114,0.569176539053921,0.026835939868029905,0.0102949995910567
2be0d207f3a86e11d08edc1188508e1af1d63fb0,0.12531989416281805,0.6145179573849787,0.1243956084471942,0.08892079917737773,0.04684574082763139
2c498e330e035ae446ecde1a08bbf4f9598ea178,0.19887575052492704,0.02438520721304184,0.7361477519957691,0.031040222838473318,0.0095510674277888
2c6451ee38d8ba82c2d43d23ada828a269ca4116,0.0355984977854069,0.9149337137146267,0.018965503326275123,0.02222752613596805,0.008274759037723206
2c966c3f4143d9c68580bf1c3d404a59137ae609,0.06634313893451137,0.7938420578074686,0.04808418155465894,0.06319736849154013,0.028533253211820982
2cada7f16de01df9295a1b644efe5c619ac8a2b2,0.14709017947490613,0.07636073362722688,0.7239531509960697,0.0349281027331587,0.017667833168638545
2cae18f86c326b0eb16f03b0aa9c75818a977448,0.20665453197155312,0.068794834101727,0.649836641417539,0.061371207007354,0.013342785501826715
2cc876deb0920ade25c16884bb57a0aa8359c43a,0.03654234336648594,0.9264979714690303,0.014650510901355997,0.016405106647479663,0.005904067615648138
2d2fe22b39e39e7bb306d5e84dc9f9c4d470114e,0.09670643758830132,0.8089109849192503,0.047633860180702634,0.028424301251990195,0.018324416059755568
2d9c99c1154e7e7bce3b3f191f4d828672ea27a6,0.19650003566915655,0.015411656195817606,0.7663748411570837,0.016740626782861374,0.004972840195080846
2dff481ee72ac1bcde6262b26c372a9e8b7c7497,0.6494372480589183,0.033258401504349604,0.2841706932326073,0.024209289804606102,0.00892436739951869
2e543d501ac8b6dd450fef9425cae55ff7b50a73,0.44211052198923806,0.041503815063410866,0.49294577367615394,0.01600598086849829,0.007433908402698862
2ea80316710f886c245ae2e2d45915567e548c7c,0.41776647852640264,0.040064827113279244,0.5004033845987369,0.03197244118694655,0.009792868574634664
2ebfaa78df27a0a64d26bf6772757307c9ff975a,0.13486073484053585,0.0519917335368451,0.7427238068171994,0.04326033986482565,0.027163384940593935
2ed11ec456a062d53dba7f7a9d57534d12acdb95,0.691631479823828,0.06180069339106398,0.11950200818407704,0.11317748129666896,0.013888337304362062
2ef825bd7e0591e0e7cb78dae66ce5a2b6c40f5d,0.18617522001135023,0.1539589516972063,0.5712422378345936,0.060078881935307346,0.028544708521542554
2f011c8fb460b9dd5e28275c0362745a010f4ca8,0.846191358695116,0.03529261728107039,0.0769751844155484,0.034532123775732025,0.007008715832533409
2f508eb79e87d75611f3ddba309163ce9d0835c8,0.036784636816670525,0.9150457984727479,0.02762410605688816,0.014256055364239031,0.006289403289454351
2f79ff4c3493a02edea1636bcfcf555b1bf7d64f,0.6225456692706302,0.07951001313452973,0.2260164517525931,0.05357037997935105,0.01835748586289591
2f85f84d5136cdf6e1ede869b0015b7bfea6b800,0.044449300415284394,0.9208064007856611,0.018924482415893507,0.009201941047632042,0.006617875335528893
2fb671633b2e8316879cf56b830a57c8b33983fe,0.8251769138397004,0.07070868473809887,0.030920825193759133,0.06405805451118829,0.009135521717253191
2fbe2ccec11883bffc4a999febefd5f09b871424,0.028426503923255346,0.942156149619125,0.013203656673733492,0.01134558358954707,0.004868106194339123
302994572385583073738f971152dc77783b528d,0.7167324505195771,0.1314534821145108,0.0750654435194268,0.05989159016585307,0.016857033680632072
30bdb11d5166101e7dbb5634d71c2575b6e5f54e,0.7543270727307974,0.03231082102675493,0.1015988203040724,0.08770893855324452,0.024054347385130653
313225e9af2ad60d37829216caf4bce04f23ea92,0.08733972212615071,0.8136118510809908,0.06427410884500709,0.022213103494512994,0.012561214453338361
31964043423a074f2a221988df0c76b5e6b8f5b2,0.025902051582158785,0.9582314480077768,0.00855693450328355,0.005371350923749513,0.001938214983031015
31c938d5ecab1bf0f1c4e8082776f0361a50f27d,0.06619443351647392,0.0313674043432305,0.8793234823881215,0.015630428790873868,0.007484250961300189
31f73e02023dfa2d1e29e8ff41fd9b18c79878c7,0.1838875732758172,0.678780434918005,0.09964482879891967,0.027390448357477976,0.010296714649780303
326da275051ca238a24ffeaf166b24c00be6216f,0.5209054437847381,0.04516726941441411,0.37761023982777503,0.03226253041860778,0.0240545165544649
32f27dc369df8e68abab72fede10e6a6ed9ffbfc,0.5493885683679265,0.05459608593900395,0.34312395981908983,0.040790661319115996,0.012100724554863763
33892ecb8c7c790fcbc2105f390c491c08963ea2,0.7286094987049028,0.09381649424807885,0.0917982315531499,0.07032182019326824,0.015453955300600244
33a7bd491294f9bd4db119b53c5ad00ed70bc6c2,0.43404598957510576,0.12319272320155888,0.33108383492496457,0.08618607019116675,0.025491382107204044
33b2fcf2f8546fae425948d41785c784da14d6f9,0.5584000572605993,0.06432166810775311,0.30393718912093326,0.06101994983437573,0.012321135676338715
33c00e4613dc29cfd313ec0b072111e354130d9a,0.1925362309714487,0.04673983104807893,0.7112198522682398,0.031634638628657306,0.01786944708357523
33c58ca9d55b9898c0c1d86a2321bf4da5e1f0c3,0.5467093372584253,0.026361780814812708,0.39303720616766585,0.02639738775888638,0.007494288000209784
33c989d20b0b8cda8a03f2f35a54c9f20d4358ed,0.34197514404533363,0.020344194288227924,0.6265384475492073,0.006783456704621203,0.004358757412609889
33e428a439707970edb08701626948e828fdcdd5,0.28957534829843884,0.03589755560931187,0.6497814350700569,0.019438580762161903,0.00530708026003051
342f45fb99ca21761635a2554f6874290379264f,0.2593904566440137,0.38579967004758836,0.20508331550338246,0.10346058286525109,0.04626597493976442
34c01b50cfbf61b078e8b418bbdca0a04a3748df,0.5380046440575406,0.17504712101396,0.18808662165775106,0.07028376604039961,0.028577847230348813
34c47b3aa1a1f73b6c8b2ef6ea2c5b9dc18feca9,0.8942339619618321,0.032630542625147946,0.03164858585944948,0.037350268465341584,0.004136641088228922
3503923351a4e5b9f1526ebe2bb91828008c7ba0,0.03357573780291717,0.9277672068115852,0.011713181842398404,0.019893926215330104,0.007049947327769205
3515161f7bd3c88c82fc4880721c119c8b65b6a2,0.18949952888842306,0.6424659555147832,0.05412757049303047,0.09385519117605227,0.020051753927710907
352512f17d97d8c2ec89b553c49d9b66b73cfd29,0.23784938600413172,0.050810947777098416,0.6132060383177148,0.08634480638292918,0.011788821518125816
353f1104abb19365f64a32a062aee01bb7b736ef,0.3207663260853238,0.03917148061390975,0.6124029331782005,0.02056487948927033,0.007094380633295779
35cc4d648238374926f5b1c5dba18f64a62aa3f7,0.04841617169454683,0.8136337757352265,0.03249378746706195,0.06301760336473639,0.04243866173842839
35dcca283f314298e197346f79866e31c4c9a806,0.016111163559680196,0.9712891600858724,0.005459323391803147,0.005032329763946487,0.002108023198697941
35df43cc777af342d62d49720a39d7cc544672db,0.7037262779194331,0.0811634993130284,0.17905605835011923,0.028603843351437938,0.007450321065981517
35f111d0e97cc60de6b2295b0dbb3bd3c185cce6,0.03657637981666698,0.9110552469590142,0.02705458863508073,0.017839085597802534,0.007474698991435416
360dacf49e0f34b5d7ca48bbab59ed497f667a1f,0.11039049966350302,0.6743266404670826,0.14986254088574666,0.04620184827747524,0.019218470706192425
3616b750238fde10f0af92b39f8642ed04f4292d,0.08467093453516061,0.028633063392682817,0.8565543131650122,0.021764821408445437,0.008376867498699024
361806eaeeb8e109ee70a5a7682afb4c62db6a6b,0.05766401043521692,0.8978861884335928,0.015516315712441905,0.020461149349955177,0.008472336068793374
3667780549f63698b6bcda210f734afe6f00b6f5,0.387528420544768,0.06655782516164922,0.4894121356217659,0.042853927071852184,0.013647691599964576
368581ce89aa3d42dd5da5b819eaed2a7518d5f8,0.40411671266234706,0.062196590124237124,0.4848541565218462,0.03255653639808181,0.016276004293487818
368e350eda45f3d79eee691af6eec3b5ac67734d,0.7969173082740886,0.017570698476477752,0.1649959212868209,0.01645246709900973,0.004063604863603155
36a25b2cd071cd97e370fe277ecc4ac8143298ec,0.15831680875651036,0.6490896207148786,0.13277858871315892,0.04781017894218548,0.012004802873266518
372a5ed3b413fac23455e6f6c7b06707653d3d73,0.5511712086327167,0.05025994466233843,0.3191666680501824,0.06221094428269104,0.01719123437207148
376e988ff1fcf958808647649e2cdf3d01ea4602,0.22068076616330312,0.034699955152436554,0.6925500352434946,0.03982897402672862,0.01224026941403712
379e9ff20a7faf7614ccfbcc1157a2ba9c1649df,0.03869254198454658,0.008566306090302065,0.9370276032744707,0.011073379651129985,0.004640168999550599
3885298536c50c15602b994f492a3160010dee2f,0.02908877448924613,0.9408558343457174,0.011707649563367709,0.012366138850946024,0.005981602750722825
38dc25352f81252d7e3e6510f383867dfac5c1c2,0.5806662252961928,0.025357959474697538,0.37984870821306965,0.01071936674369205,0.003407740272347901
396d208d43ce393a6dccab5756f7277841766af2,0.15590316789916145,0.02416035329229394,0.7946158814921293,0.017859324456967255,0.007461272859448182
3970b66161631251dbe027dd83cece64dd0de64f,0.7450188520972778,0.08203267691815738,0.08670260555993121,0.07166466655275364,0.014581198871880035
398a4144007d77ecf3ec1c1deebee3b6f4cea7e1,0.8714006899681058,0.031081012884149602,0.039312647465746246,0.05104713143754162,0.00715851824445659
399d32183389be62b9e3e781c566f30a35c0aef7,0.06099338530213494,0.8857298468121307,0.01987002534956423,0.023447279965670316,0.009959462570499587
3a1253a00f5dd488cf15f8679bab5ef457a3a969,0.319484353601347,0.03777757674969754,0.6037963234185436,0.025035338283818022,0.013906407946593665
3a3f9fbb047cfee35b1f0fd80ccef2c4f6fd1867,0.05954942507441454,0.8634907966382694,0.036849285884119336,0.032241814405292064,0.007868677997904498
3a4658180642cbe2761195b9b7780b1fc18b0766,0.03810980618335124,0.8632331018223229,0.02530710590968865,0.045102452968083004,0.028247533116554216
3a5d3d3191b1a854703715c46186fb9122eef2d2,0.14927742604641378,0.020265559583599053,0.8212487704664277,0.006121983836205903,0.0030862600673534375
3a6f248cd6c1eac31bf2c6ca7d6686f08a259b94,0.8176545068300606,0.04764483771776345,0.09795095041010782,0.030376992859824894,0.006372712182243427
3adef46c0ad4a98d53de3f6bcff7507e9adaa103,0.04107313887759261,0.9178058345878859,0.022920465597630755,0.014735193070665334,0.0034653678662252586
3b0a48a292ee2314e553b3ae0e9fcfe5acd82924,0.35905431190731224,0.06040786501097581,0.5282284089807404,0.03757876249875398,0.014730651602217516
3b2fba8eab2d0c87c14342ab93f9593833a58ccd,0.24424383186117307,0.10711768541877899,0.5832197952628955,0.04318985447848886,0.02222883297866356
3b4fe73c7a6f4cd4809eadcc3a8ddd5c26a7b329,0.043318273776411724,0.8951173354246997,0.030159046779715676,0.018585421869281724,0.012819922149891408
3b66c5b3641287eb6bcfdfaf1432db339d636699,0.05755054968503496,0.8814053987188532,0.022094293965856694,0.026355815048962887,0.012593942581292043
3b99fb4e5cdd412fd4a195cc34cbdb68f95023d3,0.02631736879553552,0.9462927283666989,0.008732026260706719,0.011542575656617114,0.007115300920441807
3baaafacbb8a56cdbf2f0606aae30356237e7a36,0.2136637604698446,0.08759764594663329,0.6287098361289316,0.05364705021610123,0.016381707238489248
3bb07573a736eb7a159fc4266b7cfab3e2caa588,0.7887794931181672,0.055040564508246494,0.12134524632504433,0.028590214850475554,0.006244481198066384
3bed99a322bab956e678483c2ed0338635bae020,0.1831748490370768,0.01845533717702051,0.7784162185702872,0.016015300774307805,0.003938294441307779
3c194dad83f96a132dc193cb478b44cb3461480d,0.6125658595801504,0.20797213806816808,0.09726639968498317,0.06544998121236478,0.01674562145433346
3c2d132307838479da9a7ea2aeaf7b49bb1f0e98,0.596847684805384,0.28740479952727893,0.061149255350232926,0.044397075251486194,0.010201185065617926
3c2fbf3e89cf8927e65c8c95dc1f965f97088d1c,0.034483384566694385,0.9185118960737993,0.01700065121154953,0.018905184871316948,0.011098883276639989
3c49e11299417669bb889f53ee69a9eac81f3c00,0.05693515236592362,0.8297843706169413,0.0429322078942617,0.05138082960845051,0.018967439514422927
3c63bba60c34b790de86d559d5c64bf24983e7d8,0.038346254885072886,0.9348280715379829,0.012991744266965718,0.010451523165282544,0.0033824061446960404
3c9fe40cd16d06c217583aa70ff91ff98449a19b,0.19644590582005647,0.028535031012475922,0.7454328423749123,0.021068683534516214,0.008517537258039122
3d1d32fa2c804524e6be92202fcb61c9c6f6e6bb,0.218154817053333,0.04454452114942608,0.7009397514133612,0.023761382693132476,0.012599527690747264
3d27f4b78d09d18c7fdab658245b1acfcdbb1ce2,0.2326089677226885,0.5093257104793275,0.21765750402186196,0.02412160115362019,0.016286216622501796
3d7646aa97f7a6fd4d5d7962fe039ea0267ce82e,0.274965628698821,0.15849418311922994,0.04131327723739325,0.4770991931112856,0.048127717833270106
3d7b8c6d5faa987683984b2e13370fac13d99bce,0.12302957913914779,0.8389520409843388,0.022173807717988946,0.011109311336765423,0.004735260821759035
3d7eb9ce8727645ee4ec20bef250e766d937bc33,0.04000381394747922,0.8606975071980859,0.025736034426269528,0.044307849501948,0.029254794926217253
3d968ff12649d5fadfc7bb51a998e81141b6af67,0.04578486029184292,0.860860914046242,0.03818393574329301,0.03751828746633749,0.017652002452284613
3dca37fb5b222754452768c19679c0a1e6350aa8,0.7967215430589021,0.03449391300089204,0.13024071153675024,0.03050888846082614,0.008034943942629469
3e2708a682dc263246f9339ad8336ecb8ebab0a1,0.028828782617374017,0.9169447780489035,0.01914454610559677,0.026536302121917935,0.008545591106207808
3e4a810a0d73e508de6c53ecdfcc3db19b6defc7,0.07252386900212239,0.059176962328328704,0.8200503790425282,0.03553585733753715,0.012712932289483446
3e75e226e7455e797ba49e7a71bdfda5584c345d,0.8925226655781109,0.01987367959584221,0.06198739340958049,0.0228319246234593,0.0027843367930070347
3edc14fd83dd2a5a168cb887b108488e39d07676,0.5816405831446316,0.067217284383238,0.2883150173541201,0.04936050240623347,0.01346661271177679
3efab5e77da8308ee9d10d8377599e04f4541b65,0.82715663254268,0.032324804894083424,0.09079310930385252,0.04299584338861678,0.006729609870767245
3f21caf8ed997cfa7908f309bbc09978d7fa138f,0.14763094109349628,0.23457710318944971,0.5120522913271311,0.07789353982331533,0.027846124566607518
3f991b7a289f5c96810a62e767d9e8e4a8506c89,0.7852081614045788,0.10855463850718731,0.047828135440364725,0.0417043544314853,0.01670471021638383
3fb4a05a1d41f82013c9b5bb2162253d7ddb8041,0.5802053166861015,0.05676160385733302,0.28420083273089297,0.06027962563009831,0.018552621095574297
3fd93c73799d370d5fdd697bf21bb51a46ffc60f,0.5995649048619411,0.15768201677768107,0.12326234953623476,0.09904371834228379,0.02044701048185915
3ff07631c53fb574981f8a8566ad1df74e9b38fe,0.5591292038333205,0.02666174090225749,0.3669203000343388,0.04104644131490094,0.00624231391518228
406e2d7535778e94393ce2e5d838c09362780035,0.02534876459116383,0.9570927002465076,0.008588256368904227,0.0064232396253899975,0.0025470391680342034
40aa2348315c7f16368b4f6a53455fe9be5af037,0.33882813209978424,0.31580435300233817,0.11416033545761702,0.18591053242210348,0.04529664701815723
40e0e34c64479a19963ba2b3a4ca66ad2fce2a0d,0.11373358261888461,0.03088328430106771,0.8280373368526153,0.019180940744151793,0.008164855483280544
4139d0cd9dd188d32c4bd09f1f615c9f8f074a78,0.3291663396428008,0.04235123442018315,0.5919835665162984,0.029284805318578463,0.00721405410213922
419f3484c1d4d86a847a90dd8b750219233fc02e,0.4549893407318046,0.13917372160148028,0.06538042923321633,0.29415458778067666,0.04630192065282215
420d57cb8b69cb097e553a18b2ae5496b90fe177,0.858537479932744,0.018992326528596136,0.09420369467958133,0.023393241725558556,0.004873257133520009
425fa2c3e26db62deeade6a465c14fe6ba7a5769,0.03724998452168917,0.917147605203354,0.01746509218612811,0.022744858627851212,0.005392459460977552
4266cd82b4012f07076553cbc7637904c4434738,0.025187225097688025,0.9348741936913402,0.018986553598525985,0.01280716194420093,0.008144865668245049
42748c8819059ab2e3e4a11e49b4904d18f6dde7,0.34705892335123795,0.022882791932534865,0.6113263866228968,0.011428445151294018,0.007303452942036501
429b3c1cc70b8987fbb65cc64ddbb2ac4af2e413,0.6263010714987742,0.11005605388106193,0.07557137137086148,0.15946331899444996,0.028608184254852426
42c2f1c46d8cc0e1e53d3ee5a982b6b6b134cb11,0.23955565923981975,0.19342496886683094,0.4856844201214973,0.053650410784588376,0.027684540987263733
42c69bfd2bdcd6f298cfd1d2c80a28ac3b11bb2d,0.026553519462942318,0.9484320197094703,0.01000701989524697,0.00923830738054088,0.005769133551799303
42d72fdf8b86e46185455a13c498c706f024f0d0,0.8626683284374709,0.011949922143671143,0.09778132660242769,0.024726575779414985,0.002873847037015193
42da4b38de50486157849b2a650b7450582f1538,0.06725336354070909,0.019400192847586754,0.9030223212097943,0.005914092114960222,0.004410030286949709
431fe08349f4b79dfda06907dede71aa34837c5c,0.41897093366154303,0.2597775735705671,0.250501297049964,0.04578344864400567,0.024966747073920163
439d7e5cc85ec84ff8c5b289de3cc9418bb25654,0.6420467791184418,0.037988339871928546,0.2929462047514018,0.01988039812704564,0.0071382781311821126
43a4f680a89759370ccdb4593b8adee125300d3a,0.03911377726438349,0.9137598344570416,0.016053045617449822,0.021221047921384108,0.009852294739740744
43f86b4839c0ec3eb2d84e81a856e227a90dcb74,0.1776577371277909,0.41008760905016695,0.1663337721392567,0.1644065722615857,0.08151430942119975
43ffd5ed227791dd5c9851f7d905e9f82d8143b6,0.30791874232621524,0.06317841490824452,0.5805885337377441,0.03647472393059536,0.011839585097200763
44223f4d8c80798db4c67a3886f9998440e8bd36,0.25028321816852284,0.022862653562245008,0.6940575460824894,0.023679915014690727,0.00911666717205209
44a93f93ec30d799bea904fe8a6c590449bfbbc1,0.05256318458383245,0.019080567458791355,0.9153515897990839,0.009099594882529571,0.003905063275762773
44ac3f9e2b4857633860cbfb643520d2531fb490,0.030298377498126867,0.8829852786288468,0.036532079693750066,0.030847335584111166,0.01933692859516497
44f5d1ed2fc82b23b06512ed53b1b98d9b274abc,0.5308809628599702,0.037266102470010734,0.4060043044497655,0.02000837243387052,0.005840257786382979
44f5e18fed1a59fde38b7115f238e5fc874979d1,0.04989887813993651,0.9160861236745206,0.017897121963877532,0.011391864765833455,0.004726011455832114
452786c6035f1b0993d6df134bc1c59f80bafac7,0.18458386574245614,0.03136139790761614,0.7609854156405196,0.01450810164193781,0.008561219067470316
454d211c41b771239334065bdf189c9f96c24f7a,0.05968841706797459,0.8014800987326118,0.04496830383001801,0.07508604577136932,0.01877713459802628
45bb6098cebfcadc5640c6624b3fcb9631ac2b68,0.021726460897478442,0.9631065884290834,0.005308118670039884,0.007039426603926623,0.0028194053994719057
45d0b1a2040340f9781bdaee64f3fc6c7901bcc1,0.017857397793504207,0.9685209859352906,0.005989213087477431,0.005058320108773265,0.002574083074954629
46d17d2861e55a2d3a7dc177936d3ab6cd60812e,0.6443498630966279,0.13953008613505619,0.09205331225061811,0.10019845761517157,0.023868280902526157
46f7d99c5024a91169d68f7a9001524b7aabc64a,0.175674575442865,0.1793556555782988,0.5192711797446911,0.09425812998960083,0.03144045924454425
4718fa12fbae9140868d4fdbdba755d1b9b1196b,0.39244232892861663,0.05908715286002437,0.5154807804468838,0.025697492466530816,0.007292245297944433
475bc2d8c167d10a9866a5220a35adf48ac6a4e4,0.0288002151736991,0.9391343004276448,0.015624542511398,0.01015280250207905,0.006288139385179139
47732d84ebc10d114f7343b35b8c819ced7ecc7e,0.5530497844400024,0.17286366987737745,0.1192729181507328,0.10832237896672463,0.046491248565162846
4844cb02f7be947986205fd1be1e54359d5babdb,0.0687722354657157,0.0912270660638925,0.7689224261731583,0.04679328563208774,0.02428498666514562
48b701e4a229a02017217ed52c9b8e224e7e46f2,0.3326513218393044,0.08505244343814934,0.5161734685161321,0.04721020708581582,0.01891255912059831
48cbaad2e505e5ff8a6daf0e65ddcfa7b9dab801,0.12308060551684316,0.8123548534595038,0.041077227283272524,0.015772257278725492,0.007715056461655253
48ed17ea7e5054a02febfc7c5ab01ea3963d49f3,0.014570630325237949,0.9614879473840334,0.008085643595363902,0.009679298565852396,0.006176480129512298
4924991c24da1d29571b87e46a77aa26629bf211,0.05526672816578733,0.8987068175599237,0.02038663841945344,0.013944930908109597,0.011694884946725761
49332e6f1f7ababfd0fc18e396eca6de1db6b11a,0.10546465936338933,0.01901499017420828,0.8599432692878185,0.010892318277450174,0.00468476289713368
49740fefc32e31129f8c9dc2aa6ff7f84f0ecf12,0.40317880976328574,0.06863760852805718,0.4895276106809242,0.026058871080858116,0.012597099946874827
49f5d3d270928177b9704551664459ecf50ee002,0.11083619023470367,0.03685769741423427,0.8342157967176322,0.010507711907014364,0.007582603726415508
4a3c5532a96ee5d9cca5495b0c891b5b65b2b18c,0.14170687673617463,0.7996051869836001,0.0338522555743621,0.017653966755043115,0.007181713950820104
4a9a5b9ce7c49ef6d3025a1a36236ee187311423,0.5048595088817183,0.03726872381526678,0.3802489590577295,0.05814788148532416,0.01947492675996119
4abffcd8cff043da06735cf2de74fecaf0708e43,0.5135373196443115,0.10616830363894984,0.26497578996970805,0.09647621523672786,0.018842371510302637
4ad2d58e8d4159b492758479cc2ca008a2a8160a,0.2110804126884006,0.4560605770009925,0.22878429912885515,0.07270933393843038,0.03136537724332148
4b1b9aaa2431e1fd6c17d0b7915989bfe28c9b22,0.018017020123217434,0.9460497583950348,0.008461961332562062,0.017111417470027684,0.010359842679157938
4b316bdcd74d1c4cd61a2f73940cce36a3e38775,0.17417936795027286,0.04149791151965255,0.7318927384768266,0.04228375471560227,0.010146227337645806
4b6eddb260cf69fa0ec1d343699edaa3c91de592,0.015725421081702093,0.9377556754200803,0.019594321361489673,0.015205614990785009,0.01171896714594297
4b7f4f3ec8977c4bd930528c5a16f614edd59433,0.019146236345524426,0.006648979334752765,0.9629679587116384,0.007162028285479834,0.004074797322604719
4bc882e9e5a9a33ac6310e9e66234803cb51b2b6,0.05275731477674622,0.9060927743746474,0.01768980799702378,0.0172336742418673,0.006226428609715428
4c5fec07ab429a07e915617d597778e7d7b3bc83,0.6411766768694506,0.17251269438499015,0.08813708589712155,0.07554392612655696,0.022629616721880942
4c7aadef8f8567eede8cb0690f090afe1b26c815,0.6700118074692366,0.03370194285202744,0.2594033420113352,0.02906764562907606,0.007815262038324692
4c92d992f539b1c7935a2ad8919ea143ec457bd5,0.14577134375575138,0.026278652581807862,0.8038925376885272,0.018138744110958574,0.005918721862954864
4cccc9422b54fc433479e10306a5293839cd1891,0.7971968308787033,0.05460974924536067,0.0923109176212462,0.04547945649038858,0.010403045764301226
4cee51b2788d75bf3cc62fe90ad2c44c35b96b8a,0.05701155115318049,0.9013717249936941,0.01891264223897105,0.016936089874285177,0.005767991739869144
4cfa6e5fd96a7e01e57d3112ad22a99bea040aed,0.051422248418285306,0.8970359359465228,0.022195838296543178,0.021231642526760516,0.008114334811888425
4d243e1434da227f8f665bb2f3f42e3e9a240197,0.32003151959317366,0.055361679514299385,0.5998251442451658,0.018653344603202948,0.006128312044158396
4d30e5726e84c02fae86f224a0bec2b2f27f0997,0.06494804283417598,0.8427728162012513,0.04107496320380629,0.02852099623703962,0.022683181523726753
4d4b0b920ca88db835c48891e2bc915ed37ddb2d,0.07697183726997316,0.8913439837094896,0.017576531774914656,0.010305700272769485,0.0038019469728531857
4d991190f7265ce225ec8e954110adf7812a9fb4,0.02972403787806227,0.9335119778048824,0.018491911127317077,0.011221138408832914,0.007050934780905253
4dab277070219a9e560f549a49f8a6b5c78bd86e,0.5507373622120885,0.04361019693380486,0.3725447257465642,0.02406675294488748,0.00904096216265498
4de4d5dfb2f1584da96dcf14b1b38077b284a9f4,0.8147605086225177,0.038702314718124256,0.10785496724400079,0.033299131852519294,0.005383077562837974
4df59854dd007fb1ab530e4f2c592afbaa6c89e2,0.27990574730749546,0.10369732526697417,0.5026435106964494,0.08881245729757166,0.024940959431509275
4e5bd6e8961e9c4799618f589d470f6878326c06,0.09214041906413145,0.6339880702724086,0.11384713947740253,0.10645082367742945,0.05357354750862814
4e6c10248378a0d05b5a65f983463c558e52070c,0.014241558671285645,0.9720782361638968,0.004699965768675009,0.00603107344017048,0.0029491659559721644
4eb936b5f5f9af34bce71a68a663708d05d7c160,0.7737993397340881,0.033552211085697614,0.10369129767675199,0.06710886858269717,0.021848282920765048
4fc0752c514347b8d2143130e12894fc9dc29341,0.11702087382976228,0.8073801610320548,0.05869963215265234,0.010693039420055747,0.006206293565474903
4fdd17f3d722646d7523eba88c70d71bc581b121,0.8469745114866669,0.04125061158792646,0.06531556851200915,0.039193234802541804,0.007266073610855529
50092d4f78944002cd8907b6f0e18aaa47e38681,0.09940431784779513,0.6813829595746556,0.0891928145370844,0.0912942467287385,0.03872566131172657
501365960bedde7040ab68ccae6c1fb3a9fb8162,0.05261946259426942,0.005395475098927046,0.9367031203279477,0.003777864073627225,0.001504077905228719
5016b0996b59b836fb5b7212d0e75013495fadd4,0.16143520290239824,0.020672379421648516,0.7969920870762652,0.015010178870064983,0.005890151729623156
5018c43ac36a275028ed9e1048fca60e68f1e7b8,0.1742327423728375,0.5756586572037308,0.12591370494957085,0.0639263636053806,0.060268531868480225
501b5e2676faf018e4737f586ec6e62fc385f168,0.6219310090068544,0.2545853065463234,0.0800764458701365,0.031599999952990045,0.011807238623695619
5026edc3937dc8e12639053066b8a7130746c56d,0.02232466015405891,0.9510400710372261,0.01677616825547439,0.006350218400851946,0.0035088821523886473
502842bf998366359620b9486789f1e85582c4d4,0.27030641159383045,0.06040883740894495,0.6263868815041688,0.031140661986835353,0.01175720750622033
50619271d55a78bf05f2dff89cdc893c8291f74e,0.28549760069386637,0.05410258554709952,0.6140032135150321,0.03823433188037479,0.008162268363627297
50a8b92b597491939365a098c448b79c8d283334,0.4835086551763256,0.14427404250639722,0.0714673148683005,0.28332793511148835,0.017422052337488413
50e24045ab34f9a06798545f90b82d7faebbab6a,0.3154586352753868,0.2971081483544405,0.12906840639952183,0.19818737457839558,0.060177435392255424
50e33fbb7c515474bb684b8312b877f75c64d5d2,0.7834351284446739,0.06811576360358013,0.0860155693856224,0.04800919775285906,0.014424340813264542
51613eb8ad494addcab281bb55bcfa4d1362935a,0.06099272013040249,0.035199998808943686,0.8751629500185033,0.021962994821322378,0.006681336220828172
52004be06c1495c8a2e8d3af7be60f4a3978f103,0.8441003838305593,0.022918144760730782,0.06659470147391333,0.06198578444286192,0.004400985491934629
521947b7254043afad5321488b45bd86bc9fa9e4,0.7815466350522504,0.0710902396960601,0.10078813504059987,0.03386404383854752,0.012710946372542055
52389364131fc64749e056382f21e7ab23096fb7,0.5863022577348922,0.10318795632058121,0.16669241065856907,0.12300633182844281,0.02081104345751478
52488500b9cb9ad27efd3e9c7e1b6069d76f9ed4,0.07606532299785283,0.8640640064563131,0.03163488545561559,0.019725141184116272,0.00851064390610235
524ee4d9cd355c91d4dffe1725197af0d6918333,0.023335672573362512,0.9378380117756945,0.016127588149578504,0.018273009541644257,0.004425717959720165
52a9e8ca172d2bde982c97193a5ee5f7a6a97c15,0.21409661722161466,0.03890222436087216,0.6684857885727924,0.05826281927318136,0.020252550571539466
52e207a7301dbed444e95437b27b36f9c739fe13,0.7551542979627871,0.12964734726650293,0.055168190009563405,0.05151266890322697,0.00851749585791976
52eee36406e8117cf59be7b9906e0dd085b70f49,0.11670601335918303,0.07526047628168159,0.7514328809516873,0.04202749788133534,0.014573131526112743
52f3116321ab77268a26b15caa4b5977934d21df,0.6857805894598481,0.18867587273475986,0.0841916108511855,0.035423739082952134,0.00592818787125432
531188121a60a5fc43d8ad724fc134a921e73659,0.3552815022071253,0.023511611323418682,0.5965190168221455,0.017798105248624033,0.006889764398686432
53175daa7da6c12a02bb5d43fe53bb144d52c844,0.35540181196331044,0.05126635661425978,0.5484717072341023,0.030405883068629867,0.014454241119697633
53332d2e0363433b554581a07239a648c5bccaff,0.7342911398288324,0.0631313077747733,0.15105877606986612,0.0389088288980845,0.012609947428443695
5369aaeedb5bc24f9ef3f1bc3030397a5eee1ba4,0.7652754326678379,0.07873384198425044,0.09591221972389492,0.04705228362147763,0.013026222002539162
53ebd8e93dc6ac7e39f636449ebc6bcb84a7eba1,0.2131077730853131,0.10643178104723276,0.6129722943121027,0.0492019891554216,0.018286162399929935
53fd639b02e2f3b268a5f0258e0ff0945f01f3dd,0.09513995475262159,0.8309745182988865,0.04520261000338628,0.017524476148512262,0.011158440796593463
54067c7a878c3b58fd11de9198320fa4b253e3de,0.13117892544783868,0.6186946937357837,0.09049145864403238,0.11457075337268367,0.045064168799661485
542e0fdca9eca8f1a8ac3f759f2320f897941e3d,0.7720460843348946,0.08809801615374242,0.0735162513930125,0.05929427546085839,0.0070453726574920515
54c6327ea2d922515d7163f6b7d440651e35cc17,0.1213712163466046,0.7675879995789919,0.07182303915801073,0.03038509918296351,0.008832645733429153
54c6903a8b969096bb76ec66c4a13b6e0b79c7cb,0.06315329124153425,0.8880822127230601,0.020896539721016953,0.022467501882342807,0.005400454432045838
5503e470d7193f77e462e47a43d9f9b6b66bf91b,0.6009168167785274,0.06221714076008205,0.28882198635204775,0.02802964521987165,0.020014410889471042
555ed405d478feb0d94588bbac2b59a51f6fc4a5,0.023205157967783944,0.9398909975494021,0.014053114970814224,0.01460972538526165,0.008241004126738123
558bb6fa5f377c6c25426487db900d7fda9bbeb2,0.27091214292713917,0.1081535723954277,0.5132790878734107,0.08727012127421198,0.020385075529810504
55da7de7ff954cfc1a71aea496f4ed5b9cdc8bc9,0.06378952154060531,0.8580848610651479,0.04113428491796822,0.020024574737676833,0.016966757738601738
560fae6ec45faca058217fe528498b8f3f60cfae,0.42908214220948476,0.03204344045357017,0.5069942520118018,0.024938864295630442,0.006941301029512787
5617a7b9fb9683f0d8f9252e693e44b0f056df7b,0.05764502592785294,0.7951184262729962,0.07895334792240193,0.045347346364130375,0.022935853512618495
562784ca558a3edd53d16967c5c8289e67ac2b31,0.3643751021226996,0.11771842665886008,0.30892977917603287,0.15083777607733856,0.05813891596506894
56b8911bb19bc8102fe4fd245f0de4a221bdd5bb,0.33928804442991023,0.033157379400194364,0.5869423930642789,0.03200892007117532,0.00860326303444115
5732dbb50d3e1063ee48700c04b4ecd8164ed3b9,0.4067227459459669,0.15625666708352612,0.29071775439839787,0.11975610586351942,0.02654672670858948
57453b728072b8f4ac1a990da4c20fac8ae2bd17,0.6615615063644446,0.038706134687057456,0.24465735779461298,0.03782469806094523,0.01725030309293971
5745f26be877d7bc6841578e9976b7975cb0a50f,0.2594564453996192,0.342442453431254,0.21202294139083983,0.1307562489107375,0.05532191086754937
575669e9a06757b33795350edf2ecc3dc7c55b5f,0.08693039504866319,0.7615691073194687,0.05620919157457405,0.05581036464851558,0.03948094140877846
578b9b45ee51e49001a85f9d4c2fa417109a2d55,0.7459067761949467,0.10178452187996616,0.08418746312220521,0.05077702363671719,0.01734421516616458
5799cd2160dee3092a53dc89f8bdf4fb810a2c80,0.7167585823115632,0.10630360259658218,0.12227873911327938,0.04016120064681426,0.014497875331761095
580f1261670fc795dee645c261a1c8a14473b21b,0.4056105311217731,0.047893827396353505,0.5262878261374708,0.01343360965920658,0.006774205685196051
5818195dc82ef1b86aa03ed7644cb973307a2f9e,0.7117232466543517,0.03941489457395129,0.17771568267356244,0.0614623433972395,0.009683832700895055
581978bb76e9d205671c4fccd7ca5efe25afc973,0.4289009354804873,0.06699474885509667,0.46178037272890127,0.026402521175120965,0.015921421760393833
583018a3e6b001d56495e5b2c5f0af165905c0c5,0.49682532279148894,0.14291487476239512,0.23420776874721191,0.09691200293210973,0.02914003076679424
58797486ce63157a998329605a155c6226ec4cba,0.04046744194814787,0.8988878320807714,0.02022392547944035,0.029357760068189107,0.011063040423451251
58aee3aa1d94554ff57e6a053dbd60658e4890ff,0.030574459284472576,0.9430943410237567,0.012783939171301155,0.008784275780164491,0.0047629847403050825
58b15b8d9ba8a56c867a26c0598bd613a57cb77c,0.1618164759304118,0.02611997051508195,0.7744815182437059,0.02591658485880944,0.011665450451990881
58bf4ab284faea337a0d32107f98fad33ca5ae72,0.2824561490711021,0.055396108044552216,0.6273833492952449,0.027674298412269153,0.007090095176831529
58e14980924abd6531656ef3af536852284084f8,0.14419152065294302,0.8073077805468661,0.032465424331683264,0.011571838008507163,0.004463436460000478
5959fab7b3f173e06a13ced0f5aecc60cbde40c1,0.4433519722099064,0.3338096653278753,0.09365405143697701,0.08880852660551014,0.040375784419731095
59aa58b5a39079b7f52fbb08f024848e4c2a1edc,0.8365432795737395,0.03373380687873235,0.09669727960779562,0.025896382496644575,0.007129251443087907
59ccdd7b9de47214adaacc2b67ce9923dc382f62,0.6703359636810319,0.01200066268476339,0.28607232372407165,0.024766786785453965,0.006824263124679091
59ee593b27cb3b792b3f4d9c7ff0509265409521,0.024712801560667186,0.9361209385803441,0.013203526680007393,0.016677454067108504,0.009285279111872937
5a2d56de8f4035ee0f63b1eb158fc1474ead5633,0.7961097163511717,0.04591834528659896,0.11002923445605246,0.039777396695424856,0.008165307210752084
5a6e4698b3f6b34fdcc3f4cea46be02316337834,0.3757085235484367,0.34123804729026086,0.1085110002186485,0.1336831441362627,0.04085928480639124
5a772ebe24a1a88a37e93bb5d5e09f527a31d14b,0.11482564346995307,0.05237860785189202,0.8003772917690501,0.023347484673026244,0.009070972236078582
5aa9f42e2997030682037a7545035c07b2f9d10c,0.060187067947116174,0.011178826034642951,0.913257796283164,0.011465444712410915,0.003910865022666157
5acfc258efd4d5fa8756ea3cbc7a25bac5203274,0.02681801932002282,0.9358260197396889,0.01631913301185709,0.014475495530918718,0.006561332397512334
5b17d138a5aa1cf2c6016e9b0aa92a893f2bc3bf,0.7815145080001882,0.0364714430696925,0.1433363675377114,0.028857085305163097,0.009820596087244851
5b1ad0ee8439755707f2651b62a58eceba714a1e,0.13991573467575028,0.02746273109374626,0.8021165081947131,0.023290365416228975,0.007214660619561248
5b32610d9fb1e6c06c9a759c9325afe1c580bcc6,0.8242487858686335,0.05294765955388733,0.09465933850610177,0.021935389859719063,0.006208826211658295
5b5467b06ed20a92a9137215df91d48e80aa33c4,0.03830995828151063,0.9049824696522327,0.0387338317675078,0.012780575901422049,0.00519316439732704
5b8bbeb9a7ca0e754c4d54d25d164f9ad29f592c,0.052667251035581404,0.018343423546672757,0.9070431422712526,0.015311077542637436,0.00663510560385573
5b8dbd2f3e9a7a2bc4281d4cbff969b8fc191e86,0.5683756476305947,0.08019774700687084,0.28212247631806214,0.05549227333347637,0.01381185571099604
5c16246513e338b4ebe14d84ecc16ee1f87447a0,0.11228120195727403,0.810809048126082,0.04482707714303787,0.025454281447277422,0.006628391326328628
5c72a46844f5cb42829a1f1845c3d60d72fbf310,0.11720735529557087,0.5986788931253385,0.12480987226038104,0.09657995997537372,0.06272391934333586
5c86228fe34314d82d5db352632cf55f9d450c48,0.8131954774710654,0.04231646303953314,0.0965981039627216,0.03788529215494016,0.010004663371739676
5c8cef625915c6a1220f0cd86ce0ac0dd78a6e6d,0.3027498724119481,0.07699720405784899,0.5208711269323301,0.06531588722038104,0.03406590937749193
5cbeb23ec37cd92586317894971a58371c66dd5e,0.3262715994666437,0.1380389588087461,0.22576570075471472,0.27957934001531165,0.03034440095458372
5cf8576037a8428434adf073dfa7fcdc1d4b91fa,0.1756952584345719,0.05130245133210888,0.7365791407588925,0.02488953475458235,0.01153361471984437
5d087f02d1541d434bf4a32e539c1d0d1868bffa,0.06260139132327405,0.8212001546410509,0.039886321766421845,0.054777239972447336,0.021534892296805868
5d5311827f2cfeec7edfe2f8870a2b865a07dc1f,0.5770729608773062,0.05633817315689803,0.286991409539531,0.06508322285777428,0.014514233568490536
5d5634590701455990abe734d362c5d5c7bee90f,0.5452785922314695,0.2047442908575969,0.20845884758654876,0.023280510323075786,0.018237759001309035
5d8ea177728d8ea79812d96a27219a7d5d2620c5,0.7625491436251541,0.07127377478233861,0.12743800528167448,0.03192295997228975,0.00681611633854302
5d96d8e3f4ed7494a97ee83502cae3f3f87d7b9c,0.407659199446355,0.056050364342602015,0.4458371058915595,0.07098671188565088,0.019466618433832666
5dc9d7f6d10704dfcb4fbdc56e4bca75400ab27f,0.126688320549311,0.047583572195773464,0.7942620695352401,0.024921936598058927,0.006544101121616467
5e3775e6cd75950ecfb2dd52d44c0e40b59de390,0.06228913582550865,0.8432686000802702,0.04129292732282971,0.040620016925217856,0.012529319846173528
5f01334d1c0dbfe04ccecfaa6eec1cc5cc534e3d,0.7729524320753018,0.07184301057640961,0.11257393791390441,0.034410048411034115,0.008220571023350061
5f23900038a99e911753e9c154bddadb5d15508b,0.02137213958863412,0.9518237523575451,0.011614792379893463,0.011835092831122072,0.0033542228428052475
5f75d7ccb5d7641dfd0c6dba3dc61942ff643b72,0.16421120795869243,0.020317210965376864,0.7953256100926038,0.013842548023854779,0.006303422959472138
5fdef434a2b49463e5cbb4a729574345647a194b,0.23397121050162112,0.07873564145877235,0.633812326873009,0.03782267672797552,0.01565814443862198
5fe829f295891aa0dab6a838791b576c5660d6a9,0.04308630015463661,0.004544855666115468,0.9483481906284864,0.0025130171417229595,0.0015076364090385694
5ff773a6eeb3180c55f96aa7c5e4eb6183a5273b,0.8021606477700584,0.06108979405466591,0.03661689591185546,0.08865626294245249,0.011476399320967693
604802030b06eeae31f0f9f9f44885a00a60ca5a,0.08067773136465922,0.010395885512380947,0.9003681005091553,0.00667052928319297,0.0018877533306117303
605af423115f4f3a1242799fd315157efcd34729,0.18312045883975844,0.7392767922191007,0.045429722102919824,0.020359943407234994,0.011813083430986221
60a41d7436e2647a15c7d57aadaf1d6fb7e37974,0.7662968679199895,0.04590998613379558,0.15293573709452996,0.02613517066982907,0.008722238181855881
60e112b51e98a607921c2a29cf2e46d57df95921,0.13623044619527158,0.053186616586910734,0.7610953959503048,0.03545448817461725,0.01403305309289566
61023bd78d026327e80ea3a76d8231e54c72ce55,0.5116914285152654,0.15093932290148326,0.1697313926166355,0.12201545526473609,0.045622400701879895
6104898c110df931c113d79fe356470934a27d28,0.04941883639484586,0.8907837828629305,0.029446493751260516,0.019139422572696848,0.011211464418266264
614fd786adf4a1876a5d5b7c43897e7fbce29c06,0.6693529350248587,0.035589194150579435,0.25437094915032,0.032814301275268756,0.007872620398973072
617137f0bd56b49da4ed41bc8caf9ac0eae9eedc,0.8548268134538606,0.02181905636771258,0.10523009094959511,0.014146105929391424,0.003977933299440294
617227c2d4b80a8f4c20b82535aac34dfadcfa17,0.3132920918698287,0.3404926787760964,0.2785341041407786,0.04878623674432309,0.01889488846897309
618ceb1dd4ea60b89c8c921896c37f3dcf45714f,0.11626333512749573,0.5144164543433456,0.29380271273101444,0.05054861245759037,0.02496888534055387
618d36b105582d3ceb1bf8b194f99d9bd3bb2e02,0.20935934087095695,0.4064057656589963,0.21625967519425449,0.12793944880537692,0.040035769470415324
61b4d23253eecd6cf2fe1a8ffd335d2e5f937810,0.21401698491245028,0.024236969355035273,0.7363848990792976,0.0186292033460357,0.006731943307181126
61d337198d7bc3441d0a5ca14d17c32a2eb922a3,0.022021831986964467,0.9556413139269938,0.010335849750344187,0.008832554192652163,0.003168450143045387
61f0326e3ed61b418db3656ec18884cafa1e705d,0.07075608586326076,0.8557848662427338,0.045136060464056806,0.020689375474490172,0.0076336119554585025
624320fff44f833c1c8296fb299ab6825c2c5b42,0.02579156021123249,0.9303804766420884,0.013883365291726889,0.018367092039974543,0.011577505814977792
6263d9a1596e632b0e35af422c6c7b7c19319d34,0.5000454183688555,0.047064519635093297,0.4178800215276088,0.028157103683483158,0.006852936784959364
6290717e64a93dca3056942ef52034b12e2e0891,0.03921231157021039,0.9270410771310655,0.01818800363045525,0.008926545119704086,0.0066320625485648335
62e30da20c6583c451115b772c017f0ad8837eb4,0.03584557540501972,0.9242684954578276,0.015595482047280533,0.01743223289030131,0.006858214199570824
62fa2d435fe7c8fd8c397d9203b0efed7702eea9,0.4178860922811339,0.2535404697055603,0.04370096456308105,0.2526539199324507,0.032218553517774084
633d378a5ddbb5f2b7cc63788a66ba8cd43591ab,0.014883183487118352,0.9348728222585703,0.016001768096225756,0.021351859026800597,0.012890367131285217
6357380f249a669fb4943a25c1f519152b9c3bf4,0.03820020800030139,0.9457789732310312,0.007459501062653746,0.004845329754640416,0.003715987951373227
635df35717a0191c013fc3eed105d72f350f89e9,0.7886484885425421,0.05050316969310572,0.08577551638893703,0.05970490017282383,0.015367925202591283
6360d3db5c148abb44efb1722f91ee852935b23e,0.02700275117786304,0.951912185698746,0.012726651675972677,0.005858181308369072,0.0025002301390491494
637dd71e973595ece26e0c25f9b2a93f4bc494b3,0.03340123665737181,0.9299318460000169,0.02118102083421958,0.009179480302443095,0.006306416205948634
639cd49dede254f5fa9b8b5e95f15a6118eadf03,0.18572896837318584,0.021682220292072327,0.7785753006483579,0.010420313731619064,0.0035931969547649176
63bc19b4b88d7bb78c33368241e3ecc8617012c7,0.7161561740425283,0.04297482049717923,0.14035216585596488,0.07770434617037732,0.022812493433950334
63f56c8cad492e08f889b57e038a78e5557e5254,0.7379308814912707,0.04665976002088989,0.15473167782108097,0.050201951339832296,0.010475729326926093
6424e559f393310c073f4d6fe7c78eec68a2e4b4,0.42992795800934686,0.13463553636650716,0.33731822903160974,0.07020499031440491,0.027913286278131173
64871a0691cddf644392c9d099016c4580e226fb,0.7365849764587242,0.09431518972943594,0.1107111944674922,0.04560770301749905,0.012780936326848675
64a93a8c68b5deb4b10a11724d4168953da105d8,0.030524939976249155,0.9446109832079307,0.014235156666675172,0.007985488403651984,0.0026434317454930786
64ac267142e26e3b5fe2faf8d8a52a92bec46034,0.11677805332958206,0.04000226827892398,0.8092837266829106,0.021090979068932293,0.012844972639650964
64b3100a90d7b579b4f66545e43c10fe9c0d8d42,0.16953241237670652,0.020249747148851752,0.7894948350844733,0.01576129647943266,0.004961708910535748
64b8e10e63d628388b011950c876f16442751bca,0.11767442670190037,0.1264877884510549,0.6678964697931763,0.05140634494158868,0.03653497011227976
64fa4e7b5eaa2a99c56443b65507159d60e1e960,0.04604981218747267,0.9402968024799487,0.00885908901935788,0.0030593001501644334,0.0017349961630560764
657815adacf02df2786a40af37c538fcfd4888c9,0.7399173345549787,0.044472804867695566,0.18462551467747135,0.023009713652097485,0.00797463224775691
6619b1412033a3a2101a83acc0886e7e5eb4202d,0.13693713462771462,0.01986965526582606,0.8103788203829423,0.019895220828352773,0.012919168895164304
66233feabe9d6522180481e341a021a46f43ce61,0.8949920897738185,0.030098859667441764,0.0431841918040361,0.028683309311724123,0.003041549442979362
666d159ddea5ec0bb15462f9c781fa72fc2152ad,0.14830569264881308,0.5358330373691821,0.09891682893070307,0.1447576917989053,0.07218674925239642
66bc5c0a87bb4f42fc38fed7345879c55cc91a6d,0.43052976608359456,0.038531279645721804,0.4803309659689422,0.038555237384889536,0.012052750916851767
66e3665d6c0148cc17e299050f744290b8a3d093,0.13150681843340384,0.05339648158239372,0.7348629211225658,0.05616796967676973,0.02406580918486699
67739262a5ab2475ae7180e250e62e8d3e7e3db2,0.44684409493786886,0.036214161424597636,0.4836118490283436,0.01810571971860475,0.015224174890585074
6785befb8d46eba5ab121260b0712c1a47d7f5ea,0.17892780459073462,0.6833610906134963,0.03235163695622601,0.07951586029803723,0.02584360754150589
6789d7f08729f9f8fa244f46b6a7bed62f5159e5,0.013582123117574698,0.9718135478904469,0.008989417690243636,0.004012162168416201,0.001602749133318521
679aa28fed2eb1a03cbed1fe216be4df18fc1712,0.9059723763969596,0.03801099301366624,0.04356712435097102,0.010592932235692415,0.0018565740027105951
6882c98a5a411b163d838e9aea148cebd5aab5c4,0.06869456057100623,0.8104454827539993,0.073255408530464,0.02891829851284808,0.018686249631682274
68cfb4cefd190d64520200428b1a773d5ac65853,0.8274944791063701,0.039309231497975716,0.10375356707712921,0.025871895567933078,0.003570826750592068
68cff36caed2898f19953a94b3aed78b29116044,0.045118870552038295,0.8887144605230046,0.027243332452522587,0.021645259633432567,0.01727807683900187
68f2fa12b2724f34f4a5eb70f9a9d61d32cedd5b,0.9307000892334729,0.012485286251168149,0.04768412349474175,0.007179315882054075,0.0019511851385632473
6921316307f25e1f070c18a393f61ca57040842d,0.028422440659779447,0.9192844460829697,0.022789698005915498,0.013540876280101557,0.015962538971233804
6924a0be0cfb962389189d06d94520969f1edb6c,0.0216567590199125,0.9610725304598267,0.009111730427752242,0.0054390197722170705,0.0027199603202915693
697fe27651f3e320d31b68f340d284f4d1ceb3a2,0.25838534615202585,0.5468008766581048,0.09875382241504595,0.07558265115291231,0.02047730362191107
69bb74d66efe6e02fdc08fd29a1ccdd84a09db62,0.42987752014990827,0.06637220687457643,0.46445513653188736,0.03125354134742256,0.008041595096205296
69c800368874c2c6aa0a05203ca693b518288bfc,0.1284838515328355,0.05254412431634729,0.7667987356716979,0.04054586777344724,0.011627420705672005
69ec582506cb25ebc18e901e321f06fd9013aca8,0.022258681507235544,0.9103241563822121,0.015856492763272237,0.034103016790360464,0.01745765255691943
6a1392c6a0d3ebddd1de6e260b5862d1a572896c,0.5444334353910589,0.06588400224078393,0.31537589565895485,0.05684803774380338,0.01745862896539889
6a274eccab7892485536c065854a6da4b496a625,0.8358457807330185,0.039151582571712217,0.09490069244128958,0.022476487012670826,0.007625457241309027
6a58f97d959a1a061cc94e0ee613986c7d017ad8,0.02160330798373683,0.9370534737347657,0.015152659083124385,0.013893993538001614,0.012296565660371668
6a8a58f0394fa1b8b9fa401bdd88d3d103fecb47,0.694560551758258,0.054078864631336945,0.21664111806381647,0.02802316277143464,0.006696302775153955
6afc6c4f1d14d5569ca59ec6a8366f24617cdc49,0.554837219462169,0.03006383226617162,0.3798927561051487,0.025789298720656436,0.009416893445854384
6b0cf9f25c17d4548d4efab83260f8038a6de4ef,0.038993238493971814,0.005561008253805271,0.9503064782182217,0.0034273769653212654,0.0017118980686799705
6b262ee93120e0a1644994735fe7b346a3a2225b,0.39757261019046014,0.06724254690288692,0.4853632020164918,0.041051889180050025,0.008769751710111
6b9453518b7e7749cff874b821f8d104f0a1ad7c,0.7764468764864483,0.09816789094580573,0.06864461715050489,0.04565552243308954,0.011085092984151544
6ba8844ddadcac56422e8034a0425e7747265d9e,0.15560188775484085,0.6950592806073305,0.09549358707758353,0.03588574313071993,0.017959501429525206
6bbbf6f199215b285ef61d9aeeb1c93e9c560864,0.21217515580266236,0.022012077022140492,0.7348188753571138,0.02293160445283568,0.00806228736524766
6c235a74119d55dbd3559b0b7d1bbc04e9f787bf,0.7831968582360332,0.029852311781039347,0.15801488153708695,0.02363090844125551,0.005305040004584875
6c923170e43107bf80cdf29d092a8e2fab805c30,0.019421375709598836,0.9661833770812764,0.006008649335976464,0.006501648982483432,0.0018849488906647882
6ca7be5ba4e89977b21edcdbed449805b7588524,0.03229971620285623,0.885098568487658,0.032666827236988154,0.03497084000717039,0.014964048065327225
6cd87e2b10f1c509ad970c519843efd4fea963fa,0.248044637841272,0.04200478723225786,0.6797684946565262,0.021697062994415678,0.008485017275528075
6d2bcb3ddb35a2d843625a75e0b35b3d4e334c54,0.7387168464279197,0.011482154020324938,0.22843988086441097,0.016372119053871197,0.00498899963347331
6dceade8d897ae6d1a852562410c6b3696125d05,0.33599475857392674,0.43655646909575346,0.09646192238570069,0.09485069668129181,0.036136153263327024
6dd5e61f60beff3e1b431d679dd5854f6fd8dd7f,0.35690392753384415,0.028461064072624487,0.595734559586386,0.01524481382225928,0.0036556349848859706
6e21bfa733cef237f87765595749641afce188eb,0.03366719213146781,0.9409851715074509,0.010413958305307204,0.00985561202068317,0.005078066035091027
6e7c9c3cafdf89e02fa3b4a3d5615574bf778123,0.5429150761566357,0.07778539017749636,0.20625400148533965,0.15983978313458952,0.01320574904593875
6ea294001b6f78003b2e13e85b0252dfe7105302,0.06402295603114391,0.907698280647818,0.01907612840370827,0.007184371334107564,0.0020182635832222155
6ed4417d3de4a939fdb48b3e110d9e5e8b47bde4,0.5258193759407641,0.09988981569229052,0.2042317237769446,0.13943239412226677,0.030626690467734058
6ee12308a614a08079b7e7884e9b154437eced0e,0.07193615783955415,0.8630121038274039,0.02966132393576969,0.02721344422812853,0.008176970169143795
6ee3c1053c82b37f43a87086e0496f11a1cd9fcf,0.0664352502798903,0.06156794096037406,0.8023776500773706,0.04570405353911639,0.02391510514324869
6f1c14f17352c43f8f613478bfa9094fe6081c95,0.8175281522827704,0.028739033699856264,0.12728962224921705,0.02275728935018384,0.003685902417972313
6f1d449838e0268bcf3f98b1f75599acb264606d,0.08132310739701193,0.7876470373617095,0.07619474463797707,0.034457331500544544,0.020377779102756982
6f2b7f26b1a1f59e014c572ee6f38802da8e5974,0.24511140913415178,0.03648906167926415,0.6207791094227298,0.08487636045047288,0.012744059313381434
6f487919066078ae5e2d08c7e2b4f593eca6b3d6,0.040782043193959006,0.9123882675180961,0.015331924928298605,0.021740716428035888,0.009757047931610412
6fca45a91078b43e391fa3181c2d12643fdb713d,0.7927646911973952,0.03453812398685656,0.14454569359321567,0.02010776048298342,0.008043730739548918
6fd8d72582414959b81f736ce615be6460be48b8,0.8332163798834242,0.050712532442198796,0.07384037140793509,0.03307391051185875,0.00915680575458296
70c478677047b4b00cecd462c30b55ace1eb086d,0.7772394226585093,0.10571723892291009,0.057940257023804356,0.048202794658620415,0.010900286736155687
7141cc0565e4ade59694dea1fc763addd0248c49,0.07951243554685747,0.875654879212974,0.025248350426758943,0.012459567920529843,0.007124766892879785
71a2a1345d8a2c4f0207ce2a3dfa51f4b43a58cd,0.852161090564079,0.05149820375572398,0.04049667437982573,0.04392469663636969,0.011919334664001578
71b9276ee4c3ee28476615bae7af34d619ab1650,0.45976055189077486,0.11665149297332203,0.28932021346648645,0.1130375328393917,0.021230208830025018
71bd90d681e50bb0e10723525ed6c5ac126503e4,0.06932089986846725,0.05127368936111513,0.8501898591430723,0.02184602567395903,0.007369525953386108
71fd4d43438e740869f1302716a03863d57bc88b,0.05715873891212374,0.9174437889680784,0.010816261035924238,0.008635105615596722,0.0059461054682767925
72047c2ecc3dd679c4f0cd8276612934114ac56e,0.6998650673700195,0.05965022297648678,0.1914126248078926,0.03796255269792538,0.011109532147675726
721a31c9ac2b94a4e71f0680efbc0a8a48388f89,0.05646531612443877,0.8670538543726416,0.028535946288595074,0.03788053438984674,0.010064348824477978
72239f6ee95fc60332e5551aa9210cb7a412cd08,0.2210104531989855,0.1370992962888167,0.3994294192869798,0.17180845753295027,0.07065237369226764
72562d5df82cf681a20660315014691be110e15a,0.2911255104617127,0.0710852325595229,0.60073475503291,0.028596151893950376,0.008458350051903893
727432189a618542e8c5f0279d02042fbf38627e,0.6443806461936211,0.1531531765902413,0.04306704003747956,0.13970486541803473,0.019694271760623338
72b0721d459d10fa5f3fbdbc54890e7fc4322857,0.20263097795944002,0.027576845383023605,0.7371606958292304,0.021582058140334988,0.011049422687970992
733b492f2dce7e6a7431535c9ac2bff218ae7310,0.6165533180774434,0.04821743433409065,0.28102648198846114,0.04061523861328479,0.013587526986719944
735f520a7acfb1da864d7ed41eb9ca907018a02e,0.07204471385995914,0.015804751709494663,0.8904779727982945,0.01566282273863757,0.006009738893613898
73758ef1f2c1c88bfa2460e56c1014d9cdbd5bb6,0.7461408496968188,0.08594801856576129,0.061309543611774306,0.0875095713698025,0.019092016755843152
737e9bc0682fa0c1da5460a75c38d5b5fb9f626f,0.876654174324346,0.020246124302223462,0.09186412399523144,0.008699592526600089,0.0025359848515990645
7391478a4a6cd67e15d01e0de0280028935012fa,0.19451325071128997,0.5084188769832882,0.1402324241871188,0.11719282390669597,0.03964262421160717
73b484b59fe8ccd1ea387781cfcb307f64626a04,0.16527934506536615,0.09123725411986117,0.6775660697693036,0.03165209669214822,0.03426523435332082
740ddb0b1253eaf5a8f694c1561aab3898f94236,0.6271271078723315,0.07387336205009107,0.1846048383232881,0.0965787112819704,0.01781598047231891
743280d1f3d59a6fd96d6bab8633f94eed8de854,0.13921136618413887,0.03481354269932952,0.7946053869529511,0.019497902091628102,0.011871802071952325
745d2597fff1e7faed78b9bfe5fd7078b2e8ae76,0.7859875682162126,0.047665069748262276,0.10189986941092331,0.05495166106938771,0.009495831555214012
7460c0dc2c2b4409c875dd838a8ac4d0e7640c82,0.16355187544068162,0.6286992486334175,0.15208415636051564,0.03568815598096765,0.019976563584417545
74d4900964a84fd9af5d4f67a4d7ff23486b046d,0.6537977570077096,0.09098719322210362,0.19438061155786893,0.04557509318698005,0.015259345025337736
75174185e289225d5ef42a17ff7541d79409d81e,0.6077534820895766,0.025286388962636307,0.3359723771633997,0.024470249486655958,0.006517502297731553
75380a38f0bd7cd8b49565a6c79ac63a7e7a0d64,0.7946433457265194,0.019669380435653857,0.1720889296126698,0.010870672305974232,0.00272767191918262
758cb430b7a1813d360d9183978d8317773815ce,0.6779788386030196,0.15652112716884028,0.10896203466655298,0.044465378688137824,0.012072620873449581
75c582ba616d8f7bb3bc0cbe3a0f2d900d3fe25e,0.10054440237631102,0.8448719009110234,0.02818488723601858,0.022091390517049378,0.004307418959597662
7631d2a4862b8696d037be74ae03ca6783d2d02d,0.14324811916328914,0.6165981738931304,0.18160164778457913,0.04054798341375919,0.018004075745242192
7710932bde4ca0ccea17ce889cdc9a97eff2947e,0.2986410821734877,0.06334308536645361,0.5824852076260961,0.042861407525329846,0.012669217308632758
771992f1d27f0aa23708611b5733980796971e89,0.7914481883390796,0.02792729548602288,0.13624111044660067,0.033937954842432505,0.010445450885864384
774e3340401efb155d9fe6b6335d82daa423706f,0.49679536389897205,0.02122070904490538,0.46321491889510763,0.01392802973632588,0.004840978424689163
77a4a170e752706645ab29dad6fba028607ffdcd,0.6120735562162823,0.15926694782411585,0.07597296744281501,0.1173651555546297,0.035321372962157115
77c028788501d4cee3d89bdbc6df7c88355db164,0.6033300226463915,0.022893281030616705,0.3489186345543164,0.019594095571853046,0.005263966196822512
781b31cc1654baefc49002bd7f5f20fd6f06ece5,0.817582049087938,0.029465600621993066,0.09373768651115685,0.04743345531097101,0.011781208467941291
784a31a5aa4c0a985c8a57178b4f926dd0d2490e,0.044711767273509145,0.8725479562443981,0.0590170930648765,0.016059660267963596,0.0076635231492527415
784d5231d4e9490ad83bc2d0e437e3b2ffd388aa,0.33922944181950615,0.007761972797870947,0.6435400288621919,0.007543774526329547,0.0019247819941015307
78f5d6ab6b21bf131c81d2271eac5f741b454ee1,0.17003026942385088,0.1347167344651296,0.6511109279232619,0.03137756599149015,0.012764502196267569
790bb0e9ee9dc366865dca419180d5ccd5f4f0d5,0.816216943736608,0.0773813470846883,0.05476627118506772,0.041648448646054104,0.009986989347581923
790ddca5decc331d39c21cddcdd8757fae87c86b,0.15254741021642323,0.016348684156479377,0.8170910383155922,0.010550515883819736,0.0034623514276854936
7920d21b1ccca84da6df5d6510aa6d30300b7fd9,0.7596245366601956,0.061126756374530355,0.12877964802625586,0.04031474926908826,0.010154309669929945
794825ac8ea36a584d28ccca0e5f081dcb149b53,0.03717888704524936,0.9336916796549292,0.011070615883043873,0.012135514291652896,0.005923303125124661
796c2db2137687c4114afdf82a60921372160764,0.8048112441242724,0.04439766336047446,0.10051766190111011,0.04344110387870202,0.006832326735440916
79b06459a66f92a021e085710b3cd44c286c6013,0.14511822079557152,0.05061009735210277,0.7718577096259774,0.02106305806471902,0.011350914161629144
7a5152f7711ca295a3f854a8bde2563c49e398fe,0.5519179117583688,0.16511344477354511,0.1666482450175087,0.09438611554516164,0.02193428290541589
7a6ff39cbdda2ad3b37cff9702af218ebde5ed34,0.84938758451361,0.03653614948475156,0.0731914745595072,0.03550940298266195,0.005375388459469317
7a7fbfd1cbe94d882aaa08cd5cd244fab33893a4,0.3561289996047371,0.07862904450525915,0.5395313516111021,0.016650419154397064,0.009060185124504593
7a952147c1ea570c66008cd1dd170227c064403f,0.029049473603929028,0.8996460558942516,0.040753407299037876,0.020318385210594113,0.0102326779921875
7ad9326bc9500287e796d0f23f529e2dbc2282b5,0.6325826292413051,0.04676464369930489,0.2971348684427727,0.015677154851765372,0.00784070376485188
7ade65877708417e5d7e0e781209c4147029c7cf,0.3054053380298363,0.597474023518475,0.06931622667721375,0.01880779679224936,0.008996614982225573
7aed818a1c94c2d05baf2b2ee73b12803878e0f4,0.6276934823803658,0.0919640265328654,0.14281412394217533,0.11287975225540875,0.024648614889184847
7b281087a160effcf89502a1789c4a61edabbe83,0.08260809143647575,0.8541317645968564,0.023942318234757228,0.027314613956782453,0.012003211775128276
7b431d5b6dde0737aa12f92435e0fd3d7306051b,0.05156109747476115,0.8184639305460024,0.03330648332095989,0.08017303373032156,0.016495454927955077
7b57ec1a95b89697a7eacf7247674a332edf3a44,0.04247256543210411,0.9200007639620457,0.018853224470505914,0.012918752190904707,0.005754693944439621
7b6d3e6f1a05874adc5f5929c4d6d50931fc6494,0.20704908891941123,0.21631660991773358,0.09829308516726024,0.30571213394072133,0.1726290820548737
7b877dccd9212dff93e51b26105ff48d48d40786,0.7851009431367286,0.08168053104683023,0.08360654111739578,0.03227642414643943,0.01733556055260572
7c3b0de651ebf290fca93f600a03a59de64ef5cd,0.040472254512968875,0.9240390617184812,0.016769786733731147,0.01219469482281835,0.006524202212000342
7c6fec764798444ba48b9e29c28907b52a9f7461,0.8186416414329226,0.03173430030737866,0.12683299111811847,0.017322420962835025,0.005468646178745168
7c9c60384f852b1018b03d72d522bbd5f47c30eb,0.20009271316017777,0.023914256304107446,0.7527435518835617,0.013885807110123863,0.009363671542029129
7ca1b27aba0d373e72143b6d4829b1766cab05a4,0.04421260762271756,0.01258264322960435,0.9285298105971803,0.010564635399948834,0.004110303150548821
7cf05f7bef40f282ee3505f13f7c8c9400c065e4,0.1912845229218824,0.021013295468315894,0.7547641882389339,0.02516102182148598,0.0077769715493818435
7df19dbbe38fc64abb38dbf77823f33eff95a0ff,0.021721109185717784,0.9523743143671689,0.009899694778074404,0.009644473584828086,0.006360408084210862
7e2c139357e1aa60a9eb5f8b55704e9b8c99aaf2,0.786158909824439,0.06024403199849638,0.0819333607708301,0.06316091210736166,0.00850278529887266
7e628d0421fcb4bb226d1e96075626288b65c711,0.07470468909729647,0.8348217401401823,0.05493120854890586,0.022025590472723063,0.01351677174089203
7e6b5bac0cd7dc4a049dd244f3ae5d3e92e645b9,0.27969799785889604,0.09965903884858604,0.5179739458095068,0.07670597010083546,0.025963047382175607
7eac2bf5cda2744a31d4344ec96acec36f0a2a54,0.04406793264592154,0.9265714767829568,0.013236966703160616,0.011481363934958723,0.004642259933002451
7ebce418a37093c4bab86409c3c2e0f428e88175,0.7695817044401428,0.05537328391246381,0.10513678684988075,0.05880989462722692,0.011098330170285716
7ed93ef2f8f44850ba66eca3f0e7cb75f0057af6,0.02244096971177441,0.9369185803202124,0.012370502318878096,0.018739748155817217,0.009530199493317702
7ef98c43fe16c30a6ccc0740ea9125f15bca547d,0.02226595397214772,0.940667276622277,0.01920850856425135,0.012689583608915256,0.005168677232408607
7f09297fc1b6574f88998b31c1d81b3e91a18c48,0.6408183864123593,0.07829475674572972,0.2240786033242608,0.041132301149986866,0.01567595236766334
7f9997156d9570ecaffc25844119687e0163c182,0.04259172871018905,0.9316788487796319,0.010710923367436063,0.010268877492467066,0.004749621650275841
7f9c782a3bb19fc187af4483ee8853f27d7ad88f,0.8409444236283691,0.011813742188377264,0.1260122363088368,0.01883147950606291,0.002398118368353946
7fa086a2728956870a846a86da4e02671eb25a7d,0.053700270129966796,0.8489291138478536,0.048121378946562134,0.03118052355659507,0.018068713519022513
7fa49d935dcbc001b9a575a44b671de14baa5812,0.03485378784253776,0.9095683293515091,0.02655544594447724,0.017346757900451214,0.01167567896102482
802bb47bbac63060cc2a31ea488a3e88e898fd24,0.3203782906622958,0.022349596953923388,0.6357224210883616,0.01505513215102106,0.006494559144398167
80657bbb29eaf7a9bb0e49ed7e8d6b3f7f5930b2,0.04932912490696164,0.9241515838076761,0.01419257731912741,0.008389011766820009,0.003937702199414745
8073e0fec4423f60bca714433d608d84f98043a1,0.22365078167181776,0.04899031463979059,0.6871830465601796,0.03270953054248811,0.007466326585724038
809931de28ac84cde391bb4184fe3cbb8a8fb3d2,0.10270066135478575,0.7906963182014695,0.0533832371697893,0.03674791274352181,0.016471870530433547
8099b0a0e3cc5f9932577b989819453fc85d4930,0.707320413933207,0.02741223576102872,0.23205049663753882,0.02298103765741984,0.010235816010805684
80a72a4970ce34d789d3bde3bdcc1897a4d96d74,0.5697720485832618,0.11807468903453046,0.20686082990415453,0.07146487793720223,0.03382755454085086
80b72ffb6209c77a1b6317a35491a2ded6b52321,0.7614047302652213,0.0559273184321798,0.142971385056756,0.024803596455814047,0.014892969790028916
80be339d9c32080b162f55e76cb3d04c646f1571,0.2341760903243241,0.05735709548109388,0.6729049262819696,0.023001711296975733,0.01256017661563668
813c5ddd13ccdd76a16ecb6ecbeefa0477e6471c,0.025497290237961177,0.9481195740527483,0.010550707307438225,0.010930403206777142,0.004902025195075332
8157913bf8aed60ca8bb93efddb90d2803aa6a6f,0.09497548944661317,0.036096628449343894,0.8348617353213512,0.023118180159642215,0.010947966623049626
818f42973d933924c2459d0a3051233e8b572558,0.7622412728750452,0.04803193381779047,0.14446233861760932,0.034352346616682475,0.010912108072872509
81a21083e49c2c7cb50a59102453bc94da5dc661,0.6088347149589768,0.03221905555846269,0.31478005379833596,0.034666332779606464,0.00949984290461804
81eee390bfa2ba4a6783bf742d7c1f5577872727,0.30709990281815713,0.5402868384709504,0.06152594332108776,0.07044132040665607,0.02064599498314867
81f4e7e4447feb07eeace7a9e61165191bc5fbe2,0.24390489931652917,0.0757893874982037,0.6417753650652892,0.029376612065140185,0.009153736054837809
81f5fc093364e94b8bd6e20ceef313e89e5a307f,0.47301554402718293,0.046001379357500094,0.4410099115151997,0.03291688896301732,0.007056276137099847
81fb4fef951ee50c5311c6f270321d2419f27e6f,0.6945198774501903,0.03088842558433622,0.2445243483708959,0.021987819659740608,0.008079528934836957
82402665be55b87f84aca36ef2f01139a704e6af,0.28917293879417455,0.023764548357716533,0.6640519008579558,0.01575382671479357,0.007256785275359565
825097219ff0a24995bd0c1990e7aad327633d41,0.24616116933316282,0.06344913229241639,0.6214004456535465,0.05412447159337028,0.014864781127504017
82741a528f701adadc471d3025bb9781b5dbac08,0.5129866614351081,0.2652732840179202,0.13500207333726644,0.05441941663001251,0.03231856457969293
828eb52539fabb6f2a63b32d3f2ae8a783f0e924,0.5856417835687849,0.11169579854067693,0.17279388655907582,0.11826589026811607,0.011602641063346263
8295a1111aafc032d6aac0577cd2ae74f2d6ef18,0.36676812837246514,0.02830606701169931,0.5826860195417242,0.016412326977438833,0.005827458096672475
82aa9714c0624a02478fcca3f7e098c1a5a61513,0.44963328580723133,0.14983657213978707,0.34303795955148303,0.04289047292129794,0.014601709580200559
82beb10b4596758f4a7f7026962e218ff67d952a,0.1500184039528525,0.6792766022639132,0.12085027477129384,0.025829239030237715,0.024025479981702784
832cc72e0de7acae91cea6cfda292a0b29a2765a,0.3164442777886228,0.025885407569379824,0.6411499999758059,0.00999657991102494,0.0065237347551665836
8372eb7514a3de5ef20435e1aabf0808e7f25604,0.3232421297600809,0.07007854049723566,0.5754451027076156,0.02290503356343531,0.008329193471632617
83833f6832ba25805852cd145ae2a0a1c5ba0001,0.08385057275804338,0.016992374660325223,0.8551726933381748,0.03617799352095483,0.007806365722501767
8421b52dfc2c73a5c1a5bb5492a9093f019e40f1,0.7991024084203623,0.043758273286242585,0.12709422002438558,0.024966437161488962,0.0050786611075206494
84a12a8fb9ffb82c79899838ffaa32cce933a8f5,0.26173344734192544,0.09307235652180466,0.0743626225431118,0.5420157328812389,0.0288158407119191
84a84af332d8410a649bdd889722d90fddd46bec,0.02618295282164371,0.9336743220663339,0.017512966456685056,0.01632097884216581,0.006308779813171407
84c6dadff44ba7c6d6daa7a2e59e0b59d46364a0,0.32108983863672663,0.19352467257222875,0.32287408802344214,0.11991042383044816,0.0426009769371545
851a6548977da40c3fe95f93c8fa63820618640d,0.1923887273637727,0.011002416599129063,0.7853052850790163,0.009076737978458656,0.002226832979623439
8564e8dd4c184aa8f193e7ffd7a19529a2ada380,0.6834280069680845,0.0372803561889297,0.24261886210559797,0.028673922252133617,0.007998852485254159
85b739fb368731cd3a22a740d1b08dc8377200b5,0.45450005570170815,0.08477643746220127,0.38765509757463734,0.05254643098416613,0.020521978277287096
85b9380dd8658400eddbc561f13b9e2602d25585,0.09479423379502,0.8339298121389982,0.03448900683431991,0.02754082902099743,0.009246118210664313
85fc7c85ce292cf90c89ac9de6920fb23355dd90,0.3024096860649822,0.15856615960079407,0.3821561907963308,0.10961807297191282,0.04724989056598015
86b0edba7f83c164a8cb1b597e84cbaf473771b6,0.6313463671499913,0.0935150874286968,0.2049928377252354,0.05074470248380273,0.019401005212273757
87344c94ad76e7e284ae2c6ea21f2fb4af2d6e6f,0.22653736471862776,0.5870270257054391,0.1034192921847144,0.05325276420536939,0.02976355318584932
875b40e7c1a60b0df8559f1570f8f66691bb9cb4,0.09412553811390348,0.7264446335607346,0.08420959712609993,0.07047400111391026,0.024746230085351675
87681f25a07d0a804ce9e362e1567a0d587b4815,0.13609809601360676,0.05020593645452588,0.7774538565303812,0.023800080870886378,0.012442030130599987
8771c61774bafb439e99f54fe2f1ec8a595f6a15,0.20771661669139738,0.03353915804851612,0.7263254296593584,0.02188462436473768,0.01053417123599044
8799b775bb3366dfbeddbdd164c29abdef9d282e,0.2969200517313525,0.010191176591681386,0.6823867258965828,0.006389919748163071,0.004112126032220322
87b2eec153fcdc330b4c1bd0afab63e028638377,0.4071447680284971,0.13564598820565246,0.28885092146639385,0.11583665534872592,0.052521666950730815
87b3e02af79114d65b1f4b982d644dfa8ecd49f9,0.20242614715696522,0.24485344501666495,0.1028237333850482,0.3237535550490571,0.12614311939226447
880628b7c9df29b90860022f0ac69ed3cc1b4d29,0.6696722200103766,0.021220706752464836,0.29230504391008544,0.010844319546056294,0.005957709781016825
8817d1ef9dbe2964ee7ad49511b168e0ca188c34,0.7679328163886654,0.0616389925177282,0.03797754592275528,0.11804025905988161,0.014410386110969592
88265a7926dd85e77d10f015df7158e877b450a9,0.3386689649942733,0.408164091616078,0.06482300663473992,0.15523087948010833,0.03311305727480035
88ec6deb265592eacf5180b3720bfd69274b3a03,0.2627120212042143,0.06264777057992145,0.6127998602161373,0.04850195169801807,0.013338396301709058
8925998973a33a0580f4b36f6249793330e00448,0.31442250957985707,0.05141494126754783,0.5789528947791105,0.03599510539709455,0.01921454897639001
8927230a94cc87b5007f95b83a056838711a8d18,0.10989744024234326,0.8085373909745288,0.0444010163614223,0.02583016605527619,0.011333986366429254
8944fdc054984a2d284ab4b46cae71a7425927bb,0.049828340979196487,0.8816439009582759,0.03345010251151533,0.02697707896206295,0.008100576588949276
8964da0bbf32d72667b4a8a7132c59a21efb5ad4,0.8163776047837416,0.059151139131891316,0.07471704337768645,0.0421640934368044,0.007590119269876344
8971560da841654042f221f023b57627ffb3c68a,0.5443367098156724,0.018192924306846193,0.42474810697345766,0.008168795159925931,0.004553463744097837
897bf1448815e1b20b77416abcd4502baa854609,0.07295147632258679,0.8331627415401694,0.04394501242166853,0.037084408601064746,0.012856361114510502
89af600c262bf0f90467ddc60a798c710409ca5b,0.4578381435414419,0.22033244699285956,0.21309602760613894,0.08996258567991644,0.01877079617964324
89b3233697a364f36648f5cc762b8871bb796219,0.08501212970393947,0.865289356236731,0.025591827071632323,0.018724849948370138,0.00538183703932705
8a00e47d47f430d08e977673bb3aa1260773505a,0.5467641501201725,0.052708325395378834,0.3519281638360731,0.03922875321005232,0.009370607438323266
8a04bf8e4820320ed7dba53cf31d7346ac0cf6f8,0.7844429516491163,0.020913435640144383,0.16702173443170937,0.02206742266992752,0.005554455609102466
8aa6e6fbcd12d694dbdd004d64ccde6fc467e228,0.0169218256566183,0.9735652963260661,0.004435850685809986,0.003066120023033726,0.002010907308472081
8ac57b97d3011dd06d76b12f98d6ba6e379a8583,0.45428002630298503,0.012868162076862802,0.5221138384481169,0.008210533571156337,0.0025274396008790286
8b6d5c21a1cd3fdc808991200d40ed4216fb434f,0.19607726629401556,0.0448261516211639,0.6985699045527766,0.04236190047642843,0.0181647770556157
8ba27d258fde5d01ce3a01d3b32e3a77f5aaa01c,0.7145812063262039,0.1354249913742159,0.041150126467337365,0.09852157874595528,0.010322097086287589
8bac789341101abeb21ae2bc647a5ac4537d8bf9,0.38701484183919643,0.4525288894381379,0.11935753212073569,0.0302174726927565,0.010881263909173522
8bb8c2e76969a4d5dbf60a5d57eb04af8b20c4bd,0.7542023499675967,0.026952441685062348,0.1934192323176686,0.018693228041743535,0.006732747987928626
8c0d596e13f61b8f2785d18f7728cd7f59dfd91a,0.5077703465313579,0.07862169916153783,0.3536521476098991,0.04163939122245773,0.018316415474747494
8c399ef2d3cecd969018e5919f079602ec8592d0,0.49646147577793215,0.035721683364947764,0.444413980632959,0.018315118529560696,0.0050877416946003
8d71c5e43546c487adfe2376024bca4f71f13cf9,0.3761658331017795,0.4703226184206652,0.11799367954426845,0.030851918372337805,0.004665950560948862
8daef43d6364153b91cdbc9ce110c9768d62c747,0.04783274621307112,0.9228686042794315,0.018146442391176944,0.007819145295269884,0.0033330618210506025
8de16294c60318a5e14f3d75ff1c31efd33f4929,0.02889935092422417,0.9515439643923002,0.011066889086184518,0.005376974240289924,0.003112821357001268
8def6fa867c1f6fa018a75d9437c96da27ebc653,0.02699417945549829,0.9553627075931417,0.006522604241445602,0.007874951005871855,0.0032455577040425058
8e09bf48158e6e3f1895bedab209af94422a38d7,0.1297456948510228,0.043342225303607915,0.7963798935286815,0.01978357168197153,0.010748614634716108
8e29e7517b9d8cc0bec21b841cf4bbc2dfb1f2c9,0.6997904766317606,0.0680404056517637,0.18823062762952322,0.03151015449767901,0.0124283355892733
8e5d659c8dce795ec6ab2ed7a1b61cd39688cb5a,0.503155537533304,0.05888409115827445,0.4042010075274891,0.020941814687573456,0.012817549093359134
8eb1126142f953756615fafcbb2cc29557298c18,0.03877924469090345,0.01862514346305897,0.9263704027612943,0.011081579049088163,0.005143630035655205
8ebd13d8cc5bf38e26fba6b558a3ebb6e425ac5a,0.26933398455870405,0.043729248892350026,0.6550524976591222,0.02301425791540472,0.008870010974418988
8eed74ac393a9c28b1553d8f19bef476e170be8e,0.0810853152773523,0.05307658321396752,0.8258602111783573,0.026615440368722265,0.013362449961600681
8f157f16224358eff499e4d516646d594376bc53,0.03482983257010762,0.8922691030228911,0.031571136435693585,0.02799216689143362,0.013337761079874097
8f21bba585efc8b1d70bbbce9453745a6f07fe3e,0.05034368711997497,0.007923331981456764,0.9221254377187839,0.014355294797375387,0.005252248382409023
8f6025914c3d077bae6b408315ada9c4838de506,0.10384090143380556,0.7922859065185599,0.06744479822227077,0.026474742926299734,0.009953650899064167
8fcfecacd3c47dafbddcbfaeb72a09f51e04b494,0.09135347477028247,0.07429076344310005,0.7313719941125201,0.07087153894093064,0.0321122287331667
8fe33e7476cb5b7f63150df082a0f91bde079be5,0.4054712856632248,0.1549459537876472,0.3477976823344695,0.0706956596317286,0.02108941858292981
9055ab4f12aad23abe3b5dafc2d48c5c293d17cf,0.1625894228673888,0.02866959927001417,0.7184844708521919,0.07603882167852363,0.014217685331881549
9066fc88715e33b69494562e2417356810a0286c,0.8835712891695434,0.019283197795400147,0.06818374412102049,0.023699201673088612,0.005262567240947511
907fdc32fd896f08a94c5b27ac8913bda5e0aaaf,0.35453165720469737,0.04587217316261854,0.5737473722261397,0.01921379507550598,0.006635002331038305
90e0b14f284e0319a84dab9ba868a0201b8406a1,0.11810815085560039,0.7691755564228762,0.04437240371378933,0.05024865051974956,0.018095238487984472
90eda08f48d3f894a1ec1e7e68ca42eec7b9ab9c,0.19913485098889863,0.018329564840504617,0.7693829000188313,0.009701414269737243,0.0034512698820282363
90f9f6236bf100916598e240422ed7143d336444,0.6083241207680914,0.1983620079286782,0.10544652524577706,0.07694931397387468,0.010918032083578697
910dbff5c52c1ca9c7e90f66ac8ccb6fd9f61958,0.03130533417214662,0.9388396815125667,0.013854751008790992,0.009860714056935825,0.006139519249559894
914b001550281785098ac4cb2fbf6f1d2ef65a41,0.04586830051377273,0.9211061927325626,0.019003185897935104,0.010380334072092573,0.0036419867836369564
914d19fd563923a99daf22b5f4bb076be008a2fd,0.052442149083338344,0.9156980277989415,0.018019574410624184,0.009154765516833181,0.004685483190262878
9153e54b3bc15a1e89adc3fdc502966689bf1e71,0.015850998191669834,0.9315494795007134,0.015321065799092648,0.026559371366384962,0.010719085142139142
915ba928b81b61b9c0e562cd0d444499f382f4f1,0.5097363311360118,0.08112658700238985,0.359800614479878,0.03262038163425854,0.01671608574746177
91fb902c1e4ec7acc975c5120a24a2d2cb500220,0.16858965755716052,0.6091404424929514,0.1671078218932306,0.03734463558613272,0.017817442470524775
92019adc09c1a28bb28b43afe1815e06f2fad72e,0.29658784922297715,0.03322135790677847,0.6304833548122982,0.02806330043455685,0.01164413762338922
92053977a6b28dde78f6becc7609e7e36ff8ef9a,0.41129502525939377,0.21093207934124927,0.11341020204398292,0.22195318638774547,0.042409506967628435
9228c551e38331bec7142222e3c95cb5f96a0247,0.39076962491511646,0.052907255555808594,0.5009199749291409,0.045862808757505674,0.009540335842428376
927e636fa2d50337331faf0a3d5173850529489b,0.37578974912865176,0.01150298762956109,0.5980455447613522,0.01048096678413867,0.00418075169629632
9299e6433f32a140e3b56adb2aeb3661afb103e9,0.898677868464272,0.03122406891494071,0.04904036411371746,0.017039233483576874,0.00401846502349288
92dce967653e37b0587255194db8191acff0bdd2,0.31875147768686657,0.04098559643388796,0.6116466816666404,0.022969121714293425,0.005647122498311587
92e0f406a48566b9bca344f49c38f8c339c657e7,0.758454952198994,0.059064047269805825,0.14789233029089846,0.025433235261328888,0.009155434978972891
9300f3171f0a4df9abcb3e456046f7562e8be257,0.03650353996031126,0.9408511512945119,0.011276433617401932,0.008956741042064766,0.002412134085710098
93090a1272d6e9c4070b181a3dc61b17c6ad7c8b,0.017917531181034778,0.9607350231183015,0.014399103187293275,0.003992260912340037,0.0029560816010304396
9315a4e62cbf0be09064a1543983028800e3ec36,0.02370246303929137,0.9571029311150139,0.006456061149540338,0.008826974863666768,0.003911569832487602
93528a47cb418a0d319023602d2d1dbe22a14124,0.10444704709117147,0.08533530073456048,0.7723094951939484,0.024418669683844894,0.013489487296474837
935df75fb21adc0c4008726e4baeb0337fc03307,0.8451937339579546,0.03242491589990322,0.10438272155202853,0.014702352781585685,0.0032962758085278918
9362cab7b1f02ae1e56b9b62b23f16bddc55b1b5,0.09545045738402792,0.01715012888443972,0.8743134486798828,0.008358649031689412,0.004727316019960186
93e4e980d21e107163b60e3d56869b48ef0071d2,0.0553759220195166,0.03894104953739085,0.8340423341940254,0.0521289933144619,0.01951170093460521
93fb42d64b30c15216541fa674a3a463d55b36bc,0.7732208002604144,0.061499142400142315,0.08249202170650768,0.07305347923609526,0.009734556396840434
94b0f94445627a400153dd2edd229fe138391de0,0.7821839975098823,0.0355919161622916,0.15317710988531108,0.02355516574279126,0.005491810699723833
950827f1535e1865470ab879f625a407cfeefa52,0.26887055176741753,0.016702637785534855,0.7001817901216759,0.010339571144459457,0.003905449180912333
950e83f2fba446a7cca7d0387f3ce3235a596ea4,0.171242031244555,0.5561156018941263,0.1588413624246205,0.07954371895943962,0.034257285477258564
9514ae4eeea6d081cd345c84180d44defe56eca9,0.026892131891146285,0.9228920002715905,0.017759272359538274,0.021677712857877753,0.010778882619847139
952b5f73d99ad910a2b872562ed92deb32f6c9ac,0.13743448303535852,0.08675533222888031,0.7170103628903436,0.04370575798060042,0.015094063864817153
953dbdc2712c9e869fa8a37870fa62d0c2f12be3,0.06139353506742687,0.8160187550753427,0.05931125757206687,0.04232199523432376,0.020954457050839818
95420db42eb68eb218464930925d3a1c8086709f,0.021806796956471357,0.9483525873324345,0.01451049164980403,0.010624163944557249,0.004705960116732879
95a5a039696020101f02fc51d7d34f52fa6974ee,0.526842999275172,0.01986006101032277,0.43851810678886616,0.010256109194392682,0.004522723731246338
9613558b5ab1950db48f591e88863268163e7e97,0.01239666748458207,0.9474484650598065,0.01157509668962433,0.016495335188599032,0.012084435577388185
9628e4a159ef849ea6afcde70f6358edd2c20bd7,0.6310819334142694,0.07432644475042097,0.2293532498464511,0.05152346297147023,0.013714909017388052
967e6d875a1dbfd2a8a4fa2aea7ead54b543d3f2,0.3075171115436165,0.06882193406442891,0.0416266288167194,0.5504582735176842,0.031576052057550964
96a9bd9d745a09a0d645b2ddac4a447ee969b885,0.037775134479042446,0.9405563573065675,0.009926469788978608,0.0074433062403309195,0.004298732185080413
96b36be6ff419d2fb9b35dfc05503e7ed2aa4ec2,0.023758627205679967,0.9474274808875632,0.011234882702590746,0.013038301258379027,0.004540707945787078
96e09eb3e3afac7a1ef3334f3df1fb2ce8e3b19d,0.780986793428237,0.020481967593686472,0.182667253135361,0.00948361602280208,0.006380369819913467
96e14929c32c48d5dd271c99a0206edfa9a6660d,0.06094023380413673,0.03259620394081524,0.8836742898335912,0.01628403181363872,0.006505240607818123
96f1f0be06407ecf662270dfa3f793b51ef0db31,0.18153236859334201,0.07367836867153328,0.676683340703216,0.05098594557330719,0.017119976458601444
96f6511ac646fd5d6cbb923952aa3e7e275b230f,0.7432097374864307,0.0829308631482472,0.043084619738434686,0.10905216479930933,0.02172261482757801
97180137e718b513c96960f856d97ed3b120d0c4,0.027853716113237177,0.9396967462477797,0.014879676066166693,0.013579342135332408,0.0039905194374839515
975383d8f1bb6bf4370da455a59e567c5f7e7dbe,0.30453812240083,0.06701130906888737,0.5761617273622159,0.040687558050126596,0.01160128311794011
978051623d4f7910a4ddd55b99ad5569662e68d5,0.5639947045635855,0.03508324458004598,0.36882546531301297,0.023175106165445887,0.008921479377909634
979d205d2bbf709301db8b70852bd10970113df7,0.035308028645299416,0.9290661426420085,0.01597204718975994,0.015864246027308262,0.003789535495623775
97b22e9a72b630f6de7d72e14f2f3000df7dad92,0.03796833030779836,0.9340430588242664,0.00962910660008774,0.013565723103897122,0.004793781163950334
97dc0fe026418693904e4868702f331386900eb9,0.033073598315559095,0.9272151785237516,0.017109786537291387,0.014654423484180515,0.007947013139217344
9827223b6be2be42cff2387778ed07e4112e9a8a,0.09073132929055978,0.8036840620977398,0.046980264933758106,0.04076616002041353,0.017838183657528907
9846d89eeae0d807b02a436e2fcf481b3bd7fb82,0.020134602061086002,0.9357541180439313,0.01472865361428445,0.01745671303607563,0.011925913244622593
986bdb07e65310e4ebb424903c153d50422d88b2,0.05434167203413008,0.8954761876748946,0.022833824289573455,0.02247133468042876,0.004876981320973072
9892cbd1d2a4328213ac714dfe24a46da3283dfb,0.5151244097181287,0.17970735703076227,0.09979918989177229,0.1636087999334188,0.041760243425917914
9895f081172c758e065896489e2fd2af8eff7d65,0.026967329278926346,0.9579016369984651,0.008485519804285004,0.004366311112050126,0.0022792028062734748
98a70c388e03db2750c872b65b38f0e7c3b6f6c3,0.01724755116933344,0.9273850731696672,0.01470747083043558,0.02602483581023801,0.014635069020325802
98e92cd1fd1062aeca09bd068ba00e465e9d0cf4,0.328726845933197,0.5086348513613561,0.090477672910357,0.0568425227082378,0.015318107086852118
9928f7fa825aff4637a52d48f5def4866d638c13,0.20801316179094395,0.3199284576975192,0.3091274421626332,0.07022614726997377,0.09270479107892982
998feab6cfae08373049d3083ac990f902b93508,0.36812403066508226,0.27800211141410797,0.18860396962061293,0.09088242620230766,0.07438746209788925
99aa4b7b310ede62a66fc6797801c10fb3f18f52,0.2200000124461094,0.03761252985476552,0.7119834222415815,0.02396143960183534,0.006442595855708338
99e05a1c511cbf76e64d3fee419ce7f5635deb9c,0.6927115576655456,0.031097420637080944,0.2512636674466025,0.01795147592634974,0.006975878324421191
99f84e3aecfc812d8d28677eb0ea9d0865961a4c,0.7532570726063638,0.09034074477971872,0.0897505108296549,0.054642211798260065,0.01200945998600268
9a3c2f79840227c83eb207ce1b65a9a3eadc47e6,0.6550586099818874,0.10224625837488,0.10024071351473576,0.11436022659555141,0.028094191532945574
9a87006903e08e379a9496f868ce9634843bea83,0.024678674052145144,0.9484905376919716,0.00981586290166318,0.012937261124173526,0.004077664230046643
9aca589737a4007b3036ce3cff316e22c6f47842,0.5457776413281487,0.03459357448790432,0.37863734423666284,0.025479520800998988,0.015511919146285028
9afc1a2b4d9f515bc9c5fa39575d1cfeb5969612,0.07480290401833274,0.8327918702302641,0.05356205946049444,0.029255053783503404,0.009588112507405221
9b6a30faa2348dfcec47c8384447f699507e711e,0.6034602116981194,0.12068478865842334,0.13563423578971448,0.10551846758145028,0.03470229627229255
9b6ac379b03b908107ae8df566ba259fb4a63d07,0.2356112243055692,0.047907089164112994,0.6552016606929336,0.04129008978723704,0.019989936050147154
9b7dab4354255fdfda8ce0c7e55237bb35f01b26,0.5495802215926747,0.027994189818997105,0.4018857618313193,0.015534281522776546,0.005005545234232329
9b866284715be55e9a191da635240dc1df63bd14,0.04877483235255853,0.03879893117415613,0.864637204450481,0.03459256890971284,0.013196463113091427
9bf745ccb5a22910bb6557d9c5065e4f0b47380f,0.02858776914356304,0.8970261961685746,0.024170724612940498,0.03108345429232164,0.019131855782599978
9c16c25eb1f2acb33ab0c5ef85bc7cbf4e9200fc,0.38842607161455506,0.07347296890698667,0.4393321332809171,0.07221496991839758,0.026553856279143716
9c98d322f1e1c03867822cfd101c9c681ad4096b,0.6777998543054817,0.09061288649354705,0.11417694530711342,0.1003542174300811,0.017056096463776847
9c9b00876222cd20f4ff9ae894ead1fa36526960,0.26871372062136906,0.09296908997028214,0.2699493120211816,0.3223963925089364,0.045971484878230745
9cc0096196b2d9c6174e4e4ab12b6c05c519efc8,0.059744149394887536,0.8686211680090264,0.02960170981981021,0.024825967850733086,0.017207004925542727
9cc09294223581af49a0ef72482f6a4be9469b89,0.4859022084212639,0.06104784489636968,0.42798815857135386,0.01861618660756704,0.006445601503445434
9cd84cd14eb9cdf596d00a96d0fcf35c891b0419,0.1811294178349635,0.5093172026937636,0.15671880434278612,0.10473147594150174,0.048103099186985174
9d13cf231ebaa17077222150aa737ebedc8c50f7,0.6963049554657695,0.0513335313423519,0.20524536665017903,0.04058386096609012,0.006532285575609524
9d7bf1ec92ccf34b91c01093b93b09cfaed588c4,0.03330114430292962,0.9392145555683732,0.011977070043048025,0.011680741244100536,0.003826488841548511
9d8f90ae8b33243294ce2c742fa466ed65c8cf3e,0.30870790317368774,0.047910099422167285,0.5960813609827553,0.028237743165854305,0.019062893255535254
9def047c04147ddcac5d32b2b9638aacb09162c3,0.8729444093635541,0.04230033288951209,0.05666204379801951,0.02038356601662236,0.0077096479322921385
9e8250f92f72775c8e508808f215cec4ac703f72,0.6782289460361978,0.09293826412037105,0.15766276410574637,0.05649192972974634,0.014678096007938471
9efa7906b28c4f1278f7b2b0736917a6efdcdfbe,0.793243228703238,0.0464827889054289,0.10433468234667342,0.04700079540328277,0.0089385046413767
9f165429099303d27923c2de8bb5e2efa92f0845,0.1894509062083482,0.07930749228336238,0.6726297857552956,0.041401231683244916,0.017210584069748885
9f1702b44113e407f4be693ed91b39c61b7a90a6,0.839312502624878,0.04384918107354884,0.06978047010483024,0.0400030072874674,0.007054838909275597
9f52d77cdae11505ddf4776ae95ac9c0437dd3ac,0.13757529118373513,0.6837596181002914,0.15707003256901605,0.014058983715825797,0.007536074431131623
9f67c236515506f0e2a80cb122e08a3f2bbac8c9,0.24188120830495716,0.012796037117841112,0.7349382335611458,0.006906520204704308,0.0034780008113516193
9fff4a006d27b240f15195970433028b7c317d99,0.8010919611445237,0.05294410857176042,0.097718472451777,0.04127598544780973,0.006969472384129039
a0285ee2657b30b0646d27a10adc4df925397cce,0.017510320418434137,0.9684860097784423,0.007761763519629419,0.0041731423314847645,0.002068763952009189
a07a9fc65276c7b3e66356369647d501687ab04c,0.7202355844482186,0.0406213913211752,0.16655791414583854,0.061785335620902423,0.010799774463865243
a0c6401fb1c07118f4bb63f7ece49386769e1a1e,0.20828492900575138,0.6352536896640125,0.08680863822380787,0.055563030431890294,0.014089712674537876
a11113e50f5711a29925f618136065af9c3c2dfa,0.8177258971340323,0.04523179207183185,0.11048825186004586,0.0211268048229936,0.0054272541110964925
a14d8bb64623087cc9764520fae4173e8cf687a2,0.6791433504887366,0.02510268254903626,0.27242134775596044,0.016836474788038194,0.0064961444182285435
a19d4b56498ce7889ac847c466c870a987824926,0.4759394132580686,0.09096643147330118,0.35133178107970536,0.04872254803619384,0.03303982615273104
a19dea4e11e86bff4b9a65ace1bb222f83a2398f,0.07562858038524704,0.844027077522588,0.030403042483397955,0.03885779858093225,0.011083501027834992
a1d391ad01aa22d793b176f1fb8e092e243b1ddc,0.9326997488972906,0.007369102902652271,0.05487231741043504,0.003682082345272019,0.0013767484443501638
a257be61549c231c125c084cc5e8ef087bfc5f52,0.5390032312119908,0.018770734881181732,0.42306859019931453,0.014804444593306822,0.004352999114206181
a262992f34139d818076c787fc2b683521768242,0.4583572516627028,0.12296836388827885,0.2863892144232058,0.08937727477325057,0.0429078952525619
a2983bc28b9bd42c33903e5a0a80d0c2494fb88d,0.029655310109519092,0.9405476069963734,0.013919624353941014,0.01112196921184536,0.004755489328321224
a2f6d6ff0f62276e425653dc834074230854ae79,0.4642729752141596,0.06514025722688052,0.43318937061642065,0.02972946284545859,0.007667934097080658
a2fecc417616647bc98aad030152301a46a1f21c,0.39240983269341295,0.04171556013392089,0.5221917767166343,0.034825762920082125,0.008857067535949692
a3400257cc6da250b6e3c02112201f12fe88d01e,0.7038844646062199,0.09092494348596705,0.14366299021107912,0.049883662752372,0.011643938944361713
a3c8bb81aa30afd27de00f07bc08ff1b9f957470,0.12782256647178758,0.6796615882717959,0.07823293505939552,0.08705959086915119,0.02722331932786974
a3d534ba088759cd569f290427199dae40c00ada,0.05804172129392976,0.009242107889540519,0.9236997945346435,0.006001468251384346,0.0030149080305019614
a3fb0263888145b3e8a5213946f2f77a964238f5,0.1893989334872832,0.028752510090262532,0.7464458349266706,0.025385507889538125,0.010017213606245483
a4404b8b4c1efc887286ece86cc72b5259cc8b20,0.03328405148285576,0.023207019160538904,0.9215603365705856,0.015428068958696958,0.006520523827322854
a4ac80773e8734bb7afa1f1e6750d194980b37e4,0.8248707376304383,0.030687318115554335,0.11218389371600974,0.023510078213461884,0.008747972324535641
a4b429ed6e571c822ec3c642fedb7b54e37e1b55,0.8101698670445866,0.06803226964758083,0.05917970031885593,0.05706534021206898,0.005552822776907799
a51bf1fd150d83b6bab3f088f05ae1ad2ba331a1,0.03870655889057994,0.9390308715554431,0.010755591235814453,0.007949592925207121,0.003557385392955632
a563a750d36fcdd1ebe1b64bc254675d689aa6ee,0.13760965385723034,0.04937279206280285,0.7621083835865975,0.038615218838702586,0.012293951654666728
a599038bf7022cb0e9d0d9b9b901b3be58c0aca1,0.07441780714584358,0.8516833864002579,0.032995571420734546,0.025688113265780355,0.015215121767383672
a59a4ee43d81b5eebeceb3b53b8737ecfc87a63d,0.3216099597623396,0.023396920456467598,0.6278457227275172,0.020941434004378836,0.00620596304929694
a5de11781e5f40cd401f20b475cc0051f06e0e3d,0.2453581263322605,0.05950738899416468,0.6560128821230471,0.026223076074921373,0.012898526475606319
a5f0d36e3a2181a7c9399c83265993b63e4f7868,0.11832434483008149,0.1263604472495086,0.6075597837073069,0.09079831906787084,0.05695710514523204
a60c2d34fa4321a8f1aafc53adcc0bd77e696d91,0.3038421575687034,0.032733623155546454,0.6430199503073973,0.014159558074997532,0.006244710893355317
a61b719feefe1e856ea6db2cefeedeb4eecf7837,0.06992683948594791,0.8568509689814386,0.025087593890748404,0.03708622153364935,0.01104837610821537
a6317e7e908c3743410f36809b05c91d0597b32b,0.6805234409086737,0.0965303230298424,0.13581260169576823,0.06572478537809348,0.021408848987622252
a63c46f1c92fb53c522c6f26246a5558e86ba3fd,0.5706550738883454,0.0332273767252255,0.3524725410109981,0.03594916347834587,0.007695844897085043
a641973697045ecb002324e5e94e194b5043f695,0.8775796281967019,0.01788316981256076,0.08154994249871847,0.018227782253151154,0.004759477238867787
a687352ae1f99b7ee12fb52db8d3eff7b5842396,0.6127572685846004,0.1000294531945957,0.20255610941495192,0.06985730078831484,0.01479986801753715
a68e1cd072da13f6815d92b3427e65f18ce0d7a7,0.7840886645376548,0.026825619669571216,0.14264938753897613,0.04053022554310259,0.005906102710695252
a6a82b5f5fd74c15ab95ee41d3b1bdb093dd6d5f,0.1154467680222945,0.13291412547893,0.6831842906277895,0.0357975780296824,0.032657237841303526
a6ab6279c49859a309e7635bf5c9a58cb67cdb1e,0.6378090636203286,0.03497336342209975,0.28006136551960653,0.037876875986763495,0.009279331451201637
a6f9524e2d54f0bb869afdd4df7a74c6304c4781,0.32939194737514343,0.18737780992092878,0.1958704734534666,0.2349156696933015,0.05244409955715977
a71160643f6e2171f2be2e52c11c8332e16b045f,0.026821376616457306,0.9489086239606234,0.009752621035053654,0.009546461387106351,0.004970917000759471
a73018ec3aacba5c1ca71831f183eda81f1481c4,0.1079075467709002,0.0253571940195882,0.8515843114820086,0.009318499741797895,0.005832447985704981
a76cc2dc5b6c59d0ffe466c8dd6f4be22c0dabbe,0.7764600470380295,0.05344385469897759,0.14375915388908847,0.018963851911717466,0.007373092462186801
a7a36eba4e6f2010f4279e58b313181c630cb8d6,0.6283263531981751,0.1675918884143907,0.05806679160567643,0.11995659394834327,0.026058372833414625
a8abcecf7e3e2922cdc49468b3f369f2ea295377,0.5230001176736456,0.0864150802530032,0.3482569346528364,0.03309208518620905,0.009235782234305729
a921e2c4247025be7247ef32ab7b4bd02d5378fe,0.04154643382316216,0.9020514507962163,0.018946340596292435,0.02608266687708613,0.01137310790724289
a9785f054fc51e55009da4c78d9826333c7baadc,0.6856443434876556,0.0860971295609076,0.1511819403016623,0.061559065193545565,0.015517521456229009
a9a478475998201d18bb95e7baab0b799cea9809,0.20740840732296928,0.03389409683873481,0.7264039464844099,0.023113396776134575,0.009180152577751318
a9d176ec1baea859c466ad74a87f3d06fc959e36,0.36899862229327834,0.1671079533741025,0.38547897712044943,0.06113707350947087,0.017277373702698853
a9d9494484aee1a859ffc079838829ab27ede021,0.4426321360327219,0.04207205751116316,0.4690358938201507,0.03178124682041382,0.014478665815550342
a9e3bd5d1285ae5c79e16310c4712dbb0b2d4d0c,0.24245989613189078,0.23085271522948328,0.32859936575054205,0.12015986879309584,0.07792815409498793
aa2e03ee8f11facdfec5c357e0fc987adc1ad8e0,0.5550314297115884,0.08685363177185423,0.2762081989537319,0.06645344612848751,0.015453293434338032
aa2e45dc757c7fb476722a6ab0ab02d79d17f5db,0.7882743161062346,0.038408152936332,0.13216927177019752,0.03246308605182071,0.008685173135415176
aa3d7d93c5d08b69eb8f0be7f58dd3bad595a323,0.14486647977195946,0.5448946872747312,0.030565095905020608,0.23495616101076172,0.044717576037527004
aa3f6951c32fe66db3ddcb4ac081606fb3ce5ff0,0.6286516174258635,0.04955098247238733,0.2820131549673146,0.030249411842063808,0.009534833292370795
aa4fb0146659d0713351e5ac23315f549bca5389,0.25599489527804625,0.11408651852380362,0.5305051156435068,0.0690902338953177,0.03032323665932558
aaaa3de32e2bb82d4f724acec8cb146d3425f771,0.03756022502867219,0.9251502396112569,0.01234256804541645,0.015026994136636608,0.009919973178018014
aad3c9fa7e5abd75cd4fc4e76c44608a827cda5e,0.4866400077394045,0.03666059099828344,0.4407295366075082,0.028600647367928236,0.007369217286875637
ab0573c5fad77973d8032da5583ff200d6ded9a8,0.2863673601902998,0.3756861738703432,0.26746818392602045,0.05055601935714827,0.019922262656188357
ab78de95ce2bccf7828f06f62280318fbeef83e7,0.5963366638210382,0.12065960450035326,0.22707638710269876,0.04274699455113808,0.013180350024771624
ac2d59b08a60925d90bc6b874f55eb637cb91cce,0.5075081731169618,0.059421242836995895,0.3577275427893547,0.06635499203121627,0.0089880492254713
ac37b67d868c42fe1f1bb8787f759efc13dc1f22,0.1422306307302302,0.7833262595322027,0.0403733013824913,0.024622270130237957,0.009447538224837944
ac3bb264d91b914866cce86bf407c2c014a44181,0.12669132144981057,0.7652682937762968,0.05526705747416757,0.0370354470414175,0.01573788025830748
ac4fe2820b4ce072f7a20c5858f93a06497624fd,0.12346552847230279,0.04064838397196655,0.811210820051898,0.01878773053910701,0.005887536964725602
ac575d1705d8bdededf8b0937317c85d518b8587,0.4825247254285257,0.05737652272795513,0.380133102558349,0.05035273936113006,0.029612909924040243
aca61929158a49a75faf74697df765aab9ee3ac1,0.1405469640583116,0.7098480537307529,0.05441474754908766,0.07167646521295257,0.02351376944889536
acc1819eff732bb96d4ea17d2f12cc882e42535a,0.04547364226802656,0.012506221923139181,0.9296464744261889,0.008347494378586439,0.004026167004058976
acf29144dcee2f39efefc957007b08ce509481b4,0.0658332551008023,0.913878743382085,0.01027537030045722,0.008235033843074297,0.0017775973735810566
ad1390e694ce72d24c9244cb97d3bfde4e5b807e,0.0362588311790272,0.9148420884842433,0.029691884725836296,0.012776005280395792,0.006431190330497553
ad5cadab36e5f9bf048ed5ac77460c75a81fa6d7,0.12658527175066048,0.031373308844334646,0.8003326617969351,0.03027220583107618,0.011436551776993702
ad8ea9231afb45add85e8d5f1ab90767090ceed4,0.8055875529356453,0.03902942777706379,0.11821767939361229,0.03023856875981945,0.006926771133859008
adc859e0aced36905e67fe3747492b90dcb04649,0.9343228017118276,0.01915655153257036,0.027700609808178553,0.01700727911218436,0.0018127578352391534
ae3baa6c34aa523fd2aa4de3c89448efff922311,0.502694964272884,0.0965232026626566,0.29941534995282537,0.08192507718718012,0.019441405924454005
ae53cdc13a51df53d1bfb022ab8cfaff9d86ed75,0.08253351956335392,0.04282567778875364,0.8454487136098214,0.01855984248287864,0.01063224655519238
ae5922ef2aafcfc09e714f439e0abc8910acca06,0.14781466676408103,0.7693673417048827,0.053087719551439594,0.02246612155420936,0.007264150425387063
ae8f2bf59b806326cbf5e9216764fc7c720aa0fa,0.13809054231503143,0.04134289409268388,0.7945306178779937,0.01838735710923265,0.007648588605058362
aeeb2f9f6202c23e51da33c3bb17aa94773b479f,0.021418437608992983,0.9520626196684107,0.018857665732216332,0.0052237178643035785,0.0024375591260762776
aef83dc3b29a3f0b134e8d5e9caba49fe411b6f8,0.4955876042180669,0.04374209197754282,0.4311977086366066,0.020305053029534996,0.009167542138248483
af0c363f7207e4199d3b5cea6cd5ca977ce58756,0.6338219846306212,0.1404075753908139,0.11713074905887964,0.06846849602049028,0.04017119489919502
af7fc5af7f0d17eb6053fae764c19eecb98bb0b2,0.5449503059181503,0.07817697541480353,0.33187201635238583,0.033702671875952155,0.011298030438708131
af9e220f6610cfa4ca22b2ec62261f7ee9e3148e,0.3959464253997946,0.07935898949252371,0.3916648064636421,0.08615209279186543,0.046877685852174285
affcfab8fa5467f555ab9a19fa296ac7456bf9cc,0.664367068284918,0.13602630819969597,0.13402705600161274,0.054719294868464816,0.01086027264530843
affd5449f7828ac42b1e735cdfa59ba404017f71,0.8603101484944948,0.037570078374777764,0.03468783091554246,0.06029238031733435,0.007139561897850655
b04dad4f1870c0532575b7649af87b09e7a6f36d,0.5229064645272461,0.07161980141715556,0.2394000668885005,0.12316220780560994,0.042911459361487804
b0a5b13388bc58286ae6e8dd9469a0d2c8f63d42,0.08681557733456734,0.09033496426067895,0.6820636303317545,0.11128491982493986,0.029500908248059326
b0f3bc798d6c3c45dc72a428d2cd9314697bb844,0.07982540532786073,0.7935944109462112,0.041789672572733125,0.06783543718545651,0.016955073967738397
b1807b0293714fd077c5a446e20d392e0c4263ae,0.8342432312376835,0.04580132941671157,0.08683925177848313,0.02689508315729135,0.0062211044098305236
b18229823538b034fbd2739a975e9649098aefe8,0.5055022828572714,0.21541489020178317,0.10308363165948034,0.14920696867117758,0.02679222661028738
b1e4fe5a56790c796878c91570eb55dff230bb4d,0.49458319516203886,0.04734753276412135,0.40383252275986203,0.04412216918262152,0.010114580131356294
b1f0d046dc7745107c56d319dda1efa405694316,0.39878998332898846,0.056086118590882604,0.44153172133828855,0.08009790885288268,0.023494267888957834
b20e138790e88df3b650c1ba95121414e3150d39,0.7737672133023088,0.0695613466833974,0.09954064899979335,0.04229574631906146,0.014835044695439142
b210cb5997bb7165f8f299435daa3a42f0947500,0.15577852348556318,0.5338995909421996,0.15203004920199256,0.13412423517648037,0.024167601193764217
b2370dccda5fdf4c1454aa048c6a4d295a1609b6,0.06503784911799196,0.8627231573170421,0.03599095502217595,0.022648208452246434,0.013599830090543401
b25eb0a5efe9cc31463e649667dd705b8303b1b0,0.1301666360859191,0.3255092087512683,0.06377653371157062,0.37115251693168,0.10939510451956205
b29ab6ea95cca4231743f9a06772d8a81b63722c,0.10103661900475207,0.8331453955702417,0.037874890449099655,0.01979067066600267,0.008152424309903962
b2b02b5b8950666ca731e46ec0b4c1fe39652046,0.5842217590297487,0.06112039649734402,0.3127151423341064,0.029438509925622344,0.012504192213178528
b3302479a4931ff9233a4505882ca08f82504338,0.15830803411021396,0.19470638889352354,0.5726425470588568,0.052766767857248646,0.021576262080157185
b3b7a564d7321ff2407d5ac41b1e6753f93fd66b,0.03849236424202968,0.8950158133982816,0.0275171007606724,0.022779734416403328,0.016194987182613082
b47afab20f73e2fe129051737f4618558ca1fd4d,0.79759959913704,0.07768260460116946,0.05272508767422425,0.06191921993456339,0.01007348865300265
b4e7fb790004249f73da1aee9bc92a1691c8420c,0.5589932911751491,0.03669502558704708,0.37618190910125693,0.02401321216287179,0.004116561973675103
b4e8cb26e7ddc0899002aa6f037dee20f7f205df,0.7765108027385981,0.06968213120769436,0.09663399853864157,0.047894890033046034,0.009278177482019966
b4f615c200810e27c2cbdfa6e03f50fb48b6629a,0.7381656197032652,0.018261698102774247,0.22250238763617758,0.01694378252824718,0.00412651202953588
b5414650126c64991b9441abd834fc4510a279db,0.08780835128516243,0.05322616905199391,0.7433726907360851,0.10391628780916164,0.011676501117596884
b5b953503542609bed3cc9a21010b122b498c5d1,0.6388777976288672,0.055282611356498,0.2792880588911636,0.017928657761033646,0.008622874362437524
b5c79072d139d556a90f8f71f80fc88522219d28,0.030078648898694847,0.955243005946695,0.008304426809843245,0.00466285635705749,0.001711061987709457
b5e06fb3570dfc4d48411bcfa9ae2e1e1a2e6632,0.025971827454178135,0.9284191620615885,0.014603036549011418,0.015124529824544628,0.015881444110677292
b5ee075917911a030fd7b05063111f171087ddf8,0.03917194121361627,0.9410155025921666,0.010530276043715545,0.0070268566682725195,0.0022554234822290764
b5fae332f02bf756db6817cb67ff8e41dbcd1046,0.11563219921721933,0.029658980545705906,0.8384876454318423,0.01056579844147285,0.005655376363759431
b607fb7459e29da0846b2fd549f08763599a5860,0.04427170519644891,0.9078154882315307,0.015125402050349016,0.02321987743002411,0.009567527091647229
b6382f05521a36b6f8f2c35cbe25bd2ae9e03cbb,0.8345747291355471,0.0344581884794861,0.0909815700475748,0.03135210229209198,0.008633410045299902
b6ea03548c371a68e97e45a854873446c339091a,0.3713641843248992,0.04201518644350245,0.5457973444479548,0.02568715656081981,0.0151361282228238
b741cfbb458532cd74f866755e1cc5f9eceea4be,0.6065532798052643,0.06255208514516106,0.29095417162658194,0.03086290433998079,0.009077559083011836
b7522ce8a3de8e4a5acc15c9dc8170c70d0f94f0,0.1083084259479551,0.7698933642854393,0.09277410172628538,0.021152831734322586,0.007871276305997588
b75e1b6f971f0b6c238855dcf6fdc970ef114153,0.028347495449586556,0.9499343583128937,0.011810164762075174,0.007164991295545884,0.0027429901798988257
b780884b569ad649ffc2fbe3ffdcb83796ab77e8,0.03189472516994964,0.9164465168684973,0.028477989868856243,0.01661861467491627,0.006562153417780808
b7d51ebc10df58e9ff0d81c7bad4f5ceeaed8d9a,0.8920116840292217,0.030086371710123728,0.047205976409126146,0.025822863056807015,0.0048731047947214055
b7e0f66356a10621a0df84622ee58ef7317a8031,0.4194108492418127,0.028053215086137312,0.461711568783995,0.07441584690617441,0.016408519981880542
b7f794d81866ce8cbdd35c58563e5d21ba9f3850,0.023022852410381413,0.9330132003102645,0.014050445775697785,0.018946544352892492,0.010966957150763942
b82a1963807ffd59c94e442c9a77b39427c6b67e,0.11613339009905953,0.020844867117546097,0.8379780017969611,0.01887348990223965,0.006170251084193589
b8d80e386622a5bfaf8fd9158c77fd90aae21d1a,0.3085209643483276,0.12758109384313604,0.04321809117414208,0.4898045741889971,0.03087527644539713
b8e676365b693078c0084b5e9387a3842d688499,0.9066751377404847,0.016498576556695812,0.057849605890860925,0.015703496068566095,0.0032731837433925184
b91cf5580ab8fc273c333eb48d3afca51aed4e32,0.05255584855141919,0.9008849778098333,0.018788696604759625,0.019601291409952894,0.00816918562403485
b939657b3a7e388455f3a13cb84e0fcf5e745c45,0.5848342715682491,0.11739227897001173,0.20019581275546808,0.08420102769369783,0.013376609012573358
b943eb89823af783fbb796d245ec33dc463bc322,0.2670331031859297,0.5712467204797989,0.07742935423575828,0.07123403711610624,0.013056784982406823
b982ea8f3c0ee1209e2fc014f66a5f465c8e1d20,0.019410347487488214,0.9633397005380399,0.009445811284416327,0.00496029855028248,0.0028438421397731463
ba296ac966f96f1aa18952ccad689ab34c68a926,0.5739583468999391,0.10068692049225363,0.2751367877591417,0.03977616093564829,0.010441783913017368
ba397f5338dccee6292878cc1506924bd3bde22f,0.019351784224471293,0.9436577570965993,0.015067336783963424,0.00966894780891358,0.01225417408605246
ba3ee9b441039aace1175fd4a4e6f2e68c76d75d,0.028681404214213984,0.015801442116400596,0.9469566549982993,0.0059680970873287635,0.00259240158375746
ba6b33d571605f4ebfc22aa1de38eb440fd43cbe,0.2511701355372849,0.04074790593455558,0.6653211857301571,0.03339404695377459,0.009366725844227876
badbe559bce1dc2504aed06e7cf35f63c701e620,0.048504974475328165,0.8856696619577085,0.03331674809726335,0.021666632743351778,0.010841982726348022
bb2035965d75b96a01eb4ade932e13dd12643669,0.635701391057182,0.055121228729191195,0.2686529426781274,0.0315980862368106,0.008926351298688866
bb56e256de6bb3e5a7d4566a6006a87a1e6495a0,0.17588629172137196,0.033229173751017686,0.7696820125961711,0.013214771214130228,0.007987750717309007
bb67f1ff3ad9a0ba9e732ad8a0daa8adab7e32e8,0.3993979484109894,0.13344456500081728,0.37360314033269854,0.07867475111036502,0.014879595145129923
bb97ed6bfda31c2f3eca438dc751091299bdbe7c,0.03939348819295489,0.8983717191087073,0.024417951914375704,0.025788700679664506,0.012028140104297603
bb9de2e1581f1f5b53149e79675bf150a689fc17,0.6647429085826491,0.02446134304992635,0.28236644473542694,0.021356285741647222,0.0070730178903504574
bba94934f7cfa11228693491fb4f1dcc9ec60f1b,0.7527598247425317,0.01637230984946931,0.21873171034761932,0.00856924290007885,0.0035669121603009203
bbc26ef790f4a1a18993c52a2eb8c165c50691d9,0.5337692576063906,0.02199582892922321,0.41346317585448095,0.02412037535158471,0.006651362258320602
bbf28e2db4d0d47a1d4694f14846594ae33244a9,0.10352739470225711,0.03244849759576758,0.8343598848016441,0.02051125725266582,0.0091529656476654
bc017e6bd7d83c8b6e0c74d446cd7ab529a9a280,0.02061094000479618,0.9434585225697131,0.009729557664956536,0.01719893006408739,0.00900204969644676
bc04d5218726ad73f6e9612e384f282ebf405913,0.04215614421453279,0.9215815838124234,0.011564417373410699,0.017482389268863075,0.0072154653307700605
bc2a6e6bb9a879525018c3c43c4adcbc8aa3cf92,0.2889213478984234,0.04793243337899018,0.6327628527477526,0.021484155892733423,0.008899210082100288
bc2a9e9ee0b1745d4406c09077da5ac273991672,0.08170737754055227,0.022301346710519292,0.8717184563056527,0.017584738022178678,0.006688081421097128
bc3f7e48c85170f013d828c3050717a5a494686f,0.08392092409141866,0.02624547394592994,0.8775959623975447,0.007803284621405731,0.004434354943700848
bc435aa30b1af7355e1ff47fd9433062d832a3f0,0.2141515901126441,0.4945218117442775,0.1174284897492101,0.06752430681945293,0.10637380157441535
bc59fbf035e5ac3069ee3a877e2c7d536ad397e2,0.14418544926556306,0.015837350653154676,0.8274031591922675,0.007659276985654629,0.004914763903360173
bca97783b475ffff043436fd01607984eb389ede,0.03594407857019244,0.8979824695732517,0.03128156682907432,0.02189781070679901,0.012894074320682573
bd3ae5f62cc76de4546975f8b59f74d8b8e78913,0.7779801950140058,0.03484029124422496,0.1496362145694549,0.032372035162682306,0.005171264009631808
bd65a7355c4891580917237c1883a7ec0447c63e,0.7760367204336431,0.07415474747448214,0.04873758161976873,0.09056288607681756,0.010508064395288565
bd8706678fb86ea594ff6589406a400147bf958f,0.6619068756263549,0.11187483430946177,0.1030698919324706,0.10393687961186793,0.01921151851984471
bdd900d7cdbbbc83616162e21fcb5770d338782b,0.33226077490854833,0.13233396271464365,0.16602265979732342,0.30379686390993693,0.06558573866954784
bdf43ae46589b7b5cfbd0ef5832c0c03f8b9f6b4,0.7634666951838207,0.04916346164350337,0.15194807504270028,0.0271965286542854,0.008225239475690349
be566a7ad37160a761be7e73d469acbe9b775367,0.0740989413278776,0.07450052307240207,0.8244241796013717,0.01892377648067607,0.008052579517672529
be7413153d0f555f0616d4606917167f2c8ee2ca,0.04148424300192955,0.0628839718560039,0.8597309616332047,0.02277936595537448,0.013121457553487457
bea74a5ec769faf97fab64087a4b5289a5d15041,0.04113628165032223,0.8626309950058036,0.03362618106691407,0.04181133625743134,0.02079520601952861
bed4cf019dbc672c9bc022f835928fc09d051523,0.03672631212066354,0.9107953456038886,0.018342344895718402,0.02380143700859357,0.010334560371135592
bee828e72df09d02d66c07c1d9f459534f35232b,0.022885786989733987,0.9586673307857795,0.007688104097940952,0.006216176204125583,0.004542601922419961
bf35626b5186ba5c90d24bc102099569e99f2c05,0.650585629112531,0.0418625184819979,0.27543535933661706,0.023790809169808153,0.008325683899045859
bf89671f753e19f5467f79fb9ab2bb9e40ad0665,0.2279278850486565,0.05978854669548507,0.6692351935898297,0.03247402515353674,0.01057434951249202
bfa451a648def2c224fc61df21474efaef897a31,0.41163464913740083,0.08567602164057475,0.4437436836897086,0.037437984216156225,0.02150766131615956
bfcada19f8807fbee284f3b4a72397bc226f10b3,0.0470134039627744,0.9070767022636572,0.02602235825361353,0.015439170142821946,0.004448365377132907
bfd4b483a02b1d0b52e26f3b5497bd4f242513ad,0.38652886518378593,0.34940182041712087,0.15196645198448464,0.08745966620051786,0.024643196214090633
c0120e482e4c0f6c32d8105ce88c91324380bc01,0.027763771614736175,0.0034345915783050595,0.9656919541110709,0.002168511407426991,0.0009411712884609313
c021db26b2e37b3f2a09404dd7a977ed10f9e0d5,0.02075247692955874,0.9324953720402048,0.016124406392776482,0.019123777946898932,0.011503966690561074
c03cf0c5372f5da45dbbd8e266aeee554f847deb,0.023594907084022506,0.9474806362245581,0.008230512234676135,0.012645613371452783,0.008048331085290497
c05c34f3fda6ea06133fb099c75f6de4f25dba0f,0.7501604115524098,0.08374296965976137,0.05379771259406817,0.09538999832757894,0.016908907866181856
c084633acbddaa388df517640ec629295f8876a3,0.025192696485129475,0.9472703264796207,0.014008624956285468,0.009930886117391895,0.0035974659615726832
c08ebda618fa715ddd15013c479b562f9c144cbd,0.21125803255221973,0.03194032743053809,0.7221974014551911,0.022288677669640832,0.012315560892410286
c0d6f9e76d5d1d7bb71be0fad0c707b2ee7b72d4,0.7509341312425534,0.050131757477441356,0.17029254450136447,0.02084950573136735,0.0077920610472734875
c0d839e08d58f05623136df040c86a952094ae6a,0.08957988704028469,0.010654610818532806,0.886775102409601,0.0101413431701102,0.002849056561471268
c13fcf9178304e135f3e669820bba80bffafef88,0.3183611715674764,0.021029718811828725,0.6414623532448367,0.013857532762923295,0.005289223612935031
c1e54fa1948147cda67b7c5942eed3adb342d163,0.8153955352487536,0.03454354335565156,0.13240909747010945,0.013331742985185495,0.004320080940299839
c1eaa52ab811b58d7c793bcb8ee23627f62f236d,0.7469301357070314,0.05817572535224522,0.15713444041928587,0.031120885752226726,0.006638812769210665
c250188cc8c62897d66a75f9cf6aafb4511d93ac,0.0467168678437389,0.914225625679253,0.016652984812469473,0.016563473149926844,0.005841048514611965
c2dd1cb278640f47912c39b1f44ba384af0f10ec,0.5816351963602949,0.02381612809515995,0.36900366185423056,0.020295138268687243,0.005249875421627328
c30e757b47e395f6c3082add4c0d36d5aa90d38d,0.15520432078409033,0.07032919139561593,0.6934323390261717,0.06594642436272824,0.015087724431393796
c32f70cc6884db6746e94f34ea7616a142bef90d,0.02517152435644567,0.9549774812654351,0.012844584539424558,0.0049067314703011315,0.0020996783683936574
c3a8394f51b0b80d29717771dfa1a40d9925c68c,0.12618302815079493,0.5010686274723869,0.0851702811279723,0.24071926107578434,0.046858802173061515
c4415f7635fb0dc156e29649fbe17ba7e5682939,0.017196346991454618,0.9452340183426264,0.013596324869385458,0.014265601133162633,0.009707708663371107
c45c169cb961154f721a52902b8a8d16b11b7459,0.08931437230730915,0.027517020484568753,0.8621803296625838,0.014029781488979412,0.006958496056558677
c48d70d817412e621643e01c8ddaac811b72a15d,0.046723840682766304,0.9105350896841035,0.016036012831456226,0.02076766286713672,0.005937393934537296
c4992b42a931a21500dac80c7e3c1b4521e5b2a8,0.1449921435870563,0.1868200548019883,0.5993493320709249,0.04251556276539298,0.02632290677463742
c4ee26a3ade8064a2ec494996e836900fd32dd8e,0.9002048116302932,0.037489686768527916,0.030199277040251372,0.028577129537285067,0.003529095023642644
c5433fc034f8a897f01886f4da50af0343f17c59,0.016798169288324706,0.9662059487690977,0.010852867739407697,0.0039114719487360556,0.0022315422544335797
c56b184a370262e2949e4394316b0eba85d24e9d,0.07692729726484364,0.8846347605011978,0.02207917461185227,0.01082479849867834,0.005533969123427882
c574e96247af7a6f91a52a8928319771b9c028f1,0.2501650738577229,0.05040476489182424,0.672543411532006,0.018561582234593515,0.008325167483853231
c5b111fe50620ad97e28270b2899f7a2baa7155d,0.03005316262664108,0.9473992370680329,0.006835885793060036,0.011384886597305924,0.004326827914960073
c5f2231a19f4fc07bd3e00e76fd4f05da54a27a6,0.2660578901707399,0.060561905343960845,0.6021781391430007,0.05245289101592586,0.018749174326372783
c66c79a9e65198f5eebb4990cf76972f6bd6ace8,0.03030818661597331,0.9380179488526211,0.015361601665508295,0.010784967962614958,0.005527294903282251
c68c9d891fd782447aa4a031fd3179a4117823d3,0.43347762947110885,0.09168859878616713,0.38172498563464174,0.07952054124215133,0.013588244865931048
c6c76cebf43bcdf6d7a0354fca7a517a33137b33,0.40367319491709486,0.0922250254867041,0.4019368232539722,0.0848855670409586,0.01727938930127031
c6da0c74dd1d4f5bdec3e41d22dfa5a0ed9c055c,0.030428418516129395,0.9268114756568672,0.018757584324747036,0.017314538452245273,0.006687983050011273
c6f39cf418b301b3af64c02f844da9241d6a69b0,0.6634459051492958,0.10939438176105322,0.10847735955584493,0.07362015837269695,0.045062195161109195
c7895f6cb2b5db18f44b5b9120b3b5891765775c,0.20490329070956603,0.0510791049700127,0.7095016467991984,0.029461581592099564,0.005054375929123301
c7a9cfd06b583a9c4c52eeca895c66bf4902c751,0.04867860556819949,0.8632799616582661,0.04176828489879843,0.03423010642970414,0.012043041445031684
c806d79743c36959592a8d57788fadab3f37ec81,0.6868756764499018,0.029039225568900272,0.25780493729036186,0.021558600277459896,0.004721560413376232
c83e9738ae5d1790ee85b99863deb734e7614c52,0.6969461537995737,0.029202089932388136,0.22792917068070642,0.03990218891323786,0.00602039667409375
c849c5dfc1bcb2d2525595c792e5e12ec24288ae,0.038282703051314294,0.9357911618566517,0.01843730325636656,0.004191838960075587,0.003296992875591802
c84bd2536a962f3330898cb4f19107ec0b580c7f,0.6444741256917491,0.02881071649044438,0.2940404630798369,0.021794605572638844,0.010880089165330719
c8957a66453d3bf8c5d9a8dab3d7db47de8712b4,0.5130985971262836,0.02049927123803675,0.44420432863232717,0.01904647487350553,0.003151328129847012
c8e49a700f1d664be60760fa1588c40694ca9e8d,0.6349839521978002,0.06784013476279388,0.23646576529408692,0.04776841481618186,0.012941732929137183
c8e892c58980372ff7d5d4253f1ffae2318e9660,0.2571543474568339,0.047948388336669055,0.6364872654803541,0.04345671781530802,0.01495328091083483
c8ead25b9e3c3f05fce76e1f1d102964c5e038ce,0.5060929919446574,0.09609597673577137,0.35947827244930963,0.030257920033409397,0.00807483883685219
c920cdde9b65a124de592bf659ff27baef9da5ab,0.1560187691859356,0.15140086180838058,0.5964276823925693,0.06490268848438167,0.03124999812873281
c92bba121202830c4f14119dfdcba813f390f271,0.7724360033576357,0.011664605377823543,0.20132673145351387,0.01049162382569625,0.0040810359853305335
c96036221d1bd893a7e51932123e8b03acba5757,0.8679685782335591,0.008296412341041733,0.11201178550115377,0.009911826642653852,0.0018113972815914131
c9848c9c75b92481a9afdf7fea3578176468e817,0.34741943656690266,0.0508725349726938,0.5264272338824452,0.05631235390805552,0.01896844066990282
c9e22427f4c7aa646ccfffac8f18cf52d73e446f,0.8198557087301327,0.0548500091408214,0.09213839460929028,0.027218926190255312,0.005936961329500208
c9f91af501aec7b0bb4779d58f74c551697bdf1a,0.6931622141379488,0.14629252563160647,0.13078203617328132,0.018090181315254975,0.011673042741908533
c9fde22724acdcb871ee1090ed615496ba205e87,0.5841410341219648,0.04646413931977902,0.30046818829946537,0.05221791210803678,0.016708726150753993
ca02cd38409dd53ab400043d6f2cf12c9f0865c8,0.030436751552808745,0.9367903778809223,0.009858261810008973,0.015488309097887577,0.007426299658372224
ca18d2404b1358d24da0aeb79cea4ebc842ea694,0.6449831792583396,0.04392039702478829,0.24042404459033245,0.048398709981773126,0.02227366914476645
ca2532ca69d48b19310c8f7e3ef90e2fa198cd80,0.7148933905986652,0.14340763558167,0.06555545151697503,0.06200155077087514,0.014141971531814667
ca6f551f8ba46016386c7f4a13b7aa5d4821b3c7,0.022131029245825686,0.9396347957055894,0.012456575945731886,0.014977367610927559,0.010800231491925614
ca8150df84803ae2614d5212c9955a5a994b4d21,0.9500682170980694,0.004749391003966453,0.03883018191883225,0.005010303291959135,0.0013419066871726516
ca967afa4e839aee8db005d7f1a4245103e3fbf9,0.4164568610567622,0.02673742629732124,0.4981201739032213,0.042152895398419855,0.016532643344275417
cabf893c95f15a2f07d9f520d21b10f056b43dbb,0.04159897820696953,0.9211629225642232,0.0170458096375952,0.013941842475877788,0.006250447115334538
cad9dbc323820473785d6629d41d64c86f9a2ea0,0.06935273174188729,0.8666293285529891,0.03307372734542945,0.022629306264701807,0.008314906094992297
caefdd4de6156e38ca33fcf4d4a5ce3dbd665d2b,0.292158175641998,0.0680139263326771,0.6011740681013881,0.029825900654083935,0.008827929269852862
cb1208f8dbacecea218e0cec2d76fa1b4ac4d0a5,0.7411091177919291,0.03904910073348443,0.14758669402379568,0.06241398615425783,0.00984110129653297
cb21ab88bb966afd1a426ddaad8a8e0cba32387a,0.2931462479148124,0.04470470153468911,0.6384658160353173,0.015851048765837233,0.007832185749344021
cb8998305b3b5c68ef7cae28ba51fc04cd86397d,0.7800474721607,0.06232892226691798,0.06881854605804373,0.07983798268198702,0.008967076832351368
cbc4b663926fd8a24a60085869830b17103347ea,0.0822872630443826,0.7892212604620468,0.06191200413967935,0.04656325143768303,0.020016220916207923
cbc6e968d7f5931833b773f3e3c04de513b9e96d,0.20231710491687013,0.06628981611346345,0.6857910224771773,0.028962493636678913,0.016639562855810162
cbfacd101b49a5684864f5c4f2634f4fa4b8edff,0.0582717731041789,0.8989504947950435,0.0166938471851821,0.01646202956844089,0.00962185534715446
cc0be3b0ddc900c3ef969bc8305f851a44de9ad8,0.06380145912818808,0.04051900653101026,0.8538530168348328,0.028392110611580423,0.013434406894388379
cc177c2cd2b1d4af25745d9084dc24e7008d7210,0.735661333297478,0.03581954487361478,0.19743081226921758,0.021030499142840775,0.010057810416848813
cc1ec6952a5227b4dc799f42536bcc4ec534fbc4,0.7240272700752626,0.00901444358188287,0.25752209445852403,0.006754948675976094,0.0026812432083545136
cc3864d11bd5e88a6d463d48ba99c2a437dd4880,0.06138242984964901,0.852087231119282,0.06811056020972184,0.01279418209135963,0.005625596729987667
cc41b5ea1ad863f38e63cb94460ebffb9ffd9340,0.015623686129321766,0.963034213893417,0.010701751571738886,0.0067781820575777835,0.00386216634794413
cc62e7b9e1a98777caa8883a4cc603e5104f2d99,0.0897235900108111,0.0634331396917902,0.7817257951917671,0.04794139918725442,0.017176075918377103
cd548c8c2d5b494e374b79688dbe2ceca2702b53,0.33096470305147346,0.05178573215164466,0.5704954969650357,0.03219100081761069,0.014563067014235553
cd667821afeb639c9365139b43854a9005098104,0.0293553793874807,0.9342106454456569,0.014961298821647751,0.016251843574942932,0.005220832770271748
cdcf6391e0c55304d97baadc9273c372a85cd0c6,0.7097036501468273,0.04343817019289295,0.21213834675023,0.02677675151524363,0.007943081394806149
ce2de362a163389d83e83844a32d5cdf6363e39b,0.02501881271330759,0.9615643977966111,0.006880748135728787,0.004495681451338299,0.002040359903014135
ce8a1578c0eb95557e98c1a651c5c054cd7c2765,0.04979141794236239,0.9053902160562809,0.01997091283274669,0.016753147926299103,0.008094305242311113
cf15d4184bc43b05e11237cd90503368e41819c7,0.02649882462942818,0.9476202676754081,0.01383057964387951,0.008892705451991986,0.0031576225992923108
cf259ec891e9093c9c66a8c25a6eb2e1d607a9b3,0.02983685679950422,0.9349723083901728,0.018147804162418395,0.011141932447820484,0.005901098200084115
cfb169d1dab1642fde37e4151880d6d9b606f313,0.7719899037807141,0.13052073017536664,0.04481082192310978,0.04170917115380157,0.01096937296700792
cfb84f64cb1fe2940b24dcf30a77897721483b16,0.12562701307742963,0.512510688918688,0.0698302581817513,0.13965915489279437,0.15237288492933662
cfe2db107b6edc3ceab4c5c08fd38a1069b98730,0.8635450046444187,0.0344851088561279,0.03746703840939141,0.05844327859168684,0.006059569498375089
cfeb39e1ea90be9bacb1e6e739c1a90c2137255b,0.023025979067922215,0.9428150881982431,0.008720770802407136,0.018864901928934502,0.0065732600024930475
d005feb68474379f5904014bd2b0720518f05e1f,0.07434730932331729,0.012928632358522948,0.8975568835710619,0.009976587705800557,0.0051905870412972625
d00f43ec6efe6e239fba779b331b4e0856bc93d3,0.6181116376585984,0.16690770005700684,0.07974800224022843,0.11942985485003656,0.0158028051941298
d013a5976e3a95c6d82cf4dd528bacd57cbcd56e,0.796972871646269,0.03270861875317439,0.14078483129514371,0.02375207402262573,0.005781604282787141
d0433b4a961d0b447b8adc7a01064ffb00890e07,0.27443475552486984,0.031615757230783206,0.6767212362700421,0.012738373870526676,0.004489877103778143
d05787a28af810bd7d7c20856fea4fef17b8f0bd,0.376728205898126,0.44354989972156184,0.10126463931584596,0.05750546551955918,0.020951789544907156
d05e335c896be1d68c0bd54cc29a25c079cec9f1,0.07372941851247888,0.020106405054041813,0.8911017063536231,0.010347211988618652,0.004715258091237414
d06dc92d4151980ea5fc69c70d753ea20c069b06,0.7062959575002208,0.011144577184275658,0.2740677503202821,0.005788285980507545,0.0027034290147138263
d09fdb4125b7dcee205889074ebe3992797da98b,0.293023352360073,0.0368567866429627,0.6389252364236732,0.022653494292484692,0.008541130280806523
d0a4732b7965d6da4efd4e12808c3ee5773ff34c,0.33508895655942206,0.01045216881915515,0.6411111542337206,0.009211249144335186,0.004136471243367073
d0f6014f7cefd377168147483e5a9b89e375b468,0.0552107260038575,0.8608612523354238,0.057200068231042976,0.017440144036609852,0.009287809393066053
d112ebf682f1338aa5a84b25a9158ff3f318f47a,0.1069809637779707,0.01946437683032191,0.8561715261748154,0.012789568693565151,0.004593564523326879
d11cb8cc53d729efc6236f7a97aba5d8504c6077,0.09197706086495862,0.8162101873924744,0.03838004313290434,0.036363180063637084,0.017069528546025475
d16693fe7d8fa0fb9400a9550bd4a26fe3b2fa9e,0.06039495963642094,0.029191292195235113,0.8813111449744635,0.019835462961659663,0.009267140232220675
d1857540dbe5bcd867fe8fe5bd9e488f22c8a075,0.11918318579241323,0.7603039376311673,0.07993036272144896,0.027904679275336054,0.012677834579634359
d18d4f31f5e03258882bb8a77bbc214763c6b73d,0.14519410281159822,0.04711471973812707,0.7814574134171768,0.017368458438289037,0.008865305594808873
d1a8295550eaaf3375cb2db5f38fd59b38d26fb2,0.013446540324912973,0.972946435556923,0.007027995580956462,0.004663115050681178,0.0019159134865264287
d1d0d8eb9e9b1dc3d0ba7ed86618268f64b57427,0.12313100145390066,0.0661182762199772,0.7673790364342747,0.025016992395891464,0.018354693495956052
d2088a09d9e2c875e2978a9f84bea689f4c028cd,0.18736453818620566,0.006857116423175322,0.7966924199742661,0.006194463615948964,0.0028914618004039923
d211fc0940d5da1622d7745cb14bc6ccd913bfa5,0.8017396592090479,0.016495350517849817,0.15777587508024826,0.01793146798554552,0.006057647207308358
d214443fbc8db6edf587ca299d2efe6714a57e4a,0.7692873069167546,0.06186985297284497,0.07212306557495615,0.08428496998682698,0.012434804548617322
d23e4d425a8e18d559443275b441f7f74f6e6c2e,0.5266415298431673,0.153372044414245,0.14779079979344348,0.14732891554936514,0.02486671039977915
d25c69f99c4b844ffab77f632920e3fa9032be92,0.04238999449805118,0.8897539121686674,0.026417182625711723,0.023089032915455495,0.018349877792114187
d26afbd138ff96d9466388b195f7e183c0bff3d5,0.7475341247175148,0.07840786538274248,0.11102117939219681,0.044933802059403435,0.01810302844814255
d2d8b08112beff69fb1336e2bb7d569bee31ed24,0.0537727950059335,0.8736371950952867,0.042668302325417386,0.023295743093908108,0.006625964479454354
d32197f3db6bfa837d5d87797306a762a3d66d4a,0.033966752152548525,0.9363183698284128,0.014354552257238183,0.01125609009050343,0.004104235671296936
d378367989d05bc8a20d1b5e1a86077a8ad768af,0.01500358240511629,0.9726903142141287,0.005622626819533914,0.004379078895250226,0.002304397665970975
d39ef556f489720d0b268f94aced549e0d89dc14,0.024747662615787033,0.9460596242448392,0.017349747606227522,0.007922371427722426,0.003920594105423683
d3dd1bc9e20cb888169900832b4c67546c6a0a4b,0.20640163258972571,0.09783005237226969,0.6216790037204729,0.05918415727483712,0.01490515404269467
d3dd7b26dcdd412dbcb68496e4ce7b19aab014de,0.627361222042603,0.10842945003119607,0.12128003409851479,0.11967588582622964,0.023253408001456404
d4077d83a5359394178167ee288176a6fc960751,0.5163066107809183,0.06374893080178073,0.30233258928341394,0.08223718391783152,0.03537468521605561
d40b1b5d1d86c0923195cefdac86c4151418674d,0.4363679038114441,0.0640543096068488,0.3819046693135074,0.09356574974236391,0.024107367525835748
d420024c918fe5694623a001408600a6da4c5b2a,0.7233229139851604,0.051193257257264854,0.19625020754634456,0.022918593704973046,0.006315027506257357
d42df34f8d3f5c2a1327418a884c4abe2bfb84ef,0.10726846540709838,0.6991973522538877,0.0678575343958651,0.08768828992394222,0.037988358019206615
d456ba6139f1e5678a8ab460d827af937d89f412,0.04143357953859537,0.9159457907457847,0.023652479968938014,0.01303529453432318,0.0059328552123586705
d45e1d8ae9cc6007a0f77a7da0120c5d8a4f69a9,0.8482051162929781,0.029032640371564736,0.09778174795876862,0.020519254779035236,0.004461240597653359
d4869bffbe66a36d9ff5e4e32e2f8b36d8f399e6,0.022621030483509188,0.9523221513879258,0.008663259199344252,0.011218377604007559,0.005175181325213388
d4af711bc55f07896229d6026413f2460f1b7562,0.6774446643759885,0.13924215461924608,0.12347471022631214,0.046083161171972475,0.013755309606480897
d4cbada67a83b397ebaf0740f48d1c041e4148d5,0.5889118439254608,0.10995498299226174,0.2659631820929344,0.026105617007972648,0.009064373981370302
d4d02e73da889db1f4fbd9157ba8122d6b1d9ce7,0.4514324639185041,0.03184172794081274,0.33764620466818807,0.16408088538701032,0.014998718085484596
d598392e86af429cedd649dd7ef994031e6e58d7,0.4349269328283597,0.0568045240900178,0.44833863560945764,0.041852749504106564,0.01807715796805831
d5b4e18816472105d9a8d077a03032d35fe63ae7,0.1319578324641302,0.08764290704799824,0.7298034944941526,0.030548041572268855,0.02004772442144998
d62b245703125f2e5bf0708694cc53d7f2b0dbf3,0.03144927814093255,0.9517717937408244,0.007322824389260357,0.006393251268005776,0.003062852460976584
d64370a40c913742fa0e76134caee5aa99fe2fd5,0.6909599619832127,0.045860705356237375,0.18841207320714495,0.06344631535505954,0.011320944098345415
d682cf768640d3e80131ca8230dd5bdcb76a0191,0.051729644348201625,0.8265283832338237,0.03780444127529337,0.06928083587732996,0.014656695265351339
d7e3f6424ffae44050202d881c995e7ad3ca0e81,0.8382887727277638,0.03612973463533082,0.07940063783773242,0.04043837770383528,0.005742477095337501
d85fcaf4a3eec9b797c49c034145a877103cf5ec,0.06594487182838425,0.8823714112045741,0.020431940379432783,0.026284043613864765,0.0049677329737439916
d862361974270e180941553285c430746e607449,0.8604937039935578,0.033903136749112606,0.06215168183011489,0.032856661767951434,0.010594815659263249
d878e173af778553972679125cbecc579fa8c63f,0.14739380793348908,0.025385110950509413,0.7966583253005017,0.022629287688171847,0.007933468127327857
d897658c3347a799c08c8a175499e041b13d270e,0.3800967811577915,0.07257774177022586,0.4969725373078926,0.04162777428359518,0.008725165480494795
d899d9750e073d928bee63a8b98bcacc71c19da5,0.3706846505912655,0.023741711748525424,0.5791448544286731,0.0194358905888695,0.006992892642666488
d8a53489430e4a34f8de93aa599d5e4dd954b414,0.604480017245185,0.03667875499985788,0.3313166295684866,0.021484937699208877,0.006039660487261713
d92fcd0792f47772fdfc7b553b26382218e5f2d4,0.20847040684744317,0.041442576599153,0.7186947962763907,0.022250684088669745,0.009141536188343529
d93722c9c7b1c70aadc0ad14da0c332eee58a4a0,0.01842422073859582,0.9604705878024814,0.00962450480910803,0.008957447860779028,0.002523238789035766
d95158fa1adbd3f9b284dda815ec2776c53f1613,0.3697515149527273,0.015213038579723136,0.5998048669204182,0.009676950652562894,0.005553628894568564
d9a08adc801c17e65c72f9158f118c1fd51424cf,0.6827283451346965,0.16685127139503622,0.03539463111603173,0.10386182691860664,0.011163925435628934
d9adfbd38a7b1e1906801044e968e63f7d6e7ca3,0.7765371384519959,0.09931780571909654,0.07356329001880721,0.04330514066579108,0.007276625144309124
d9c9feada8b7a022f06510a07a6139875a0dfc0e,0.7212579047597393,0.08217478398796912,0.0996634579051849,0.0806497256626645,0.01625412768444223
d9e12fec63d883964d1822d69200472877cff3e2,0.8340671240134448,0.04988590822542733,0.05429603379284022,0.05504353823892957,0.0067073957293577536
d9fdf4c7b9b51b1b538a558379cb7656240dc869,0.26751911187348587,0.07492216949596621,0.5931027042604803,0.0468729199762759,0.01758309439379179
da058bfb9d85e11d0d012e56ebf0b1c0b09b418f,0.06398651703150401,0.862073496512314,0.038685084016575735,0.026244863180922565,0.009010039258683721
da5e2fc2250ded2e30b7f4d7cb4602575cfd60b8,0.5182176680354914,0.15347253811688347,0.1651365086190229,0.12974815075870386,0.0334251344698985
da69c1c34a12c895a3d0a52c57daca9fc3bbf82f,0.03549174290097059,0.9313803245117024,0.017509063187632547,0.012446281100756585,0.0031725882989376993
db4d1667675c0233d90ce7f0a3775f900006243e,0.7977711034366227,0.03468563294109995,0.13030505837662837,0.031051094257876326,0.006187110987772737
db4d6126261d321e9aaa909a84c72fc968be8d2a,0.036207115372299405,0.9093500165168434,0.016410101611652662,0.024961272090254654,0.013071494408949558
db59ee6c47c0c7a46e5ab2b291c6cd47b98be4fd,0.5708534592458847,0.1279897122906136,0.09871949198978286,0.17417335476550788,0.028263981708210952
db842eeeb2c95a8c129df97b9e9904dee2eaa21c,0.045671276220404754,0.02662588383629346,0.9092139694283333,0.013497446903916095,0.0049914236110523555
db8e26fcbdb5a17085dea03bc2491f481ad9a323,0.20649037039434648,0.2057476641487766,0.46326498656826937,0.07477509361491944,0.049721885273688066
dbdabbad2e58692b8debea8756429438879927f6,0.6573024280851842,0.19362499338361472,0.05108871460320614,0.07891070397434541,0.019073159953649516
dc01fbf43d09af1ba655d5f30684a0735dc34f2a,0.708546288057977,0.08190283701923283,0.08587525537357317,0.1082548963052415,0.015420723243975417
dc117ed4ce6c089a0ed328f271de10a2996b8c3b,0.7188806514080186,0.04076784366729835,0.2009752195523748,0.028906188703624134,0.01047009666868414
dc562be2f7e02c7a50c95b4df1081eeec758397b,0.7221182046735705,0.05661824831926224,0.16059724799467473,0.05104623856784864,0.009620060444643929
dc649b42fca41df09f2e9402845807aed2af621d,0.06871272607155499,0.8764443880177927,0.016272846543504176,0.030321295672292834,0.008248743694855402
dca334b810b9021828fc7f227e784d99acf23a7e,0.030840402706146193,0.9442164075228087,0.012401631935017065,0.007890507675612607,0.004651050160415448
dcae6506c15134f10d6ae3733947eca0c59deeae,0.39643929613443474,0.009642814751205474,0.5743757483394384,0.015319462704996975,0.00422267806992443
dd65788e513c2abebd1d6072a6f06212dba600d5,0.45514198009214674,0.03374049556862937,0.4814021837728578,0.02356399860670729,0.006151341959658891
dd9a44d9a7c5c32955b9a4e9dee9c3789cf44b3d,0.4265435554387876,0.24425686802963154,0.08291556979728137,0.20749165731945687,0.038792349414842525
ddb6a2a4d384bc99867bf8128d51b848482af361,0.44114458881436686,0.029070624895790206,0.466879264705413,0.048396695180242956,0.014508826404187061
de165a1a543cc6b94cf0bab11618339367a0b223,0.6001594364221011,0.07465596361014991,0.23000458235382823,0.07481534905981506,0.020364668554105757
de1eedc62bd9c4ff29e72a9dabb604188301c8aa,0.19422124698134025,0.04203919520614721,0.6958550842179675,0.05136079984184519,0.016523673752699773
de3b4ba7b7ec43cd2ff2fc819f79030e3ed82bcb,0.6247275707290532,0.02720328538098794,0.32185006573289326,0.017167957463982236,0.009051120693083304
de431a8b564be15671a1bb420f9c90885d96fa5f,0.683972675782128,0.09628422669451278,0.07075061788544378,0.13115557413243034,0.01783690550548528
de6fc0c6a7b8daae7c6367a623b538ab0db67ec3,0.8110271216779387,0.03998148952642786,0.11471830288529651,0.029693151600122095,0.004579934310214788
de72e8c4c5a713eb29d2f3adfe3fbbf98d60dcbb,0.7787329103333038,0.011777851811051137,0.19559015428933696,0.010922311694093948,0.0029767718722141976
de794d6f9a08d85f93bdf3bacdd6ada5971fbbda,0.8020916948385683,0.0497954097445231,0.039118432407264495,0.10087774833966945,0.008116714669974698
dec4101b48d9e34b431fcbb507d867e58901e2b7,0.539751935870285,0.024683154321626988,0.4120546248283014,0.016882976077236593,0.006627308902549926
df347c2cfeae69ac152b02ce7e9bff4b90554983,0.34630650828719856,0.43683758914848114,0.06451214938382192,0.1350752452477909,0.017268507932707445
df7f7188bfe99d170fe88ec509f980f59e12a9d1,0.6452487529388493,0.14319678410878492,0.14713962002094647,0.05363068642223684,0.010784156509182389
df88a4c1c1e5439bd0125622689edcb436d94621,0.033472184163512074,0.9152766250491968,0.03595015712221534,0.009528566431953121,0.0057724672331226955
dfcb7266c7b2120312a1dfc4721214e08fec2af1,0.06580437147756617,0.061191176232122536,0.8371380871513128,0.027164686341661283,0.00870167879733717
dfdb44a7d8eb584ea06199cd2f34507b15949952,0.04680628472735719,0.9149724223663834,0.016049416339128774,0.01580837902428362,0.0063634975428471
dfe30cdde4cfd07a58f7c33a7bc7c02aff419032,0.291864602686952,0.0221498474535783,0.6446604303883415,0.03515462484751873,0.0061704946236094856
e006a3025eb8e44f71aa1ba48e75d944be23377b,0.05117158255860074,0.7657960173424948,0.08483446814780246,0.059644724447862806,0.03855320750323925
e12fc793103f1e2e1f3c7068587c5693f28a5b9e,0.8250247814113357,0.031417292667349356,0.12169125584285774,0.016758260675879197,0.005108409402577911
e1371921331aa897ad9c9160010babc920ab08d1,0.2448032997881113,0.5128962928094664,0.19480823001175535,0.024526576313270508,0.022965601077396584
e16949b03e8b501dfd54090b527942dbbaef2bd8,0.16772525463219776,0.4989244543358428,0.2773652554020519,0.04165073412825645,0.014334301501651131
e188c64871c9123794e44108d8f463a080147ecb,0.8034254765306377,0.04687230840888189,0.10389801603037001,0.03823802792978611,0.007566171100324339
e1916779d87d289a7501d1733ac2a9c723d54ce5,0.045628208616503456,0.9215495656393139,0.018214960028780612,0.01111638240465698,0.0034908833107450393
e1a18f02c3a32f6313461f114ac9e185a85192f9,0.029672708615130695,0.9402694229096156,0.011126679169609424,0.013332833737685604,0.005598355567958674
e1ea2efbc36d9e9a53382bf485ecf6b0579d4afa,0.5341976306053176,0.10283087903139713,0.31753794325271506,0.03453869330675714,0.01089485380381331
e257f539c35e8adec6a7ddac6e144508fc221ad2,0.28703506556996766,0.08978460457592323,0.5582352345044905,0.04690907835656208,0.0180360169930565
e2ac0a206ac6f354714408942e7c3f6c2b850b24,0.8874727667613966,0.005890965708845333,0.10200186016321705,0.003653161395074593,0.0009812459714663934
e2e6df05b41fdac7c6c28ec85514191bc58b2752,0.0864254208045091,0.05501229827132557,0.8241756013987648,0.02635442620834764,0.008032253317052854
e2f02773f1aaf733cb4aba40fa2d045cbc2d25ca,0.3177518748441665,0.1833521249247599,0.09662708280160787,0.3712899574020852,0.030978960027380476
e300ea5c80c5e07a80b6a3cd61cea886d9133e37,0.7208088215394891,0.04344239637017683,0.2077277551500416,0.021656259352902243,0.006364767587390105
e321d86da5ce9207dd04aaca4740c43e55febcb7,0.1668463151757203,0.07057222202080426,0.7060394109847057,0.03948516551311033,0.017056886305659574
e3223e9ae357fba1ab47e00abf6354fa84743887,0.11775310980758179,0.06607677460510362,0.747579350389395,0.04386199015111945,0.024728775046800055
e3738beefd228afcd86a4e82983be99c3726f90c,0.33557175273081835,0.11751538496332779,0.47410286231062093,0.04427296021654877,0.028537039778684055
e37486852ad48c993fd7b2be6dcec4e82f790f85,0.03846243497239243,0.9198558160980137,0.01423833991065556,0.01761652557412602,0.00982688344481234
e3aae02d6b14d4bced0547ed664fae2cc387ac19,0.15722987730441623,0.014518491282247619,0.7926270656055788,0.028691265538428223,0.006933300269329175
e3fe10749268fa621ca1e067c0150b290f722747,0.18463468273149297,0.5405876894726117,0.10027509366990381,0.121434071463967,0.05306846266202458
e4aa6d284907bb7de6ee937eb4ad0b4e9447058b,0.262806963415605,0.028918714577120457,0.6729644899170579,0.027182539990887433,0.00812729209932908
e4b930664b4ddd4edc29b4c467ab1d5b7a18a3da,0.12397155274527905,0.04511313232825705,0.8126300262350699,0.012722708089944655,0.005562580601449402
e500162e1d3e1d6bc81d435bac82983a32f9e0a7,0.3893690455321362,0.06371340059220376,0.42849424308763917,0.09676191264163275,0.021661398146387924
e591b3ed99fb226ff688c2d687b12dc08a2619e7,0.6559572016482446,0.03958192419260577,0.2695790064681228,0.024378777584608914,0.01050309010641797
e5aa8c2c7b65a053ccd0572328dbac5b2c423c44,0.10849279477164243,0.03736976597689258,0.813349237962006,0.029434625852591444,0.01135357543686764
e5aa9b439d8d134f5afcfa2f727775a099f018a2,0.7695789381122962,0.03674357140241489,0.1448426428149026,0.03094372315245702,0.017891124517929267
e5f6ad37f86b76e0d0c75fed1366143e83ca34de,0.02048283521978005,0.965141689115139,0.006751740803909154,0.004735724979691394,0.0028880098814805977
e61d77d94952b728dbe1eedd0a106687e6365e69,0.05410384381030132,0.8858736256172436,0.04175625606510779,0.013724285202430556,0.004541989304916826
e648c02982810cb9e8d6c36f5be6f719ae4aea20,0.2096313672941149,0.057400990792857966,0.5592080273138696,0.15843969822988477,0.015319916369272789
e69431b75ecbecf075f1fcc5bf20b0dd0255e80d,0.1226484668299107,0.07940722914763372,0.7415513603289334,0.03892333862561435,0.01746960506790795
e6c7dc5975120947d85b67e82f7ce7ba3451d117,0.9069947023489412,0.02103665927334877,0.049699050448178995,0.019432550531809072,0.0028370373977219137
e6c7e1db8488bd55bf436e8f4cd545ddb5610b2f,0.14796814049634377,0.02434110813558585,0.8059866886277527,0.01668011461145957,0.005023948128857985
e6fd4e67adc0b7ca945bb6dab199a076ad7dc110,0.7784754919131637,0.08511936704456988,0.08044618885111435,0.037682843460846216,0.01827610873030577
e7097af7ff806e11fd6426650d7c3c5d159b39a0,0.7939398260403906,0.05230386845572664,0.07389375556393583,0.06728721770145037,0.012575332238496603
e72f916f832c1ae41fd57ad9509b2a242fb6bc73,0.5322265339811009,0.12331694860981975,0.24113466391479135,0.08505976535129589,0.018262088142992235
e73af8457a4f14cd9fbca401184bac2de84725e8,0.03092641561610962,0.9456662718791776,0.012386875134418805,0.0069706949410275965,0.004049742429266302
e75a4ade4e43162bf822d6fa9fe0656ea1ec4e28,0.02544698486880611,0.9452149231315191,0.014527600057816696,0.011529013366549781,0.0032814785753082815
e76ce214e699936abce9910a859e8d6cd9a5bc43,0.014006236811470368,0.9599704096239058,0.006891923510804453,0.01174225986908455,0.0073891701847347375
e78aa3a954b093085f487fd4eaf89fcf1df84f0b,0.4589678816369203,0.12339872475157579,0.1634553272152509,0.21840961516789267,0.03576845122836035
e7b2c425a23fe0de6d6f46bbba77ec4b9f982d2e,0.0968670540186938,0.6899876507526687,0.05818985257202799,0.10525930302799998,0.04969613962860966
e7beaaa052746a44db673865d1d17ba1ff872191,0.18427608436539805,0.5870796668508805,0.10727654252601829,0.09955224683746336,0.021815459420239814
e8020af78e466c61d20ed26e4ab654dac3eaf8f4,0.06008043111799048,0.8774483820544907,0.03387060472580987,0.020380998375568157,0.008219583726140896
e80688b8b17b2261f7d51d27d865fca6bec84f8a,0.17489587443686608,0.09540192049393978,0.6019621927267634,0.09809939626999815,0.029640616072432548
e8583580fa40064ae071da9a0bc97fdc508fda8b,0.28977865547068604,0.16985164184471746,0.46476541642637986,0.04948404797561614,0.0261202382826004
e880cde7d5226b2adc9e4c4ff0eb6dfa6e00e78f,0.30413121915613256,0.03907824404316049,0.603668331100868,0.038815423423464675,0.014306782276374243
e8eb073082f6465208ea2e254f0e30045558687b,0.44116320525620506,0.06809664581908072,0.4524434470970959,0.02934520089564551,0.008951500931972951
e9d4c66bbce9778e148aee25d1b53129aedecf40,0.8032152588356685,0.029535905970366746,0.13399367353860903,0.02597393038540828,0.007281231269947331
ea27a85d79cc6ff80972bfc23bdecdef40ba8cb7,0.05847583101494362,0.882827890223005,0.029470778603236637,0.0198271819461129,0.00939831821270151
ea706674fbaae9551b82344b31b55ce556517e8e,0.7853794760016,0.08273834327391463,0.03618322471950017,0.08690755143721836,0.008791404567766775
ea7aa889f54e92ed4b00f4fc9db56ec8141d6739,0.020119777399574976,0.9593999648223166,0.01096556733664682,0.006503092175544828,0.003011598265916883
eaad3bc3df9ac172818db9f14cfcf0e9e6662c00,0.45889446549605356,0.340977120773168,0.045822999460239065,0.10942718893299369,0.04487822533754586
ead39aa4bceb42944d932dad4a6a79891f35c332,0.8319499521846403,0.0683479406913919,0.06117117157917776,0.03445533278600902,0.004075602758781032
eb34206bd75b4b14c0a683375fccbbe2c8a70d3d,0.1090557309686752,0.8204636496336916,0.03363804943275964,0.02143132438806626,0.01541124557680743
eb852fac37dc757ca931882db56983b5d54bba7e,0.731152299728906,0.08375420588636354,0.10674319374345147,0.06482254358082605,0.013527757060453081
ebc0e56934c13deb79e35123979264c53f8c7cda,0.7556551687496549,0.04840460474027156,0.15326698191776514,0.029344693221162527,0.01332855137114586
ebcd63f41ae689fcbd70ab70a603f10b42a33904,0.02946194140170775,0.9408204343418473,0.01218509053722653,0.012239823325350152,0.005292710393868242
ec03498954ca9c39330e1915490eb04253cdb7da,0.06100828740170608,0.10541092403578883,0.631459239059102,0.17546851452475318,0.026653034978650018
ec476f53f999ad8c6632c829df4afc927e7efc53,0.036149734203531646,0.8689135422694574,0.036445715898398685,0.03305114688880765,0.025439860739804598
ec5209f2abdc6f20f336d9b4130ce9b81edbfc49,0.02523106286104011,0.9368633383500541,0.018995431580469797,0.01502592047047397,0.003884246737961766
ec97d5e982ff9317f872c8be79281574e4ca37fe,0.05550888434967773,0.009157836409376584,0.9256022294541668,0.007170742505832698,0.002560307280946148
ec9d2cb08c81b7a4ffaeea94fea338e223c660a1,0.5091670641605299,0.07184296514104085,0.3480043807647061,0.05628386609198773,0.014701723841735511
ed5996a2b94dd61d228197de899d405f6ce122da,0.6307130542518886,0.039714504220186374,0.27494635054820343,0.04530397277164267,0.009322118208078871
ed5a10b4df0e2625156ae899979d7921228a2843,0.22605808589531184,0.0430852744028597,0.7005162662314971,0.020216140886639807,0.01012423258369152
ed687138aa65a945c4c16dbc02025eb2cb7a8e2d,0.1730303759350975,0.023586951872547744,0.764300586104543,0.030840888969341833,0.008241197118469963
ed6e6e201b01f90f3a197fae08f3d7ad7399e103,0.2824970283866501,0.024403654472524405,0.672760774473256,0.014786888139248645,0.005551654528320829
ed8f028ad0bd33a4633c0af204c9cd518a0f61c4,0.23953357233951467,0.027846024089637465,0.7065436672026488,0.016333815773856404,0.009742920594342796
ed8fbbfb7beb57d8d8db7710cc484db60c9b2450,0.6182217654221057,0.10779041358526358,0.19009638607683674,0.06535871606062048,0.018532718855173554
ed95bfe5d2e2552bb71581187b600752afc10cf0,0.046359033576062234,0.9264912365500244,0.011223621879727407,0.010481012299052826,0.0054450956951331226
edc7d7a099d7237c7858c199d36bae3b0a5aef3e,0.023141176551477363,0.9166562985694081,0.017868291554501564,0.021538787116448934,0.02079544620816405
eddaf8862dbd3127a856e2308b5cff614f1b4700,0.03937445514307667,0.016321156917542615,0.9272837390255694,0.012319254124041867,0.004701394789769572
edf68af41a6b9d43d8bef6bc884b65262805b0bb,0.2521715256379801,0.037787063271292796,0.654869042307144,0.041466117145505216,0.013706251638077841
ee1bc8402d7fb4a05e02abd348cefd4ee24052bd,0.7976551976494374,0.031811853913753144,0.11910303500582464,0.0421745342803313,0.009255379150653636
ee3bb82f6852c5817e957792157f482086711345,0.9078519022772955,0.011944973326836576,0.06034052197250647,0.016520949280227102,0.003341653143134278
ee855eef79ea68e30d6bad50e48dd886d096fa57,0.044195248882542885,0.9175563105839077,0.022349304715869333,0.011448981698590186,0.004450154119089862
eeaf22cf43c18ed2e4775acfc776d788cd80909b,0.08330367914611199,0.8444700706354542,0.024956133692900426,0.03883493720167454,0.008435179323858939
eeb3f46451687820864a52e947b0254ffa119b1d,0.2912806929188326,0.09648609827607918,0.5272442844068711,0.06166961755125221,0.023319306846964923
eefa998949eb0f81c8a09fdabe4f01edc11944ae,0.41874676018885193,0.07431211187062373,0.4265943674497457,0.0571197737453347,0.02322698674544397
ef3d6339deca5a9f8ab0f7603061bf84b08032f5,0.18424908319522934,0.08328508698447838,0.6550475252958621,0.05510069051847162,0.022317614005958566
ef401d8f6bc700e007740b081b0042a2a231a943,0.0930917620542718,0.7886210881423221,0.08223153785723213,0.024217706513076864,0.01183790543309715
ef7246bfe17afd6bf195f046c49f0cf923e0ac9a,0.028620859498926843,0.8954399335213779,0.02727834638376864,0.030688003809037936,0.01797285678688873
eff4265676b9057d3bf0389ddcee6666642ba8bf,0.024923795706730038,0.9448738216071061,0.014320437714298874,0.011393418675635172,0.004488526296229703
f0140c66a9e641ac587e754b76288b66473314c8,0.06372315030687353,0.020254034772573735,0.9026062448971567,0.009701918113846016,0.0037146519095501464
f0638ce4eb4a8439a27cfd0c58449e40a4997873,0.05115686980981218,0.9031926361866409,0.01634386308777611,0.02118565770223517,0.008120973213535786
f0891b93ceb5fd96ad45dfaf844732d2eb85237c,0.02891284309601363,0.013685026935579724,0.9495354372318848,0.004271580872069687,0.0035951118644521165
f0a3241b265d196ef31a1e3ac9e634bff9598fd6,0.03739227619342364,0.8960363125645928,0.03109575788470283,0.022187508438552044,0.013288144918728598
f0b2d119f56cb62554b0d4c1cc8cd3428331a749,0.08240445328713213,0.033775578564749796,0.8314544215129617,0.035383815541272214,0.016981731093884282
f0c847341dba78b37d97647546e9f76ea7b7223e,0.30882869899235793,0.02418127638864302,0.6463038065643728,0.015120094732878214,0.0055661233217479435
f0efc079737afc79cc7a64983a7c4d0c9b8183fd,0.03752161629222075,0.9265241442424436,0.023280819451640795,0.008626792842923727,0.0040466271707713265
f102d2906ae65a7f7b26e7b9ada0ee3563a9fe0c,0.24825539130280672,0.05768295493174768,0.6314788309807695,0.048017994357432627,0.01456482842724353
f134dd31dc6dfc74578a8ec7528166271df04e3b,0.6524615033586688,0.02797717720692129,0.2911731787333074,0.022616384344982476,0.005771756356119984
f15b41713d6addb3efe05f199414ea90d4556d16,0.1908378686134196,0.53078859635622,0.06162729515249447,0.18796237388700224,0.028783865990863595
f162424b52b6ac892463728376bc106bc114837b,0.03743239390584382,0.9320154845205015,0.01611985823634178,0.010782155903345084,0.003650107433967932
f170d81723bcd79533a7cd7dab303f6969610815,0.18203255500253207,0.07136723245544567,0.6976510369290714,0.03429207570440187,0.014657099908549007
f170dfc1da299cecdf2576577d6f01f777b5b609,0.3607734746205921,0.22651295823712822,0.2931953846358093,0.08619168386912499,0.03332649863734551
f19c681417273371191c2bc2b11106c3e4f9e83d,0.05739640477286639,0.8501887487110888,0.042849375275217816,0.03176779094718325,0.017797680293643616
f217464dc5d9b52290742385e671ad257a9da152,0.7408484363149578,0.11876462214660878,0.07362790064291126,0.05048904836674243,0.016269992528779784
f258bcdd72e3ca83fc9b6dd5d3cdd1214cdff164,0.4332783029753498,0.14289627253157092,0.06950408543815727,0.334874143247572,0.019447195807349976
f2a1424b0af3bbe1ef0cbaa8aa2edac6c332f783,0.803181555571961,0.03640798205510523,0.11655604296107869,0.03422939800961378,0.00962502140224137
f2c0420b2c4187b04721620e49d833d07e18c638,0.1287672569567729,0.6842255703155815,0.13174386002784286,0.03730297994739468,0.017960332752408038
f2d8f23c36282f00b4bc1ecbb96534420cc0165e,0.23752090693118014,0.44788521942933446,0.23235599879840108,0.06293521659107118,0.019302658250013215
f2eac9ebe106d83690d3e9bb49f5a52873948624,0.5009630315882616,0.16009832746340236,0.06841610658131593,0.25341336851979424,0.0171091658472258
f34418e595f4e6e13c36aa5383e3302cb20308f5,0.8433577021661987,0.07741099849289222,0.025350680237040672,0.04721009246791322,0.006670526635955274
f345dd03b7a1b1626696b726d924ecea157e1740,0.012738791447812424,0.9747705195764549,0.0049165162567020295,0.00457959957163739,0.00299457314739332
f37987ce590d1a8cbb9073a6d99bd4819d1b54af,0.6047628678767901,0.21289410356379218,0.062070566534475055,0.10246110229535284,0.017811359729589703
f37f3e61afb7593223b6daf35914a45555a613c1,0.4486913334974002,0.04370470382858533,0.42123598795980854,0.065166900841084,0.021201073873122114
f415febfbe939d60168894805874ecbe2ab4c556,0.5944007552111805,0.09091557637978066,0.18371009013924028,0.11341823706637919,0.01755534120341946
f416d7d29a6f7d9920133443d958c40689224bed,0.04730937667655619,0.011146962665880404,0.9336613020904445,0.00513438007206061,0.00274797849505839
f416ea86f0a10199ef8874552936e08645507057,0.28481060940679065,0.20416975118463337,0.20102317803687977,0.2557619946491396,0.05423446672255659
f480517dd1d148d87687a50a8c9e558cb31b144e,0.7131762561316446,0.015975937554776644,0.2523902476100336,0.013053770437068221,0.005403788266476881
f521c5d3a221d782cafd51c2f60e84563862de3e,0.7443884116712316,0.06386958780310466,0.14915684915139596,0.03496546462932207,0.007619686744945665
f6299c79fea98f2352989ecb51b16455009b7473,0.03156739560065033,0.9353041211105889,0.017846786629412213,0.012393549249640768,0.002888147409707674
f63e3d1d5e4b965b3b004b47f8a4ae3d1e27dcea,0.04328082344550791,0.9024893935109215,0.03465054151506123,0.01450252104690317,0.005076720481606273
f647f4bedb047ba56eb1fee1ff2ced5c9ff54464,0.1651242211251411,0.05819236858715488,0.7218723943679769,0.042318178276669574,0.01249283764305748
f701545d7209c336fa3de1c09677dbd702e6e354,0.1350517879659768,0.746599157351506,0.06441008813515044,0.03520175537504722,0.018737211172319454
f7256f787a44fa6b2f1c763b54248f77456e507c,0.22430129093777393,0.005696815641058638,0.7614594820514713,0.006599151835489402,0.0019432595342067651
f78a1e78c1f5e1e6defb5cdba1b6e3c4ab04368e,0.750403447045255,0.046126082956552975,0.11304799112392316,0.07317701162525876,0.017245467249010125
f7ceb05475f9dbc5fb03757f267015753f73672e,0.28050623159849813,0.00896400328691995,0.696901074947497,0.010229917785960595,0.0033987723811244657
f804bf88bb8c36c9c43cda946d8eae32bfb16b55,0.47598503810096304,0.1405948634175236,0.05533390754965523,0.3050301712664884,0.02305601966536972
f8683bb62ef0932f883eafe899477d3579bc6410,0.43307907617346814,0.02416313781175638,0.5177166105466656,0.01882924991644074,0.006211925551669069
f88dd29020381d3e5a08bd5d74a5bceaffe75c3a,0.3308840013908304,0.04861442069896701,0.5865659544532402,0.023494223634764253,0.010441399822198025
f8a787deefcb60af0876c9d7cd565f8a971a6946,0.786749193266323,0.04619393027478886,0.13934813640524002,0.0227647204844216,0.004944019569226548
f8c25f6f9f005b6dac3eae76bad8c77a5c4f5a14,0.7159521398434224,0.03782107403127284,0.2162183618527816,0.025666725778868256,0.004341698493654902
f947396a25fd49d8dc23960e17ce749db4f65841,0.752278269736456,0.039280328281223784,0.1622908107775501,0.03638032577015538,0.009770265434614789
f948a1fa1ff3a6bfb7b654ee672d7ce1cfa5ecb6,0.02848003626568354,0.9520459821815752,0.010866631511789128,0.005409943011773239,0.0031974070291789715
f96fefc70c2a918d4043028e4b3c8f675ec2df36,0.2583284615793488,0.018009814849725483,0.7006518732001895,0.017169031117552632,0.005840819253183542
f97c4493db2a81b0887ff0c0e4025eb896113453,0.48529888079175243,0.0925507429871172,0.2870022154580024,0.11337079401419627,0.02177736674893176
f99ecb8f8a7402f194f1be29acf0e099a265f250,0.05592245630090387,0.8521512229424233,0.030598499969076574,0.03312664035460806,0.02820118043298817
f9a70cb56054490c7c5833769b94f5e1fc8b9614,0.3932204203311102,0.48637837234062725,0.06346898423836081,0.04323488045425664,0.013697342635645015
f9e5c8ba26def6b138155b99caf13629472ad9a1,0.29319953373726987,0.03601465424696313,0.6522064135181965,0.013892632929241418,0.004686765568328993
f9f6428b55eaf0222f5de2895f304c56a6ea6779,0.03364323133708975,0.9247863785967062,0.011879028107598789,0.021975815665019566,0.007715546293585786
fa0d2384c45d1928905ff94dbfaf40debf0d4253,0.16890246568981646,0.6607416901744344,0.10648247217073908,0.04409822644722878,0.019775145517781353
fa50fa69d3ae1e883988b98d3b6384362440bf20,0.5853090506101116,0.035539205243604044,0.34632143993097886,0.02236889059690534,0.010461413618400034
faa4b306d93fd9e4b1a6303ba9c7752b30afb12b,0.0866901849859122,0.6407018702510836,0.10069403489711125,0.07730794191999611,0.0946059679458968
faa9fcc129f5cc6f215ac5f02cb26eeaf5ae27bb,0.1057298862362716,0.016310182720726298,0.851574270395172,0.01859123565797724,0.0077944249898528805
fad1b1200b49dbbfe413c52b0fa05f68e24ad73c,0.6055027892704828,0.05658726957905532,0.29122735201973166,0.03150457006172639,0.015178019069003847
fae51efe623604c00002e037903e85e696f42748,0.7449505179777692,0.047630602532151754,0.17796393911527902,0.02209298742975227,0.007361952945047718
fb8af0fb2929fd10c1618b398351b3f3f20a2e0b,0.7988502366017619,0.027325976067587757,0.1565916931565737,0.012660933729805895,0.0045711604442706276
fbee24aaeb8eb97751d8295e2ebdf1487796e59c,0.017358448564565736,0.9670257303861212,0.007372544477254742,0.0051276218456159746,0.0031156547264424884
fc280ce20d6b5d89f549c0487e855bced7e2b6e8,0.08444320785841808,0.8550810052454841,0.029831139036438532,0.020510367606659658,0.010134280252999396
fc31d3ffa3a4852631c65578752d35c6c0d078ca,0.15220303438401195,0.24657814208875253,0.5109994792139921,0.04942413477862623,0.0407952095346171
fc4307ec4ff10f8eee99f8243c2acaa35bbcdfea,0.7348900429072982,0.01945223447366974,0.22897436607090338,0.012469922718781975,0.004213433829346749
fc535d928b58ec844cab4f6a6f9eb7b80e5c70a7,0.8964490741581468,0.02442142878289061,0.06600235219908113,0.010138315355763542,0.0029888295041180057
fc7c9c0b93845f43503478592f92767e7434cc7d,0.03694443555316471,0.9063298655313896,0.023519629535950163,0.024664965142356853,0.00854110423713883
fc8cea28fb0ed80f8780c06712f4fba1c53c2bdf,0.286165982883349,0.05198643708475331,0.6326606438386547,0.0198057449760466,0.009381191217196274
fcd6260c1c048340bd64fb57bb8db78e15a4c831,0.010846661528690333,0.9760824688755158,0.006330505374764412,0.003484999969917272,0.00325536425111228
fcd99bf3242a74a46bea2a8716360468d09f7aab,0.02030537066120174,0.9688222796346095,0.004940326194120886,0.0033311804820707466,0.002600843027997114
fcdd932bc76a2bf31fd4cfeeaa522e9d64aa055a,0.02481219925860775,0.9308279715687152,0.013439856496536914,0.01866515361478099,0.012254819061359343
fd18f4bf1d2de2ee3dcffe3f662e5b86f5870fee,0.0799497224315895,0.024773961497742154,0.8798538333526815,0.008869128950994419,0.0065533537669923364
fdae06bb3e1e2a55fa58224cddc2994635cc77dd,0.8211133553491667,0.054076982302907604,0.06644801493679676,0.05014660747832168,0.008215039932807202
fdbc31eee97116d2a8c8345d96f9f96f396a44fd,0.4417082310442577,0.047110944523321006,0.460957036664983,0.042915157515688196,0.007308630251750079
fe0883f1212cc257918826af706eb607aea73de3,0.03282396612978008,0.9350368549828671,0.015988310678673356,0.011261250691471774,0.004889617517207522
fe5316ca33eda434a08bcd5d34a5a7683f36a6d7,0.13481694321831778,0.7478784628573203,0.07388785757668354,0.030854175666168448,0.012562560681509896
fe57ec17625aac3c9d4ec1069685945a9680bb18,0.044002681076711354,0.9281077352119467,0.01039854488584177,0.012197916678915415,0.005293122146584796
fe6040d0d0a8da5c4d394655fe9a6e02d40ba25b,0.6131299247069502,0.05888314038866035,0.26602796792049954,0.045747377351694644,0.01621158963219526
fe665cee17a0a93d27d4b80cab32f5886694d33e,0.08837439249682921,0.7212836729256437,0.1354044681077167,0.0423328676246349,0.012604598845175565
feb4b0ae88524c9cee3e50f2301d84a235f3c607,0.7175420065950956,0.042910413450868164,0.20489670264024645,0.026710167423750705,0.007940709890038868
fecf3f14f47237e02721ed4baa4eb6c11abd239f,0.10234932500690488,0.8076082545607134,0.05279337519863541,0.021385506163455786,0.015863539070290464
feed09e13586d12139cd59bc20996a4d29706606,0.032450106150324454,0.9379461070983575,0.012581985545730695,0.01321265930117214,0.0038091419044151303
ffc0bca6fde8fa0cce1ac3a7b0d746603d441bf8,0.06318788122549819,0.8851131214146637,0.023876425163172423,0.019346323597592235,0.00847624859907327
fffdd6f356ed5b8dba21717f60c53f6520e650ab,0.5141521230291429,0.16994923908395365,0.23822959383397607,0.06371808447171248,0.013950959581214955
