swahili_id,kitaifa,michezo,biashara,kimataifa,burudani
001dd47ac202d9db6624a5ff734a5e7dddafeaf2,0.9975201130379148,0.0001044582485872156,0.0012509790503466712,0.0005603059721845493,0.0005641436909743894
0043d97f7690e9bc02f0ed8bb2b260d1d44bad92,2.551924602193886e-12,0.9999999997151008,1.3849468089063387e-11,1.4250295406094624e-10,1.260058093889852e-10
00579c2307b5c11003d21c40c3ecff5e922c3fd8,0.050038748497949,0.0021751119855865715,0.9320354565939538,0.007785190661583381,0.007965492260914453
00868eeee349e286303706ef0ffd851f39708d37,0.991374756171571,0.002392482798270743,0.0018302393715296883,0.002430752519628482,0.001971769139007783
00a5cb12d3058dcf2e42f277eee599992db32412,0.34379360599468733,0.0007475425222928047,0.6387842312357972,0.008076255715664716,0.008598364531559316
00a93e174866089d7f4b59b72645573f963da555,1.737725353024612e-25,1.0,8.377197549602262e-24,8.706029357137446e-22,9.39990488845345e-22
00caee8b79f36cc0a5ae4fe86b8abbedeef6c705,0.9547070433695234,0.004687181983302216,0.010419845114098982,0.018131864953607472,0.012054064579474893
00e72e69de296484ccacd96e38240844ac61be23,8.5035047351694e-07,0.9999943408531182,6.962047031288419e-07,1.994586736776823e-06,2.1180049799795253e-06
018effc3b6ce812c825fb01d244f4b849658ef3c,3.2126117273067737e-17,0.9999999999999716,3.7761639026249053e-16,7.86723080576809e-15,8.408691952040366e-15
01996c3787dbce345ac122a8912dc9ab57334e2e,0.16350329185292606,0.7869201497742874,0.010904328704117935,0.018813962727225048,0.0198582669414507
01a58fd93c05d8febbd10824b162ba00f51a9fcd,0.9958950414415016,1.1741817044146396e-05,0.003567707672489278,0.00025484865789863483,0.00027066041107736186
027063d6cb270ff8b60a4ced0c7d3835628286d5,0.9995182980490647,1.1639635262923074e-05,0.00026170419327453486,0.00010499939516350172,0.000103358727231261
02824fb4c78d076c52d71f21f50c7e33fac4a530,0.070891821212244,0.000185777373759213,0.9257202966760548,0.0015628524725552566,0.001639252265374668
02c1bb0911f056f18e04a9e831b405cfa721b62e,0.9966874417347803,2.4136678663332255e-05,0.002576683989366554,0.00035370753628935286,0.00035803006088785884
032bcb8f892f50c0f4698d550e140474cc0a2e25,1.9279393310368204e-11,0.9999999988615116,5.7379170937118434e-11,5.111182892956521e-10,5.50709882558594e-10
034185c116681f9afdefd8445f0a9896b9673f9d,0.8898411225863158,0.006894240947618266,0.07538538735557583,0.013846030428940528,0.014033218681537033
0355be98526df7da1e8da43c81f012551fd53a74,0.9974905372908143,0.00016055951740032748,0.001035154554112781,0.0006469264779058909,0.0006668221597624923
03817b4b8fa61ee0176ac9c5cbf66fec86f2ed3a,0.022813661985588436,0.002991429393918802,0.9483130988854721,0.012794669856267453,0.013087139878751191
0388b907e596357c5bbee251003dcdf97d679c89,0.9071521594521047,0.00015720441849562648,0.08681696649371812,0.0030230903411593213,0.002850579294529229
0480c08ce9059abe99336f4b39a41f4562150848,0.02114698412562743,0.0005827582783020542,0.96971787646632,0.0043479126391234415,0.004204468490621195
04d7e75611796f3ce8ec460f1eb6bffa9da15676,4.5010084966928076e-15,0.9999999999990905,2.3587179069765918e-14,4.309823865028389e-13,4.624077008865791e-13
050e737c0998f7ba049bc0f02d5a4b64e7f0625e,0.0007452086264372545,0.9973815764326638,0.00036418531926146335,0.0007579619913508714,0.0007510676302903828
0516a757aad1d09f893091602ad05505b5e88401,0.025230572771873773,0.0016622811014808114,0.9532446219598012,0.010462725025156256,0.009399799141691484
05d499508761de20c4ae1f9fee1e204bd435edd9,0.8670085234476851,0.001144329498224147,0.11773050971411299,0.007064374555341756,0.00705226278463725
05ea491371ea5305802da17a93f27ecf8e59bb49,2.3852215075012446e-09,0.9999999259578117,9.608694299314503e-09,3.006281742615409e-08,3.19854422670989e-08
05ee92945a93072bd98b56eaa9917e73584c0d2f,0.9618929531775118,0.005091867333275912,0.015842965263976258,0.008744083204949401,0.00842813102028156
060017feb4ec0ef7415dad6cc02e33842dfcfbb2,0.5587650220574146,5.8003955477048276e-06,0.44002741369368276,0.0005808462058116652,0.0006209176475197293
0689b40d0a24ac5152e62aad9d112138e7aabe11,0.002051732844935672,0.00015224593214600856,0.9961498507161691,0.000799564671926303,0.0008466058348307132
06bc918b17a76ca6f18a3341f7da78d1fd02a326,3.9737175089783483e-11,0.99999999942969,4.569499734131886e-11,2.3096077909320086e-10,2.539075476648453e-10
07556b566255f261f362d7b6dd317cf7c8722507,0.8447600042482247,0.0010438211685688853,0.13249496739975697,0.010899531643677438,0.010801675539768399
075bbea3663e0db97fcd4a2687ef2d47236dac28,0.9995442085465961,1.9563544007653417e-05,0.00019376353925734934,0.00012323562841175264,0.00011922874172021586
07ad07b3e6307bc93b4abf80011e4630058b665e,0.9151005504558037,0.0005042672176546815,0.07025033745886139,0.006928853439399278,0.007215991428270456
07e372ce107507e12c04bcc938f1014a190c4912,0.11899740118713592,0.0042789682194098845,0.8350593189895934,0.020679526437404415,0.020984785166450453
07e92959da333f858fffbcb3d9598ccfe7d2da34,0.20335419644458888,0.002659884698779721,0.7614793753961598,0.01583088231693189,0.016675661143539553
07ea328f3b14346960dc9ee5be834753bb1261e7,0.9988175262327736,8.915350218600196e-05,0.0004772847600623084,0.00031769571774062057,0.00029833978723150156
07ec88b88bba066163e7aa27228b6263ee506390,0.9850885036853123,0.00040968430520320977,0.009283996070940628,0.0026779613047034382,0.0025398546338300694
081412e435970d66e6a60e9406148323605d7171,0.9945665090727182,5.419607971698465e-05,0.004560336866611919,0.00042273787144569893,0.00039622010951022947
08275ea9ddafd22b968c99f94db32c366a9b94d8,6.5466056597841014e-09,0.9999997739129156,2.0498221718052114e-08,9.701045305512313e-08,1.0203181639823429e-07
0890a8acfb73d35080feb74458c9792b1d57fe6f,0.9983748389894177,1.2001269055521082e-05,0.0012037766801952896,0.0002024394047384845,0.00020694365658895482
08df63a437025893af3ef60b87a702ad20dac5a3,1.095572142168298e-07,0.9999981673087202,2.088915792165217e-07,7.380676714499645e-07,7.761748057425659e-07
0943b6968f97bdcdb50614734e04244199588da6,1.7759332683220765e-10,0.9999999879094618,9.53887928476685e-10,5.32810183657188e-09,5.6309505092707715e-09
09b4ed7da8e5f8780ea8d3123478d6b42be31dfc,0.7878801403111357,7.63858696468459e-05,0.2083615836788097,0.0017831394788215377,0.0018987506615832479
09e50d9ada0f258798d3a9ae312d4783589e5fc9,0.00038052155882788104,6.821222549099155e-05,0.9988270585607423,0.00034705644556376974,0.0003771512093891213
0a0c86c5a3e9253c647297a0fdf9355262620f8b,0.9401678750931596,0.0017224059873363125,0.04398256889021548,0.007525969132502053,0.0066011808967816245
0a223acab39e9b37cc0ec89b241874869c79cef9,0.9997074204505924,1.9462146440836807e-05,0.00010269039092263062,9.10535417211661e-05,7.937347031762581e-05
0a25a12bcfb1bcee66a0fd936b305251082736ef,9.66732877877074e-12,0.9999999989440767,8.579695472895676e-11,4.677672829519287e-10,4.926966396192687e-10
0a6152dbcfdcc0e8f2980179f6319d511d86e258,0.9996588467900943,1.3623837659729759e-06,0.00024034630312390521,4.828298726486348e-05,5.1161535761435616e-05
0a8af0671430846c40524d56d374035793d03247,7.956479471727122e-10,0.9999999822763358,1.660330876047281e-09,7.403610182633402e-09,7.864080830258796e-09
0b01e6d23ead0ce43ee3cb719a84694cb634c84b,1.2375137298133538e-13,0.9999999999850786,4.567248465584133e-13,6.903296704822227e-12,7.440256638686958e-12
0b39b6b564a36e71f36a9b2da87e1d8b0edc1926,0.9973799148870924,0.00010166014660109034,0.0016569016295759627,0.0004105472467174571,0.00045097609000469604
0b47e2144dc890d150c60a32986e2b130fa1e6ce,0.16267064267572523,0.0004897188427072886,0.8289075401949992,0.003912934761469002,0.0040191635250895206
0b556c8ed912121e0574b62a5e41d68e771ed380,0.9989385963889192,1.7666659478071053e-05,0.0006379164021316074,0.00021274648091898255,0.00019307406855668377
0ba0156e5105e73cdc1c9c6e0b247be99c8b8be7,0.990561349163356,1.0339385645419416e-05,0.008793315231679482,0.00032425246381396724,0.0003107437555101291
0c272f5d8f6746d7b77b3d8dfff502c55b7b6612,0.9901238478853609,0.00030500612748888997,0.006061714375331202,0.0017204583713084406,0.001788973240519321
0c970a83167a984294a4f45f714cc117adca3b91,0.9936095170282043,0.0013418055100241188,0.0027169912286057036,0.0011807804448550482,0.0011509057883026593
0cdc764a2cf4f38e3b734dda222498daaae7762b,0.03973420816659382,0.0002774736322935481,0.9502967087051923,0.00472825586301015,0.004963353632919585
0cfbd5179035e5e22964b1fa9c764337cc816bc4,0.7124164125508672,0.0015434733672047506,0.2573279903003209,0.014040777100159305,0.01467134668145812
0d15d685fd32390bac5ba568a7ad5cac59313f78,1.5756329843730564e-11,0.9999999984144381,8.241951623030668e-11,7.105999439871548e-10,7.767896050354798e-10
0d1637e139b088cf1d9a114ca48a5676abca4161,0.09596563618554893,0.0004285309191039296,0.8895801779312446,0.00726144876604626,0.006764206198044271
0d2e3cdfa1c479f93d7d19008616c7331df1d4d1,0.15877333365640314,0.000301816157940447,0.8277756784389624,0.006416158443423986,0.006733013303274967
0d33de20de638919329d55c90d8eeb6e6c05d8bf,0.05554456415812531,0.000510082184582075,0.9356308813976845,0.004094604886181472,0.004219867373418356
0d8e8bb5db320bc6c7c048d0bed7b17a4e52fd4c,0.9069490169741918,0.004185712998406206,0.023098843345630907,0.05641307681271171,0.009353349869051788
0da943ec51a642a6c551c33e260fac9702db1261,1.1541498724044823e-14,0.9999999999976126,6.952067565853842e-14,1.1165459522917132e-12,1.2021191239137239e-12
0dad250b74ae3fac96a6ea95da3908cff18481e3,0.9999934390982408,1.9560044846921013e-07,1.7247258702288526e-06,2.3190604985012906e-06,2.3215149412094022e-06
0dbb48e484af46a1567888ee8cad187011cffe91,0.9825767318895917,0.0003950903312544327,0.010115817487504335,0.003965117164036237,0.002947243127619788
0dbff8419b10d05274f9ae806c3a80f4182e9533,0.8763036612879715,0.0039157924744072994,0.058168121530914774,0.04990653031628177,0.011705894390413573
0dc7aa83d132722c26c404bcc4c3beff84a4f6a9,0.9980650918445952,0.0004831344968382483,0.0001832636529325816,0.0007855980403083807,0.0004829119653256452
0e43e7f0e72fd33f0fbf9cccf323f5075970ebb1,0.019526210940963955,7.039738219173526e-05,0.9779068102027272,0.0012211185521267655,0.00127546292198704
0e9ac91411adcd07930eec2cb5aca10edbcb5baf,0.9997441860197389,2.332893806333157e-05,3.76174743690917e-05,0.00010007151121735989,9.479605661574117e-05
0ebce7758de01efa31f6cb32923137d89af0eea0,0.0007047497429515651,0.9984273798039128,0.0002784969846884855,0.0002880983606104681,0.0003012751078368453
0ecd111de63881bf6a1a5737ab588f514c96c70c,0.9999927246168221,1.2888564986384566e-07,1.998165958555361e-06,2.603085024125499e-06,2.545246534354119e-06
0eec26a488ff8052197a3b5390b418ac1c12ba6f,0.6725335809700511,0.006366222201183983,0.058403528739823046,0.23767721022047628,0.0250194578684612
0f3cbf200b1576ec06958663630b1fe0296dc147,0.9969706691513893,0.00030896760107096866,0.0011443505076233484,0.0011057363444513513,0.00047027639546947113
0f549457628a1f540d3d5940ac5d21ba5f258533,0.7125102215974967,5.188023064828676e-05,0.28336559917062887,0.0020751723915236595,0.00199712660969853
0f5bf82dcbb81f6291a8dc85ed6e306e15a1cbea,0.028259747854139605,0.00022139993786494182,0.9663146917539084,0.0025663090601204313,0.0026378513939765984
0f5c284178765d0a6d07ce07bf4fe33f92e06202,0.7526887036550983,0.0002700865246871906,0.23859007332911947,0.0041286183079034785,0.00432251818319774
105b495562a154cbbcadcffad1064e8118242c74,1.900550006775564e-11,0.9999999983298835,1.58316980801307e-10,7.295105224037317e-10,7.632800269315179e-10
107dd7197b90fdfbe1a98b86dadfa8bfac9bfedf,0.00430830694147522,0.004613187129922404,0.9772026775446181,0.006964001752045259,0.0069118266319407855
10b03eaffdc3304770628c87bda11e0267eed7eb,7.597290291600321e-12,0.9999999995054907,2.2796302366175767e-11,2.3209924976967357e-10,2.3201599244653407e-10
11066cccc8556d9216650f0e9b8a11bea7bda395,0.9969165949813066,4.166250776267751e-05,0.0018804530926401827,0.0005807771371641492,0.000580512281121295
1146d6b4b5f38d1e47599fc43dc2416ab09a9c6b,0.9994151755038827,8.587021950902102e-05,0.00015455773125715673,0.00017614688080720266,0.00016824966454321118
115f11eb5f7d4ec8c9ed994f7a613024d7495529,0.001849602854531622,0.00040212517352117885,0.9937396184650501,0.0019883167938721234,0.0020203367130290366
1166f416e9abde5e66f0073ad84fab41e55d2f5f,0.019843719139498138,0.0001545510675070866,0.9752839212028316,0.002286264694854427,0.0024315438953067094
117475559a39a6e0c91bc8146d3af16441445958,0.8660480341339883,0.02386826034367458,0.04180747390916668,0.039398622511144024,0.02887760910201417
11cfaf6f1cb4d9e912f67fc7bba2dd20617a54e5,0.5230394771750005,0.25167648561657835,0.036853923572614154,0.13123504329788316,0.057195070337916244
11ebf20c51938edb9f0bb485fdcb764dec79b720,0.7297584905991205,0.0008840204128481161,0.24083917813091596,0.017206032519134568,0.011312278337981967
11f2336ac02a445727c4c70267c96c26165e5160,5.999306323259454e-10,0.9999999729318464,3.159774774207485e-09,1.1178688641275582e-08,1.2129771748313765e-08
12bfbc98cc72f5b4325559a389d68642841bb352,0.9735991209248651,0.00022940915910056077,0.021358488066391776,0.002357810436311679,0.0024551714133318283
12d9b3e67591a19adb213cc10fce955b95975b59,3.073235773434923e-10,0.9999999816063793,1.6374798911150555e-09,7.988395356947744e-09,8.460420738514918e-09
12e3516097ebeb561a648ed3b80c84831b2373d5,0.3396796648131909,0.0006897984360726024,0.6400869585889508,0.009545669018086761,0.00999790914368958
1317a6c2be8b08e66c44be5fb0fa0abd95dc1122,0.8551717368501068,0.003529612925926418,0.11637566365375047,0.01238256590469137,0.01254042066552992
13299c54cb74ce4c8714de5e4a9bccbb9a556f96,1.6792676852489474e-14,0.9999999999970441,9.062552896431663e-14,1.3779406519458847e-12,1.4781061329279252e-12
13451413c35a1bcc624706c98bcb353fd910f62a,1.2495202474216733e-10,0.9999999955748535,2.5620091595951203e-10,1.9416726851454947e-09,2.102317990019804e-09
141df8d7c9720327fef3166a4946149d4597520a,0.3427561850312966,0.0019401344820234871,0.6307651395438315,0.011976614379500103,0.0125619265633499
144800063ce42c96dfa9cdddd36d622159cef6fa,0.9976081936395774,8.123909043192664e-05,0.0013392845424076178,0.0004796365296606404,0.0004916461979129259
145d0710b6bb3db5a6f1bb4781468967ab8f363b,0.9163091877922038,0.0023787254664706828,0.06460220438286092,0.008186070993217524,0.00852381136525193
1490e2b0c8e2ce49cc21aedb335c55c4b8df719a,0.3177999564500074,0.0007380216519916158,0.6673354959668993,0.007019910585307413,0.007106615345787469
14fcb47517af5bcf9fefb157fcef1ba616a7c081,0.9969878214476219,6.708116149450513e-06,0.0025788989622666523,0.0002077408794880839,0.00021883059447430173
1531d5b6c12ec1d135669ae9484671aea15423d6,0.08058426909178273,0.003978858165165113,0.8715807679320755,0.02170205986758161,0.022154044943396848
15881754e95674ca3089e2c229cf14ca385993e1,1.3872150032785892e-05,0.9999051372767546,1.9706985974442337e-05,3.319394502279153e-05,2.808964222377317e-05
158cc5c81fe5b29eacb35b95b6e0e56d09d8e758,8.040928474114713e-25,1.0,9.82062385617442e-24,7.425524474801404e-22,7.636282121751789e-22
159224fc313fc2d9b3ef32df8c20c53fb98725a2,0.999842594677074,8.441501385081454e-07,0.00012518048392111777,1.5871484652727714e-05,1.550920420766609e-05
15b073c6c1159056affcb7b1d5fd094d2fa178d5,4.35904053943381e-14,0.9999999999945146,1.9462490844797958e-13,2.5342481108262075e-12,2.7182777808694215e-12
15e01f45d706c15014d706a000efc2548eb33980,0.7216299444136687,0.0003571972765897934,0.26771505179597277,0.0051391720519318555,0.005158634461826889
15e5a9271c80e1c7161e468adfb58a694c737ae8,0.012384070460503025,0.00296722350073246,0.9693032024974272,0.0074834501341417186,0.007862053407205652
1641eb85255f102592a85d3cba2cb9cacb8b4051,7.692493156929605e-14,0.9999999999893703,3.6688192047499287e-13,4.951056174642926e-12,5.2412489173215375e-12
167e0483268b98bf5fe1a5aad41cd95eac382f0f,0.990975813758677,0.00019977947328464376,0.005722604632089772,0.0016031308124707913,0.0014986713234638458
16a0e237108278566224aab63145df19b683c705,0.007363932570471497,5.613912795085435e-05,0.9907077760423907,0.0009370167534957977,0.0009351355056912957
16a56f26b6f696151809e0cb26b75093ec47a58d,3.584117022491149e-11,0.9999999977924574,2.085028791270044e-10,9.7287932520874e-10,9.903146466752018e-10
16b770f6de7ce9481b84051fc4e124b792695910,0.999767654846791,8.527445914534302e-07,0.00016001125507372952,3.637449184207645e-05,3.510666168363483e-05
17aafba88458bfd29ddf9b7cbd159c191f7a1118,0.9995862690770698,2.6915914936238028e-05,0.00018624909972230825,0.00011009362182698842,9.047228646956246e-05
17dd7effc40752af58e35c37c5895d4ba5d84269,4.939772688916283e-21,1.0,9.880347760642981e-20,2.2073501356969575e-18,2.3097380833321334e-18
18595209cee4049feb8c24a6fd25aafd9d0d755c,0.0002682510596342679,0.9967812744757275,0.0008512695357716524,0.0010757455047217088,0.0010234594241405651
18a3d479d214f7c41b65ecd6abfbea8e124d5ea6,0.0008104924007304999,0.9989451691309694,3.55426779865632e-05,0.00011757757365856546,9.121821666092262e-05
18bbb303cb556aa3dd69b6705893649b194b875f,0.01821250313581957,8.009641019954173e-05,0.9782322795000379,0.0017204026988758485,0.0017547182550696366
18fdf5f0583fe8b0cd324b2324e235a7cadc9143,1.6791419421740827e-18,1.0,1.5446493959895025e-17,5.61463662052093e-16,5.492183545370607e-16
197baa2e7a1a9b5e091c5dda305922b912b5f000,0.0028431767601230025,6.735299178310679e-05,0.9947309703071434,0.0011811075661116994,0.0011773923748479025
19f510e2874c0b863f7b753a1fd624e1cf7f65a7,0.9999989605111355,5.3777326613149476e-09,2.0966044869425703e-07,4.0469881567099516e-07,4.1975185469689814e-07
1a17c80adddd2c806c7c006c1c6664551f639945,0.9999392440842978,7.116467714206459e-06,5.870754752854949e-06,2.533001035683628e-05,2.2438682889818967e-05
1a2945de7db7d664a6a47aa9d4ca66f32f70b007,0.9949231059374629,0.00017578758175369882,0.002218423679270584,0.0013137364121838578,0.0013689463893220687
1a434697e5ed37622d6e242b2661e1b5f15fa4bf,0.9804650231973419,0.000989675085134814,0.011011909496087737,0.003798063616748737,0.0037353286046855213
1a4ea72aade16ffb2a8a5482d687c49f28e5748e,0.9999999994340101,2.963213042321333e-12,6.0331668161012564e-12,2.991055077363762e-10,2.5786333735177064e-10
1a8feb5bc2c7f920cc90e2d48e1aa165756d8e40,0.9997802201627337,4.4911537396852845e-05,3.338279715162484e-05,7.231881737497243e-05,6.916668533636559e-05
1ae7db637de02c1433a216bff407f1e00b7746ed,0.19621086964125753,0.0005384863915963515,0.7920243574349572,0.005546085088403126,0.005680201443795939
1af7c0ced692824637718b5bc494b3f369c27ae9,0.011188589143283599,0.0296601736286416,0.9351410016354174,0.012009009473555668,0.012001226119100506
1b1dc07761bcf39e979dfb1718967a78d0aee790,0.7730434400613991,0.0011539071905675917,0.19784190675161062,0.01365161520650525,0.014309130789929885
1b50390e6648cebfec8fe3a6aef61a0b066febf9,0.9997894368009899,1.1986955261409036e-05,6.104812119469645e-05,6.784998182536525e-05,6.967814072186872e-05
1b5736b3ac4f1db6c28a7818835cdf7a9574658a,0.009974212132707024,0.0068064271093189735,0.9647877611787602,0.009652894233866309,0.008778705345352866
1b5e71255db35337b4ed41409ad2a02e2631eb7f,0.7282266158807384,0.00034602099734926345,0.26307213439181276,0.004185398239564064,0.004169830490524071
1b9efa38da384b10eaa53d56a07a9094febd5c6c,0.9994298490619355,3.2019759763435533e-06,0.000441873717156557,6.160057473308863e-05,6.347467020970529e-05
1bc2142fc267f7d22be3b03f1d8b96791148b0cb,6.018936020493163e-09,0.9999997094317759,2.486487930038777e-08,1.265845937647917e-07,1.3309982029496636e-07
1bc5f88ecb46e60f0f63bef176307d245171062e,0.0015626210558542268,0.9904516480590438,0.0022962333529359465,0.0027673195882684065,0.002922177943898043
1c3ece194677524c78a9f91716667bce5fb9b7eb,4.4513264673142e-06,1.101415555078638e-06,0.9999671159779064,1.341564306289486e-05,1.3915637021963741e-05
1c626c21d45834c3cee43ec7ec17c73629afce5f,0.9998653943478025,1.013045616586351e-05,3.3749469047027765e-05,4.48211706075403e-05,4.590455636701854e-05
1c73a9479849e76c9269bf9f1542e264493cd91b,0.03609262015328602,1.9303875676697178e-05,0.962536845047793,0.0007053855694144232,0.0006458453538301683
1c7e51812e18ca91b75484915554483ce2a55119,0.25651449492806,0.004661298085316758,0.6867057385492391,0.025605518541090482,0.02651294989628664
1c9268524736398ee3e60880113cc4d92f934989,0.9996412645532395,1.1822508901107017e-05,0.00012362621053911695,0.00011794156444123929,0.00010534516287963648
1ca667458b92c09852f3e4a2d3be77fd0064c069,0.0014340448782947089,0.9966596705064895,0.000591860003741007,0.0006367119613708248,0.0006777126500937419
1cb82db6885a902029c17c04ae7511653a1d23b9,7.423425114041376e-05,0.9991233865908623,0.0001623926491432331,0.00024419179697862735,0.0003957947118876629
1cca7897a49ff7f29aafea06ccafc2ab7f050d9e,8.782721799532355e-07,0.9999912478055133,7.025153005222733e-07,3.866738812035161e-06,3.3046681943898845e-06
1d21046991eae6f767d0af4f3e2df0c41d57376d,0.0004922939457972515,1.8254813327421652e-07,0.9994699681690721,1.7822639851553767e-05,1.9732697158624338e-05
1d3892ce2970b5f0ab94bd5d6df178022b82fb75,0.13812101422272477,0.0005196728804036378,0.8463574434772551,0.007462058298736828,0.007539811120889019
1d3b44ab1c7acfdf3850e0f32c81ac0733875299,1.2163341900994011e-10,0.9999999949788503,3.207580319228622e-10,2.228852595470504e-09,2.349899146721962e-09
1d7c293d74195e673ba22ac413866beec98ca7ba,1.6312194188224887e-09,0.9999999224112942,1.0807534260941776e-08,3.289048414646039e-08,3.225946874446543e-08
1db409415257ad5afb7d1a4301b5bdd7e4b23a4f,1.1324541918151232e-13,0.9999999999883755,4.650062954504101e-13,5.353214902379005e-12,5.688677309081398e-12
1deae0ba27a1dff11ac59bca2da59863dcc89401,8.540328871333231e-07,0.9999961528090574,2.3567719064599325e-07,1.3579580343370098e-06,1.3995228169985926e-06
1e5f02f3348efc9deda3149c6dcb24262b68e0bc,6.853253419044767e-07,0.9999982983459842,2.1317750015812212e-07,3.876923851650701e-07,4.1545878053173717e-07
1e6b54269bbced15cb129fd99873927aab30fd92,0.2282287501392073,0.00043771884574360094,0.7530220834350668,0.009084073320429572,0.009227374259550525
1f306e0c91d64cf18674974f3520900b53ae60d0,3.746868185097257e-09,0.9999999068697364,1.352379191950828e-08,3.662020503299705e-08,3.923939487881468e-08
1f8ae4a40785fe5619988e033a6bdd897823827d,0.14749372651008832,0.0008768919971422704,0.8347595947434469,0.008452836650468448,0.008416950098866036
1f91a15048e3ee430b307e0d25298ccb4d778c78,1.7707921285202614e-08,0.9999996423366397,6.950709814405492e-08,1.3052582895538858e-07,1.3992250827347027e-07
1f93a643487d5fc6008d958f25d7ee0ff54a7d11,0.8722986725860149,2.6196935887983716e-05,0.1253693612941573,0.0011455431721944659,0.0011602260117378918
1fa318e91639e14ded7d95319fe5e497b89c1c6b,0.9321113229013545,0.0010528569793338907,0.05387081376564058,0.006483763332718081,0.006481243020966245
1fec12dabcfdbf1509bf3c4a94af4f3be401a957,0.9994252026468108,1.991370684937594e-05,0.00026841492698232176,0.00014747773340387975,0.0001389909859597882
20514b3a900e6865ddbee4dc7f3ac9a494c3982e,0.9962095108927693,0.00048020601631327425,0.0018770324283599441,0.0006921219768900522,0.0007411286856620774
20db7329999438154327e166b1e270010149814a,0.4045949894853225,0.3015272763500227,0.20527642345486966,0.046749355625476365,0.041851955084321796
2186342b9a2ac3d8370cd188deeb4460adc17368,7.406454329808412e-13,0.9999999998865974,9.000652882082386e-12,5.0611372507511286e-11,5.30520919451004e-11
219c4fdda89354527ee17ad814be82a051c69f85,0.0856775477470506,0.0003275149733765601,0.9010015480247883,0.007933338443345338,0.005060050811446608
21d98fb6b5204400522e33450b68f43377298c45,0.265589137364171,0.0012043644087521962,0.7056543882424172,0.014283218441939794,0.013268891542729571
22133cda28691ae1c52d81796c20644a27ad65b5,0.9910197238304218,6.219883319019365e-05,0.007389945206405757,0.0007665820354327751,0.0007615500945578285
2232f3e8f9147b183adc5e5922031ada4617fe49,0.9977234461392326,0.001298876890450531,0.0003576401356877873,0.00031723487434073215,0.00030280196030177604
22650528be024b0ae698b5211306bc3732636d13,0.914206139365622,0.002013813082746791,0.06379433755388268,0.009939869696363903,0.010045840301372488
2271fe2c21330c061b949ee2ef4e519280852b13,0.552305711522356,0.0114431667473036,0.3822588769905936,0.026598503061594024,0.027393741678157352
228a29757133e396c6f0962ee01ecd920542a044,0.9999579924785451,4.984720736410055e-06,3.339470237387596e-06,1.9285534136089833e-05,1.439779633338666e-05
229d4fe6fec882e0612a7ceeda6ac8204de18c82,0.9838259995469713,0.00018667187149887932,0.012069461443723187,0.0019342941179277232,0.001983573019871212
22a7967c345454212d50c6f8b35414ca1947cfed,0.9893790529948879,0.000364569232532094,0.008021021580511663,0.001134241161991764,0.0011011150300654115
22aa78381e31b43c9ae7f2a931d04e5fe3a9e2e1,2.5513378303084846e-08,0.9999992081982051,1.1150793331362559e-07,3.2664367836259317e-07,3.281368118820415e-07
22c65d35241b8783cbb04b57e5d8bbf67b18466d,2.6073925639980943e-08,0.9999999087600641,5.229111314630594e-09,3.445432067569169e-08,2.54825816796895e-08
22d51c0b65218f37924043f86cad2836c06750f4,0.997192250211825,0.0001329218637115356,0.00126995012472828,0.0007015022029395428,0.0007033755967944133
22d605a5ecf7c468fa8ca8482cb4295a0c6622f0,0.9827701784529946,0.0008727115830764708,0.010594422174348701,0.0028640091896026715,0.00289867859998135
22da997d2d5a443d57cc82b9c0b996d4444012aa,7.683433158076565e-12,0.9999999993434301,3.852134535264483e-11,3.0527390714337613e-10,3.0508625399324664e-10
2331aed1ec908a42e14752a12d2ff6db43352185,0.4676182479811561,0.0004539459663797133,0.5206179136440934,0.005503879853748152,0.00580601255460991
23432f8e81eae4e9d012a18339e19ab9076f72b2,0.8500274496580856,0.000155711396734517,0.1396112000440084,0.005259367687195299,0.004946271213966953
234503eb2811a7bd940e16cb63e858165b824b02,5.80847243387202e-07,0.999994680788369,8.387751711148501e-07,2.2156168608174725e-06,1.6839723496101666e-06
2389fbac7e9352ec0de7cc8775f2efc4b4cf6b5a,3.596898480523191e-13,0.9999999999554063,1.8230245857893694e-12,2.0328198228941812e-11,2.2070610176099625e-11
2396eedfb4b784c10e02b5ff30b30a67b2b43c8b,0.4602446957399476,2.80468300045987e-05,0.5369586637932197,0.0013726410868049582,0.0013959525500319516
241de8bd14a3c5059ba72e47c9c7d81256740add,0.12608530050039085,5.921531013899417e-05,0.8695452065598159,0.0020901271914127036,0.0022201504382331418
24951db6a078339cfc92582044799ca6e960669f,2.6299524781763183e-08,0.9999996658139015,3.517762587757511e-08,1.3403940653896038e-07,1.3866953283342386e-07
251bd51aa700823c7d36d58b331cdc110a1701f6,0.08220875016684885,0.006131262943594171,0.8786837858840079,0.016712753948786185,0.016263447056761
25222836d355cefbeb28dce0331b511c5504d970,0.999634830781244,1.0195322615175096e-06,0.00029573326819286945,3.386559532354871e-05,3.4550822967958605e-05
25310ef53a4af995ebd5cd6ebf505eb496bd1f82,0.9999979110737844,2.4439297754994963e-08,3.6181715657011755e-07,8.386624231956225e-07,8.640073420578059e-07
258ac68db6c7767d8e8ba2c49921e2c329aa0f88,1.5279444632687222e-11,0.9999999993326298,3.9187175570761815e-11,3.0711962046351845e-10,3.057716567194427e-10
25c7ddcde232773eeb3487aa8e6cf929750416b8,0.9999728823261469,3.62604338332034e-07,9.090608915508174e-06,9.406800969665689e-06,8.257659626088501e-06
260a4acadfa1c8e2a5b405b858b556fb841b39c2,0.9951454088711988,0.00011054948554130427,0.003685653164676886,0.0005444727899135558,0.0005139156886784121
26498a5987dbab32e9e3841a04434d9d6216f7e1,2.9101174043682225e-05,2.6651522106073157e-05,0.9997278393119312,0.0001060137600768611,0.00011039423184640415
264fa2dc9c98b37c6db6f1f7c8b7f54fce27c993,0.9999803208613113,5.715059263317786e-07,7.727306482232966e-06,5.651547565376013e-06,5.728778708014243e-06
267db0653386b9e84e4130fd216b57a77289b54d,1.4701543009657716e-13,0.9999999999721751,1.4734140856368225e-12,1.2703320130321182e-11,1.349939682637977e-11
2682e0c1a27de26e0649f196994225173d6323ba,0.9970629347406522,0.0001855685017065645,0.0015624152634606233,0.0005911545283953991,0.0005979269657907937
2683a7feb3b17d27344244cb210cd148d35223f0,2.207818005310433e-05,0.999916920625401,1.6519797249704705e-05,2.2283994892399075e-05,2.2197402410830716e-05
268b71f045246efde4ea467a4ccfcea2c2804b51,0.0008357392848524915,2.1830430997759623e-05,0.998486362949985,0.0003262035906531153,0.00032986374350454424
2691ac6f3a6e113168f145237d836b60df881924,0.2562901864022542,0.002201149952552464,0.717417047346107,0.011705622828882935,0.012385993470189626
26b702a06ae1e864430330d015aaaa35f21d4eeb,0.9997407772393557,1.1111913222128378e-05,9.93689824853107e-05,7.676321572996687e-05,7.19786492175358e-05
26bf62e344aaec65d875ad14fd562aa40b49408f,0.3579015070119867,0.001286988338300607,0.6175462723199505,0.01140276583536018,0.011862466494408197
271825ae352bcae7618044ca2b5719b6f67c6e07,5.476356732345274e-12,0.9999999995319229,2.2058728570976706e-11,2.176933475860824e-10,2.2284147980180774e-10
27234421a1cc225bbf6d4795f3488dfdf1d2a1c4,0.9278224655964491,9.445822466149734e-05,0.0665239505791672,0.002787737962478534,0.002771387637243304
27559809240c440f0b528fbc1af7e5cbe1b8fea0,1.2192828950308015e-08,0.9999996937670701,3.280543775886746e-08,1.285398671043576e-07,1.32694784674927e-07
2799426ff8c1dda3701fbc7dcbb624bdb230cae3,0.0032171869318464567,0.9910363411493014,0.0009701914633226695,0.00242388012665224,0.0023524003288728163
27ec30c7c2416334df93fd818a58e3d9554913b5,7.065374821702384e-05,1.7779931938872265e-06,0.9998730274994759,2.6793010748150907e-05,2.774774836103241e-05
27fab48d0e16964ff46d6c5b904ebdf9e81e8747,0.9948561672144399,0.0001266154712392655,0.002999519844423898,0.0010204574126381892,0.000997240057255268
2851c1456c5a6737c8594631348781c2ebfa30cb,0.1561693072594156,0.0004995944698288805,0.8346586385714737,0.004213814500968567,0.00445864519832151
28667773b1bcb3baf526df79f8f3296c0d4c9674,1.870975613370049e-21,1.0,2.8411683257684673e-20,1.0260090388179208e-18,1.1024321927033323e-18
28a78ac3fea8a67371457536a90b0e9567273865,0.9837444678454959,0.00022442749281736778,0.011232600615875303,0.002594610951264825,0.002203893094534593
28dc3ee972f8779bb4b14107db268c8409f50219,4.764492951304577e-16,0.9999999999998295,3.1406353945696363e-15,8.18161683266695e-14,8.703468214437608e-14
28e36096ebda6cb2169943384d6c1fa8180fd9c0,0.9997654973710061,2.4984417854353776e-05,3.7795381746005825e-05,8.741796054300108e-05,8.430486884979872e-05
290c85dac0aae4c60fc1f957f7b17b380e049c23,0.0008881200518564617,0.9982667746207537,0.00043686085147292907,0.00019870210488457732,0.0002095423710213747
2949d2d118a3240ba3c654d7c7e93169307176b3,4.206583654357655e-18,1.0,9.097444344587598e-17,1.3019849453575735e-15,1.3317068891720748e-15
2957893c8d9481ae20b144a940ea8a293d90d18d,1.6812872206575765e-13,0.9999999999739657,7.476232506017483e-13,1.1412924087429225e-11,1.3694806935003399e-11
29a252032b84ce882412cf07189c50cb15514eeb,0.999820254858634,1.403700281265529e-06,0.0001249274552678044,2.6221963437956657e-05,2.7192022391133625e-05
29b49407d4bf17d71f7bd1d4f4e47c4a899a28ed,0.7658573989487683,3.92442334532065e-06,0.2331096871625142,0.0004909628542443945,0.0005380266111110219
29c81c827ac7170ca7898afd9b27347ff592bdfc,0.9999997692708273,1.0271009937542118e-08,7.687769389457533e-09,1.0426026754242239e-07,1.0851011745422738e-07
29e5ea1ed4816d8687114bbb13162d9a074e7eb8,3.970349535924609e-13,0.9999999999365627,2.7479828582837746e-12,2.930342210395706e-11,3.0993466300588024e-11
29f93cb4ecd517363279aecef84e97875d5545a6,0.999432500779685,5.651421723229987e-05,0.00011392776462896982,0.00019557838138688037,0.00020147885705693367
2a84a5008e52e2a6656bb548d835335011aaaf74,6.166568453063323e-19,1.0,4.4852885979129346e-18,2.1287790366524945e-16,2.0426860220651973e-16
2a9af38c7e7210b6ba6c72cf5864052629eb3b6f,0.9732906650684789,0.0007260486423466457,0.01882988691250002,0.003536804186481887,0.0036165951901974795
2ab0ef31dad96da6e0da678339f3f4f045ac1076,0.9978400393721873,1.0387568444148527e-05,0.0017116164297494715,0.00021735225603998926,0.00022060437358631063
2ac85346f12429c41daf50490f042007dcd08c83,0.01858675518407541,0.9763773577330511,0.0009952286987688864,0.00204800868080596,0.001992649703285451
2ad94bd023bc1acacfed6a3352a100906678b109,0.9902963203914714,0.004984408200647329,0.0031428224626954423,0.000790710433920237,0.0007857385112666051
2b48e2cac369ea2abb17921a610162bd33f74d68,0.9998501449079314,2.186738403205584e-05,1.2013397666825435e-05,6.306741528645557e-05,5.290689507651842e-05
2b95c79271040f8a030d774286ad44053ee16b9d,0.15948132652068664,0.009285579541662472,0.7874207157511831,0.02224181686191902,0.021570561324556866
2bba32730836833faaeb1a263ed29ab4df5735a5,0.9986638528336604,1.5514697538448407e-05,0.0008965578396772095,0.0002085199502579075,0.00021555467886976925
2bd8ed9333cd7b9864725f1742a689df365ad51c,0.9033109473909502,8.334060944822e-05,0.0905657039115182,0.0030557469230092665,0.0029842611650615306
2be0d207f3a86e11d08edc1188508e1af1d63fb0,0.002069356993285682,0.978985233011038,0.006000930789042167,0.006927273116982136,0.006017206089653813
2c498e330e035ae446ecde1a08bbf4f9598ea178,0.09690113346204686,0.0005932478936876448,0.8867197354360051,0.007846966635678045,0.007938916572585015
2c6451ee38d8ba82c2d43d23ada828a269ca4116,5.8422739867459e-12,0.999999999493923,2.5002510397606837e-11,2.4501507060968997e-10,2.3020773136615438e-10
2c966c3f4143d9c68580bf1c3d404a59137ae609,2.0889255315828167e-10,0.999999986569634,8.752082189561496e-10,6.030429271272755e-09,6.315822524868784e-09
2cada7f16de01df9295a1b644efe5c619ac8a2b2,0.05222661114782774,0.0005309028945940646,0.9370018451364274,0.00505449660354675,0.005186144217612165
2cae18f86c326b0eb16f03b0aa9c75818a977448,0.26967504439466883,0.011078405099658293,0.6914203192920635,0.013809254612724187,0.014016976600871901
2cc876deb0920ade25c16884bb57a0aa8359c43a,6.189581046659508e-15,0.9999999999982094,7.958198033612308e-14,8.192326328823653e-13,8.805616830888957e-13
2d2fe22b39e39e7bb306d5e84dc9f9c4d470114e,2.249835707157286e-08,0.9999997924612887,1.6928567048595825e-08,8.205437239979841e-08,8.605740076690222e-08
2d9c99c1154e7e7bce3b3f191f4d828672ea27a6,0.16551761756688238,0.00022924673437653377,0.8247844336965977,0.004911615530073681,0.004557086472077897
2dff481ee72ac1bcde6262b26c372a9e8b7c7497,0.9999869884940259,5.993312686720443e-08,5.606610031634296e-06,3.5417370610845614e-06,3.8032257451642155e-06
2e543d501ac8b6dd450fef9425cae55ff7b50a73,0.7419911115953156,0.00022302529874832514,0.2521872550372918,0.002745480186913988,0.002853127881728901
2ea80316710f886c245ae2e2d45915567e548c7c,0.05262943126721339,0.00021714930363565186,0.9409854927146405,0.0027496211952268523,0.003418305519269546
2ebfaa78df27a0a64d26bf6772757307c9ff975a,0.09318397371790375,0.002340700202143876,0.8861436783795998,0.008986467104828748,0.009345180595510774
2ed11ec456a062d53dba7f7a9d57534d12acdb95,0.9970642251701958,0.0003593380348335375,0.0009607433326654448,0.0008568702716883311,0.0007588231906220668
2ef825bd7e0591e0e7cb78dae66ce5a2b6c40f5d,0.029332199748405254,0.0019996605093280965,0.9492512945772736,0.009590586670858608,0.009826258494137706
2f011c8fb460b9dd5e28275c0362745a010f4ca8,0.9999333936319938,7.202886034317579e-07,3.1487307787921945e-05,1.729635732730143e-05,1.7102414292955837e-05
2f508eb79e87d75611f3ddba309163ce9d0835c8,1.301654693167514e-10,0.9999999939095119,3.862786625275837e-10,2.7434300286890228e-09,2.830605698515619e-09
2f79ff4c3493a02edea1636bcfcf555b1bf7d64f,0.945086712057338,0.00016557834171914397,0.05011534531413591,0.0022496697713710974,0.0023826945154252393
2f85f84d5136cdf6e1ede869b0015b7bfea6b800,2.794363175071685e-13,0.9999999999618296,1.4448338215001647e-12,1.7432291908202258e-11,1.900626022229062e-11
2fb671633b2e8316879cf56b830a57c8b33983fe,0.9999943633521564,3.5961452526157053e-07,3.70904714023695e-07,2.624084041237107e-06,2.282044576883492e-06
2fbe2ccec11883bffc4a999febefd5f09b871424,4.5786694741120184e-09,0.9999999040317437,5.091151942822417e-09,4.601249847381155e-08,4.0285935376866065e-08
302994572385583073738f971152dc77783b528d,0.9999956987050915,3.823782970832472e-07,2.2478199648345527e-07,1.8240369789060226e-06,1.8700976326638271e-06
30bdb11d5166101e7dbb5634d71c2575b6e5f54e,0.9993432579719754,4.7787753886335345e-05,0.00015280799490236278,0.00022830907676412506,0.00022783720247390946
313225e9af2ad60d37829216caf4bce04f23ea92,1.4870917768660706e-06,0.9999915451771405,1.1959375499216856e-06,2.878329095180457e-06,2.89346443303675e-06
31964043423a074f2a221988df0c76b5e6b8f5b2,1.9669348635529236e-16,0.9999999999999432,1.0275306435002147e-15,2.1320448265494803e-14,2.2070581784516485e-14
31c938d5ecab1bf0f1c4e8082776f0361a50f27d,0.00023306619328702658,1.3832833213324187e-05,0.9994488331202979,0.00015783485958230386,0.0001464329936325501
31f73e02023dfa2d1e29e8ff41fd9b18c79878c7,3.0957088136917243e-06,0.9999780652850143,1.0235236248606554e-05,4.335919252349322e-06,4.26785068241511e-06
326da275051ca238a24ffeaf166b24c00be6216f,0.9986242321008129,4.197345645132335e-06,0.0011316221037933284,0.00011756924119422926,0.00012237920854597494
32f27dc369df8e68abab72fede10e6a6ed9ffbfc,0.9611559290249547,0.00016827903995424975,0.03396537682321424,0.0023351857291309328,0.002375229382737532
33892ecb8c7c790fcbc2105f390c491c08963ea2,0.9998303763072468,5.725099772007367e-06,9.814153032266825e-05,3.245103955153163e-05,3.330602310106871e-05
33a7bd491294f9bd4db119b53c5ad00ed70bc6c2,0.9821196351132746,0.0009966219103901095,0.01087942587957502,0.002976316262097092,0.0030280008346541933
33b2fcf2f8546fae425948d41785c784da14d6f9,0.9816699052749109,0.0011725573617615513,0.013824908840210284,0.0016500528446556386,0.0016825756784501799
33c00e4613dc29cfd313ec0b072111e354130d9a,0.07314284796240839,0.000595946030964637,0.9094641819994502,0.008230014141501882,0.008567009865677136
33c58ca9d55b9898c0c1d86a2321bf4da5e1f0c3,0.7010793546305714,0.00013531094401304225,0.2877756704915648,0.006337655089482012,0.0046720088443587705
33c989d20b0b8cda8a03f2f35a54c9f20d4358ed,0.7398106254212363,7.111894311311341e-05,0.25461785579863927,0.0026845961333824796,0.002815803703635466
33e428a439707970edb08701626948e828fdcdd5,0.41897671974388995,0.0002808312783763883,0.5661624836317497,0.0071903674068152235,0.007389597939175594
342f45fb99ca21761635a2554f6874290379264f,0.6724145914989472,0.10125365308777955,0.1265426043153379,0.04938376674157713,0.05040538435635258
34c01b50cfbf61b078e8b418bbdca0a04a3748df,0.6968830849323412,0.2684988078949279,0.004943189027820896,0.014753039631937134,0.014921878512976305
34c47b3aa1a1f73b6c8b2ef6ea2c5b9dc18feca9,0.9999999993202096,2.4484967954639856e-12,2.2125976751978688e-11,3.251390353676475e-10,3.300761173493005e-10
3503923351a4e5b9f1526ebe2bb91828008c7ba0,4.882071365639896e-18,1.0,5.406415620692666e-17,1.2402418902774716e-15,1.2755630371665657e-15
3515161f7bd3c88c82fc4880721c119c8b65b6a2,7.70230478343726e-07,0.9999932889846354,4.954627457181915e-07,2.820939732212486e-06,2.624382415250006e-06
352512f17d97d8c2ec89b553c49d9b66b73cfd29,0.35896565593377616,0.0044043069613884725,0.5956745991751027,0.022421261443845757,0.018534176485890997
353f1104abb19365f64a32a062aee01bb7b736ef,0.16988707029210626,0.005208555795932889,0.8078464793121285,0.008295414471029038,0.008762480128796307
35cc4d648238374926f5b1c5dba18f64a62aa3f7,2.5754016708060982e-11,0.9999999989510115,7.204543818997378e-11,4.0116361195033523e-10,5.500290553230384e-10
35dcca283f314298e197346f79866e31c4c9a806,4.574124258193691e-17,0.9999999999999716,6.379031930040275e-16,1.2621525196396187e-14,1.3783308087876839e-14
35df43cc777af342d62d49720a39d7cc544672db,0.9964730681981434,0.0007102303879859134,0.0015345233242161638,0.0006408071842541503,0.0006413709054006387
35f111d0e97cc60de6b2295b0dbb3bd3c185cce6,7.43219496334104e-12,0.9999999995066844,3.9358861639677e-11,2.1615112887619631e-10,2.3037454203596729e-10
360dacf49e0f34b5d7ca48bbab59ed497f667a1f,5.771034984249546e-07,0.99999304399467,8.443534101229285e-07,2.7381092971065523e-06,2.7964391148273892e-06
3616b750238fde10f0af92b39f8642ed04f4292d,0.0014631013286156424,4.196145921494007e-05,0.9971639913908631,0.000653583728992068,0.000677362092323715
361806eaeeb8e109ee70a5a7682afb4c62db6a6b,2.5072747991330586e-12,0.9999999998510702,5.026310165201493e-12,6.976932044196122e-11,7.161498674031307e-11
3667780549f63698b6bcda210f734afe6f00b6f5,0.9423628742414608,0.0004508864022940819,0.04935167221865714,0.003922207985771157,0.003912359151828618
368581ce89aa3d42dd5da5b819eaed2a7518d5f8,0.07141055936590895,0.0005275101354217766,0.9169086559745042,0.005281836778139055,0.005871437746015251
368e350eda45f3d79eee691af6eec3b5ac67734d,0.9981830079094576,2.0394824067479738e-06,0.0016189664501656458,9.586149802650142e-05,0.00010012465994002379
36a25b2cd071cd97e370fe277ecc4ac8143298ec,0.00048402092212684395,0.9987072325325106,0.00021634048706328505,0.0002926332581858303,0.0002997728001160053
372a5ed3b413fac23455e6f6c7b06707653d3d73,0.25133297797417825,0.0005480837864101248,0.7305751548013399,0.010021519030535027,0.007522264407542556
376e988ff1fcf958808647649e2cdf3d01ea4602,0.0008732312867950876,9.343292726281273e-06,0.9988484241778397,0.00013301046663279388,0.00013599077601030731
379e9ff20a7faf7614ccfbcc1157a2ba9c1649df,0.010813233886378407,0.0005112023418516413,0.9768561135695738,0.005953033542670299,0.005866416659522104
3885298536c50c15602b994f492a3160010dee2f,6.8424537627323316e-18,1.0,6.755594162762177e-17,1.6529118038519235e-15,1.989715761817428e-15
38dc25352f81252d7e3e6510f383867dfac5c1c2,0.23720374910352113,6.928193389750688e-05,0.7590024387199613,0.001771218838157982,0.0019533114044529686
396d208d43ce393a6dccab5756f7277841766af2,0.03510356551052076,0.00044442223851573395,0.9570067538172043,0.0037618364932917583,0.003683421940473579
3970b66161631251dbe027dd83cece64dd0de64f,0.9998074305151168,1.3227249777074028e-05,4.755769054101665e-05,6.739610626302074e-05,6.438843829610586e-05
398a4144007d77ecf3ec1c1deebee3b6f4cea7e1,0.999999025401954,1.643461509792269e-08,1.751133980067306e-07,3.932724198468262e-07,3.8977760164236175e-07
399d32183389be62b9e3e781c566f30a35c0aef7,7.211732172590703e-17,0.9999999999999716,6.350658416416813e-16,1.8094960854434588e-14,1.9761713439795994e-14
3a1253a00f5dd488cf15f8679bab5ef457a3a969,0.989625170607977,2.5620236493154028e-05,0.00887412706941962,0.000749234498878076,0.0007258475872378374
3a3f9fbb047cfee35b1f0fd80ccef2c4f6fd1867,1.2305390495098666e-08,0.9999997826439492,1.8130548070674742e-08,1.0235860894940396e-07,8.456149429848757e-08
3a4658180642cbe2761195b9b7780b1fc18b0766,4.6286631666189975e-18,1.0,4.645371202231569e-17,1.0183532794116526e-15,1.0184385795585642e-15
3a5d3d3191b1a854703715c46186fb9122eef2d2,0.005433143201950319,6.136185624788053e-05,0.9929198070850881,0.0007708141107655303,0.0008148737459375101
3a6f248cd6c1eac31bf2c6ca7d6686f08a259b94,0.9985683518294675,3.7603097475988604e-05,0.0010716841782788253,0.0001600640306518429,0.00016229686413940156
3adef46c0ad4a98d53de3f6bcff7507e9adaa103,5.255153311806582e-10,0.9999999783548221,1.4702263576835846e-09,9.813896373208996e-09,9.835547210342005e-09
3b0a48a292ee2314e553b3ae0e9fcfe5acd82924,0.6743824474660902,0.002069080934156934,0.296785023051329,0.013197265229959789,0.013566183318463059
3b2fba8eab2d0c87c14342ab93f9593833a58ccd,0.16079760085489525,0.00510550827433924,0.7898281724470584,0.0219083282859588,0.022360390137737985
3b4fe73c7a6f4cd4809eadcc3a8ddd5c26a7b329,1.349271294652905e-09,0.9999999762957545,2.534522747029351e-09,9.733965225360698e-09,1.0086475978922814e-08
3b66c5b3641287eb6bcfdfaf1432db339d636699,5.756249967958288e-10,0.9999999876044684,7.309033776729436e-10,5.2733672429843106e-09,5.815633508013322e-09
3b99fb4e5cdd412fd4a195cc34cbdb68f95023d3,4.219055816172513e-13,0.9999999999575664,1.718109763615937e-12,1.9668073308766047e-11,2.06207614170524e-11
3baaafacbb8a56cdbf2f0606aae30356237e7a36,0.7075602251279884,0.005645285859291405,0.2543693965179285,0.016474795621149285,0.0159502968736388
3bb07573a736eb7a159fc4266b7cfab3e2caa588,0.99948461443389,1.9300916506998405e-05,0.00022727949844933464,0.00013268438668853432,0.0001361207644647713
3bed99a322bab956e678483c2ed0338635bae020,0.04325449246969063,0.00024637619975159485,0.9481952623355504,0.004207139394552843,0.004096729600445269
3c194dad83f96a132dc193cb478b44cb3461480d,0.9992025107317815,0.00013398492449123457,0.00014410263683846414,0.00025610550432559524,0.00026329620255006705
3c2d132307838479da9a7ea2aeaf7b49bb1f0e98,0.9789144939413263,0.01984363940000354,0.00015521552333575342,0.0005475499613599829,0.0005391011739609929
3c2fbf3e89cf8927e65c8c95dc1f965f97088d1c,3.3072094847403986e-10,0.9999999826843294,1.1517704534000035e-09,7.783542301395995e-09,8.04962801886802e-09
3c49e11299417669bb889f53ee69a9eac81f3c00,1.371421639052822e-06,0.9999900476084497,8.845289036629915e-07,3.830783993692552e-06,3.8656570167793195e-06
3c63bba60c34b790de86d559d5c64bf24983e7d8,3.8741043944610194e-13,0.9999999999630234,1.253235871363467e-12,1.7108374055600455e-11,1.8231475349607553e-11
3c9fe40cd16d06c217583aa70ff91ff98449a19b,0.0013515335333208623,2.0379390496886907e-05,0.9979235839346453,0.0003450785552908637,0.0003594245862451335
3d1d32fa2c804524e6be92202fcb61c9c6f6e6bb,0.0109914070610963,0.00044635338744288845,0.9819218023096934,0.0032538605928771375,0.003386576648896786
3d27f4b78d09d18c7fdab658245b1acfcdbb1ce2,0.0010002630927619383,0.9977292675643361,0.0006758850886076375,0.0002875891646561131,0.0003069950896514222
3d7646aa97f7a6fd4d5d7962fe039ea0267ce82e,0.8233426917847739,0.10170279681797666,0.007711082876048397,0.04073938502328995,0.026504043497916546
3d7b8c6d5faa987683984b2e13370fac13d99bce,7.684076835768177e-07,0.9999979362193849,2.0675049156647968e-07,5.347696407594726e-07,5.538528072292396e-07
3d7eb9ce8727645ee4ec20bef250e766d937bc33,4.363023841900545e-08,0.9999991578306002,9.71562973916769e-08,3.218163403778306e-07,3.795665191484698e-07
3d968ff12649d5fadfc7bb51a998e81141b6af67,2.771299950681759e-11,0.9999999989638582,1.0449952203614224e-10,4.429788700905028e-10,4.60939044418919e-10
3dca37fb5b222754452768c19679c0a1e6350aa8,0.9998267833173102,2.550051654949325e-06,8.552109493631883e-05,4.2524081868086395e-05,4.2621454216502576e-05
3e2708a682dc263246f9339ad8336ecb8ebab0a1,2.5926533570570524e-12,0.9999999998113651,1.5152994184910155e-11,8.598834239866771e-11,8.489653441687416e-11
3e4a810a0d73e508de6c53ecdfcc3db19b6defc7,0.0011588182614364366,2.4519514908509934e-05,0.9982472918512566,0.00027802840041658746,0.0002913419719882349
3e75e226e7455e797ba49e7a71bdfda5584c345d,0.998836905786623,6.565311671565428e-06,0.0009369845452154315,0.00011023305345710487,0.00010931130303037295
3edc14fd83dd2a5a168cb887b108488e39d07676,0.8326639483714363,0.00086745889954557,0.1468591156708296,0.009715312159776878,0.009894164898409349
3efab5e77da8308ee9d10d8377599e04f4541b65,0.9998144103877994,2.8096251252884297e-06,9.30230734435433e-05,4.5482739643824353e-05,4.4274173974218403e-05
3f21caf8ed997cfa7908f309bbc09978d7fa138f,0.002354937836181559,0.00868078032135827,0.9836979804698295,0.0026581868568224753,0.0026081145158212762
3f991b7a289f5c96810a62e767d9e8e4a8506c89,0.9999317359603296,1.1767928463248602e-05,8.656830255109614e-06,2.3499046426246402e-05,2.4340234522482205e-05
3fb4a05a1d41f82013c9b5bb2162253d7ddb8041,0.36158037345350996,0.001244521377257598,0.6086321163555748,0.014332163335152073,0.01421082547851069
3fd93c73799d370d5fdd697bf21bb51a46ffc60f,0.9888672853950305,0.0008893781220649025,0.0049476985849699106,0.002718453458640261,0.002577184439293877
3ff07631c53fb574981f8a8566ad1df74e9b38fe,0.9466081319396038,6.922635341212998e-05,0.049852928331775466,0.0017509975523500505,0.001718715822854789
406e2d7535778e94393ce2e5d838c09362780035,6.578490719824895e-12,0.9999999994374775,5.261931484565309e-11,2.4307737007485015e-10,2.602392974551714e-10
40aa2348315c7f16368b4f6a53455fe9be5af037,0.5984990237643072,0.2837843629097337,0.022016180113568477,0.0515017054405542,0.04419872777182558
40e0e34c64479a19963ba2b3a4ca66ad2fce2a0d,0.0031518425461654733,3.5698621784686086e-05,0.9956851964386598,0.0005606950208346995,0.0005665673725643769
4139d0cd9dd188d32c4bd09f1f615c9f8f074a78,0.8913319556735408,0.0005648482415348258,0.09728542974580164,0.005344442551838842,0.0054733237872725314
419f3484c1d4d86a847a90dd8b750219233fc02e,0.9868428413606136,0.0024118089940876,0.002933530232940107,0.0047878885273472315,0.0030239308850074885
420d57cb8b69cb097e553a18b2ae5496b90fe177,0.9992725666098311,7.1350715993255915e-06,0.0004292148065477107,0.00014601037255364244,0.00014507313946357536
425fa2c3e26db62deeade6a465c14fe6ba7a5769,7.556037837058886e-20,1.0,7.414432258833311e-19,1.2608264652329998e-17,1.2822385272134183e-17
4266cd82b4012f07076553cbc7637904c4434738,1.5016277505509882e-10,0.9999999950175607,3.57219975807048e-10,2.1704197554494456e-09,2.3046240524856756e-09
42748c8819059ab2e3e4a11e49b4904d18f6dde7,0.542104620529168,0.00015544702039623734,0.4510498522751483,0.003231025618049311,0.0034590545572509186
429b3c1cc70b8987fbb65cc64ddbb2ac4af2e413,0.9999999566000222,3.3390044623714556e-10,1.3267512850330209e-09,2.1301464512050834e-08,2.043786981469245e-08
42c2f1c46d8cc0e1e53d3ee5a982b6b6b134cb11,0.030128003690361938,0.011074978339036059,0.9195937699302207,0.020494615559948946,0.01870863248042365
42c69bfd2bdcd6f298cfd1d2c80a28ac3b11bb2d,1.5912349799671457e-10,0.9999999932734625,3.354566125087426e-10,3.0241887970067697e-09,3.207756419239217e-09
42d72fdf8b86e46185455a13c498c706f024f0d0,0.9989643927706012,1.8894075137900515e-06,0.0009001354350088829,7.379799603438343e-05,5.978439082382057e-05
42da4b38de50486157849b2a650b7450582f1538,0.0011516202790015475,8.560294972795008e-05,0.9969882821677204,0.0008791055958939716,0.0008953890076549685
431fe08349f4b79dfda06907dede71aa34837c5c,0.29332887159108173,0.16439887348537216,0.4285676664488347,0.05621465670807875,0.05748993176662576
439d7e5cc85ec84ff8c5b289de3cc9418bb25654,0.6094629929534544,0.00024310301582660014,0.38236817951402585,0.0038732679714818218,0.004052456545208787
43a4f680a89759370ccdb4593b8adee125300d3a,8.313123849808089e-16,0.999999999999801,4.19410807595431e-15,8.713381093134993e-14,9.338190480314979e-14
43f86b4839c0ec3eb2d84e81a856e227a90dcb74,0.06214045941912,0.8583537802403237,0.01966172575856099,0.030803398999777926,0.029040635582210657
43ffd5ed227791dd5c9851f7d905e9f82d8143b6,0.2721391109761102,0.0010801427400910406,0.709782765713146,0.008331087254470815,0.008666893316174259
44223f4d8c80798db4c67a3886f9998440e8bd36,0.46947135539213936,0.0006694460968824565,0.5091294382036463,0.011671047611434206,0.009058712695885096
44a93f93ec30d799bea904fe8a6c590449bfbbc1,0.011011829594975693,0.0003575330722326461,0.9839075998057139,0.002334762392316449,0.0023882751347481944
44ac3f9e2b4857633860cbfb643520d2531fb490,3.7256437922349664e-09,0.9999998292417306,2.452606702625012e-08,6.94596327776243e-08,7.304691959610363e-08
44f5d1ed2fc82b23b06512ed53b1b98d9b274abc,0.9205799130494466,0.00016666154969592525,0.07505468436978795,0.0020626056197376335,0.0021361354113190885
44f5e18fed1a59fde38b7115f238e5fc874979d1,8.43162430327923e-15,0.9999999999981526,4.532771972298252e-14,9.440340287214547e-13,8.540988541181997e-13
452786c6035f1b0993d6df134bc1c59f80bafac7,0.09543217696669201,0.0007260568396787932,0.8833504473731478,0.009920400365658957,0.010570918454810617
454d211c41b771239334065bdf189c9f96c24f7a,7.629507131270186e-06,0.9999696253538336,3.019933921036098e-06,1.0916650564497078e-05,8.808554546191403e-06
45bb6098cebfcadc5640c6624b3fcb9631ac2b68,1.406299872916958e-16,0.9999999999999716,8.891082355616728e-16,1.8886477233331928e-14,2.037801178424837e-14
45d0b1a2040340f9781bdaee64f3fc6c7901bcc1,5.38871273092237e-12,0.9999999996144879,3.044133111929651e-11,1.6851018829718855e-10,1.8117991510061016e-10
46d17d2861e55a2d3a7dc177936d3ab6cd60812e,0.9960625493038491,0.00043509358750833897,0.0013720978232454803,0.0011279324422737713,0.0010023268431119542
46f7d99c5024a91169d68f7a9001524b7aabc64a,0.04402598763583077,0.003352100551368589,0.9319094264170107,0.010393211876317547,0.010319273519479437
4718fa12fbae9140868d4fdbdba755d1b9b1196b,0.9944549273708948,7.024064299831156e-05,0.004134545221160725,0.0006540860846048596,0.000686200680344808
475bc2d8c167d10a9866a5220a35adf48ac6a4e4,2.239067919713191e-11,0.9999999984133296,1.7254217894213218e-10,6.764480669389271e-10,7.152757500051807e-10
47732d84ebc10d114f7343b35b8c819ced7ecc7e,0.9505719871273064,0.003071037280999737,0.027137669140969434,0.009671718362637147,0.00954758808808098
4844cb02f7be947986205fd1be1e54359d5babdb,1.006052594616323e-05,3.470409099678294e-05,0.9998077015573421,7.297420662854951e-05,7.455961908579912e-05
48b701e4a229a02017217ed52c9b8e224e7e46f2,0.07680382610726551,0.0003046356357672376,0.9131400901335037,0.004724972645372343,0.005026475478092037
48cbaad2e505e5ff8a6daf0e65ddcfa7b9dab801,7.40521804064229e-08,0.999999174541642,8.059396778621086e-08,3.3233448954595476e-07,3.3847773269649516e-07
48ed17ea7e5054a02febfc7c5ab01ea3963d49f3,2.6656346227247264e-14,0.9999999999947988,2.7140785170870445e-13,2.3924977565396944e-12,2.510662780060618e-12
4924991c24da1d29571b87e46a77aa26629bf211,1.0130932747055857e-17,1.0,5.660681920642751e-17,1.9017780083541927e-15,2.1129709041821042e-15
49332e6f1f7ababfd0fc18e396eca6de1db6b11a,0.06421423155768673,0.0011574325444710268,0.9195680082149923,0.007674597757414893,0.007385729925428403
49740fefc32e31129f8c9dc2aa6ff7f84f0ecf12,0.32816474681508134,0.000680386774302829,0.6573582810753398,0.0066581806782480225,0.007138404657028551
49f5d3d270928177b9704551664459ecf50ee002,0.018576144545992882,0.0005457575580716497,0.9726949888416023,0.004005065368767101,0.004178043685574394
4a3c5532a96ee5d9cca5495b0c891b5b65b2b18c,3.1404777844660367e-10,0.9999999953961378,3.477565261832784e-10,1.931034279996613e-09,2.011023120401091e-09
4a9a5b9ce7c49ef6d3025a1a36236ee187311423,0.5100197319047098,0.0027430125089879733,0.42979813832737246,0.030911072363536084,0.026528044895387706
4abffcd8cff043da06735cf2de74fecaf0708e43,0.8953779433935207,0.0009250416226920048,0.08952717333176162,0.007261794236809887,0.0069080474152016175
4ad2d58e8d4159b492758479cc2ca008a2a8160a,0.004799847307403763,0.9828344208681477,0.0043862354727994615,0.0038656710049429087,0.004113825346712749
4b1b9aaa2431e1fd6c17d0b7915989bfe28c9b22,1.209004720361051e-21,1.0,1.5125858324277576e-20,6.390958698071284e-19,7.079077556893293e-19
4b316bdcd74d1c4cd61a2f73940cce36a3e38775,0.033384101585328396,0.0010153848864546,0.9548862382180785,0.005255400628368526,0.005458874681756899
4b6eddb260cf69fa0ec1d343699edaa3c91de592,8.345224242431417e-11,0.9999999932290109,4.925908498312401e-10,3.021091272743747e-09,3.1738442676230143e-09
4b7f4f3ec8977c4bd930528c5a16f614edd59433,0.0002848556308086621,6.015875461129894e-05,0.998761576092332,0.0004348277283706933,0.00045858179387863135
4bc882e9e5a9a33ac6310e9e66234803cb51b2b6,6.964365520620943e-11,0.9999999956643819,2.405299546698205e-10,2.119787894021763e-09,1.9056494878079767e-09
4c5fec07ab429a07e915617d597778e7d7b3bc83,0.9991946725164089,0.0002519533779647344,4.7737758496156834e-05,0.00026970671287464287,0.00023592963425389285
4c7aadef8f8567eede8cb0690f090afe1b26c815,0.9988843509414201,7.955669489964807e-06,0.0008576169373978002,0.00012350410592880775,0.0001265723457618775
4c92d992f539b1c7935a2ad8919ea143ec457bd5,0.005548266897109025,4.0514744530296626e-05,0.9936579789612132,0.0003762683808442783,0.0003769710163151599
4cccc9422b54fc433479e10306a5293839cd1891,0.9979896779137476,0.00022630415117038896,0.0009219493680935595,0.0004263890706534224,0.0004356794963477285
4cee51b2788d75bf3cc62fe90ad2c44c35b96b8a,3.377880828177273e-10,0.9999999886634612,8.070248014870207e-10,4.999453243340396e-09,5.192280911073762e-09
4cfa6e5fd96a7e01e57d3112ad22a99bea040aed,5.0881109071638926e-08,0.999999030815119,1.2275643520277768e-07,4.0015658078423756e-07,3.9539076554831425e-07
4d243e1434da227f8f665bb2f3f42e3e9a240197,0.043851758660283846,0.00019144257559954264,0.9524822741919695,0.001750905203908906,0.001723619368230891
4d30e5726e84c02fae86f224a0bec2b2f27f0997,2.1600788829057796e-07,0.9999976897420565,2.3787661385927824e-07,8.895406145625168e-07,9.668328246431172e-07
4d4b0b920ca88db835c48891e2bc915ed37ddb2d,2.223643533695565e-12,0.9999999997735358,1.1138574383813931e-11,1.0349918592960159e-10,1.09607445885873e-10
4d991190f7265ce225ec8e954110adf7812a9fb4,6.361679101574451e-10,0.9999999802843436,1.6989036274769486e-09,8.390117642374569e-09,8.990454032361526e-09
4dab277070219a9e560f549a49f8a6b5c78bd86e,0.98184375884004,8.08843123917323e-05,0.015656402209344274,0.0012411654477778357,0.0011777891904521166
4de4d5dfb2f1584da96dcf14b1b38077b284a9f4,0.9988345115719758,2.5448076902058724e-05,0.000714514385448407,0.00021528099571110573,0.00021024496996676788
4df59854dd007fb1ab530e4f2c592afbaa6c89e2,0.03277472367088354,0.014702765765190917,0.9175665909959443,0.018151757116227168,0.01680416245174261
4e5bd6e8961e9c4799618f589d470f6878326c06,2.67238760775068e-07,0.9999910220011832,1.4470930016583608e-06,3.6225810134527686e-06,3.641086051448551e-06
4e6c10248378a0d05b5a65f983463c558e52070c,1.0843784241655911e-13,0.999999999988546,3.4178685813222677e-13,5.308485166920461e-12,5.691449673103952e-12
4eb936b5f5f9af34bce71a68a663708d05d7c160,0.9996759536798426,5.064953568131713e-06,0.00015018320847135506,8.405356537718061e-05,8.474459274852945e-05
4fc0752c514347b8d2143130e12894fc9dc29341,0.0001921327176166432,0.999438353309192,0.0001398238962969937,0.00011148278292429271,0.00011820729398046175
4fdd17f3d722646d7523eba88c70d71bc581b121,0.9998369294670866,1.6093996828980408e-06,7.79158459974213e-05,4.087134973534426e-05,4.267393748806507e-05
50092d4f78944002cd8907b6f0e18aaa47e38681,8.822179767636707e-05,0.999689662522815,9.192744114296079e-05,6.905680186316793e-05,6.113143649691037e-05
501365960bedde7040ab68ccae6c1fb3a9fb8162,0.005831689416648594,2.126481472364384e-05,0.9929265670586164,0.0005937712774024982,0.0006267074326198622
5016b0996b59b836fb5b7212d0e75013495fadd4,0.02344254814938424,3.309116245802001e-05,0.9741692403640748,0.0011495562479176965,0.0012055640761580548
5018c43ac36a275028ed9e1048fca60e68f1e7b8,8.00155228693747e-05,0.9991470946567202,0.0003205984779106388,0.00022260651836407088,0.00022968482413060454
501b5e2676faf018e4737f586ec6e62fc385f168,0.01891837072945826,0.9759364455043051,0.002170679896917811,0.0014661842571877153,0.00150831961213126
5026edc3937dc8e12639053066b8a7130746c56d,2.1018353743925616e-09,0.9999999460619918,7.966864305249196e-09,2.1393091728316096e-08,2.2476215037769875e-08
502842bf998366359620b9486789f1e85582c4d4,0.3726087929976255,0.0007521180206807739,0.607144892225647,0.009669300006196667,0.00982489674984688
50619271d55a78bf05f2dff89cdc893c8291f74e,0.07936641279114688,0.002465387927847097,0.8986694722083437,0.009766388898184599,0.009732338174478926
50a8b92b597491939365a098c448b79c8d283334,0.784400957140736,0.08486574198646034,0.03921596249495759,0.05701741606694907,0.03449992231088339
50e24045ab34f9a06798545f90b82d7faebbab6a,0.7686641391876631,0.1815225321897614,0.0075390299342251305,0.02485786675374958,0.0174164319346007
50e33fbb7c515474bb684b8312b877f75c64d5d2,0.9999417159403531,3.728881435324584e-06,9.394543345751618e-06,2.2206042061108035e-05,2.2954592807511125e-05
51613eb8ad494addcab281bb55bcfa4d1362935a,0.00018857949147681164,6.496000530558655e-05,0.9991381774093024,0.00030756371418226043,0.0003007193797321851
52004be06c1495c8a2e8d3af7be60f4a3978f103,0.9986603807370664,3.164267715058714e-05,0.0008026820466998798,0.00026464670847459155,0.0002406478306105008
521947b7254043afad5321488b45bd86bc9fa9e4,0.9998861450640923,8.828883788662145e-06,2.5106505592595147e-05,3.9660638447183165e-05,4.0258908082665195e-05
52389364131fc64749e056382f21e7ab23096fb7,0.9922560668260899,0.0008180823898339754,0.002542252536218311,0.0023212786444022707,0.0020623196034682445
52488500b9cb9ad27efd3e9c7e1b6069d76f9ed4,1.3954088640119339e-05,0.999949836001688,5.850342899738554e-06,1.5253152318534086e-05,1.5106414441943392e-05
524ee4d9cd355c91d4dffe1725197af0d6918333,3.197565624804484e-10,0.9999999918166793,5.942970094141855e-10,3.5875121519790805e-09,3.681758518189394e-09
52a9e8ca172d2bde982c97193a5ee5f7a6a97c15,0.06573336707561832,0.0038506360923404466,0.8921068848447445,0.018881537492622762,0.01942757449467692
52e207a7301dbed444e95437b27b36f9c739fe13,0.9992948316258882,0.00018831650850370472,0.00010582922020882273,0.00021157914987412856,0.0001994434955277467
52eee36406e8117cf59be7b9906e0dd085b70f49,0.012126800436078047,0.0017884341801335006,0.9777399688495567,0.004081517928228162,0.004263278606016372
52f3116321ab77268a26b15caa4b5977934d21df,0.9834700577348098,0.010704272877099288,0.0026874409687911984,0.0016115211407002747,0.0015267072786118937
531188121a60a5fc43d8ad724fc134a921e73659,0.37421520143819664,0.0004091754948298671,0.610413390832618,0.007313325645626254,0.007648906588726929
53175daa7da6c12a02bb5d43fe53bb144d52c844,0.02209949529860645,0.0003304112446987964,0.9721374384228052,0.002636203924759812,0.0027964511091414
53332d2e0363433b554581a07239a648c5bccaff,0.9999998332848034,5.178375359074019e-10,2.2049919907070947e-08,6.964813321967685e-08,7.449931696220464e-08
5369aaeedb5bc24f9ef3f1bc3030397a5eee1ba4,0.9967181276263899,0.00045523570232408356,0.0011931079445553939,0.0008345972186927381,0.0007989315080286704
53ebd8e93dc6ac7e39f636449ebc6bcb84a7eba1,0.30319902210015,0.14982865981627708,0.41107568321568017,0.06892176884702604,0.06697486602087799
53fd639b02e2f3b268a5f0258e0ff0945f01f3dd,6.029606656827163e-08,0.9999994793614567,1.010100664046834e-07,1.7372326473864577e-07,1.85609150855339e-07
54067c7a878c3b58fd11de9198320fa4b253e3de,0.04947857809516316,0.8431843276375136,0.038643534747296,0.03207704719723331,0.036616512322794864
542e0fdca9eca8f1a8ac3f759f2320f897941e3d,0.9874774357022144,0.002214034923316365,0.004611096207281085,0.002962653952339841,0.0027347792148612994
54c6327ea2d922515d7163f6b7d440651e35cc17,0.00011398860348949611,0.9995235553024371,9.067203656029902e-05,0.00013360668392432498,0.0001381773735912356
54c6903a8b969096bb76ec66c4a13b6e0b79c7cb,5.2513388774347566e-14,0.9999999999926672,2.7651073808102e-13,3.401109012128859e-12,3.611637024505759e-12
5503e470d7193f77e462e47a43d9f9b6b66bf91b,0.9867812489665349,0.00013392081988231725,0.010055335151301035,0.0014720929235398782,0.0015574021387409816
555ed405d478feb0d94588bbac2b59a51f6fc4a5,3.8684571542144654e-22,1.0,5.885382581783307e-21,3.593719568825907e-19,4.103584092707525e-19
558bb6fa5f377c6c25426487db900d7fda9bbeb2,0.4538961517766474,0.09318796154464683,0.35218611265274746,0.05452951853325114,0.04620025549271618
55da7de7ff954cfc1a71aea496f4ed5b9cdc8bc9,5.541579923564334e-10,0.9999999849183611,2.5947401098095673e-09,5.755800244845057e-09,6.176951781195753e-09
560fae6ec45faca058217fe528498b8f3f60cfae,0.8788176894483438,0.00019813632681518406,0.1135124042728759,0.0036527080116641806,0.0038190619403091802
5617a7b9fb9683f0d8f9252e693e44b0f056df7b,2.731778799405172e-07,0.9999971319630193,4.5592286372838685e-07,1.077795482765748e-06,1.0611407505651286e-06
562784ca558a3edd53d16967c5c8289e67ac2b31,0.8797342789948227,0.00329828370582557,0.07911059075479002,0.019569316575958135,0.018287529968592845
56b8911bb19bc8102fe4fd245f0de4a221bdd5bb,0.41392635307223424,0.0002711930806219696,0.5727496762701672,0.006503227726761165,0.0065495498502176
5732dbb50d3e1063ee48700c04b4ecd8164ed3b9,0.9967503619582554,0.0001209967479511309,0.0018186314050855723,0.0006760251571452132,0.0006339847315733375
57453b728072b8f4ac1a990da4c20fac8ae2bd17,0.9876116106967876,3.9974101126191846e-05,0.01016708564046816,0.0010656496290831412,0.0011156799325379924
5745f26be877d7bc6841578e9976b7975cb0a50f,0.5941060599313273,0.12776151619379622,0.15715792152328423,0.061001725027968884,0.05997277732362594
575669e9a06757b33795350edf2ecc3dc7c55b5f,2.990658879568706e-05,0.9998398089062898,3.79329365214415e-05,4.595089455247736e-05,4.640067382842999e-05
578b9b45ee51e49001a85f9d4c2fa417109a2d55,0.9996280273502094,2.9013014177443607e-05,9.251807318184707e-05,0.0001224651901843575,0.00012797637225491585
5799cd2160dee3092a53dc89f8bdf4fb810a2c80,0.9975321349293973,0.00027659709541091984,0.0008946109969896135,0.0006413248646485917,0.0006553321135600718
580f1261670fc795dee645c261a1c8a14473b21b,0.3700098614766888,0.0010463348577630803,0.616919861157282,0.005838435814431241,0.006185506693833092
5818195dc82ef1b86aa03ed7644cb973307a2f9e,0.9999871904793343,9.199379960799556e-08,4.940822711934168e-06,3.895754212479542e-06,3.880949934093801e-06
581978bb76e9d205671c4fccd7ca5efe25afc973,0.8043781174548297,0.0005968968187579365,0.18201486124412958,0.0064497859291418975,0.006560338553128374
583018a3e6b001d56495e5b2c5f0af165905c0c5,0.5749204552540726,0.02217865666255896,0.2950604306493265,0.053339910202515814,0.054500547231523234
58797486ce63157a998329605a155c6226ec4cba,1.200319662201806e-12,0.9999999999331237,2.877022267630868e-12,3.133626510234569e-11,3.14561531170668e-11
58aee3aa1d94554ff57e6a053dbd60658e4890ff,5.84810015062724e-11,0.9999999965852453,3.044695779048042e-10,1.479897142948181e-09,1.5719052437386464e-09
58b15b8d9ba8a56c867a26c0598bd613a57cb77c,0.0007356671892690187,3.572296696240839e-05,0.9983290244026992,0.0004405035013816638,0.0004590819397012788
58bf4ab284faea337a0d32107f98fad33ca5ae72,0.2612826723244877,0.02588463957210945,0.6390262554318917,0.0390504867523278,0.03475594591919038
58e14980924abd6531656ef3af536852284084f8,1.5734733590253577e-07,0.9999994269632219,6.512520776606231e-08,1.7254856003193122e-07,1.780156839951698e-07
5959fab7b3f173e06a13ced0f5aecc60cbde40c1,0.14625159908569407,0.8426112389140407,0.0016413718288563783,0.004358309303433162,0.00513748086798662
59aa58b5a39079b7f52fbb08f024848e4c2a1edc,0.9996932981370488,2.1191725533079158e-06,0.0002123126947054701,4.57034508604946e-05,4.6566544826690905e-05
59ccdd7b9de47214adaacc2b67ce9923dc382f62,0.9857813667086923,1.656445239109226e-05,0.013211049392483545,0.0004828817874222164,0.000508137659003938
59ee593b27cb3b792b3f4d9c7ff0509265409521,2.959386977240725e-11,0.9999999979085317,1.454701276466241e-10,9.308319308878447e-10,9.855719947908915e-10
5a2d56de8f4035ee0f63b1eb158fc1474ead5633,0.998280322603347,0.00011562424821546498,0.0005389288928162989,0.0005636218491507699,0.0005015024064825696
5a6e4698b3f6b34fdcc3f4cea46be02316337834,0.19372593083182804,0.7976247288550053,0.0014679453982728774,0.003674755905291943,0.003506639009606685
5a772ebe24a1a88a37e93bb5d5e09f527a31d14b,0.08129566108360577,0.0005204364130800721,0.9044949864873317,0.0067753789631122665,0.00691353705286276
5aa9f42e2997030682037a7545035c07b2f9d10c,0.018023529114184846,0.00015403444789415205,0.9768268198595661,0.002451520814328602,0.0025440957640266676
5acfc258efd4d5fa8756ea3cbc7a25bac5203274,1.2876648319052528e-13,0.9999999999852207,6.801087038954032e-13,6.757771357150318e-12,7.1998109633115275e-12
5b17d138a5aa1cf2c6016e9b0aa92a893f2bc3bf,0.9999997420281992,1.4995863299315677e-09,3.48871033517853e-08,1.0815556688112287e-07,1.1342954575947066e-07
5b1ad0ee8439755707f2651b62a58eceba714a1e,0.05943087674285433,0.000983939604910952,0.9232149129906918,0.008065584664845905,0.00830468599670964
5b32610d9fb1e6c06c9a759c9325afe1c580bcc6,0.9994687647749463,9.917586072722122e-06,0.0003098420085385081,0.00010397437827576407,0.00010750125217295479
5b5467b06ed20a92a9137215df91d48e80aa33c4,0.00025308810728490985,0.9987587513683255,0.00020647786672629205,0.0003944143403734985,0.0003872683172817805
5b8bbeb9a7ca0e754c4d54d25d164f9ad29f592c,0.015087655113872226,0.0023336931975190983,0.9657084396333909,0.008507929940094708,0.008362282115132862
5b8dbd2f3e9a7a2bc4281d4cbff969b8fc191e86,0.9371240098320355,0.000401249952827802,0.05428621577227296,0.0040015189244172605,0.004187005518452422
5c16246513e338b4ebe14d84ecc16ee1f87447a0,8.68767752558492e-07,0.9999905900761444,1.7004960673236785e-06,3.364518589759253e-06,3.476141438890445e-06
5c72a46844f5cb42829a1f1845c3d60d72fbf310,8.504652118671329e-05,0.9991321985277586,0.0002273697943832704,0.00027281279426457375,0.0002825723624057035
5c86228fe34314d82d5db352632cf55f9d450c48,0.9999277191813604,2.90878328766698e-06,2.1549040309506966e-05,2.3230367075993726e-05,2.4592627954498968e-05
5c8cef625915c6a1220f0cd86ce0ac0dd78a6e6d,0.9912796537226164,0.0002993419849918478,0.005160384754021665,0.0016056363643752775,0.0016549831739994193
5cbeb23ec37cd92586317894971a58371c66dd5e,0.6898933966872581,0.02040431972715843,0.061392683386073246,0.19850347944383903,0.02980612075566135
5cf8576037a8428434adf073dfa7fcdc1d4b91fa,0.0064925784377894485,0.0001238863946460902,0.9911926973940692,0.0010869779167682985,0.001103859856727659
5d087f02d1541d434bf4a32e539c1d0d1868bffa,2.3853449794989037e-12,0.9999999996950919,1.5982512192172156e-11,1.3936397058460318e-10,1.4718478947079716e-10
5d5311827f2cfeec7edfe2f8870a2b865a07dc1f,0.991697600370539,0.0002301132898629172,0.004745904640731682,0.0016710355410113674,0.0016553461578582686
5d5634590701455990abe734d362c5d5c7bee90f,0.74568060425264,0.08448777219410043,0.11279291400576101,0.027700740220564096,0.029337969326922966
5d8ea177728d8ea79812d96a27219a7d5d2620c5,0.9988537752759207,2.0471941768672674e-05,0.0005823685599799517,0.00028401300727966505,0.00025937121505457234
5d96d8e3f4ed7494a97ee83502cae3f3f87d7b9c,0.23153913922116573,0.006439593734092283,0.7161870654380409,0.02265819724321689,0.023176004363479205
5dc9d7f6d10704dfcb4fbdc56e4bca75400ab27f,0.1456830284482095,0.001182580338634316,0.8329334741383655,0.01055187398437272,0.009649043090425717
5e3775e6cd75950ecfb2dd52d44c0e40b59de390,2.9153007012654944e-09,0.9999999382996824,6.069832883855139e-09,2.6097520691166685e-08,2.6617664609412746e-08
5f01334d1c0dbfe04ccecfaa6eec1cc5cc534e3d,0.9965497085182474,0.00010043391213830206,0.00222057137262358,0.0005727200370685425,0.0005565661599221303
5f23900038a99e911753e9c154bddadb5d15508b,6.453945161166005e-12,0.999999999338911,4.337595596715104e-11,3.064970214578644e-10,3.047609405117642e-10
5f75d7ccb5d7641dfd0c6dba3dc61942ff643b72,0.6642717090149896,0.0004093741022237138,0.3238822185990757,0.00566049268775253,0.005776205595965022
5fdef434a2b49463e5cbb4a729574345647a194b,0.13008149957041484,0.016910989088163086,0.8241199547234911,0.014358401620715647,0.014529154997205938
5fe829f295891aa0dab6a838791b576c5660d6a9,0.0020834166229637195,3.813132315807256e-05,0.9966201495004935,0.0006155564531509793,0.0006427461002452959
5ff773a6eeb3180c55f96aa7c5e4eb6183a5273b,0.9999792839317901,6.76652869460724e-06,1.2351627955045372e-06,6.6204424723324995e-06,6.09393425315687e-06
604802030b06eeae31f0f9f9f44885a00a60ca5a,0.05587707471765791,8.9915715951789e-05,0.9391544733077256,0.002498056806168292,0.0023804794524937985
605af423115f4f3a1242799fd315157efcd34729,0.00015229150059681575,0.9997476463731605,2.5688730290879858e-05,3.6564707541998045e-05,3.780868842067225e-05
60a41d7436e2647a15c7d57aadaf1d6fb7e37974,0.9968028156543803,1.4502812005407164e-05,0.0027842100260736962,0.00019270221835475536,0.00020576928918692122
60e112b51e98a607921c2a29cf2e46d57df95921,0.004700240251139214,0.0003762893193354673,0.9904643576964459,0.0022295328940392157,0.0022295798390348977
61023bd78d026327e80ea3a76d8231e54c72ce55,0.9971214028549001,7.7846162941211e-05,0.001248253203730805,0.0007899298783673658,0.0007625679000516339
6104898c110df931c113d79fe356470934a27d28,8.002747705989869e-08,0.9999991557939591,8.448316439242883e-08,3.310547671986483e-07,3.4864063241630133e-07
614fd786adf4a1876a5d5b7c43897e7fbce29c06,0.9968073082870634,2.002827547906631e-05,0.0024170623559817256,0.0003798115793376513,0.0003757895021304046
617137f0bd56b49da4ed41bc8caf9ac0eae9eedc,0.9923979285283292,4.784514764499658e-05,0.005947761113024959,0.0008779889526825169,0.0007284762583167902
617227c2d4b80a8f4c20b82535aac34dfadcfa17,0.4647040860953776,0.2768855163734385,0.12070112560909577,0.07064595856018994,0.06706331336191074
618ceb1dd4ea60b89c8c921896c37f3dcf45714f,0.00011684355201217522,0.9975072561204047,0.0015484848881253926,0.00043728178688908447,0.00039013365255590154
618d36b105582d3ceb1bf8b194f99d9bd3bb2e02,0.00572901009964971,0.9856903088770314,0.00254282378284642,0.003018575442460684,0.0030192817980223717
61b4d23253eecd6cf2fe1a8ffd335d2e5f937810,0.5057025844628114,0.0002733128144621794,0.48371636246232974,0.005154571223614268,0.005153169036785043
61d337198d7bc3441d0a5ca14d17c32a2eb922a3,6.340655399597049e-10,0.9999999802950585,1.5124490085527994e-09,8.521075521040078e-09,9.037348445877527e-09
61f0326e3ed61b418db3656ec18884cafa1e705d,1.8851391219186936e-10,0.9999999915191893,8.511544387900418e-10,3.536381975062183e-09,3.904772400595165e-09
624320fff44f833c1c8296fb299ab6825c2c5b42,1.3042763213186178e-25,1.0,3.118039842442045e-24,2.1867347242209286e-22,2.4024026644559746e-22
6263d9a1596e632b0e35af422c6c7b7c19319d34,0.9970136722030002,3.327031875361082e-05,0.002142661743819565,0.00040326720151068456,0.0004071285329214704
6290717e64a93dca3056942ef52034b12e2e0891,2.9657207159895745e-14,0.9999999999943157,2.130196392591482e-13,2.6511294167197535e-12,2.8017252811525283e-12
62e30da20c6583c451115b772c017f0ad8837eb4,1.1348512541356042e-13,0.9999999999887734,4.0429336061889673e-13,5.600179831294515e-12,5.117888502594584e-12
62fa2d435fe7c8fd8c397d9203b0efed7702eea9,0.9885995003386702,0.008008691328227076,0.0002548600306469109,0.0017948788395708531,0.001342069462878508
633d378a5ddbb5f2b7cc63788a66ba8cd43591ab,2.549723295810835e-20,1.0,4.1336790673771477e-19,1.5369810547491446e-17,1.5665519459863434e-17
6357380f249a669fb4943a25c1f519152b9c3bf4,6.929663748132472e-23,1.0,1.165490362425575e-21,7.553934374050837e-20,7.979735571552562e-20
635df35717a0191c013fc3eed105d72f350f89e9,0.9999270845244533,1.8628652070661567e-06,2.8800624167634348e-05,2.062572843631061e-05,2.1626257741507037e-05
6360d3db5c148abb44efb1722f91ee852935b23e,5.393139654389631e-11,0.9999999977438847,1.5798714178774564e-10,1.00340550717523e-09,1.0408041691589233e-09
637dd71e973595ece26e0c25f9b2a93f4bc494b3,9.718723891711605e-12,0.9999999993858069,5.400557567156285e-11,2.6537823126671827e-10,2.850944909891127e-10
639cd49dede254f5fa9b8b5e95f15a6118eadf03,0.04539396107401995,0.0001965911447941299,0.9488208748760071,0.0027534330667390683,0.0028351398384462096
63bc19b4b88d7bb78c33368241e3ecc8617012c7,0.9983431129705749,7.675571607776081e-05,0.0004924844557005882,0.0005569398363244645,0.0005307070213236968
63f56c8cad492e08f889b57e038a78e5557e5254,0.999233074865166,1.693690867964709e-05,0.00042919593478131377,0.00015916995660770082,0.00016162233475203503
6424e559f393310c073f4d6fe7c78eec68a2e4b4,0.9527742096451614,0.0018265498783597552,0.02737495412567655,0.00903614565715394,0.008988140693642835
64871a0691cddf644392c9d099016c4580e226fb,0.9969807498776189,0.00011953105319074084,0.0016894875212710959,0.0006079436038222138,0.0006022879441078455
64a93a8c68b5deb4b10a11724d4168953da105d8,9.4529432951255e-11,0.9999999949236837,3.73969850683138e-10,2.2405718729781402e-09,2.3672424973629715e-09
64ac267142e26e3b5fe2faf8d8a52a92bec46034,0.1118265402787722,0.002279348600124396,0.8400606708256699,0.026586544274734048,0.01924689602069492
64b3100a90d7b579b4f66545e43c10fe9c0d8d42,0.10306885872095521,0.0002818523888570494,0.8883549857542419,0.004031027284441188,0.004263275851514022
64b8e10e63d628388b011950c876f16442751bca,0.07491731282141764,0.03027887461581704,0.7994546126805703,0.038341908459357636,0.05700729142284287
64fa4e7b5eaa2a99c56443b65507159d60e1e960,3.8334241740674354e-17,1.0,8.4485362386653995e-16,1.2028449720277518e-14,1.2530134973285873e-14
657815adacf02df2786a40af37c538fcfd4888c9,0.9987127610684033,1.0022399703312896e-05,0.0008635934029458915,0.00020237883261116937,0.00021124429632362782
6619b1412033a3a2101a83acc0886e7e5eb4202d,0.1948044627157932,0.0015710648791738356,0.7836553932585784,0.009908462177697672,0.01006061696875516
66233feabe9d6522180481e341a021a46f43ce61,0.9999844234197733,6.11985918034062e-07,4.548166261208453e-06,5.3927156100144094e-06,5.023712426928979e-06
666d159ddea5ec0bb15462f9c781fa72fc2152ad,0.04008375000723601,0.8995317438791649,0.02269097653689449,0.018686959580357522,0.019006569996353136
66bc5c0a87bb4f42fc38fed7345879c55cc91a6d,0.9832034502516596,7.660814862787059e-05,0.014399535825837398,0.001200324608862089,0.001120081165000548
66e3665d6c0148cc17e299050f744290b8a3d093,2.4026052056520522e-05,3.3820354334998092e-06,0.9998784694123253,4.813934611383006e-05,4.5983154060022555e-05
67739262a5ab2475ae7180e250e62e8d3e7e3db2,0.30356555819020203,0.0004812418214958003,0.6759971110944414,0.009849187838812211,0.010106901055046571
6785befb8d46eba5ab121260b0712c1a47d7f5ea,0.00026047922581994156,0.9994866774877952,1.77705356982408e-05,0.0001251958925058246,0.00010987685817942238
6789d7f08729f9f8fa244f46b6a7bed62f5159e5,2.4621950805194974e-15,0.9999999999994316,2.4389685438978088e-14,2.6664230328841147e-13,2.6438797390512825e-13
679aa28fed2eb1a03cbed1fe216be4df18fc1712,0.9999871750733168,2.2112269408476775e-06,3.4497377611751552e-06,3.594997595315742e-06,3.568964389745164e-06
6882c98a5a411b163d838e9aea148cebd5aab5c4,5.493452636033618e-06,0.99996535610261,5.494830128659861e-06,1.201780416178371e-05,1.1637810460176816e-05
68cfb4cefd190d64520200428b1a773d5ac65853,0.9998648660760799,6.883926676890304e-06,6.634310930334858e-05,3.364558506233031e-05,2.826130289077901e-05
68cff36caed2898f19953a94b3aed78b29116044,1.1559703924002453e-09,0.9999999615996564,3.093909128801588e-09,1.66765518903061e-08,1.7473905986009363e-08
68f2fa12b2724f34f4a5eb70f9a9d61d32cedd5b,0.99981320460086,2.0258620653913405e-06,0.00010557705190198549,4.1078001038694543e-05,3.811448412994678e-05
6921316307f25e1f070c18a393f61ca57040842d,5.155716947143968e-10,0.9999999690478494,3.7053451034621602e-09,1.3030639797830359e-08,1.370060299987312e-08
6924a0be0cfb962389189d06d94520969f1edb6c,3.8834875086626916e-10,0.999999982660171,2.523626296136206e-09,7.018305051596302e-09,7.409557708043063e-09
697fe27651f3e320d31b68f340d284f4d1ceb3a2,0.010543655671876257,0.978661321659213,0.003188013992347179,0.004084757613724164,0.0035222510628263193
69bb74d66efe6e02fdc08fd29a1ccdd84a09db62,0.17094706256082418,0.00033301265124796115,0.8192464205637261,0.004744895410002268,0.004728608814199043
69c800368874c2c6aa0a05203ca693b518288bfc,0.003102710889477636,0.0006222273811287814,0.9918942085620153,0.0021519244429028263,0.0022289287244795495
69ec582506cb25ebc18e901e321f06fd9013aca8,1.861981716103388e-18,1.0,2.512959016162179e-17,5.56986793755129e-16,4.917673730007218e-16
6a1392c6a0d3ebddd1de6e260b5862d1a572896c,0.9414623747498082,0.0006549216052382659,0.045386751396922186,0.006766025544225319,0.005729926703810582
6a274eccab7892485536c065854a6da4b496a625,0.9998010025415681,2.3712233697144937e-06,0.00010516128322575525,4.710055763623983e-05,4.43643941931926e-05
6a58f97d959a1a061cc94e0ee613986c7d017ad8,5.794874653779853e-24,1.0,1.0787239587111885e-22,7.534862533733559e-21,7.88172433256271e-21
6a8a58f0394fa1b8b9fa401bdd88d3d103fecb47,0.9565454241570452,0.0010183710274342722,0.03845845435809973,0.0020457218172849558,0.00193202864016083
6afc6c4f1d14d5569ca59ec6a8366f24617cdc49,0.9358793154461124,0.0002614709837080074,0.05717719377540577,0.0034629099285156608,0.0032191098662572182
6b0cf9f25c17d4548d4efab83260f8038a6de4ef,0.003467234388021055,2.4477582792526738e-05,0.9952859205375317,0.0005999127579958331,0.0006224547336560255
6b262ee93120e0a1644994735fe7b346a3a2225b,0.3757771486439461,0.0008343690457597379,0.6018885484224359,0.011871380139436324,0.009628553748415411
6b9453518b7e7749cff874b821f8d104f0a1ad7c,0.9985317516257193,8.791837407030167e-05,0.0006749881584205875,0.0003604476353358963,0.0003448942064633328
6ba8844ddadcac56422e8034a0425e7747265d9e,0.004635414775316725,0.9892167818411772,0.0025370903193402306,0.0017756717578176057,0.0018350413063369787
6bbbf6f199215b285ef61d9aeeb1c93e9c560864,0.0057206542236478645,8.203022733410155e-05,0.9912722200954923,0.0014444401769408033,0.0014806552765816298
6c235a74119d55dbd3559b0b7d1bbc04e9f787bf,0.9980618893651582,1.7910498267385332e-05,0.0014317131320167966,0.00024020309829993197,0.00024828390627136863
6c923170e43107bf80cdf29d092a8e2fab805c30,8.173344745657487e-12,0.9999999994772679,3.156435116429664e-11,2.356728946764983e-10,2.4731988075292995e-10
6ca7be5ba4e89977b21edcdbed449805b7588524,3.2090832707479194e-11,0.9999999988712034,6.083375644588444e-11,5.060920291769943e-10,5.297786693824958e-10
6cd87e2b10f1c509ad970c519843efd4fea963fa,0.10927471725891759,0.0016558429472906615,0.8652665335155586,0.011511433392643194,0.012291472885592857
6d2bcb3ddb35a2d843625a75e0b35b3d4e334c54,0.9961892632545218,2.593163307773533e-05,0.0029767675276970917,0.0003988458861513283,0.0004091916985604578
6dceade8d897ae6d1a852562410c6b3696125d05,0.001792454170703605,0.995771261516263,0.0003958049045179107,0.0011497058836205116,0.0008907735248921364
6dd5e61f60beff3e1b431d679dd5854f6fd8dd7f,0.41492345148577825,0.00014770041503389848,0.5772846898963887,0.004048973273129179,0.0035951849296578095
6e21bfa733cef237f87765595749641afce188eb,2.644624985328935e-12,0.9999999995609983,3.068921457537651e-11,1.9546192010509065e-10,2.1021707697232e-10
6e7c9c3cafdf89e02fa3b4a3d5615574bf778123,0.9923981056183369,0.0004723774743911984,0.004085966159148874,0.0015955128065563936,0.0014480379415576538
6ea294001b6f78003b2e13e85b0252dfe7105302,1.9682577769138668e-12,0.9999999998754561,1.2904906487001605e-11,5.2205066327552855e-11,5.7444062636284695e-11
6ed4417d3de4a939fdb48b3e110d9e5e8b47bde4,0.28102541574613643,0.04971751515095894,0.5218812399349151,0.09036749165524266,0.05700833751274127
6ee12308a614a08079b7e7884e9b154437eced0e,2.744195138036966e-12,0.9999999997656346,8.926441107261223e-12,1.0813205227174796e-10,1.1457551888597966e-10
6ee3c1053c82b37f43a87086e0496f11a1cd9fcf,0.008688572787430265,0.0016129599393384685,0.9773461298125982,0.00616627324296511,0.006186064217669789
6f1c14f17352c43f8f613478bfa9094fe6081c95,0.9990501458271955,1.646088186333587e-05,0.0005947278855652729,0.0001671119496888181,0.0001715534556801439
6f1d449838e0268bcf3f98b1f75599acb264606d,1.7510210655125562e-05,0.999907904272716,2.2282460774936264e-05,2.5514369934193033e-05,2.678868591855438e-05
6f2b7f26b1a1f59e014c572ee6f38802da8e5974,0.46980158130657496,0.006279281879949739,0.46768783270103936,0.0294903788065604,0.026740925305875095
6f487919066078ae5e2d08c7e2b4f593eca6b3d6,7.703601070127638e-16,0.999999999999801,8.726853624204451e-15,8.95057061428202e-14,9.389181923194004e-14
6fca45a91078b43e391fa3181c2d12643fdb713d,0.9999990808045954,8.609318191828597e-09,2.140746419687113e-07,3.39642309066684e-07,3.5686914049888086e-07
6fd8d72582414959b81f736ce615be6460be48b8,0.9999694501107412,1.8413345468577587e-06,7.441628403158991e-06,1.0440765091847146e-05,1.0826161204364056e-05
70c478677047b4b00cecd462c30b55ace1eb086d,0.9999595369804606,6.206339647943983e-06,4.615560853365519e-06,1.5389697203352917e-05,1.4251421825653501e-05
7141cc0565e4ade59694dea1fc763addd0248c49,1.838769699845632e-08,0.999999837250427,2.113404917980288e-08,5.8838469275360096e-08,6.438934454319291e-08
71a2a1345d8a2c4f0207ce2a3dfa51f4b43a58cd,0.9999718207461028,1.312805031753319e-06,6.109257544314783e-06,1.0674648728964072e-05,1.0082542585667264e-05
71b9276ee4c3ee28476615bae7af34d619ab1650,0.47612606683059633,0.007739381130575661,0.4497943046022279,0.033338659786209514,0.03300158765038249
71bd90d681e50bb0e10723525ed6c5ac126503e4,0.0001370862258393762,5.840509041683773e-05,0.9994536816316529,0.000168967732474195,0.0001818593196142029
71fd4d43438e740869f1302716a03863d57bc88b,6.503628446889197e-10,0.9999999921489007,4.692275967420153e-10,3.2310236854688675e-09,3.500487939731373e-09
72047c2ecc3dd679c4f0cd8276612934114ac56e,0.9967131003985764,5.0687327069838604e-05,0.0024050954777993824,0.0004310934488161351,0.0004000233477457802
721a31c9ac2b94a4e71f0680efbc0a8a48388f89,2.9042488173731346e-12,0.9999999998717044,7.2317658591452535e-12,5.875113385032052e-11,5.940205753261066e-11
72239f6ee95fc60332e5551aa9210cb7a412cd08,0.9108754268710393,0.0051084848718802554,0.05690045868226923,0.013423694651027936,0.013691934923789189
72562d5df82cf681a20660315014691be110e15a,0.35303458395290116,0.005922991682289731,0.5996757930078078,0.02030961505440404,0.021057016302598236
727432189a618542e8c5f0279d02042fbf38627e,0.9968985750674799,0.0006331504563308038,0.0003578398718918177,0.0011747186128582476,0.0009357159914252632
72b0721d459d10fa5f3fbdbc54890e7fc4322857,0.8345628012728595,0.0016544070943443703,0.14500586649882316,0.009202908522206165,0.009574016611761263
733b492f2dce7e6a7431535c9ac2bff218ae7310,0.9326311903949076,0.000679566459608693,0.05753003729100958,0.004462288884211315,0.004696916970259197
735f520a7acfb1da864d7ed41eb9ca907018a02e,0.25149395555322157,0.00020859746675490316,0.7338021214618811,0.007505512363058827,0.006989813155084172
73758ef1f2c1c88bfa2460e56c1014d9cdbd5bb6,0.9999817826925549,2.546091886157757e-06,1.4045609899221158e-06,7.389510304894174e-06,6.8771442690316335e-06
737e9bc0682fa0c1da5460a75c38d5b5fb9f626f,0.9997961472318875,5.39457465404818e-06,9.331290064189562e-05,5.418420520178943e-05,5.0961087612545855e-05
7391478a4a6cd67e15d01e0de0280028935012fa,0.030250242451188195,0.938664179105105,0.006423914181051522,0.007680292515436227,0.01698137174720871
73b484b59fe8ccd1ea387781cfcb307f64626a04,0.03744927277493541,0.009887157873581574,0.9174568847156395,0.017748742449129426,0.017457942186716455
740ddb0b1253eaf5a8f694c1561aab3898f94236,0.9967011515221289,0.00010148947783752849,0.0017219991433925367,0.0007791958030268391,0.0006961640536249401
743280d1f3d59a6fd96d6bab8633f94eed8de854,0.04466681184899812,0.00031542762393977123,0.9481853162979311,0.003337638513999226,0.0034948057151370318
745d2597fff1e7faed78b9bfe5fd7078b2e8ae76,0.9999515895570956,7.070901628832932e-07,2.015707229470689e-05,1.4171596688446554e-05,1.3374683760060632e-05
7460c0dc2c2b4409c875dd838a8ac4d0e7640c82,0.06574755046099244,0.8689399207905064,0.032284965159883695,0.01616854648209471,0.01685901710652367
74d4900964a84fd9af5d4f67a4d7ff23486b046d,0.9976654598793097,4.543838945733569e-05,0.0015896476298139766,0.00037040803092601335,0.0003290460704845544
75174185e289225d5ef42a17ff7541d79409d81e,0.990303792524252,9.082067821533487e-06,0.008933651194894464,0.00038135201165629713,0.00037212220138597106
75380a38f0bd7cd8b49565a6c79ac63a7e7a0d64,0.9958072061295996,2.3239937114838865e-06,0.004036982211010381,7.456357572123017e-05,7.892408993986906e-05
758cb430b7a1813d360d9183978d8317773815ce,0.998598882001409,0.0002523134490688239,0.000626337671386183,0.00026561169008009313,0.0002568551880677842
75c582ba616d8f7bb3bc0cbe3a0f2d900d3fe25e,6.53467179269444e-09,0.9999999590985745,3.047293031927328e-09,1.6102070754064355e-08,1.52173865390348e-08
7631d2a4862b8696d037be74ae03ca6783d2d02d,0.0008516426688469407,0.9951219101003391,0.0014907696980386278,0.0012407726227180206,0.0012949049100494444
7710932bde4ca0ccea17ce889cdc9a97eff2947e,0.7369254644702292,0.0008618326451439264,0.24355416214540532,0.009380645028010899,0.009277895711201266
771992f1d27f0aa23708611b5733980796971e89,0.9999056376611604,4.772170157440778e-07,5.653744821870791e-05,1.925628477090107e-05,1.809138883644493e-05
774e3340401efb155d9fe6b6335d82daa423706f,0.9913633418734465,1.3198582541378796e-05,0.007823917411551213,0.00039085398010171873,0.00040868815236789113
77a4a170e752706645ab29dad6fba028607ffdcd,0.9998944042535756,1.5507227884479962e-05,1.8110007515151632e-05,3.6667873621107015e-05,3.531063741069801e-05
77c028788501d4cee3d89bdbc6df7c88355db164,0.8928074022409445,1.6234547215746322e-05,0.10524499197536863,0.0009606761678515288,0.0009706950686295334
781b31cc1654baefc49002bd7f5f20fd6f06ece5,0.9989452086561471,6.4595847422896386e-06,0.00067897867705532,0.0001899787603129705,0.0001793743217480901
784a31a5aa4c0a985c8a57178b4f926dd0d2490e,5.342813136829452e-07,0.9999950910593024,5.326433827972588e-07,1.8688980726798706e-06,1.973117941314512e-06
784d5231d4e9490ad83bc2d0e437e3b2ffd388aa,0.0185934402721775,2.701254110781966e-06,0.9808734800687423,0.00026134793649691186,0.00026903046846747197
78f5d6ab6b21bf131c81d2271eac5f741b454ee1,0.48500947667365435,0.014335211806990175,0.4504135005643506,0.024949121336373205,0.02529268961862209
790bb0e9ee9dc366865dca419180d5ccd5f4f0d5,0.9999996688101171,1.4019416411222475e-08,3.5672427984959707e-08,1.3868476809970568e-07,1.4281328133965366e-07
790ddca5decc331d39c21cddcdd8757fae87c86b,0.0129617730184755,1.7161278296593575e-05,0.9855188934846478,0.000743236867585603,0.0007589353510048223
7920d21b1ccca84da6df5d6510aa6d30300b7fd9,0.9999817317449554,6.327263675668283e-07,6.637430243438755e-06,5.452169155432465e-06,5.545929276635339e-06
794825ac8ea36a584d28ccca0e5f081dcb149b53,2.3197592122681836e-16,0.9999999999999147,1.9160742879637662e-15,4.216689165271557e-14,4.5573491160515395e-14
796c2db2137687c4114afdf82a60921372160764,0.9999787952828928,5.431838211955988e-07,7.808206756997864e-06,6.641802010381435e-06,6.211524506698039e-06
79b06459a66f92a021e085710b3cd44c286c6013,0.013189650590814523,0.0005119796043220346,0.9783962908100411,0.003902402151590576,0.003999676843226172
7a5152f7711ca295a3f854a8bde2563c49e398fe,0.9957656756842159,0.00022424876125012896,0.001691874648164365,0.0011639577318521555,0.0011542431745287577
7a6ff39cbdda2ad3b37cff9702af218ebde5ed34,0.9999850694224144,2.0800524768142243e-07,5.100757862823833e-06,5.049681264454637e-06,4.572133219577797e-06
7a7fbfd1cbe94d882aaa08cd5cd244fab33893a4,0.38528405224782597,0.0002731389043750975,0.6028792117836755,0.005758918802124889,0.005804678261984804
7a952147c1ea570c66008cd1dd170227c064403f,1.3516432121762887e-09,0.9999999556966382,4.320587368921791e-09,1.8747759120509455e-08,1.9883374143332867e-08
7ad9326bc9500287e796d0f23f529e2dbc2282b5,0.7680924023034822,7.295074113146316e-05,0.22798450733180212,0.001891934630797414,0.0019582049927773645
7ade65877708417e5d7e0e781209c4147029c7cf,0.0005139472190665899,0.9987966664426543,0.00018625669670193357,0.00025158024239224945,0.0002515493991835684
7aed818a1c94c2d05baf2b2ee73b12803878e0f4,0.9964439388149119,0.00019450298104575282,0.0014041462310889856,0.0009830383072762122,0.0009743736656764291
7b281087a160effcf89502a1789c4a61edabbe83,1.7677821555678571e-12,0.9999999997272653,1.1470777143208981e-11,1.2453640882257698e-10,1.349497565852524e-10
7b431d5b6dde0737aa12f92435e0fd3d7306051b,1.6331560240413217e-11,0.9999999992169251,4.586703708469851e-11,3.8232023844850464e-10,3.385499916857417e-10
7b57ec1a95b89697a7eacf7247674a332edf3a44,1.0164407043442923e-10,0.9999999947323772,4.862623541794526e-10,2.2820674897871904e-09,2.397636367418336e-09
7b6d3e6f1a05874adc5f5929c4d6d50931fc6494,0.24349913915291332,0.23633815025743662,0.12768883337859155,0.27467308706388516,0.11780079014717455
7b877dccd9212dff93e51b26105ff48d48d40786,0.9999800191025523,1.5506271200027583e-06,2.4554865373878617e-06,7.851759478504861e-06,8.123024309326065e-06
7c3b0de651ebf290fca93f600a03a59de64ef5cd,1.1639623401018485e-09,0.9999999630842076,3.214088634445575e-09,1.4858958978273728e-08,1.767879474963076e-08
7c6fec764798444ba48b9e29c28907b52a9f7461,0.9988038053962816,1.835859753527514e-05,0.0007639912471374422,0.00020474602435786358,0.00020909873469728154
7c9c60384f852b1018b03d72d522bbd5f47c30eb,0.3480133012330995,0.0020646369499113825,0.6047050441083336,0.02204172458277851,0.023175293125890225
7ca1b27aba0d373e72143b6d4829b1766cab05a4,0.002432844471033988,6.60502781381063e-05,0.9958254738366318,0.0008189154636814172,0.0008567159505056342
7cf05f7bef40f282ee3505f13f7c8c9400c065e4,0.021847096750438676,0.0002898884695593201,0.9716367127662695,0.003026834233832112,0.003199467779902859
7df19dbbe38fc64abb38dbf77823f33eff95a0ff,7.780269894056659e-16,0.9999999999996874,1.0282669994963701e-14,1.491353546808584e-13,1.563287106858566e-13
7e2c139357e1aa60a9eb5f8b55704e9b8c99aaf2,0.9999661310981621,1.3475017636961992e-06,6.095416303021575e-06,1.3877587370088236e-05,1.25483964118249e-05
7e628d0421fcb4bb226d1e96075626288b65c711,1.5751779349532212e-08,0.9999996405098635,6.202596229881598e-08,1.3760231533231055e-07,1.4411006730842295e-07
7e6b5bac0cd7dc4a049dd244f3ae5d3e92e645b9,0.7640361284645476,0.001970137065825354,0.1972792411888156,0.018263401416035056,0.018451091864771237
7eac2bf5cda2744a31d4344ec96acec36f0a2a54,4.02212969477318e-15,0.9999999999994884,9.5482280935662e-15,2.4497984098373465e-13,2.596544259586185e-13
7ebce418a37093c4bab86409c3c2e0f428e88175,0.9993962699349119,4.0093322637038766e-05,0.00019486258793530953,0.00018532181631612544,0.00018345233819824054
7ed93ef2f8f44850ba66eca3f0e7cb75f0057af6,1.40384354222278e-22,1.0,3.0191877795578524e-21,1.1060089423827772e-19,1.0875923747101854e-19
7ef98c43fe16c30a6ccc0740ea9125f15bca547d,3.3158123310705784e-10,0.9999999792985934,1.2687751414838114e-09,9.818026538415647e-09,9.283021742585559e-09
7f09297fc1b6574f88998b31c1d81b3e91a18c48,0.9971052363716284,8.128386136944978e-05,0.0017961486578156243,0.000501827642432285,0.0005155034667494088
7f9997156d9570ecaffc25844119687e0163c182,4.56741539334979e-17,0.9999999999999716,3.448545610911044e-16,6.731288014856306e-15,7.35143031899932e-15
7f9c782a3bb19fc187af4483ee8853f27d7ad88f,0.9982987805552211,9.68892186447126e-07,0.0016093588466897309,4.573216377903626e-05,4.5159542113529535e-05
7fa086a2728956870a846a86da4e02671eb25a7d,3.127685011405181e-07,0.9999918567363464,1.5150612127895467e-06,3.047788042568605e-06,3.267645909516398e-06
7fa49d935dcbc001b9a575a44b671de14baa5812,5.599263183262876e-10,0.999999971821126,3.5441858974735165e-09,1.1752383467766055e-08,1.2322374188743602e-08
802bb47bbac63060cc2a31ea488a3e88e898fd24,0.11384742762433711,0.0001144788512328834,0.8796576649370215,0.003154332856443148,0.003226095730956711
80657bbb29eaf7a9bb0e49ed7e8d6b3f7f5930b2,3.3261488241377547e-12,0.9999999997972395,8.212704520368554e-12,9.737760163367801e-11,9.384750459984568e-11
8073e0fec4423f60bca714433d608d84f98043a1,0.10933324272009391,0.0006504278711833035,0.8727554027505147,0.008670111254005743,0.008590815404190886
809931de28ac84cde391bb4184fe3cbb8a8fb3d2,6.116559875777054e-07,0.9999936446374864,8.810115476878687e-07,2.357819373214744e-06,2.504875615618224e-06
8099b0a0e3cc5f9932577b989819453fc85d4930,0.995122054746651,1.2783855149228992e-05,0.004100695987094691,0.0003666824576630195,0.0003977829534306265
80a72a4970ce34d789d3bde3bdcc1897a4d96d74,0.9573334019070898,0.007255468432853622,0.011163772203926161,0.012144170787673568,0.01210318666846199
80b72ffb6209c77a1b6317a35491a2ded6b52321,0.9966014231971471,0.00014679903051229086,0.0017993929085262084,0.0007003758827776045,0.0007520089810440265
80be339d9c32080b162f55e76cb3d04c646f1571,0.03522857563389589,0.0002837080806888233,0.9561338332452449,0.004065797047622639,0.004288085992559776
813c5ddd13ccdd76a16ecb6ecbeefa0477e6471c,2.2030165698972856e-14,0.9999999999972147,1.3055186502203703e-13,1.2731349936518572e-12,1.3610486994607542e-12
8157913bf8aed60ca8bb93efddb90d2803aa6a6f,0.002397818400342397,0.00015705674187029562,0.9948285940070498,0.0012948174083148296,0.0013217134424296437
818f42973d933924c2459d0a3051233e8b572558,0.9996946930679759,1.5894297045844848e-05,0.00011280723833686058,8.683727408725156e-05,8.976812254878293e-05
81a21083e49c2c7cb50a59102453bc94da5dc661,0.9169395728961142,0.00024263795819470568,0.07591195508993256,0.003398444170504397,0.003507389885267243
81eee390bfa2ba4a6783bf742d7c1f5577872727,0.021682944597747927,0.9755505949446728,0.0002787083114967675,0.0012420111620586333,0.0012457409840204593
81f4e7e4447feb07eeace7a9e61165191bc5fbe2,0.16510965597616237,0.0020406048212976164,0.8103123883039159,0.0109750135861051,0.011562337312523584
81f5fc093364e94b8bd6e20ceef313e89e5a307f,0.7503373254739717,0.00017891006481336833,0.24321685841351756,0.0030332277840703415,0.003233678263613762
81fb4fef951ee50c5311c6f270321d2419f27e6f,0.991054456057368,1.079755885020017e-05,0.008183806093068841,0.00037038009417843395,0.00038056019653723663
82402665be55b87f84aca36ef2f01139a704e6af,0.7146140838261295,0.0004841216065388519,0.2647544951241091,0.010097052879138159,0.010050246564078295
825097219ff0a24995bd0c1990e7aad327633d41,0.2647769561677627,0.0018655306606038995,0.7062995017073243,0.01377828638387107,0.01327972508044682
82741a528f701adadc471d3025bb9781b5dbac08,0.9870499765037335,0.00546539932670637,0.0031677179163632696,0.0021744630600529827,0.0021424431931397546
828eb52539fabb6f2a63b32d3f2ae8a783f0e924,0.9918130325817905,0.0002744157920201736,0.004793365603375124,0.0018539399156931593,0.0012652461071189591
8295a1111aafc032d6aac0577cd2ae74f2d6ef18,0.43173897085590945,0.00018520646578438008,0.5587649192285322,0.004657631413329981,0.004653272036440318
82aa9714c0624a02478fcca3f7e098c1a5a61513,0.6728941751511406,0.0015796413546599385,0.3076570818202163,0.008686186375236549,0.0091829152987415
82beb10b4596758f4a7f7026962e218ff67d952a,8.222388283601935e-07,0.9999938740349191,9.666385407375353e-07,2.130220702243015e-06,2.2068670121383838e-06
832cc72e0de7acae91cea6cfda292a0b29a2765a,0.3200413899313981,0.00010984855920071314,0.6748744018676038,0.002396508613424077,0.0025778510283744386
8372eb7514a3de5ef20435e1aabf0808e7f25604,0.787229447335274,0.00027048554491663736,0.20518601747635656,0.003570117928415526,0.003743931715032722
83833f6832ba25805852cd145ae2a0a1c5ba0001,0.01100486256522932,0.0001894596449273137,0.9843048037857146,0.0022687141846275283,0.002232159819514122
8421b52dfc2c73a5c1a5bb5492a9093f019e40f1,0.9568795533618905,0.00025868340474577645,0.03620157578051779,0.0035339691201496048,0.0031262183326946987
84a12a8fb9ffb82c79899838ffaa32cce933a8f5,0.9631164260895007,0.005741169647069328,0.00500325521659663,0.01829843973016716,0.007840709316653639
84a84af332d8410a649bdd889722d90fddd46bec,1.0800052423100943e-10,0.999999995107288,2.6524321972246946e-10,2.255616178419405e-09,2.2638525096016005e-09
84c6dadff44ba7c6d6daa7a2e59e0b59d46364a0,0.7766444780894203,0.024197442291072818,0.13411256064692914,0.030997926596456372,0.03404759237610758
851a6548977da40c3fe95f93c8fa63820618640d,0.037484834628935065,4.1417847379936456e-05,0.9599782152869212,0.001215355292440081,0.0012801769443339865
8564e8dd4c184aa8f193e7ffd7a19529a2ada380,0.9948562684207904,3.048196596426136e-05,0.004035443461466594,0.0005259680913307042,0.0005518380604527639
85b739fb368731cd3a22a740d1b08dc8377200b5,0.4771286378783148,0.0031999773521728795,0.47390642934106963,0.022627610226862802,0.02313734520158384
85b9380dd8658400eddbc561f13b9e2602d25585,4.393798964886548e-09,0.999999948745399,3.795381939734099e-09,2.1890901009040775e-08,2.1174532281935246e-08
85fc7c85ce292cf90c89ac9de6920fb23355dd90,0.9516683829499093,0.002730958371100531,0.03251665391864336,0.006532615579078094,0.006551389181279695
86b0edba7f83c164a8cb1b597e84cbaf473771b6,0.9999762913838225,3.580223502000133e-07,8.765433999211184e-06,7.085695455649284e-06,7.499464359401266e-06
87344c94ad76e7e284ae2c6ea21f2fb4af2d6e6f,1.6087623763977495e-05,0.9999151582198625,1.7219290368907178e-05,2.5179241039057963e-05,2.6355624954118333e-05
875b40e7c1a60b0df8559f1570f8f66691bb9cb4,8.774055131135383e-06,0.9999042181098906,2.0210289141588186e-05,3.336827180768526e-05,3.342927401947635e-05
87681f25a07d0a804ce9e362e1567a0d587b4815,0.2666474502867578,0.01664296870397028,0.6210484644088577,0.046941062230476865,0.04872005436993353
8771c61774bafb439e99f54fe2f1ec8a595f6a15,0.07781955018203332,0.0010986686623364052,0.9027089049864837,0.009019069079634186,0.009353807089513328
8799b775bb3366dfbeddbdd164c29abdef9d282e,0.06147997659963253,1.312914447335373e-05,0.9371007214872059,0.0006414025399552976,0.0007647702287303537
87b2eec153fcdc330b4c1bd0afab63e028638377,0.996154808709861,0.00015565682681874813,0.002548191469456739,0.0005714551663932518,0.000569887827465825
87b3e02af79114d65b1f4b982d644dfa8ecd49f9,0.7308980785264712,0.22421456155555503,0.00541745717137317,0.017633433334357046,0.02183646941223993
880628b7c9df29b90860022f0ac69ed3cc1b4d29,0.9586379117972819,4.6113449297874706e-05,0.03911329304041862,0.001068991903324983,0.0011336898096732941
8817d1ef9dbe2964ee7ad49511b168e0ca188c34,0.9999435895056755,3.03434204304899e-06,7.144337068409073e-06,2.4410553853993662e-05,2.182126135748544e-05
88265a7926dd85e77d10f015df7158e877b450a9,0.00040494941704202693,0.9994173025899513,1.5871629092529244e-05,9.050970955576847e-05,7.13666543575764e-05
88ec6deb265592eacf5180b3720bfd69274b3a03,0.2223652845038331,0.00034368986257313666,0.7669142149028662,0.005061814519385433,0.005314996211332229
8925998973a33a0580f4b36f6249793330e00448,0.5412626059665697,0.010680955114783702,0.3856927563775324,0.03137432479876026,0.03098935774235316
8927230a94cc87b5007f95b83a056838711a8d18,2.836615489851806e-10,0.9999999896983525,1.0270391363291216e-09,4.5089049488559814e-09,4.4820529061003325e-09
8944fdc054984a2d284ab4b46cae71a7425927bb,1.504840729772651e-08,0.9999994343561306,8.440826508513682e-08,2.2691327252786775e-07,2.3927391196787956e-07
8964da0bbf32d72667b4a8a7132c59a21efb5ad4,0.999407712436805,3.3475113879267324e-05,0.000177581951954116,0.0001892711227607263,0.000191959374604755
8971560da841654042f221f023b57627ffb3c68a,0.4277002180215148,0.00027038456668150834,0.5566843138867303,0.007590792481970644,0.007754291043101333
897bf1448815e1b20b77416abcd4502baa854609,8.53462753210427e-07,0.9999952492961212,4.98116331332365e-07,1.681008496531813e-06,1.7181162943444169e-06
89af600c262bf0f90467ddc60a798c710409ca5b,0.4092057150210827,0.5244669079980843,0.042134172874503495,0.012398695662597903,0.011794508443723494
89b3233697a364f36648f5cc762b8871bb796219,1.601955110568583e-13,0.9999999999954525,2.1252118960238784e-13,1.971231917171292e-12,2.1771828523941513e-12
8a00e47d47f430d08e977673bb3aa1260773505a,0.9638848002541455,8.610277638485576e-05,0.03344107347126675,0.0015599973656574748,0.0010280261325532054
8a04bf8e4820320ed7dba53cf31d7346ac0cf6f8,0.9868438902544351,9.579947527413284e-06,0.012262412630972488,0.0004346000535470082,0.00044951711350986055
8aa6e6fbcd12d694dbdd004d64ccde6fc467e228,7.719627720569594e-15,0.9999999999982947,6.235629829487543e-14,7.837165024886996e-13,8.535818061984524e-13
8ac57b97d3011dd06d76b12f98d6ba6e379a8583,0.03931383818349936,3.4488377684272826e-05,0.9582520490001034,0.0011683917470478988,0.0012312326916549797
8b6d5c21a1cd3fdc808991200d40ed4216fb434f,0.08738032868005408,0.0005282600793764949,0.9042720218263657,0.0038314025158776113,0.00398798689833191
8ba27d258fde5d01ce3a01d3b32e3a77f5aaa01c,0.9995814649803618,0.00010474142120020201,2.9101105571609205e-05,0.00015532181552255678,0.0001293706773433718
8bac789341101abeb21ae2bc647a5ac4537d8bf9,0.0019924928043891462,0.9941869341133264,0.002491576772224992,0.0006611189320735008,0.000667877377973261
8bb8c2e76969a4d5dbf60a5d57eb04af8b20c4bd,0.9893419812096459,2.4973418794426573e-05,0.009696275173564362,0.0004597330820660315,0.0004770371159408751
8c0d596e13f61b8f2785d18f7728cd7f59dfd91a,0.9256542457812348,0.00024412906780834473,0.06906147735968152,0.0024546979957685076,0.0025854497955167563
8c399ef2d3cecd969018e5919f079602ec8592d0,0.6783300285759633,0.0001421165124882146,0.31378504507227656,0.0038570590959032497,0.003885750743378754
8d71c5e43546c487adfe2376024bca4f71f13cf9,0.00037425241428405123,0.9994708264706238,6.572402241341053e-05,4.5189702080668725e-05,4.40073906046166e-05
8daef43d6364153b91cdbc9ce110c9768d62c747,5.2781182447408575e-09,0.9999999213788757,6.851059044780437e-09,3.2468232297229696e-08,3.402370639993853e-08
8de16294c60318a5e14f3d75ff1c31efd33f4929,1.203541621604935e-13,0.9999999999834301,7.217500319180512e-13,7.671761272200214e-12,8.042684188435865e-12
8def6fa867c1f6fa018a75d9437c96da27ebc653,1.5098051881745965e-13,0.9999999999796216,8.114117910641452e-13,9.378719101258865e-12,1.0038087196384772e-11
8e09bf48158e6e3f1895bedab209af94422a38d7,0.015268320080721945,0.0004520821434583041,0.9743325926028575,0.005026754405821683,0.004920250767141111
8e29e7517b9d8cc0bec21b841cf4bbc2dfb1f2c9,0.9999960528974463,4.5649100726519203e-08,1.017417222962019e-06,1.3966620015067273e-06,1.4873742372383544e-06
8e5d659c8dce795ec6ab2ed7a1b61cd39688cb5a,0.607539147889115,0.0010200367867488041,0.36876908241829787,0.011042754656234274,0.011628978249591622
8eb1126142f953756615fafcbb2cc29557298c18,0.0005128404786216787,3.6932085332129056e-05,0.9989122487887345,0.0002618024432599539,0.0002761762040533846
8ebd13d8cc5bf38e26fba6b558a3ebb6e425ac5a,0.14136624268405465,0.0012166636884149604,0.8340555813500921,0.011420622678699683,0.01194088959874187
8eed74ac393a9c28b1553d8f19bef476e170be8e,0.00043194191118950853,0.00011419673049871935,0.9984162515681722,0.0005142109252766415,0.0005233988648603788
8f157f16224358eff499e4d516646d594376bc53,3.6373308752751084e-06,0.9999412439770583,1.2520453789035998e-05,2.0946213037974783e-05,2.1652025232749492e-05
8f21bba585efc8b1d70bbbce9453745a6f07fe3e,0.014874936613859422,0.0006432281877811214,0.973861081743418,0.005649092831182097,0.004971660623771636
8f6025914c3d077bae6b408315ada9c4838de506,2.8471617887743824e-06,0.9999886620291956,1.6001490424600983e-06,3.3695594347574337e-06,3.521100525471037e-06
8fcfecacd3c47dafbddcbfaeb72a09f51e04b494,0.0001205445378793367,6.037565156484322e-05,0.9994344859399664,0.00019015833660882494,0.0001944355339797128
8fe33e7476cb5b7f63150df082a0f91bde079be5,0.9972018246241786,0.00011308494001437828,0.0015629285143591274,0.0005543094464950047,0.0005678524749506804
9055ab4f12aad23abe3b5dafc2d48c5c293d17cf,0.17871995921613607,0.0006213094212542836,0.7990949283400344,0.01310041346976649,0.008463389552804988
9066fc88715e33b69494562e2417356810a0286c,0.9985751612702038,9.71856260391803e-06,0.0010483514808337742,0.00018120247470159698,0.0001855662116576205
907fdc32fd896f08a94c5b27ac8913bda5e0aaaf,0.6512039013123944,0.00046262600576510996,0.3376480258703515,0.005200011414175317,0.005485435397311163
90e0b14f284e0319a84dab9ba868a0201b8406a1,4.8589187966747766e-09,0.999999835341,1.3696492673393842e-08,7.203727098107414e-08,7.406630673242565e-08
90eda08f48d3f894a1ec1e7e68ca42eec7b9ab9c,0.00385355520433562,4.4591711577815665e-06,0.9957287415519663,0.00020255744191542495,0.00021068663061514682
90f9f6236bf100916598e240422ed7143d336444,0.9987885800924285,0.00034906764284656,0.0002706394979453202,0.00030617378036592934,0.0002855389864156749
910dbff5c52c1ca9c7e90f66ac8ccb6fd9f61958,5.228895704440829e-10,0.999999978898302,1.8108222358617256e-09,9.225721391343821e-09,9.542276051567679e-09
914b001550281785098ac4cb2fbf6f1d2ef65a41,3.985969001224267e-11,0.9999999991425454,5.213303756143841e-11,3.778880514220972e-10,3.875786641103889e-10
914d19fd563923a99daf22b5f4bb076be008a2fd,8.826943261906014e-12,0.999999999219142,4.550881490543917e-11,3.515849817588719e-10,3.749395566177484e-10
9153e54b3bc15a1e89adc3fdc502966689bf1e71,1.1228239663080788e-22,1.0,4.019948028320304e-21,1.7276630892440986e-19,1.847581842994237e-19
915ba928b81b61b9c0e562cd0d444499f382f4f1,0.9999767199928268,6.618365768914404e-08,9.652242899466129e-06,6.5288730705372715e-06,7.032707535500126e-06
91fb902c1e4ec7acc975c5120a24a2d2cb500220,0.0030349515346498744,0.9862520222716057,0.006948007352515599,0.0018782525977871982,0.001886766243430831
92019adc09c1a28bb28b43afe1815e06f2fad72e,0.344138678064474,0.0005232573693730968,0.6361234274875723,0.00935448088086321,0.009860156197729378
92053977a6b28dde78f6becc7609e7e36ff8ef9a,0.9283537650147251,0.02208963210118941,0.014438953699423733,0.01946763880405365,0.015650010380617717
9228c551e38331bec7142222e3c95cb5f96a0247,0.10661335268365218,0.00013318363509640877,0.8891573511669185,0.0019900172932305693,0.0021060952210976594
927e636fa2d50337331faf0a3d5173850529489b,0.046417530925291425,2.5190587085343208e-05,0.9518032719443295,0.0008389737594585471,0.0009150327838283933
9299e6433f32a140e3b56adb2aeb3661afb103e9,0.9997256027732694,4.657010706175618e-06,0.00015926951881376874,5.464500918784027e-05,5.5825688021111995e-05
92dce967653e37b0587255194db8191acff0bdd2,0.2366419091603946,0.0004256792831743116,0.7495942843469485,0.006487427252644322,0.006850699956841385
92e0f406a48566b9bca344f49c38f8c339c657e7,0.9999641681769018,4.0178631456604414e-07,2.012360088445313e-05,7.547678661399072e-06,7.758757227599206e-06
9300f3171f0a4df9abcb3e456046f7562e8be257,1.805587183346145e-14,0.9999999999978968,7.497738180112212e-14,9.649789808242696e-13,1.042943569550555e-12
93090a1272d6e9c4070b181a3dc61b17c6ad7c8b,7.088615401161136e-15,0.9999999999979252,7.46434668867939e-14,9.634677591126952e-13,1.033593363060063e-12
9315a4e62cbf0be09064a1543983028800e3ec36,4.50582202774801e-18,1.0,5.801505555554148e-17,1.6352503007935955e-15,1.7580936593e-15
93528a47cb418a0d319023602d2d1dbe22a14124,0.015126233804068757,0.0008751599631014501,0.9741629303768907,0.004822897426766348,0.005012778429183203
935df75fb21adc0c4008726e4baeb0337fc03307,0.9999235279937801,8.8192316131176e-07,4.432656107614023e-05,1.527121426154553e-05,1.599230772499081e-05
9362cab7b1f02ae1e56b9b62b23f16bddc55b1b5,0.27118540589712176,0.003587485138347045,0.6730350196768112,0.025617479343344476,0.02657460994438099
93e4e980d21e107163b60e3d56869b48ef0071d2,0.002685602654504434,0.000507474527379444,0.9915786264748783,0.002753660618794923,0.0024746357244455545
93fb42d64b30c15216541fa674a3a463d55b36bc,0.9995705885248548,2.061893098074587e-05,0.00012157685181781031,0.00014901764796568042,0.000138198044377742
94b0f94445627a400153dd2edd229fe138391de0,0.9996499689569929,5.18417287695014e-06,0.00020668805570662137,6.958835532370342e-05,6.85704591047059e-05
950827f1535e1865470ab879f625a407cfeefa52,0.42750902930785756,0.0001439040756502587,0.5637493542582053,0.004199344253681304,0.00439836810460504
950e83f2fba446a7cca7d0387f3ce3235a596ea4,0.0032181750167977747,0.9858086823650437,0.004932794765612055,0.0029680065868333497,0.0030723412657161202
9514ae4eeea6d081cd345c84180d44defe56eca9,2.334027771124123e-10,0.9999999859292076,1.3153016779733356e-09,6.137840503312526e-09,6.384234681799127e-09
952b5f73d99ad910a2b872562ed92deb32f6c9ac,1.6423096098129073e-05,4.01855287377741e-06,0.999942935567574,1.7579829761731786e-05,1.9042953698619695e-05
953dbdc2712c9e869fa8a37870fa62d0c2f12be3,2.8838261704150553e-08,0.9999995299124261,6.317440427028497e-08,1.9242950754608267e-07,1.856453934650669e-07
95420db42eb68eb218464930925d3a1c8086709f,2.3357981823192583e-13,0.9999999999751878,1.5272733672638601e-12,1.1158463145159591e-11,1.1883349166171636e-11
95a5a039696020101f02fc51d7d34f52fa6974ee,0.31670523316084187,5.649418593270759e-05,0.678703397407181,0.0022269423025649136,0.0023079329434936365
9613558b5ab1950db48f591e88863268163e7e97,1.304807006367156e-19,1.0,1.4668832040686011e-18,2.4046247528459675e-17,2.5990241138489588e-17
9628e4a159ef849ea6afcde70f6358edd2c20bd7,0.9873911271768849,0.00022657775507395922,0.008209914824547934,0.0020995080742182595,0.0020728721692861623
967e6d875a1dbfd2a8a4fa2aea7ead54b543d3f2,0.9429936968910198,0.005676862448019323,0.002495272398089188,0.040679292620847046,0.008154875642021471
96a9bd9d745a09a0d645b2ddac4a447ee969b885,1.5210045735490221e-12,0.9999999998367457,5.919766265533464e-12,7.770020528215313e-11,7.812221215057608e-11
96b36be6ff419d2fb9b35dfc05503e7ed2aa4ec2,5.9772325667666055e-12,0.9999999993559641,2.934625347936122e-11,2.9672343441929774e-10,3.119997608831023e-10
96e09eb3e3afac7a1ef3334f3df1fb2ce8e3b19d,0.9919429484127502,0.0001709316242473881,0.005470076974875572,0.0011777723441054556,0.0012382706440341685
96e14929c32c48d5dd271c99a0206edfa9a6660d,0.0006026916097477938,4.875982296702233e-05,0.9985606454572353,0.0004016635574002328,0.000386239552655879
96f1f0be06407ecf662270dfa3f793b51ef0db31,0.4058460644698129,0.0038653444352653916,0.5364519596296473,0.026395854800353103,0.027440776664919706
96f6511ac646fd5d6cbb923952aa3e7e275b230f,0.9999941885659536,4.819060627685682e-07,3.7538149993451515e-07,2.5152736380892177e-06,2.438872847462885e-06
97180137e718b513c96960f856d97ed3b120d0c4,4.652851123573639e-13,0.9999999999207603,5.896050584776779e-12,3.6769448744395663e-11,3.6119434369622384e-11
975383d8f1bb6bf4370da455a59e567c5f7e7dbe,0.9309666871923731,0.0004294108449374164,0.06135018183104875,0.0035971015814764565,0.003656618550173928
978051623d4f7910a4ddd55b99ad5569662e68d5,0.9963096726971531,1.1500985739044616e-05,0.0029824764161178146,0.00033847344451507335,0.0003578764564792444
979d205d2bbf709301db8b70852bd10970113df7,1.1382394613959509e-08,0.9999996925419243,4.5360251446030405e-08,1.2158517656907156e-07,1.2913025661820866e-07
97b22e9a72b630f6de7d72e14f2f3000df7dad92,1.3337828668954974e-10,0.9999999935423887,5.888518545542231e-10,2.793805134464645e-09,2.94156228580152e-09
97dc0fe026418693904e4868702f331386900eb9,4.893683786808262e-15,0.9999999999991473,2.1520342466354525e-14,3.945697841114758e-13,4.2826138243382306e-13
9827223b6be2be42cff2387778ed07e4112e9a8a,2.718614412300424e-05,0.99992268064777,5.9114989270539925e-06,2.181634079449666e-05,2.240536837593251e-05
9846d89eeae0d807b02a436e2fcf481b3bd7fb82,2.2339947023061137e-08,0.9999995817627245,4.2710500950505596e-08,1.8334984368883326e-07,1.6983699409081789e-07
986bdb07e65310e4ebb424903c153d50422d88b2,2.225399946987588e-10,0.9999999958317005,4.5068824760592665e-10,1.7280741587438608e-09,1.7670076439060214e-09
9892cbd1d2a4328213ac714dfe24a46da3283dfb,0.9929865023686019,0.0009249346067400392,0.0018153847031549075,0.002195413114431995,0.0020777652070761224
9895f081172c758e065896489e2fd2af8eff7d65,3.7190761609063935e-12,0.9999999995770565,2.270447928400217e-11,1.9071911004534168e-10,2.0581049910014846e-10
98a70c388e03db2750c872b65b38f0e7c3b6f6c3,3.589925588602591e-20,1.0,6.090926714077166e-19,1.6474013648634447e-17,1.7732603197941004e-17
98e92cd1fd1062aeca09bd068ba00e465e9d0cf4,0.0004830337781383929,0.9993063527197666,2.6478889997800493e-05,9.628223088903345e-05,8.785238120055617e-05
9928f7fa825aff4637a52d48f5def4866d638c13,0.1232096261822921,0.3867543891393626,0.3249647112447708,0.07476846683765599,0.09030280659591347
998feab6cfae08373049d3083ac990f902b93508,0.8487646653396895,0.06398187162742942,0.0468342394615685,0.019477930613980066,0.020941292957321472
99aa4b7b310ede62a66fc6797801c10fb3f18f52,0.18956134056633073,0.0007766057142808167,0.7952302855789403,0.007034284441665239,0.007397483698777417
99e05a1c511cbf76e64d3fee419ce7f5635deb9c,0.9937921770117742,5.082493748068088e-05,0.004697911493580434,0.000712862638312044,0.0007462239188475296
99f84e3aecfc812d8d28677eb0ea9d0865961a4c,0.9993725377669607,2.773180739648469e-05,0.00024397038352987822,0.00018899569709337065,0.0001667643450293187
9a3c2f79840227c83eb207ce1b65a9a3eadc47e6,0.9972148813334187,0.0002494124545140893,0.0008620402942918712,0.0008328321524074754,0.0008408337653708217
9a87006903e08e379a9496f868ce9634843bea83,5.324214645798868e-12,0.99999999952189,1.865560067652388e-11,2.2274550521922552e-10,2.3137358263970694e-10
9aca589737a4007b3036ce3cff316e22c6f47842,0.15486450648469266,0.0009203783007167523,0.8246213865523878,0.009528272700709427,0.010065455961499289
9afc1a2b4d9f515bc9c5fa39575d1cfeb5969612,2.888682517486063e-09,0.9999998611631707,1.7382522291243647e-08,5.728021441688129e-08,6.128539834930262e-08
9b6a30faa2348dfcec47c8384447f699507e711e,0.978926132131025,0.004170433846618194,0.004266772541553012,0.006836261510279394,0.005800399970518468
9b6ac379b03b908107ae8df566ba259fb4a63d07,0.3697149498918819,0.0031672184121135294,0.5761931290631451,0.025035399549292438,0.025889303083562312
9b7dab4354255fdfda8ce0c7e55237bb35f01b26,0.9861490714716104,2.095603187545064e-05,0.012577462082636229,0.000611803776726182,0.0006407066371410097
9b866284715be55e9a191da635240dc1df63bd14,1.4624245612200562e-05,5.96932981374133e-06,0.9998812685346652,4.793457256283866e-05,5.0203317342152306e-05
9bf745ccb5a22910bb6557d9c5065e4f0b47380f,2.0810372559931374e-19,1.0,3.2992340634063725e-18,7.629536271608694e-17,8.018767678450909e-17
9c16c25eb1f2acb33ab0c5ef85bc7cbf4e9200fc,0.6752832601439226,0.003673755502744642,0.27675116544899164,0.021977356538208554,0.02231446236613117
9c98d322f1e1c03867822cfd101c9c681ad4096b,0.999999127917203,2.4698661280277335e-08,1.0848269281225645e-07,3.796786138432719e-07,3.592228210872584e-07
9c9b00876222cd20f4ff9ae894ead1fa36526960,0.9805327363492125,0.0010494118174098905,0.007554551472157322,0.006191061431341807,0.004672238929884501
9cc0096196b2d9c6174e4e4ab12b6c05c519efc8,3.0394704920611107e-09,0.9999999409960783,4.9860217974325756e-09,2.4833115384317617e-08,2.6145313605347502e-08
9cc09294223581af49a0ef72482f6a4be9469b89,0.9623298557194913,0.0006066749387976511,0.029577651820578754,0.003683164794135374,0.0038026527269976254
9cd84cd14eb9cdf596d00a96d0fcf35c891b0419,0.08739230038255798,0.8518344152948112,0.01435530786149511,0.02237842387529975,0.024039552585836694
9d13cf231ebaa17077222150aa737ebedc8c50f7,0.985899105142429,0.0004149637200240447,0.009896658196325984,0.0020397380383290744,0.001749534902892752
9d7bf1ec92ccf34b91c01093b93b09cfaed588c4,7.715919228550406e-11,0.9999999942744182,3.6110590774475393e-10,2.551794406819535e-09,2.7355244347324498e-09
9d8f90ae8b33243294ce2c742fa466ed65c8cf3e,0.1517392540908158,0.002158076330622834,0.8107306278322686,0.017365032770942444,0.018007008975345393
9def047c04147ddcac5d32b2b9638aacb09162c3,0.9916419077132171,0.001570601143001655,0.0027990837497884036,0.0021121080004026446,0.0018762993935942417
9e8250f92f72775c8e508808f215cec4ac703f72,0.9897225627741929,0.0008118515287665458,0.0064402198985564095,0.0015134656237419332,0.0015119001747471452
9efa7906b28c4f1278f7b2b0736917a6efdcdfbe,0.9951852366676714,7.190372299015534e-05,0.0029906649470565956,0.000888026504600705,0.0008641681576695027
9f165429099303d27923c2de8bb5e2efa92f0845,0.04794615365381075,0.000464250716362211,0.9413463821558076,0.005377318866604004,0.004865894607416574
9f1702b44113e407f4be693ed91b39c61b7a90a6,0.9999737509427705,4.5871637077049757e-07,9.83403973785969e-06,7.976052828078427e-06,7.98024828199283e-06
9f52d77cdae11505ddf4776ae95ac9c0437dd3ac,0.0002824969243377436,0.9989990645655671,0.0002459861415423934,0.0002314719535978572,0.00024098041494566392
9f67c236515506f0e2a80cb122e08a3f2bbac8c9,0.009899309976555292,1.2821753268712566e-05,0.9890651239650377,0.0005028245013946947,0.0005199198037337566
9fff4a006d27b240f15195970433028b7c317d99,0.9997933594942793,3.259016332688224e-06,0.000105941255544582,5.049988341478083e-05,4.6940350433795203e-05
a0285ee2657b30b0646d27a10adc4df925397cce,9.642676051957017e-13,0.9999999999182876,4.1263854015088674e-12,3.716678411245576e-11,3.944805919670979e-11
a07a9fc65276c7b3e66356369647d501687ab04c,0.9823224980061914,7.835225058173341e-05,0.014438537883874948,0.0015875439111629368,0.0015730679481871567
a0c6401fb1c07118f4bb63f7ece49386769e1a1e,1.3910789383886682e-06,0.9999921395946091,5.305113085262025e-07,2.899149598450339e-06,3.039665534488322e-06
a11113e50f5711a29925f618136065af9c3c2dfa,0.9869007178525626,6.955331219412057e-05,0.011577341403586818,0.0007494739292594545,0.0007029135024023927
a14d8bb64623087cc9764520fae4173e8cf687a2,0.9841549374904117,2.4942297913955823e-05,0.0144442445278503,0.0006719498966356192,0.0007039257871833127
a19d4b56498ce7889ac847c466c870a987824926,0.8990840664973625,0.002874146384513523,0.07123819978728639,0.013366703028783617,0.013436884302055783
a19dea4e11e86bff4b9a65ace1bb222f83a2398f,7.549881922857837e-07,0.9999979607908118,9.116630389064586e-08,6.028135766515908e-07,5.902411248978374e-07
a1d391ad01aa22d793b176f1fb8e092e243b1ddc,0.9998124662782611,3.963330314045868e-07,0.0001514407236810926,1.8033354434437212e-05,1.76633105993201e-05
a257be61549c231c125c084cc5e8ef087bfc5f52,0.7579893322285846,2.5754808659241282e-05,0.23935162520031836,0.0012749350890221575,0.001358352673402007
a262992f34139d818076c787fc2b683521768242,0.9958303750468226,0.0002385945177893705,0.001522458764462871,0.001188789305879357,0.0012197823650408053
a2983bc28b9bd42c33903e5a0a80d0c2494fb88d,5.952975700468553e-12,0.9999999993370068,6.224395638527101e-11,2.8901291282075274e-10,3.057966159264155e-10
a2f6d6ff0f62276e425653dc834074230854ae79,0.9470283058344445,0.0002998980925428009,0.04771222538924255,0.0024414130178995095,0.0025181576658816827
a2fecc417616647bc98aad030152301a46a1f21c,0.6095923321669346,0.00014713582596718073,0.3854757282715295,0.002337769309657483,0.0024470344259050272
a3400257cc6da250b6e3c02112201f12fe88d01e,0.9968854133308672,0.00010432470476706946,0.001817399190710771,0.0006095407201281672,0.0005833220535332918
a3c8bb81aa30afd27de00f07bc08ff1b9f957470,8.675883560893441e-08,0.9999987752995562,1.2222979740967e-07,4.972547453473741e-07,5.184570670117636e-07
a3d534ba088759cd569f290427199dae40c00ada,0.0002989788868709218,6.217017905841026e-06,0.9994060935708572,0.00014046266685506512,0.0001482478575171431
a3fb0263888145b3e8a5213946f2f77a964238f5,0.0880598373377163,0.0018688814070990556,0.8893059093689328,0.011498958142512478,0.009266413743742175
a4404b8b4c1efc887286ece86cc72b5259cc8b20,6.970160725078466e-06,3.143410023389063e-06,0.9999365846389909,2.7750901851131748e-05,2.555088841204852e-05
a4ac80773e8734bb7afa1f1e6750d194980b37e4,0.9993855749514474,2.948530453194218e-05,0.0002711147016428519,0.0001525046958607699,0.00016132034652815945
a4b429ed6e571c822ec3c642fedb7b54e37e1b55,0.9999914931998455,8.274665666006682e-07,1.558112529892326e-06,3.150188502330007e-06,2.9710325448093416e-06
a51bf1fd150d83b6bab3f088f05ae1ad2ba331a1,4.811083579223267e-13,0.9999999999434692,2.0704392357984767e-12,2.5902006300169272e-11,2.807931314530993e-11
a563a750d36fcdd1ebe1b64bc254675d689aa6ee,0.002411490702020116,5.384631747319034e-05,0.9964599860237885,0.0005353776126770577,0.0005392993440320743
a599038bf7022cb0e9d0d9b9b901b3be58c0aca1,6.091090137544452e-10,0.9999999876343396,9.364160478328051e-10,5.275817423936741e-09,5.54431842216391e-09
a59a4ee43d81b5eebeceb3b53b8737ecfc87a63d,0.22818200091398105,0.0015131655855463288,0.7502347527511793,0.009842150169416693,0.010227930579867707
a5de11781e5f40cd401f20b475cc0051f06e0e3d,0.3234797639973223,0.0024823615071028243,0.641654623013279,0.016696318452573713,0.01568693302972124
a5f0d36e3a2181a7c9399c83265993b63e4f7868,0.14934571034828711,0.02335532049812161,0.7282670012692872,0.04874221457930699,0.050289753304990775
a60c2d34fa4321a8f1aafc53adcc0bd77e696d91,0.1604929220547389,0.0006035988955764898,0.8251319795598754,0.006715417110489485,0.007056082379308285
a61b719feefe1e856ea6db2cefeedeb4eecf7837,1.113971964370149e-12,0.9999999999690203,1.3638322498858773e-12,1.426294047922426e-11,1.423253762543665e-11
a6317e7e908c3743410f36809b05c91d0597b32b,0.9979831809736255,0.00011395927422787786,0.0009128505276655854,0.0004883847409605527,0.0005016244835115991
a63c46f1c92fb53c522c6f26246a5558e86ba3fd,0.817587287171844,0.000347632221700829,0.1729496216678675,0.004624758232759859,0.004490700705833665
a641973697045ecb002324e5e94e194b5043f695,0.9999786453735596,1.1789699744231186e-07,1.3408662798353503e-05,3.904708170422458e-06,3.923358484671597e-06
a687352ae1f99b7ee12fb52db8d3eff7b5842396,0.9742664134413005,0.0008371617719842386,0.014190730966342647,0.005267215662725483,0.005438478157650346
a68e1cd072da13f6815d92b3427e65f18ce0d7a7,0.9999609726666259,2.245360724660695e-07,2.144392631558879e-05,9.428909670825754e-06,7.9299613289033e-06
a6a82b5f5fd74c15ab95ee41d3b1bdb093dd6d5f,0.00020524868013198182,0.00024325467350438617,0.9987364952876888,0.00039567439247866664,0.00041932696619916964
a6ab6279c49859a309e7635bf5c9a58cb67cdb1e,0.9959992892842051,2.125878269765035e-05,0.003161155962266904,0.0003999822184066536,0.0004183137524174934
a6f9524e2d54f0bb869afdd4df7a74c6304c4781,0.4998910091135923,0.2153080281041296,0.13470397203857393,0.07748328092908507,0.07261370981461591
a71160643f6e2171f2be2e52c11c8332e16b045f,6.349432491614534e-14,0.9999999999905924,3.273854162323081e-13,4.401260493977493e-12,4.623585286723385e-12
a73018ec3aacba5c1ca71831f183eda81f1481c4,0.002739841246070542,0.00016078350702398945,0.9944908531014877,0.0012842564357601486,0.001324265709655336
a76cc2dc5b6c59d0ffe466c8dd6f4be22c0dabbe,0.9987789524539559,9.279109812060306e-05,0.0006665107834598233,0.00022548556264814483,0.00023626010182830693
a7a36eba4e6f2010f4279e58b313181c630cb8d6,0.9989341647820407,0.0003275225488750565,8.164169615069915e-05,0.0003549056840611032,0.0003017652888675993
a8abcecf7e3e2922cdc49468b3f369f2ea295377,0.4990176543584614,0.0013860966991410583,0.4830768465743735,0.008110987039746423,0.008408415328265313
a921e2c4247025be7247ef32ab7b4bd02d5378fe,9.419184788759203e-12,0.9999999996029487,2.2059766103799583e-11,1.8349258350866353e-10,1.8208165790727842e-10
a9785f054fc51e55009da4c78d9826333c7baadc,0.9993360060023608,4.784118533329039e-05,0.00027257343097481163,0.000176121289245144,0.00016745809208518824
a9a478475998201d18bb95e7baab0b799cea9809,0.0002452371627589143,4.995450256799218e-06,0.9995372612200596,9.15835689126978e-05,0.0001209225980074193
a9d176ec1baea859c466ad74a87f3d06fc959e36,0.24376169652722623,0.007530089923273026,0.7040703880408247,0.02188865767914567,0.022749167829522826
a9d9494484aee1a859ffc079838829ab27ede021,0.7231550342075905,0.00012651916247952944,0.26932112387380014,0.00360085883405254,0.0037964639220756102
a9e3bd5d1285ae5c79e16310c4712dbb0b2d4d0c,0.2736994430862681,0.12019879537342631,0.42647005257070697,0.09730858481927955,0.08232312415031219
aa2e03ee8f11facdfec5c357e0fc987adc1ad8e0,0.8277732259590598,0.007626742082704732,0.12614179625568897,0.019221906513131923,0.01923632918940251
aa2e45dc757c7fb476722a6ab0ab02d79d17f5db,0.9980636158025386,1.2965674289701406e-05,0.001342990541138848,0.00029076890033066604,0.00028965908169599816
aa3d7d93c5d08b69eb8f0be7f58dd3bad595a323,1.0911608194255554e-05,0.9999558328094567,6.429637650127743e-07,2.368170263120411e-05,8.930915940891937e-06
aa3f6951c32fe66db3ddcb4ac081606fb3ce5ff0,0.9949943061842389,6.0687084471460314e-05,0.0033318908186933715,0.000795587326425749,0.0008175285861704177
aa4fb0146659d0713351e5ac23315f549bca5389,0.09588322231190527,0.0012541767583083517,0.8856569993870207,0.008487704459889356,0.008717897082883952
aaaa3de32e2bb82d4f724acec8cb146d3425f771,2.7143617107105425e-12,0.9999999997726832,1.1965616490485665e-11,1.0430328061763756e-10,1.083422491549826e-10
aad3c9fa7e5abd75cd4fc4e76c44608a827cda5e,0.13608708714474527,0.0005690375939766087,0.8480875632831044,0.007509851844726284,0.0077464601334514245
ab0573c5fad77973d8032da5583ff200d6ded9a8,0.18633219673579438,0.5095145381208382,0.2058213690640788,0.049119380856248764,0.04921251522305024
ab78de95ce2bccf7828f06f62280318fbeef83e7,0.9234300171093615,0.003667434244616762,0.06159772573125712,0.00557000801411768,0.005734814900640064
ac2d59b08a60925d90bc6b874f55eb637cb91cce,0.845076668732269,0.001163717561732277,0.13515375261019258,0.010317784228452741,0.0082880768673455
ac37b67d868c42fe1f1bb8787f759efc13dc1f22,9.929732390058008e-07,0.999994354898536,8.365291059753428e-07,1.8610115427374042e-06,1.9545875706655594e-06
ac3bb264d91b914866cce86bf407c2c014a44181,1.7192377516479383e-06,0.9999861883305231,1.527512295402825e-06,5.179149048007888e-06,5.3857703715985875e-06
ac4fe2820b4ce072f7a20c5858f93a06497624fd,0.0027364865627614384,6.271264847971867e-05,0.9962341406048446,0.0004691600097500613,0.0004975001741711845
ac575d1705d8bdededf8b0937317c85d518b8587,0.8858066975155756,0.0016795527261482045,0.09053024299225772,0.010885742829567675,0.011097763936444401
aca61929158a49a75faf74697df765aab9ee3ac1,6.791123064479546e-08,0.9999992701402894,5.919567484899093e-08,2.903536565593853e-07,3.1239914093620214e-07
acc1819eff732bb96d4ea17d2f12cc882e42535a,0.011620583905660035,0.0007851125551559677,0.9809510337515697,0.003246163693584903,0.0033971060940336103
acf29144dcee2f39efefc957007b08ce509481b4,2.1710907431292643e-13,0.9999999999834017,1.12061773992508e-12,7.47796519819594e-12,7.78684586981895e-12
ad1390e694ce72d24c9244cb97d3bfde4e5b807e,4.760054862246293e-11,0.9999999970663396,2.971704299224325e-10,1.2886181544265428e-09,1.3002776891857168e-09
ad5cadab36e5f9bf048ed5ac77460c75a81fa6d7,0.13396716450362672,0.0007911269874273793,0.8500397573020115,0.007574234948368832,0.007627716258569798
ad8ea9231afb45add85e8d5f1ab90767090ceed4,0.9985773866778571,5.756533794848927e-05,0.0005939168668433791,0.00040316169044821913,0.00036796942689977725
adc859e0aced36905e67fe3747492b90dcb04649,0.9999998865365065,1.7165026211876094e-09,4.3076188478206494e-08,3.730913606307058e-08,3.136166877069483e-08
ae3baa6c34aa523fd2aa4de3c89448efff922311,0.5745772734245573,0.003582296264158605,0.3814481257388118,0.020337011549863882,0.02005529302262061
ae53cdc13a51df53d1bfb022ab8cfaff9d86ed75,0.00043691145847899837,0.00012556951051474136,0.9982782976671323,0.0005659027399517309,0.0005933186239300965
ae5922ef2aafcfc09e714f439e0abc8910acca06,6.233692929470573e-06,0.9999873238428684,1.0246150543114283e-06,2.52532886211176e-06,2.8925202932235986e-06
ae8f2bf59b806326cbf5e9216764fc7c720aa0fa,0.000891848322472663,7.098117774295874e-05,0.9979770627758228,0.0005213024333426231,0.0005388052906108155
aeeb2f9f6202c23e51da33c3bb17aa94773b479f,6.99058255322158e-11,0.9999999961691799,3.4807085128000113e-10,1.6609605745001625e-09,1.7518778262540694e-09
aef83dc3b29a3f0b134e8d5e9caba49fe411b6f8,0.9833889742467371,5.429992477984644e-05,0.014269303528070489,0.0011206812531857724,0.001166741047227874
af0c363f7207e4199d3b5cea6cd5ca977ce58756,0.9995296116295833,5.326239825607397e-05,0.00010046829052201301,0.00018052368776009042,0.00013613399386564438
af7fc5af7f0d17eb6053fae764c19eecb98bb0b2,0.9423912727608847,0.0004962170298842716,0.046863371979830155,0.005006273415098599,0.005242864814301509
af9e220f6610cfa4ca22b2ec62261f7ee9e3148e,0.7356918174708761,0.012576758682561815,0.16288302670578927,0.04374732557041556,0.04510107157036359
affcfab8fa5467f555ab9a19fa296ac7456bf9cc,0.9939150709828015,0.00015310148278205714,0.0041139709520141765,0.0009070251376067576,0.0009108314447886467
affd5449f7828ac42b1e735cdfa59ba404017f71,0.9999933451021866,6.144333031321505e-07,7.116248508003701e-07,2.9184135363552133e-06,2.4104261207221203e-06
b04dad4f1870c0532575b7649af87b09e7a6f36d,0.965409668476316,0.002658835985070045,0.014180135196056801,0.009728842746779306,0.008022517595774322
b0a5b13388bc58286ae6e8dd9469a0d2c8f63d42,0.3834609539494594,0.013122219983716502,0.4877720929957004,0.05864331021354094,0.05700142285758944
b0f3bc798d6c3c45dc72a428d2cd9314697bb844,8.071302754006179e-13,0.9999999999092211,4.1148218206955935e-12,4.2426458043632084e-11,4.341749103293905e-11
b1807b0293714fd077c5a446e20d392e0c4263ae,0.9873435449545523,0.0013575010000996407,0.007995493071940757,0.0016810021138582887,0.0016224588595484847
b18229823538b034fbd2739a975e9649098aefe8,0.9485103014128292,0.026924751738564155,0.006956853422553794,0.010567554308633263,0.007040539117412462
b1e4fe5a56790c796878c91570eb55dff230bb4d,0.8043274638752793,0.0007351992278505911,0.18148738805704456,0.00668933083563219,0.006760618004197144
b1f0d046dc7745107c56d319dda1efa405694316,0.6338988380696201,0.028498477750744794,0.2826841894279879,0.02783705065839307,0.02708144409324651
b20e138790e88df3b650c1ba95121414e3150d39,0.9999239062162123,2.9915146594466087e-06,2.2220409570493884e-05,2.5281674839450702e-05,2.5600184706251222e-05
b210cb5997bb7165f8f299435daa3a42f0947500,0.0015463889446600643,0.9944217104455844,0.000613270142431404,0.0017398780679286358,0.0016787523993994145
b2370dccda5fdf4c1454aa048c6a4d295a1609b6,3.254355176033577e-08,0.9999994828270844,5.498088254885286e-08,2.0816658922750048e-07,2.2148188686393563e-07
b25eb0a5efe9cc31463e649667dd705b8303b1b0,0.005592694912389767,0.9656912492167613,0.0023079162772470583,0.01565946817053301,0.010748671423072287
b29ab6ea95cca4231743f9a06772d8a81b63722c,1.0560689905436567e-05,0.9999637251086583,9.430969629275576e-06,8.119428691677742e-06,8.163803121992878e-06
b2b02b5b8950666ca731e46ec0b4c1fe39652046,0.6947123582273845,0.00042617050619983646,0.2915943357155235,0.006481816235254657,0.006785319315633428
b3302479a4931ff9233a4505882ca08f82504338,0.0006214859414243154,0.0005745090911163428,0.9977480445842893,0.0005221634261691287,0.0005337969569960958
b3b7a564d7321ff2407d5ac41b1e6753f93fd66b,6.199194580179236e-24,1.0,3.0953910011144977e-22,1.2951331087260217e-20,1.382471634985956e-20
b47afab20f73e2fe129051737f4618558ca1fd4d,0.9998625626847265,1.8268564992812625e-05,2.0039948779554016e-05,5.206267535394123e-05,4.7066126155248946e-05
b4e7fb790004249f73da1aee9bc92a1691c8420c,0.37085765754918315,0.00079907136494864,0.6218721135788857,0.0033018947153157976,0.0031692627916884443
b4e8cb26e7ddc0899002aa6f037dee20f7f205df,0.9994072982143277,3.1163036583354747e-05,0.0001726839667524422,0.00019401033938811242,0.0001948444429551555
b4f615c200810e27c2cbdfa6e03f50fb48b6629a,0.996243974487267,7.162554101535672e-06,0.0032616362891502095,0.00024823256823879215,0.00023899410123758485
b5414650126c64991b9441abd834fc4510a279db,0.03280470236038893,0.00021455810865004076,0.9552722720416794,0.0068247528805051375,0.0048837146087847005
b5b953503542609bed3cc9a21010b122b498c5d1,0.7016701263498255,0.0008331456423269995,0.2754358409854976,0.01076003866288504,0.011300848359455315
b5c79072d139d556a90f8f71f80fc88522219d28,7.903440219336898e-14,0.9999999999913598,5.773844517289377e-13,3.9083421000464856e-12,4.067500160935354e-12
b5e06fb3570dfc4d48411bcfa9ae2e1e1a2e6632,2.9077302508431743e-18,1.0,2.862311536873151e-17,4.467739865913721e-16,5.769549400073569e-16
b5ee075917911a030fd7b05063111f171087ddf8,9.592154917020592e-16,0.9999999999995737,1.4150513140118303e-14,1.9309207814956374e-13,2.08525922457947e-13
b5fae332f02bf756db6817cb67ff8e41dbcd1046,0.003411105352609181,0.00024343452352662724,0.9941817499459484,0.0010559423989524375,0.0011077677789683763
b607fb7459e29da0846b2fd549f08763599a5860,1.3867181813467278e-10,0.9999999960739672,3.160418371956026e-10,1.701028951482481e-09,1.7702958538916194e-09
b6382f05521a36b6f8f2c35cbe25bd2ae9e03cbb,0.9997765995894125,5.125167096235828e-06,0.00010031636853292524,6.155748115922547e-05,5.640139379681078e-05
b6ea03548c371a68e97e45a854873446c339091a,0.8635424258190473,7.893137110387366e-05,0.13230353635368972,0.001970879842332331,0.002104226613817458
b741cfbb458532cd74f866755e1cc5f9eceea4be,0.9957615927900728,1.8411297275805464e-05,0.0033790587348439234,0.0004151280273306165,0.0004258091504867442
b7522ce8a3de8e4a5acc15c9dc8170c70d0f94f0,1.4258453711852572e-06,0.9999853872423484,3.2980213840783138e-06,4.833788982263512e-06,5.0551019135593456e-06
b75e1b6f971f0b6c238855dcf6fdc970ef114153,3.973522684776012e-12,0.9999999996887539,2.2283345466240053e-11,1.3990318731261667e-10,1.450937050319126e-10
b780884b569ad649ffc2fbe3ffdcb83796ab77e8,5.700326566709948e-12,0.9999999994782627,2.8415746471502827e-11,2.404388800150216e-10,2.471699317693478e-10
b7d51ebc10df58e9ff0d81c7bad4f5ceeaed8d9a,0.9999678653766091,6.212640629212996e-07,1.103494815476791e-05,1.0508438153139721e-05,9.969973018766539e-06
b7e0f66356a10621a0df84622ee58ef7317a8031,0.6955699042707302,0.0019059176513806168,0.27170313034933574,0.015013815172087445,0.015807232556469212
b7f794d81866ce8cbdd35c58563e5d21ba9f3850,1.5461903712340872e-23,1.0,5.104781271768482e-22,3.5102738668909536e-20,3.6637997440874114e-20
b82a1963807ffd59c94e442c9a77b39427c6b67e,0.07310963465671631,0.0005064951046313507,0.9151330274732828,0.005917592860232596,0.005333249905127885
b8d80e386622a5bfaf8fd9158c77fd90aae21d1a,0.977083527521781,0.003880311539050343,0.001534617875546208,0.012577210745965291,0.0049243323176634685
b8e676365b693078c0084b5e9387a3842d688499,0.9999764899550525,3.9993515022670546e-07,9.524620267893074e-06,6.644195320047119e-06,6.9412942069076164e-06
b91cf5580ab8fc273c333eb48d3afca51aed4e32,1.8699445275930298e-11,0.9999999984354702,6.521609565130505e-11,7.194982870954134e-10,7.611020034546161e-10
b939657b3a7e388455f3a13cb84e0fcf5e745c45,0.9855862635109424,0.0016357020937551243,0.006329327264158523,0.003248912990302084,0.0031997941408403343
b943eb89823af783fbb796d245ec33dc463bc322,0.008161117231103417,0.9902077827799681,0.00017002741604450354,0.0007315854908924322,0.0007294870820052412
b982ea8f3c0ee1209e2fc014f66a5f465c8e1d20,2.017048855700728e-11,0.999999998027846,1.6142585478473612e-10,8.733315326988597e-10,9.172131171443916e-10
ba296ac966f96f1aa18952ccad689ab34c68a926,0.9932659547064365,0.0002661004451352138,0.004305007980959319,0.0010841974200706498,0.0010787394474080292
ba397f5338dccee6292878cc1506924bd3bde22f,3.357614876991791e-14,0.9999999999944578,2.119111429834543e-13,2.55588773848651e-12,2.752754453539972e-12
ba3ee9b441039aace1175fd4a4e6f2e68c76d75d,3.754076648350976e-05,1.0021099192326427e-05,0.9997985622878981,7.49693127268264e-05,7.890653369785008e-05
ba6b33d571605f4ebfc22aa1de38eb440fd43cbe,0.05767949074160022,7.83113557233381e-05,0.9381021223697434,0.0020202060999137622,0.002119869433020579
badbe559bce1dc2504aed06e7cf35f63c701e620,3.3621428060449362e-12,0.9999999997779128,1.0616955638742968e-11,1.0130077645090911e-10,1.0680878441557208e-10
bb2035965d75b96a01eb4ade932e13dd12643669,0.8977819854736296,0.0007331477796683244,0.09432283556891655,0.00357058404851694,0.0035914471292748627
bb56e256de6bb3e5a7d4566a6006a87a1e6495a0,0.8058469625163132,0.00017605376259771625,0.18482576461563227,0.004455676210799352,0.0046955428946504115
bb67f1ff3ad9a0ba9e732ad8a0daa8adab7e32e8,0.9556118470389139,0.001613324305260983,0.03303054056505332,0.004992610786793259,0.004751677303972615
bb97ed6bfda31c2f3eca438dc751091299bdbe7c,6.301267134499009e-10,0.9999999818404605,9.979947983769158e-10,8.087229449410436e-09,8.444192369819149e-09
bb9de2e1581f1f5b53149e79675bf150a689fc17,0.9981896914204013,3.750467781447688e-06,0.0014857250493436431,0.00015662561443544756,0.00016420744803271922
bba94934f7cfa11228693491fb4f1dcc9ec60f1b,0.9987534359481789,5.129621266290357e-06,0.000988423814217879,0.00012281187041972305,0.00013019874592794798
bbc26ef790f4a1a18993c52a2eb8c165c50691d9,0.3684226445865566,0.00015281198944059013,0.6234262231139387,0.0039028351681701058,0.0040954851418939
bbf28e2db4d0d47a1d4694f14846594ae33244a9,9.430600009755493e-06,9.082788520258014e-07,0.9999679142886583,1.0614687368367415e-05,1.1132145105599417e-05
bc017e6bd7d83c8b6e0c74d446cd7ab529a9a280,6.028031295539055e-23,1.0,1.5260943872345741e-21,5.720894740350595e-20,5.980147756225893e-20
bc04d5218726ad73f6e9612e384f282ebf405913,3.33258695995069e-14,0.9999999999930935,1.9438122367803253e-13,3.2907467615033213e-12,3.382447799585688e-12
bc2a6e6bb9a879525018c3c43c4adcbc8aa3cf92,0.7135607611001396,0.002365814840861167,0.2500713267411401,0.016749932582873904,0.01725216473499781
bc2a9e9ee0b1745d4406c09077da5ac273991672,0.00142197567298488,5.7333965367582654e-05,0.9971047157820058,0.0006888561754902918,0.0007271184041378487
bc3f7e48c85170f013d828c3050717a5a494686f,0.0027929795046816993,0.00014756683238086716,0.9948299594153303,0.001101834517277989,0.0011276597303268973
bc435aa30b1af7355e1ff47fd9433062d832a3f0,0.0033799567298177227,0.9885826749469279,0.0017465878552475702,0.00267436220831813,0.0036164182596957967
bc59fbf035e5ac3069ee3a877e2c7d536ad397e2,0.003002520708391193,3.107960078861501e-05,0.9958214723760974,0.0005567599672572233,0.000588167347459915
bca97783b475ffff043436fd01607984eb389ede,4.587270515602538e-13,0.9999999999517115,3.056194531036873e-12,2.1943969794013304e-11,2.2831194817468418e-11
bd3ae5f62cc76de4546975f8b59f74d8b8e78913,0.7001176913301806,0.001365570484033978,0.29071556669918575,0.004180848010152496,0.003620323476456157
bd65a7355c4891580917237c1883a7ec0447c63e,0.9997965147046715,5.4138701695432806e-05,1.9155948468945468e-05,6.843716060464652e-05,6.175348455214446e-05
bd8706678fb86ea594ff6589406a400147bf958f,0.9999315629954406,3.687900517243492e-06,9.290114600643448e-06,3.54675455486736e-05,1.9991443881467856e-05
bdd900d7cdbbbc83616162e21fcb5770d338782b,0.985567519566208,0.00208832698547877,0.0046888736778405386,0.0038426882093767125,0.003812591561102044
bdf43ae46589b7b5cfbd0ef5832c0c03f8b9f6b4,0.9994736348794883,4.849869716962862e-06,0.0003730000517664711,7.16249597605716e-05,7.689023925351272e-05
be566a7ad37160a761be7e73d469acbe9b775367,0.0003235404746635963,9.338631380724842e-05,0.9991705936151215,0.00020511187073950462,0.00020736772565885735
be7413153d0f555f0616d4606917167f2c8ee2ca,0.0001548357225105574,3.056151727907208e-05,0.9993757285118935,0.00021506436023720804,0.0002238098880832492
bea74a5ec769faf97fab64087a4b5289a5d15041,3.9345145289555825e-18,1.0,5.965021254677194e-17,9.216825081075177e-16,9.77222632380622e-16
bed4cf019dbc672c9bc022f835928fc09d051523,6.36262755633328e-13,0.9999999999530758,1.9886549098184513e-12,2.1092867879545897e-11,2.3199995676571488e-11
bee828e72df09d02d66c07c1d9f459534f35232b,9.782149996944266e-18,1.0,1.420024413749986e-16,2.4027354049791706e-15,2.634878624821919e-15
bf35626b5186ba5c90d24bc102099569e99f2c05,0.9767154393404639,8.029532665995291e-05,0.02061583333079211,0.0012994496620446997,0.0012889823400467552
bf89671f753e19f5467f79fb9ab2bb9e40ad0665,0.033106771948969424,0.0012887399379041453,0.9516220216861929,0.0069765003757168795,0.0070059660512242685
bfa451a648def2c224fc61df21474efaef897a31,0.8159588290808995,0.0002868771509522496,0.1781815728990091,0.002797767520658325,0.0027749533484921463
bfcada19f8807fbee284f3b4a72397bc226f10b3,5.19804255089356e-13,0.9999999999486704,2.0500198794384865e-12,2.3754501248618577e-11,2.4993072324699618e-11
bfd4b483a02b1d0b52e26f3b5497bd4f242513ad,0.7470518213030503,0.13084032390741177,0.053264382380371525,0.0361243906803673,0.032719081728806
c0120e482e4c0f6c32d8105ce88c91324380bc01,0.0008764912336489938,2.513370781672443e-06,0.9988676634424449,0.00012295176925850517,0.00013038018385485848
c021db26b2e37b3f2a09404dd7a977ed10f9e0d5,1.107221332446819e-12,0.9999999998509566,7.484596518874157e-12,7.3724185807508e-11,6.671374864835832e-11
c03cf0c5372f5da45dbbd8e266aeee554f847deb,6.606752696907655e-31,1.0,1.3240304278879775e-28,8.41511456848218e-26,9.467982554465407e-26
c05c34f3fda6ea06133fb099c75f6de4f25dba0f,0.9999352602827144,2.590873923932751e-06,9.206757629640166e-06,2.9755530947653345e-05,2.318655479129654e-05
c084633acbddaa388df517640ec629295f8876a3,2.557332668320621e-10,0.9999999932973083,3.7774247430413244e-10,2.9716089434778863e-09,3.0976105633233065e-09
c08ebda618fa715ddd15013c479b562f9c144cbd,0.22433285959605356,0.00029476144190796383,0.7642966462945023,0.005372107172844871,0.005703625494701899
c0d6f9e76d5d1d7bb71be0fad0c707b2ee7b72d4,0.9717478802406955,0.00017032902243394293,0.023149149421836393,0.0024503514847190543,0.002482289830302545
c0d839e08d58f05623136df040c86a952094ae6a,0.013739439321384442,4.2610618235318374e-05,0.9837432679279631,0.0012084502656317469,0.0012662318667872353
c13fcf9178304e135f3e669820bba80bffafef88,0.026780391292835725,7.87488049393432e-05,0.9698725826393362,0.0015885377896271416,0.0016797394732752866
c1e54fa1948147cda67b7c5942eed3adb342d163,0.999655712130088,8.842630827709948e-07,0.0002983245293225218,2.1693365703735e-05,2.3385711793218924e-05
c1eaa52ab811b58d7c793bcb8ee23627f62f236d,0.9968794780898257,8.84603291582849e-05,0.002015936071559,0.0004980381400740066,0.00051808736938987
c250188cc8c62897d66a75f9cf6aafb4511d93ac,1.5085855253263415e-11,0.9999999991365769,6.427957373918375e-11,3.8094086696400885e-10,4.0310300939963505e-10
c2dd1cb278640f47912c39b1f44ba384af0f10ec,0.9816889787212256,5.0291096022376116e-05,0.015931996370534374,0.0011046759892233457,0.0012240578229823563
c30e757b47e395f6c3082add4c0d36d5aa90d38d,0.025137312014687562,0.0007278354469818565,0.9601964401699119,0.008396673669671718,0.00554173869874398
c32f70cc6884db6746e94f34ea7616a142bef90d,6.593953755532505e-15,0.9999999999982094,6.350045191928998e-14,8.280931831434917e-13,9.005172773355319e-13
c3a8394f51b0b80d29717771dfa1a40d9925c68c,0.0032512024650431155,0.9947565057433974,0.00028088630086201113,0.0008756383228859947,0.0008357671678137382
c4415f7635fb0dc156e29649fbe17ba7e5682939,4.013237066207346e-22,1.0,8.182742874857856e-21,3.7589402448101755e-19,4.036347335427364e-19
c45c169cb961154f721a52902b8a8d16b11b7459,0.013997086968916697,0.0007665283050806751,0.9774174252943718,0.0038795636698065014,0.003939395761816123
c48d70d817412e621643e01c8ddaac811b72a15d,7.857649226916537e-10,0.999999987015599,9.843978286580555e-10,5.513861733296669e-09,5.700384820533638e-09
c4992b42a931a21500dac80c7e3c1b4521e5b2a8,0.0006338245324703951,0.0019206589956830835,0.9958890393803799,0.0006580742193511319,0.0008984028721161562
c4ee26a3ade8064a2ec494996e836900fd32dd8e,0.999999847933748,5.2101935863153445e-09,1.2846864792338081e-08,7.277295854035116e-08,6.123621557097891e-08
c5433fc034f8a897f01886f4da50af0343f17c59,1.2002902205942315e-12,0.9999999998660485,1.0042517019501696e-11,5.906205396550224e-11,6.36462694534211e-11
c56b184a370262e2949e4394316b0eba85d24e9d,8.923082840709909e-09,0.999999808763239,2.6381884961257676e-08,7.586599384562633e-08,8.006579049422122e-08
c574e96247af7a6f91a52a8928319771b9c028f1,0.08897718649506434,0.00037613848371087776,0.9026147920897384,0.0039163757125047945,0.004115507218970612
c5b111fe50620ad97e28270b2899f7a2baa7155d,8.900971761441743e-12,0.9999999992840287,2.972450055740966e-11,3.3035625919143397e-10,3.470019586244343e-10
c5f2231a19f4fc07bd3e00e76fd4f05da54a27a6,0.3968625978001534,0.0053329632453479785,0.5540916247708492,0.0218431246779522,0.021869689505703473
c66c79a9e65198f5eebb4990cf76972f6bd6ace8,4.557262074523642e-10,0.9999999825909073,1.6149099079308424e-09,7.445201997392079e-09,7.893258758403692e-09
c68c9d891fd782447aa4a031fd3179a4117823d3,0.8330956425994214,0.0014034380533205892,0.13868051572006188,0.014141058445007544,0.012679345182177535
c6c76cebf43bcdf6d7a0354fca7a517a33137b33,0.6243703503589072,0.004169444526504995,0.32911224713322945,0.02172741276353533,0.020620545217818365
c6da0c74dd1d4f5bdec3e41d22dfa5a0ed9c055c,6.4532394178309276e-12,0.9999999992639061,5.472703556633484e-11,3.2675439894628015e-10,3.481725631517029e-10
c6f39cf418b301b3af64c02f844da9241d6a69b0,0.9999537639917031,8.498438678755701e-07,1.4190613141011074e-05,1.5213895102212455e-05,1.5981656187081344e-05
c7895f6cb2b5db18f44b5b9120b3b5891765775c,0.0016500988650096507,0.00013820186747592937,0.9970145007063983,0.0006102663577468577,0.0005869322033633129
c7a9cfd06b583a9c4c52eeca895c66bf4902c751,4.0700303115214026e-11,0.9999999987411456,8.268479948777448e-11,5.567875650403305e-10,5.78668502132253e-10
c806d79743c36959592a8d57788fadab3f37ec81,0.836015152915161,0.00033266059304808056,0.1522382544066223,0.005645160127926413,0.005768771957239619
c83e9738ae5d1790ee85b99863deb734e7614c52,0.9987752887374141,6.131928300128832e-06,0.0008576847731968702,0.0002015997178677676,0.00015929484320810619
c849c5dfc1bcb2d2525595c792e5e12ec24288ae,2.509481763422661e-12,0.999999999663288,1.914922689498484e-11,1.525857012099686e-10,1.6247016716446032e-10
c84bd2536a962f3330898cb4f19107ec0b580c7f,0.9489577693862218,0.00019042666349376652,0.04349385410451198,0.00364925730003146,0.003708692545754812
c8957a66453d3bf8c5d9a8dab3d7db47de8712b4,0.4596357129452295,7.017589672757663e-05,0.5355916330439442,0.0025832577797313713,0.0021192203343778876
c8e49a700f1d664be60760fa1588c40694ca9e8d,0.9532866522789386,0.0019460263533995362,0.032614512366416396,0.006103312924534187,0.006049496076712082
c8e892c58980372ff7d5d4253f1ffae2318e9660,0.6313245624276961,0.002232836800360777,0.333489909006289,0.01629896758353527,0.01665372418210587
c8ead25b9e3c3f05fce76e1f1d102964c5e038ce,0.9746011631778897,0.0005225695337590949,0.020056643693899853,0.002511681015803274,0.0023079425786371997
c920cdde9b65a124de592bf659ff27baef9da5ab,0.013732582994970523,0.0010829880028994125,0.9761877505321452,0.0043573437657865735,0.004639334704197451
c92bba121202830c4f14119dfdcba813f390f271,0.959607563874511,0.0002970513136360542,0.03600879657415967,0.0020415783565789153,0.0020450098811281192
c96036221d1bd893a7e51932123e8b03acba5757,0.9996243988137304,1.0800070656425003e-06,0.0003037212535990747,3.5030990250328915e-05,3.576893535875758e-05
c9848c9c75b92481a9afdf7fea3578176468e817,0.8391198903714276,0.0024875571580030044,0.12370979885667624,0.01727378848358852,0.017408965130301737
c9e22427f4c7aa646ccfffac8f18cf52d73e446f,0.9999964938980741,4.992683747732554e-08,6.745739241656367e-07,1.3725998468761002e-06,1.4090013058855096e-06
c9f91af501aec7b0bb4779d58f74c551697bdf1a,0.9561832493006215,0.0029319405343867936,0.029250469285303223,0.005648176498464945,0.0059861643812237405
c9fde22724acdcb871ee1090ed615496ba205e87,0.9300546745960081,0.00019886589928433613,0.06078935880265386,0.004539558586734766,0.00441754211530584
ca02cd38409dd53ab400043d6f2cf12c9f0865c8,3.517303383081759e-14,0.999999999993122,1.7729364321692713e-13,3.463394872505155e-12,3.2156041312335698e-12
ca18d2404b1358d24da0aeb79cea4ebc842ea694,0.96144070254208,0.0001654340795515039,0.030872392556145906,0.003734341935448117,0.003787128886780292
ca2532ca69d48b19310c8f7e3ef90e2fa198cd80,0.9999927986472791,7.074885658314714e-07,1.3435358354964342e-06,2.5540629355631585e-06,2.596265394382681e-06
ca6f551f8ba46016386c7f4a13b7aa5d4821b3c7,1.2445383933674101e-20,1.0,9.840707335510815e-20,3.4352279114059886e-18,3.331463331195855e-18
ca8150df84803ae2614d5212c9955a5a994b4d21,0.9999182743441983,2.8837323476921784e-07,5.145203928850213e-05,1.4670674320011701e-05,1.5314568946087646e-05
ca967afa4e839aee8db005d7f1a4245103e3fbf9,0.6425887121790612,0.008438064760033809,0.28539455360649485,0.03161802354940394,0.03196064590501243
cabf893c95f15a2f07d9f520d21b10f056b43dbb,1.0481218523711544e-10,0.999999996072944,2.5359707445675785e-10,1.7393030312376802e-09,1.8293372009798748e-09
cad9dbc323820473785d6629d41d64c86f9a2ea0,2.1906421541949837e-09,0.999999971473216,2.171472186768482e-09,1.1813963855149318e-08,1.2350694540833552e-08
caefdd4de6156e38ca33fcf4d4a5ce3dbd665d2b,0.0367531249579696,0.0019678351366923686,0.9528335241350938,0.0043298528577041286,0.004115662912539573
cb1208f8dbacecea218e0cec2d76fa1b4ac4d0a5,0.9982795937821333,2.343496082699428e-05,0.0008622117735064904,0.000428735105077054,0.0004060243784598339
cb21ab88bb966afd1a426ddaad8a8e0cba32387a,0.031002900205174915,0.0015164301181180837,0.9593743649850852,0.003938681523051864,0.00416762316857006
cb8998305b3b5c68ef7cae28ba51fc04cd86397d,0.9999502737729983,2.27223302357089e-06,1.1443199403507863e-05,1.8422446559743188e-05,1.7588348020196867e-05
cbc4b663926fd8a24a60085869830b17103347ea,6.925183370379273e-05,0.9997225835498993,5.748807101814472e-05,7.472966323363496e-05,7.594688214842212e-05
cbc6e968d7f5931833b773f3e3c04de513b9e96d,0.1546271608019312,0.0004916616384485806,0.8283299212198837,0.008061071100713703,0.008490185239020316
cbfacd101b49a5684864f5c4f2634f4fa4b8edff,9.406865139586585e-15,0.9999999999981242,5.818455081205319e-14,8.838751009608482e-13,9.252328328498906e-13
cc0be3b0ddc900c3ef969bc8305f851a44de9ad8,1.0880198702285846e-05,1.8231791537885816e-06,0.9999374540650591,2.421919678401573e-05,2.5623360310010366e-05
cc177c2cd2b1d4af25745d9084dc24e7008d7210,0.9985711816018557,3.3181027969368954e-05,0.0008310372110127977,0.0002812663696697226,0.00028333378949743914
cc1ec6952a5227b4dc799f42536bcc4ec534fbc4,0.9110880123012229,0.00011772254337410858,0.08472063296975733,0.0020037947733015215,0.0020698374123543314
cc3864d11bd5e88a6d463d48ba99c2a437dd4880,3.7501676343926673e-06,0.9999711084137146,1.1357844008213257e-05,6.803259731852019e-06,6.98031491175312e-06
cc41b5ea1ad863f38e63cb94460ebffb9ffd9340,1.3568342502103195e-11,0.9999999988578452,8.964722194759731e-11,5.104859699982465e-10,5.28441162636601e-10
cc62e7b9e1a98777caa8883a4cc603e5104f2d99,0.0012350662158830967,0.00015270607518323286,0.9975620625015655,0.0005246262317221841,0.0005255389756319923
cd548c8c2d5b494e374b79688dbe2ceca2702b53,0.5062488096483908,0.0005009969142151968,0.4773296030387083,0.008034236502125083,0.007886353896573146
cd667821afeb639c9365139b43854a9005098104,9.110627591241254e-12,0.9999999993864606,3.0402477719768155e-11,2.7936700736161015e-10,2.946623278226119e-10
cdcf6391e0c55304d97baadc9273c372a85cd0c6,0.9911920525588899,0.00012037489680363439,0.006247954068223808,0.0011986790937560702,0.0012409393823338034
ce2de362a163389d83e83844a32d5cdf6363e39b,6.612255212293942e-14,0.9999999999914735,2.7676544759148673e-13,3.937116916741339e-12,4.237480829219355e-12
ce8a1578c0eb95557e98c1a651c5c054cd7c2765,1.1087013050997019e-13,0.9999999999755005,9.945968743887647e-13,1.1412762361796816e-11,1.1989105555206187e-11
cf15d4184bc43b05e11237cd90503368e41819c7,6.791668487990094e-12,0.9999999993951292,3.3885430873975e-11,2.760596064167748e-10,2.8813128341190484e-10
cf259ec891e9093c9c66a8c25a6eb2e1d607a9b3,5.722138722131295e-10,0.9999999816176911,2.0862635577200064e-09,7.697147110625787e-09,8.026671008293932e-09
cfb169d1dab1642fde37e4151880d6d9b606f313,0.999999944232856,3.101012363352346e-09,1.8101304568537263e-09,2.5064741514465915e-08,2.5791249427425437e-08
cfb84f64cb1fe2940b24dcf30a77897721483b16,0.007829415807802467,0.9719678709735009,0.0018104310821029685,0.0051859886209824485,0.01320629351560566
cfe2db107b6edc3ceab4c5c08fd38a1069b98730,0.9999963070393085,1.2373009591105433e-07,5.892520485326638e-07,1.6830471540314497e-06,1.2969313859477086e-06
cfeb39e1ea90be9bacb1e6e739c1a90c2137255b,5.3944525158213036e-27,1.0,8.908131163088372e-26,9.81772024116887e-24,9.923924625591923e-24
d005feb68474379f5904014bd2b0720518f05e1f,0.0004429279212391843,3.906786348406645e-06,0.9993668502261741,9.176182068769732e-05,9.455324556148773e-05
d00f43ec6efe6e239fba779b331b4e0856bc93d3,0.9971317191606588,0.0008181067756023124,0.00037673110866291444,0.0009247856787373641,0.0007486572763376365
d013a5976e3a95c6d82cf4dd528bacd57cbcd56e,0.9984652537179689,4.243235281796258e-06,0.0013382332826070962,9.373869765540777e-05,9.853106649896825e-05
d0433b4a961d0b447b8adc7a01064ffb00890e07,0.10322651916173818,0.00028945100478341263,0.88987345387511,0.003215863300251801,0.0033947126581071814
d05787a28af810bd7d7c20856fea4fef17b8f0bd,0.8661098668305055,0.05280278058010744,0.03348265454327768,0.02324235620514158,0.024362341840970428
d05e335c896be1d68c0bd54cc29a25c079cec9f1,0.0005795165729577665,4.317650733214049e-06,0.9991812482108152,0.00011394984747437516,0.00012096771801231843
d06dc92d4151980ea5fc69c70d753ea20c069b06,0.983525173969459,2.414309726481077e-05,0.015256138660147831,0.0005834209092998266,0.0006111233638210719
d09fdb4125b7dcee205889074ebe3992797da98b,0.8189286176626477,0.001128198689300915,0.16007555512475186,0.0099988849849249,0.009868743538367216
d0a4732b7965d6da4efd4e12808c3ee5773ff34c,0.6879689221156822,8.485892898539896e-05,0.3048374469903943,0.0034854021287446827,0.0036233698361972724
d0f6014f7cefd377168147483e5a9b89e375b468,3.013030618258006e-07,0.9999896545378953,2.5534393162148714e-06,3.6305071874958613e-06,3.860212535848785e-06
d112ebf682f1338aa5a84b25a9158ff3f318f47a,0.0007481368814380592,3.663667144261863e-05,0.9986370827234653,0.0002663636774640567,0.0003117800461760887
d11cb8cc53d729efc6236f7a97aba5d8504c6077,2.2341816451686954e-07,0.9999985324828596,7.762119595515945e-08,5.875416646724684e-07,5.789361180325919e-07
d16693fe7d8fa0fb9400a9550bd4a26fe3b2fa9e,0.2096801347934219,0.005623483389607943,0.7242211676942507,0.029824427306362103,0.030650786816356825
d1857540dbe5bcd867fe8fe5bd9e488f22c8a075,7.476928803429342e-08,0.9999986998676814,2.2075221705741135e-07,4.878564142776527e-07,5.167543970934645e-07
d18d4f31f5e03258882bb8a77bbc214763c6b73d,0.05903801609300966,0.002592520045410492,0.9253470256753614,0.006313984662928021,0.006708453523284353
d1a8295550eaaf3375cb2db5f38fd59b38d26fb2,1.7362995320359336e-12,0.9999999997805276,1.0125605672870109e-11,1.0059311669822322e-10,1.0702780254156118e-10
d1d0d8eb9e9b1dc3d0ba7ed86618268f64b57427,0.005408592878049899,0.0002824936076755333,0.9912371339218472,0.001516202800546285,0.0015555767918736217
d2088a09d9e2c875e2978a9f84bea689f4c028cd,0.1995714463269185,8.876420119917674e-05,0.7927548318777665,0.0038030305212002897,0.0037819270729135385
d211fc0940d5da1622d7745cb14bc6ccd913bfa5,0.9973588546787219,4.188841647700354e-05,0.0013972112932344755,0.0006162262436337055,0.0005858193679376139
d214443fbc8db6edf587ca299d2efe6714a57e4a,0.999994383147652,5.7703231428999015e-08,6.978000611137829e-07,2.4718338534236957e-06,2.389515203756391e-06
d23e4d425a8e18d559443275b441f7f74f6e6c2e,0.9592590804886812,0.008967124288511734,0.01197212695230114,0.009257177256930437,0.010544491013565221
d25c69f99c4b844ffab77f632920e3fa9032be92,5.979912333384708e-10,0.9999999690377881,2.3551473831134983e-09,1.3105384634627072e-08,1.490369279173054e-08
d26afbd138ff96d9466388b195f7e183c0bff3d5,0.9999446770117177,4.632066939321124e-06,7.0314816408128855e-06,2.1717290984180557e-05,2.194214870745273e-05
d2d8b08112beff69fb1336e2bb7d569bee31ed24,1.1339241377471083e-06,0.9999886314068851,2.461221985492306e-06,3.911440294351906e-06,3.8620067030693465e-06
d32197f3db6bfa837d5d87797306a762a3d66d4a,4.612936689013939e-13,0.9999999999492957,1.6130025906646094e-12,2.400091818166912e-11,2.4618558896809422e-11
d378367989d05bc8a20d1b5e1a86077a8ad768af,1.9645271549722588e-13,0.9999999999763247,1.2066342373710478e-12,1.0724366868189584e-11,1.1535493756304495e-11
d39ef556f489720d0b268f94aced549e0d89dc14,7.70880265561532e-13,0.9999999998914575,6.335906926724379e-12,4.8683093828377345e-11,5.2761837589004096e-11
d3dd1bc9e20cb888169900832b4c67546c6a0a4b,0.1514532662951252,0.006040422580099228,0.8172930181562572,0.012845089760252601,0.012368203208253612
d3dd7b26dcdd412dbcb68496e4ce7b19aab014de,0.9989195040578498,0.0002430347544148931,0.00021575782556619818,0.0003232593526349752,0.0002984440095476299
d4077d83a5359394178167ee288176a6fc960751,0.8910905539497813,0.007266360321136494,0.07006099814480626,0.01621443721411248,0.015367650370173062
d40b1b5d1d86c0923195cefdac86c4151418674d,0.9801036728135565,0.0004690499927022565,0.012426084533845602,0.003511976440387159,0.0034892162195104114
d420024c918fe5694623a001408600a6da4c5b2a,0.9973296010259046,4.62807348333388e-05,0.0016872028230267653,0.0004712703877590457,0.0004656450284783813
d42df34f8d3f5c2a1327418a884c4abe2bfb84ef,4.891034010518045e-06,0.9999030085925329,1.4771061040619167e-05,4.0550979898631146e-05,3.677833251153765e-05
d456ba6139f1e5678a8ab460d827af937d89f412,6.0108773355810556e-09,0.9999999583731958,3.6618823697099977e-09,1.584282266705257e-08,1.6111214752365742e-08
d45e1d8ae9cc6007a0f77a7da0120c5d8a4f69a9,0.9989691509631532,2.8333251315714873e-05,0.0005873181518590805,0.00021388388203157844,0.0002013137516357632
d4869bffbe66a36d9ff5e4e32e2f8b36d8f399e6,5.879779228929513e-16,0.9999999999998579,3.097828843491551e-15,6.498379686239174e-14,7.072885341896768e-14
d4af711bc55f07896229d6026413f2460f1b7562,0.9998419746053969,2.233579258772981e-05,3.233726341523205e-05,5.176395767794545e-05,5.158838091480891e-05
d4cbada67a83b397ebaf0740f48d1c041e4148d5,0.5619973192842211,0.0053677677302504485,0.4012510566186101,0.015506233758697115,0.015877622608234866
d4d02e73da889db1f4fbd9157ba8122d6b1d9ce7,0.9496538088198323,0.0009843377665824677,0.032235141008515406,0.009767537849158446,0.00735917455590104
d598392e86af429cedd649dd7ef994031e6e58d7,0.7641819804769475,0.0002876356122290371,0.22349276519884306,0.005956989016776927,0.006080629695196284
d5b4e18816472105d9a8d077a03032d35fe63ae7,0.008385074593839182,0.0028223844266500515,0.9702334647438662,0.0092561715725747,0.009302904663074395
d62b245703125f2e5bf0708694cc53d7f2b0dbf3,2.194216293179522e-15,0.9999999999995453,1.1186564500720587e-14,2.1839257242832144e-13,2.358678018343918e-13
d64370a40c913742fa0e76134caee5aa99fe2fd5,0.9554506929800826,0.000486658130507446,0.03884347925773631,0.0026134577409792515,0.002605711890706762
d682cf768640d3e80131ca8230dd5bdcb76a0191,2.936856286907998e-12,0.9999999998221085,1.2592540348961554e-11,8.215813261081614e-11,8.02040796283106e-11
d7e3f6424ffae44050202d881c995e7ad3ca0e81,0.9993357692959524,1.6186549151906698e-05,0.0003556817784757897,0.00014716954600370864,0.0001451928304252804
d85fcaf4a3eec9b797c49c034145a877103cf5ec,4.364023516649239e-09,0.9999999093877007,5.16751031969954e-09,4.416221893917715e-08,3.691853888019965e-08
d862361974270e180941553285c430746e607449,0.9991504639863031,6.719143163196643e-05,0.00024123189303099015,0.00026991754601901564,0.0002711951430006787
d878e173af778553972679125cbecc579fa8c63f,0.5439321610474949,0.00026038196024169704,0.4426190361777816,0.006401265172040714,0.006787155642430827
d897658c3347a799c08c8a175499e041b13d270e,0.6076142538923198,0.002272373456041965,0.36003144358931327,0.014815090200850029,0.015266838861489105
d899d9750e073d928bee63a8b98bcacc71c19da5,0.3741439797415882,0.00080870236330497,0.6128628553118096,0.006009738819719245,0.0061747237635921375
d8a53489430e4a34f8de93aa599d5e4dd954b414,0.975899219469863,8.323330016421834e-05,0.02131742256742229,0.0013481302924005605,0.0013519943701439296
d92fcd0792f47772fdfc7b553b26382218e5f2d4,0.11203724844021587,0.0006590499449067885,0.8730906078591866,0.007033462929542781,0.007179630826148591
d93722c9c7b1c70aadc0ad14da0c332eee58a4a0,2.0904236120680507e-11,0.9999999983507735,1.0760070415334e-10,7.560380604663182e-10,7.646730617974712e-10
d95158fa1adbd3f9b284dda815ec2776c53f1613,0.49034329158076484,4.891550712568254e-05,0.5041368869704744,0.00265087551870036,0.002820030422927205
d9a08adc801c17e65c72f9158f118c1fd51424cf,0.9986189682736122,0.0003079692985985962,0.00013736224750257538,0.0005357901301490153,0.00039991005013683084
d9adfbd38a7b1e1906801044e968e63f7d6e7ca3,0.9775635060899326,0.005009490026777924,0.012504183729260139,0.00244256485291308,0.0024802553011282463
d9c9feada8b7a022f06510a07a6139875a0dfc0e,0.9995414446944839,5.08875203043423e-05,0.00011914598439106531,0.00014721136244661115,0.00014131043836338258
d9e12fec63d883964d1822d69200472877cff3e2,0.9996848355909415,3.802051699784786e-05,8.396254409148232e-05,9.864208949275927e-05,9.453925848119077e-05
d9fdf4c7b9b51b1b538a558379cb7656240dc869,0.29981519929055545,0.001583053593154158,0.6778874894850005,0.010155456640208246,0.010558800991073508
da058bfb9d85e11d0d012e56ebf0b1c0b09b418f,1.2638545470202172e-09,0.999999960374283,3.740362322042102e-09,1.738602930104234e-08,1.723547756866538e-08
da5e2fc2250ded2e30b7f4d7cb4602575cfd60b8,0.9982083069820541,0.00022323708863156616,0.0002808858985618963,0.0006537289634850167,0.0006338410672591379
da69c1c34a12c895a3d0a52c57daca9fc3bbf82f,7.987387858873752e-11,0.9999999949674248,5.634702105254339e-10,2.179827284200869e-09,2.2093915267810717e-09
db4d1667675c0233d90ce7f0a3775f900006243e,0.9966581986555797,4.3369170841003214e-05,0.0022503303565627316,0.0005281834998471216,0.000519918317162038
db4d6126261d321e9aaa909a84c72fc968be8d2a,1.8385805972444584e-11,0.9999999987672368,5.696690096295861e-11,5.633380111963422e-10,5.940715931057544e-10
db59ee6c47c0c7a46e5ab2b291c6cd47b98be4fd,0.9914126470852145,0.0005964886242936259,0.004842614707173883,0.0016458954338363942,0.0015023541494694058
db842eeeb2c95a8c129df97b9e9904dee2eaa21c,0.0007905322296479299,8.318426942835525e-05,0.9978616639549821,0.0006422216780005857,0.0006223978679442063
db8e26fcbdb5a17085dea03bc2491f481ad9a323,0.35786335126427343,0.0015466151133085796,0.6239006156988784,0.00825740960168237,0.008432008321858168
dbdabbad2e58692b8debea8756429438879927f6,0.9866386813478923,0.004543586134288556,0.002595165074161971,0.003139911522455663,0.0030826559211955683
dc01fbf43d09af1ba655d5f30684a0735dc34f2a,0.9982444449529497,6.298234950016439e-05,0.0008025705870212,0.000444305560124679,0.0004456965504097041
dc117ed4ce6c089a0ed328f271de10a2996b8c3b,0.9852340179718425,0.0001278716776222372,0.012961817704135415,0.0008340527679318474,0.0008422398784663704
dc562be2f7e02c7a50c95b4df1081eeec758397b,0.9967714543109051,0.00015199988206672266,0.0015088677765247717,0.000776522291061477,0.0007911557394549077
dc649b42fca41df09f2e9402845807aed2af621d,1.5219453889059343e-10,0.999999998292509,9.319274297599657e-11,7.594916391614903e-10,7.026146706989298e-10
dca334b810b9021828fc7f227e784d99acf23a7e,2.7409522220620687e-15,0.9999999999994031,1.8810051201326382e-14,2.752883701409337e-13,2.985450858511822e-13
dcae6506c15134f10d6ae3733947eca0c59deeae,0.15182167264462693,7.622626928605798e-06,0.846958083321929,0.0005958340160255569,0.0006167873905105251
dd65788e513c2abebd1d6072a6f06212dba600d5,0.9664067265524496,3.305392183820859e-05,0.03128083731428492,0.0011298200453037097,0.0011495621661242329
dd9a44d9a7c5c32955b9a4e9dee9c3789cf44b3d,0.9423941889231288,0.018304530699360937,0.007978338356683025,0.020841129195759433,0.01048181282506411
ddb6a2a4d384bc99867bf8128d51b848482af361,0.9127454805370383,9.081639032483882e-05,0.080808093511177,0.0036759882462546007,0.0026796213151913215
de165a1a543cc6b94cf0bab11618339367a0b223,0.9013940263003588,0.001417948462158173,0.07332458776230498,0.01177577493610257,0.012087662539081933
de1eedc62bd9c4ff29e72a9dabb604188301c8aa,0.4231169715929885,0.003859533618597633,0.5194158083505981,0.02701161904255179,0.02659606739525472
de3b4ba7b7ec43cd2ff2fc819f79030e3ed82bcb,0.9951146545975412,5.967931622019802e-06,0.004391410121352676,0.00023937373854797487,0.00024859361092498635
de431a8b564be15671a1bb420f9c90885d96fa5f,0.9999525905722179,3.7877338067925126e-06,4.438816607538744e-06,2.2925601482825492e-05,1.6257275893006703e-05
de6fc0c6a7b8daae7c6367a623b538ab0db67ec3,0.9857399969183357,0.00023435001267561975,0.010605002702163482,0.0017160831672471686,0.0017045671995723807
de72e8c4c5a713eb29d2f3adfe3fbbf98d60dcbb,0.9974445234217565,3.06108021654981e-06,0.002294650697607164,0.00013125974979768195,0.00012650505062955717
de794d6f9a08d85f93bdf3bacdd6ada5971fbbda,0.9999892887256121,7.772037579849003e-07,1.3680241643983772e-06,4.302877100929399e-06,4.26316936739594e-06
dec4101b48d9e34b431fcbb507d867e58901e2b7,0.6538100546503687,0.0003119351955636499,0.33282017204614933,0.0063570348899821124,0.006700803217928365
df347c2cfeae69ac152b02ce7e9bff4b90554983,0.0005944974098371763,0.9992880152309113,1.4670960048580812e-05,5.257651701623411e-05,5.023988218927534e-05
df7f7188bfe99d170fe88ec509f980f59e12a9d1,0.9890553445015385,0.0011405913978964255,0.003945320073222479,0.0033698329609910837,0.002488911066359728
df88a4c1c1e5439bd0125622689edcb436d94621,1.8873019908234683e-08,0.9999994497400259,8.772922277370519e-08,2.095754867346279e-07,2.340822575453813e-07
dfcb7266c7b2120312a1dfc4721214e08fec2af1,9.515190134809158e-05,0.00012402255721959604,0.9993309393763853,0.00022115429038267986,0.000228731874676408
dfdb44a7d8eb584ea06199cd2f34507b15949952,4.7569672778238705e-09,0.999999810494206,3.1214265964289835e-08,7.44310632801731e-08,7.910348702925188e-08
dfe30cdde4cfd07a58f7c33a7bc7c02aff419032,0.21992290358731018,0.00044350274799518117,0.7629992696550818,0.008166433121873104,0.008467890887733512
e006a3025eb8e44f71aa1ba48e75d944be23377b,3.66672299097482e-08,0.9999991953490732,8.772239624380958e-08,3.3360341093528934e-07,3.466578961997107e-07
e12fc793103f1e2e1f3c7068587c5693f28a5b9e,0.999755136430777,2.5177081659773294e-06,0.00014977121145456394,4.605300507047961e-05,4.6521644541663433e-05
e1371921331aa897ad9c9160010babc920ab08d1,0.9041966593256802,0.08942424357267931,0.0012346152604269238,0.0023010691536262773,0.0028434126875997463
e16949b03e8b501dfd54090b527942dbbaef2bd8,0.00035750124267157774,0.9985742292948914,0.0005269058278208554,0.0002647255934723198,0.0002766380411318883
e188c64871c9123794e44108d8f463a080147ecb,0.9967101596667992,9.228821588326998e-05,0.002267900649155437,0.00047024635220462805,0.00045940511594644106
e1916779d87d289a7501d1733ac2a9c723d54ce5,6.906786982373095e-11,0.9999999977111997,1.7643789124165895e-10,9.927854692275315e-10,1.0505130786927922e-09
e1a18f02c3a32f6313461f114ac9e185a85192f9,1.7935613998793753e-17,1.0,1.3317385889579224e-16,3.916882287542038e-15,4.17787848344531e-15
e1ea2efbc36d9e9a53382bf485ecf6b0579d4afa,0.5683496159814784,0.0014807608158458547,0.4048630353213887,0.01495723467032754,0.010349353210968746
e257f539c35e8adec6a7ddac6e144508fc221ad2,0.9237411204667972,0.0009104425271683048,0.061242997384047836,0.006988411639364382,0.007117027982627054
e2ac0a206ac6f354714408942e7c3f6c2b850b24,0.9997621299108376,9.325513829472697e-08,0.0002240650800455055,6.66568177209152e-06,7.046072220460243e-06
e2e6df05b41fdac7c6c28ec85514191bc58b2752,3.914216078383255e-05,1.2295556509576254e-05,0.9998174903538198,6.462886927834384e-05,6.644305959761805e-05
e2f02773f1aaf733cb4aba40fa2d045cbc2d25ca,0.9482399689009434,0.0267260228833444,0.002288166800754202,0.016928951907983734,0.005816889506969205
e300ea5c80c5e07a80b6a3cd61cea886d9133e37,0.7719171785064406,0.00025712432217863253,0.22030259966970786,0.003707849219365135,0.0038152482823199233
e321d86da5ce9207dd04aaca4740c43e55febcb7,0.5086806217600176,0.007932827014439326,0.4112059086259378,0.035687877904742746,0.03649276469485675
e3223e9ae357fba1ab47e00abf6354fa84743887,0.0802382585252515,0.004601089212281544,0.8622553251528099,0.02621480720505817,0.026690519904593875
e3738beefd228afcd86a4e82983be99c3726f90c,0.1577712698846797,0.04039836408318503,0.7046379513292039,0.049750675934547336,0.04744173876838997
e37486852ad48c993fd7b2be6dcec4e82f790f85,4.2719750764895555e-09,0.9999998884291932,7.704524469585197e-09,4.998150514356791e-08,4.961280723314606e-08
e3aae02d6b14d4bced0547ed664fae2cc387ac19,0.0760432462737909,0.0002404212572218498,0.9149292921895136,0.004313186678049153,0.0044738536014195945
e3fe10749268fa621ca1e067c0150b290f722747,0.0017875781250168237,0.993173236343879,0.0008066486049080316,0.002126046613207332,0.002106490312989177
e4aa6d284907bb7de6ee937eb4ad0b4e9447058b,0.5724417850958778,0.0005093487849391569,0.4067748756390017,0.010085649060480638,0.010188341419695723
e4b930664b4ddd4edc29b4c467ab1d5b7a18a3da,0.10441161467298063,0.0029085238086468492,0.8737156039295899,0.010066609293535709,0.008897648295248441
e500162e1d3e1d6bc81d435bac82983a32f9e0a7,0.18452498587425584,0.0018395581866066729,0.7932195997584821,0.010428729449022475,0.009987126731626496
e591b3ed99fb226ff688c2d687b12dc08a2619e7,0.9812111443661888,5.2635280548722654e-05,0.01627907158707974,0.0012010807829953996,0.0012560679832008355
e5aa8c2c7b65a053ccd0572328dbac5b2c423c44,0.001938822042955493,0.00011982907404451739,0.9965517515088825,0.0006800362303273122,0.0007095611438026153
e5aa9b439d8d134f5afcfa2f727775a099f018a2,0.9991273944982086,8.811424513020679e-06,0.0005854297386655333,0.0001344372141628629,0.00014392712445023998
e5f6ad37f86b76e0d0c75fed1366143e83ca34de,8.321391414729104e-14,0.999999999989285,3.6648138982087267e-13,4.9433097640333894e-12,5.312129393155481e-12
e61d77d94952b728dbe1eedd0a106687e6365e69,1.213701206613199e-10,0.9999999969450926,3.1258610237313274e-10,1.27407823324523e-09,1.3468780702604753e-09
e648c02982810cb9e8d6c36f5be6f719ae4aea20,0.47942759447036154,0.009494692810551278,0.4413160474177235,0.035477854975735634,0.03428381032561737
e69431b75ecbecf075f1fcc5bf20b0dd0255e80d,0.0031987963284987523,0.0002175182314027766,0.9935890848714237,0.0014663990102728379,0.0015282015583945499
e6c7dc5975120947d85b67e82f7ce7ba3451d117,0.9999998688028967,2.010917477292019e-10,1.6652729992099095e-08,5.647842255879907e-08,5.786485588644011e-08
e6c7e1db8488bd55bf436e8f4cd545ddb5610b2f,0.3363237919841896,0.0015068736258485827,0.6326913725233619,0.014623987377538061,0.01485397448905282
e6fd4e67adc0b7ca945bb6dab199a076ad7dc110,0.9998920570297787,8.134156155027914e-06,1.30708257889048e-05,4.371996207832729e-05,4.301802619189428e-05
e7097af7ff806e11fd6426650d7c3c5d159b39a0,0.9995605906028265,4.613704328090048e-06,0.00025461111830987196,9.254167152149426e-05,8.76429030230939e-05
e72f916f832c1ae41fd57ad9509b2a242fb6bc73,0.999692143211343,1.8690020602562956e-05,9.481443042213019e-05,0.00010807983604232694,8.627250158594669e-05
e73af8457a4f14cd9fbca401184bac2de84725e8,1.0531384934247511e-09,0.9999999839989472,1.2121441437624916e-09,6.687900548805966e-09,7.04787088040904e-09
e75a4ade4e43162bf822d6fa9fe0656ea1ec4e28,4.449841655107458e-11,0.9999999971122406,3.0050089167307084e-10,1.2246449013977807e-09,1.318112032524777e-09
e76ce214e699936abce9910a859e8d6cd9a5bc43,2.890085747924365e-15,0.9999999999995453,1.9172829722707617e-14,2.078903353898543e-13,2.2098485775747698e-13
e78aa3a954b093085f487fd4eaf89fcf1df84f0b,0.6988429091785983,0.05754021174925656,0.132500282392942,0.06063603956224813,0.05048055711696198
e7b2c425a23fe0de6d6f46bbba77ec4b9f982d2e,1.6726618833818084e-06,0.9999825074807536,1.587238716944918e-06,6.966803517335474e-06,7.265815118152604e-06
e7beaaa052746a44db673865d1d17ba1ff872191,5.1513594883115796e-05,0.9999243459907481,2.7239975564380356e-06,1.0768408500820882e-05,1.0648008318158869e-05
e8020af78e466c61d20ed26e4ab654dac3eaf8f4,1.8013305157352802e-10,0.999999994245826,6.012923487634354e-10,2.4686265637024095e-09,2.504132545715144e-09
e80688b8b17b2261f7d51d27d865fca6bec84f8a,0.0037278454114893947,0.0002432231442474718,0.9904734936376517,0.003064218122766856,0.0024912196838348453
e8583580fa40064ae071da9a0bc97fdc508fda8b,0.7354248842398622,0.00847058257484833,0.1985131563456001,0.028364981632714857,0.029226395206968063
e880cde7d5226b2adc9e4c4ff0eb6dfa6e00e78f,0.11170768187374971,0.001964075313577203,0.8589141097352211,0.013519710232294811,0.01389442284516063
e8eb073082f6465208ea2e254f0e30045558687b,0.9989743389069162,5.967834220105434e-06,0.0006618177219655848,0.00017366968022344172,0.00018420585666299057
e9d4c66bbce9778e148aee25d1b53129aedecf40,0.9353015067689785,0.0002088233035437325,0.05794137379120027,0.0032994587514342906,0.003248837384833195
ea27a85d79cc6ff80972bfc23bdecdef40ba8cb7,4.883486575418861e-11,0.9999999960626837,2.782317437555702e-10,1.7715436775801823e-09,1.8386958154160854e-09
ea706674fbaae9551b82344b31b55ce556517e8e,0.9999065746181508,3.221876163684048e-05,8.642893451264818e-06,2.690678582495802e-05,2.5656940926509074e-05
ea7aa889f54e92ed4b00f4fc9db56ec8141d6739,9.137265059593177e-12,0.9999999990444337,6.996143459862897e-11,4.2894496160301056e-10,4.475197851125499e-10
eaad3bc3df9ac172818db9f14cfcf0e9e6662c00,0.9860509163700649,0.007155078606512222,0.0006185671887212357,0.003120888785614392,0.0030545490490849142
ead39aa4bceb42944d932dad4a6a79891f35c332,0.9998662728477613,8.387157305968166e-06,6.167213762487383e-05,3.2670661102323205e-05,3.099719620004193e-05
eb34206bd75b4b14c0a683375fccbbe2c8a70d3d,6.751243003968957e-10,0.9999999893818483,9.315370128115962e-10,4.361870888326281e-09,4.649629104288703e-09
eb852fac37dc757ca931882db56983b5d54bba7e,0.9998318316428736,1.0055889742222396e-05,4.957716841206667e-05,5.5003107625984854e-05,5.3532191346657115e-05
ebc0e56934c13deb79e35123979264c53f8c7cda,0.9958668196545094,2.867944062743959e-05,0.003239911081677419,0.0004198905989667322,0.00044469922421551275
ebcd63f41ae689fcbd70ab70a603f10b42a33904,1.5823184124681644e-11,0.9999999993184758,4.0842226559791627e-11,3.01625619491569e-10,3.2323286853400806e-10
ec03498954ca9c39330e1915490eb04253cdb7da,0.0007012557144516278,0.0009325524836794196,0.9919856230897721,0.004237678019314752,0.0021428906927757367
ec476f53f999ad8c6632c829df4afc927e7efc53,6.199942271907438e-12,0.9999999992199093,6.123763626217515e-11,3.4602661144450963e-10,3.6662751344322613e-10
ec5209f2abdc6f20f336d9b4130ce9b81edbfc49,2.3672556183247636e-10,0.9999999849228801,1.5289722773656425e-09,6.5738323567604886e-09,6.737576073630128e-09
ec97d5e982ff9317f872c8be79281574e4ca37fe,5.805606936307105e-06,9.331965453387959e-08,0.99998306962171,5.323779547750686e-06,5.70767215505579e-06
ec9d2cb08c81b7a4ffaeea94fea338e223c660a1,0.9777376844486393,0.0008674229957263216,0.013891986730905316,0.004056039373488275,0.003446866451243355
ed5996a2b94dd61d228197de899d405f6ce122da,0.9973792491374792,1.8782234659262054e-05,0.0021151910334758937,0.0002441997573922988,0.00024257783698097057
ed5a10b4df0e2625156ae899979d7921228a2843,0.5224699470562977,0.0013271911227298553,0.455671118853347,0.009992513218675385,0.01053922974896073
ed687138aa65a945c4c16dbc02025eb2cb7a8e2d,0.22960908352429646,0.0011185668056800445,0.7457474568125018,0.011544219236665747,0.011980673620860497
ed6e6e201b01f90f3a197fae08f3d7ad7399e103,0.02248126897070873,0.0002514525311602322,0.9702460319298313,0.0036649181160714394,0.003356328452229348
ed8f028ad0bd33a4633c0af204c9cd518a0f61c4,0.2825667500776623,0.00026274890250230855,0.7055713891209654,0.005730775070033132,0.005868336828835948
ed8fbbfb7beb57d8d8db7710cc484db60c9b2450,0.9961827309927387,0.00015641721249542604,0.002079904324478567,0.0008080939955729447,0.0007728534747020796
ed95bfe5d2e2552bb71581187b600752afc10cf0,1.364174184834465e-15,0.9999999999996589,6.034406730479842e-15,1.6484648944654505e-13,1.7925369197928354e-13
edc7d7a099d7237c7858c199d36bae3b0a5aef3e,3.6192285740814314e-18,1.0,3.587643691356012e-17,8.977249754587412e-16,7.619334008788031e-16
eddaf8862dbd3127a856e2308b5cff614f1b4700,0.00036535110262498054,9.104679248723258e-05,0.9982743517606855,0.0006209983254905015,0.0006482520187105264
edf68af41a6b9d43d8bef6bc884b65262805b0bb,0.2869471298119199,0.0007379492976940277,0.6891208242175085,0.011516895938317036,0.011677200734548811
ee1bc8402d7fb4a05e02abd348cefd4ee24052bd,0.999975246604022,4.268326106176533e-07,1.1547780304487057e-05,6.463034119922509e-06,6.315748932613938e-06
ee3bb82f6852c5817e957792157f482086711345,0.9999343384193375,1.1936916547211093e-06,3.6534909342532e-05,1.4276708208973181e-05,1.3656271464575734e-05
ee855eef79ea68e30d6bad50e48dd886d096fa57,1.4855291288552555e-12,0.9999999998648548,6.58210047097523e-12,6.179017854374785e-11,6.528146745590896e-11
eeaf22cf43c18ed2e4775acfc776d788cd80909b,4.6598489470497923e-07,0.9999973522709618,2.133624025437172e-07,9.79234703447686e-07,9.891470241243613e-07
eeb3f46451687820864a52e947b0254ffa119b1d,0.02716742371048705,0.0008380897006872846,0.9562853860767339,0.007785869323020312,0.007923231189077335
eefa998949eb0f81c8a09fdabe4f01edc11944ae,0.3369830762749122,0.01546571181071878,0.5826400619025077,0.03202922201431676,0.032881927997532194
ef3d6339deca5a9f8ab0f7603061bf84b08032f5,0.0354712185870778,0.0010301816226310203,0.9506525419120241,0.00642991481768637,0.0064161430605807574
ef401d8f6bc700e007740b081b0042a2a231a943,1.4471223309146254e-05,0.9999113172527873,2.2729383361718186e-05,2.4754468373685143e-05,2.672767215998882e-05
ef7246bfe17afd6bf195f046c49f0cf923e0ac9a,1.7146539119214972e-12,0.9999999999046452,5.667962476260628e-12,4.341200405645814e-11,4.456223478722004e-11
eff4265676b9057d3bf0389ddcee6666642ba8bf,1.506543493736554e-11,0.9999999986899581,8.219442511442401e-11,5.92096397683409e-10,6.206981575371192e-10
f0140c66a9e641ac587e754b76288b66473314c8,0.0006101240057294462,2.8471317028591265e-05,0.9985900997545165,0.0003852713711682319,0.00038603355157046474
f0638ce4eb4a8439a27cfd0c58449e40a4997873,1.467471024813091e-14,0.9999999999972715,6.919822949050529e-14,1.2988403544481835e-12,1.3450167593625958e-12
f0891b93ceb5fd96ad45dfaf844732d2eb85237c,0.00047812324544230044,0.0001283750039338946,0.9983385911512758,0.000506029414556367,0.0005488811847964448
f0a3241b265d196ef31a1e3ac9e634bff9598fd6,3.716207561582059e-09,0.9999998706970613,1.3541696770548577e-08,5.458042445486821e-08,5.7464623682506413e-08
f0b2d119f56cb62554b0d4c1cc8cd3428331a749,0.00839726139626242,0.000690013391002333,0.9803988994349961,0.004649458027540841,0.005864367750199642
f0c847341dba78b37d97647546e9f76ea7b7223e,0.638192781200768,0.0006404634039306384,0.343068439692514,0.009021595635039738,0.009076720067734596
f0efc079737afc79cc7a64983a7c4d0c9b8183fd,3.6956835444553935e-11,0.999999998153811,1.6965382576955436e-10,7.877044842961867e-10,8.518757371270285e-10
f102d2906ae65a7f7b26e7b9ada0ee3563a9fe0c,0.37320325716222114,0.002119591498863703,0.598730562656076,0.012838790214632913,0.013107798468209194
f134dd31dc6dfc74578a8ec7528166271df04e3b,0.8321205686576755,0.0006232539935211838,0.15158237327683002,0.007661911597881948,0.008011892474089103
f15b41713d6addb3efe05f199414ea90d4556d16,0.2314037604244217,0.760063779767895,0.0005568979028486527,0.004646790282470808,0.003328771622354385
f162424b52b6ac892463728376bc106bc114837b,2.3200526865338013e-11,0.999999998326274,1.0893448784035278e-10,7.495184656243084e-10,7.920813424994356e-10
f170d81723bcd79533a7cd7dab303f6969610815,0.05847907943909484,0.0019181241090575577,0.9136568599614822,0.012767850241867152,0.013178086248507264
f170dfc1da299cecdf2576577d6f01f777b5b609,0.6158163054625342,0.04477048018837692,0.16772824246071616,0.10875664588807382,0.0629283260002893
f19c681417273371191c2bc2b11106c3e4f9e83d,8.435328205062522e-11,0.999999997201968,1.9615597460973307e-10,1.2449772989597014e-09,1.2725495065629028e-09
f217464dc5d9b52290742385e671ad257a9da152,0.9998822503220189,2.4231002545465587e-05,1.2983104098094183e-05,4.000785493256593e-05,4.0527716394069806e-05
f258bcdd72e3ca83fc9b6dd5d3cdd1214cdff164,0.9976948030701845,0.0003996044385903199,0.00022033909896432426,0.001072741839066997,0.0006125115531799034
f2a1424b0af3bbe1ef0cbaa8aa2edac6c332f783,0.9999108798168835,8.649019025730427e-07,5.34204300846299e-05,1.724726203319402e-05,1.7587589101424908e-05
f2c0420b2c4187b04721620e49d833d07e18c638,1.0738723507432897e-05,0.9999069414099052,3.917766402256765e-05,2.1206121535041125e-05,2.1936081029864355e-05
f2d8f23c36282f00b4bc1ecbb96534420cc0165e,0.28208994005023347,0.42045802543405997,0.19244505985765725,0.05172024659483791,0.05328672806321128
f2eac9ebe106d83690d3e9bb49f5a52873948624,0.6214497697245042,0.0793575700475813,0.003035990375074021,0.28795785609245117,0.008198813760398093
f34418e595f4e6e13c36aa5383e3302cb20308f5,0.9999775520413728,2.565773640927839e-06,2.6110524361468638e-06,8.90387805426194e-06,8.367254484499195e-06
f345dd03b7a1b1626696b726d924ecea157e1740,3.193690481379386e-14,0.999999999993122,2.2245283985028545e-13,3.206245839444792e-12,3.4121950230514604e-12
f37987ce590d1a8cbb9073a6d99bd4819d1b54af,0.9999556674528736,1.6896937994930638e-05,1.904130962848393e-06,1.3952805584001358e-05,1.15786725864076e-05
f37f3e61afb7593223b6daf35914a45555a613c1,0.39959630585782824,0.007192428020817575,0.5577283179361577,0.018085460035336356,0.017397488149859242
f415febfbe939d60168894805874ecbe2ab4c556,0.9885935115609101,0.0007091978818849755,0.005763912886540698,0.0029161032990720663,0.0020172743715991025
f416d7d29a6f7d9920133443d958c40689224bed,0.00011080765194407999,7.200930027171467e-06,0.99968993922632,9.274995001986611e-05,9.93022416947729e-05
f416ea86f0a10199ef8874552936e08645507057,0.5787657017117187,0.11091210418134297,0.1751708388315292,0.07489442952889074,0.06025692574651755
f480517dd1d148d87687a50a8c9e558cb31b144e,0.9936413171499291,4.10135671385029e-05,0.004960816236136403,0.0006620023020050701,0.0006948507447972295
f521c5d3a221d782cafd51c2f60e84563862de3e,0.9999669159650754,9.233185965348736e-07,1.4231794869779328e-05,8.923454487644653e-06,9.005466965853984e-06
f6299c79fea98f2352989ecb51b16455009b7473,4.110076763952173e-13,0.9999999999682814,2.1445677192703775e-12,1.4092701030219336e-11,1.5078574774803842e-11
f63e3d1d5e4b965b3b004b47f8a4ae3d1e27dcea,3.104813142667973e-08,0.9999994995240344,5.329937186737618e-08,2.0396758603749703e-07,2.1216088918398057e-07
f647f4bedb047ba56eb1fee1ff2ced5c9ff54464,0.35840661445229083,0.006859154654430633,0.5766444692803673,0.029245595143178312,0.028844166469738402
f701545d7209c336fa3de1c09677dbd702e6e354,5.647620496453279e-07,0.9999942797171186,6.253315490402168e-07,2.307764319776083e-06,2.222424966301431e-06
f7256f787a44fa6b2f1c763b54248f77456e507c,0.016169999637508436,1.3840493844298707e-06,0.9834660045196197,0.00018204731872345078,0.00018056447478966378
f78a1e78c1f5e1e6defb5cdba1b6e3c4ab04368e,0.9999944950173792,1.104068531386566e-07,1.924810927290826e-06,1.8893032632426598e-06,1.580461579699045e-06
f7ceb05475f9dbc5fb03757f267015753f73672e,0.6834094524665625,1.240399255289869e-05,0.3139415660848215,0.0013510158388140103,0.001285561617250728
f804bf88bb8c36c9c43cda946d8eae32bfb16b55,0.9957974746408197,0.0016122645649988465,0.0002611618724141455,0.0014893514846591358,0.0008397474371106311
f8683bb62ef0932f883eafe899477d3579bc6410,0.6777323080933076,6.196382589510628e-05,0.3178336073831312,0.0021172413532609515,0.002254879344391922
f88dd29020381d3e5a08bd5d74a5bceaffe75c3a,0.0442930304238504,0.00023542732857835985,0.9483090792075238,0.003548061431373559,0.0036144016086842624
f8a787deefcb60af0876c9d7cd565f8a971a6946,0.999565823631903,8.16521964276429e-06,0.0002623741683907117,7.98892512518339e-05,8.374772881527164e-05
f8c25f6f9f005b6dac3eae76bad8c77a5c4f5a14,0.9936716025871746,3.399664750569558e-05,0.005289652933231604,0.0005015588486570054,0.0005031889834192451
f947396a25fd49d8dc23960e17ce749db4f65841,0.9938207158247686,3.117817366893163e-05,0.004737094076115799,0.0007433388839710298,0.0006676730414862058
f948a1fa1ff3a6bfb7b654ee672d7ce1cfa5ecb6,1.4417578852631307e-12,0.9999999998402131,6.821453282454458e-12,7.32319499373213e-11,7.829477800934454e-11
f96fefc70c2a918d4043028e4b3c8f675ec2df36,0.0985776941628851,0.0005577002447652578,0.8868655598346209,0.0069751440654686105,0.007023901692251596
f97c4493db2a81b0887ff0c0e4025eb896113453,0.9444342069168874,0.003233901559705567,0.03920398135233997,0.006680895234420328,0.006447014936646896
f99ecb8f8a7402f194f1be29acf0e099a265f250,3.1990468999320775e-13,0.9999999999652971,1.6347180391310738e-12,1.6037799513810643e-11,1.670031962729958e-11
f9a70cb56054490c7c5833769b94f5e1fc8b9614,0.9026195672579519,0.08658600310070506,0.0030732919699314734,0.0038176497444764135,0.003903487926924968
f9e5c8ba26def6b138155b99caf13629472ad9a1,0.01894466255093493,0.0003869921119267596,0.9767042476909454,0.0019397916650435458,0.0020243059811354516
f9f6428b55eaf0222f5de2895f304c56a6ea6779,1.8308307739895953e-11,0.9999999992435562,3.586700749445134e-11,3.502903820569707e-10,3.5196783021988955e-10
fa0d2384c45d1928905ff94dbfaf40debf0d4253,1.0344281579331764e-05,0.9999649561212607,4.247214246735892e-06,1.024653506590708e-05,1.020584785620801e-05
fa50fa69d3ae1e883988b98d3b6384362440bf20,0.9642769156821762,0.0008394925315274406,0.028802001775925005,0.0029471065089071717,0.003134483501463165
faa4b306d93fd9e4b1a6303ba9c7752b30afb12b,0.0006757805361857419,0.9947730633951215,0.0008314886137902092,0.001569770470392824,0.0021498969845089575
faa9fcc129f5cc6f215ac5f02cb26eeaf5ae27bb,0.026200472780354783,0.00045615249859814935,0.9642942953526367,0.004421734823686025,0.004627344544712399
fad1b1200b49dbbfe413c52b0fa05f68e24ad73c,0.9392512371626524,0.0003230391594643811,0.050087141294783526,0.005619596506820774,0.004718985876279456
fae51efe623604c00002e037903e85e696f42748,0.9626674085963505,0.00013144172058740454,0.03308710735922275,0.0020144564403054704,0.0020995858835380944
fb8af0fb2929fd10c1618b398351b3f3f20a2e0b,0.9996503946377694,1.1867178894922426e-06,0.0002757020369851138,3.473644581152618e-05,3.7980161545768216e-05
fbee24aaeb8eb97751d8295e2ebdf1487796e59c,2.3497035950310145e-14,0.9999999999947988,3.152021062904834e-13,2.3513610591041643e-12,2.5054613499226757e-12
fc280ce20d6b5d89f549c0487e855bced7e2b6e8,8.471362846300768e-07,0.9999982944576167,1.1620852299658464e-07,3.694958996702772e-07,3.7270168477197753e-07
fc31d3ffa3a4852631c65578752d35c6c0d078ca,1.7116123576324237e-06,5.399066424973013e-06,0.9999706833369599,1.1160072574840265e-05,1.104591168072686e-05
fc4307ec4ff10f8eee99f8243c2acaa35bbcdfea,0.9931709918689675,2.1468496024132465e-05,0.005908785938048111,0.00044495856155053997,0.00045379513541455853
fc535d928b58ec844cab4f6a6f9eb7b80e5c70a7,0.9985835670096473,2.5289109118680384e-05,0.0008691385133542814,0.00025632436869543556,0.0002656809991969781
fc7c9c0b93845f43503478592f92767e7434cc7d,1.282695426474605e-09,0.9999999526241947,2.991634311932022e-09,2.1349685737100245e-08,2.1751785627582853e-08
fc8cea28fb0ed80f8780c06712f4fba1c53c2bdf,0.5018135327503983,0.000514286438720285,0.48164392976103493,0.008110603780224327,0.007917647269623755
fcd6260c1c048340bd64fb57bb8db78e15a4c831,1.1474112627817452e-12,0.9999999998565272,6.976011432556987e-12,6.563360127642418e-11,6.97018352941132e-11
fcd99bf3242a74a46bea2a8716360468d09f7aab,4.4981148703843854e-14,0.9999999999903935,2.6632408091339894e-13,4.448294430439421e-12,4.858766754555243e-12
fcdd932bc76a2bf31fd4cfeeaa522e9d64aa055a,1.2324955119463256e-29,1.0,1.2281198326634665e-27,3.211198562982359e-25,3.5176026552571523e-25
fd18f4bf1d2de2ee3dcffe3f662e5b86f5870fee,0.0019088496389932986,0.00031537859439757326,0.9939188276744748,0.001891660399544988,0.0019652836925977066
fdae06bb3e1e2a55fa58224cddc2994635cc77dd,0.9994119061568053,2.598539343572659e-05,0.0001701785623081591,0.0002047464677667668,0.00018718341969424274
fdbc31eee97116d2a8c8345d96f9f96f396a44fd,0.6220403696145477,0.0012052011519508112,0.36344432362610607,0.006606000573428958,0.0067041050339707265
fe0883f1212cc257918826af706eb607aea73de3,2.2702232415846036e-12,0.9999999999143085,4.327181433880208e-12,3.85429084419924e-11,4.055411567081526e-11
fe5316ca33eda434a08bcd5d34a5a7683f36a6d7,7.49546138766363e-08,0.999998491958195,2.850250076122699e-07,5.751083684208397e-07,5.729538170851314e-07
fe57ec17625aac3c9d4ec1069685945a9680bb18,1.91935030407833e-17,1.0,9.75651616826438e-17,2.6317642533525855e-15,2.740078797637114e-15
fe6040d0d0a8da5c4d394655fe9a6e02d40ba25b,0.9895030740235672,0.0001479404461577179,0.007853671060009147,0.0012169393086673688,0.0012783751615917667
fe665cee17a0a93d27d4b80cab32f5886694d33e,6.272822844230275e-05,0.9995966664850205,0.0001993658697626247,6.995453619485662e-05,7.128488059048695e-05
feb4b0ae88524c9cee3e50f2301d84a235f3c607,0.9952518401703124,5.916005968486991e-05,0.002929882760093871,0.0009067071172945347,0.0008524098926198871
fecf3f14f47237e02721ed4baa4eb6c11abd239f,1.2774503452196404e-08,0.9999999407330638,6.42280060817086e-09,1.945722493949292e-08,2.0612414844082678e-08
feed09e13586d12139cd59bc20996a4d29706606,1.9953696856880157e-12,0.9999999998007354,9.489069260501911e-12,9.095336450426835e-11,9.682487833198443e-11
ffc0bca6fde8fa0cce1ac3a7b0d746603d441bf8,3.985951869448221e-09,0.9999999543055093,4.9643529353765145e-09,1.811076678243729e-08,1.8633420237606013e-08
fffdd6f356ed5b8dba21717f60c53f6520e650ab,0.9996927485445735,2.3351384958428514e-05,0.00010077057292578174,9.120518997834446e-05,9.192430756342495e-05
