swahili_id,kitaifa,michezo,biashara,kimataifa,burudani
001dd47ac202d9db6624a5ff734a5e7dddafeaf2,0.95747,0.0065037357,0.023810105,0.0086590955,0.0035570387
0043d97f7690e9bc02f0ed8bb2b260d1d44bad92,0.023667427,0.96325916,0.0029357115,0.0056534,0.0044842726
00579c2307b5c11003d21c40c3ecff5e922c3fd8,0.25168914,0.007614701,0.72067493,0.013007243,0.0070140446
00868eeee349e286303706ef0ffd851f39708d37,0.9654128,0.0075947605,0.007640938,0.015197868,0.0041537466
00a5cb12d3058dcf2e42f277eee599992db32412,0.42679504,0.0088197505,0.5453647,0.012654147,0.006366334
00a93e174866089d7f4b59b72645573f963da555,0.015219081,0.97149235,0.0029848295,0.0054759104,0.00482792
00caee8b79f36cc0a5ae4fe86b8abbedeef6c705,0.7917883,0.014204385,0.11107713,0.064005695,0.018924508
00e72e69de296484ccacd96e38240844ac61be23,0.023930658,0.9630471,0.003269013,0.005178332,0.004574789
018effc3b6ce812c825fb01d244f4b849658ef3c,0.024607824,0.9625164,0.003347396,0.0052104522,0.004317872
01996c3787dbce345ac122a8912dc9ab57334e2e,0.012391222,0.97249526,0.0030202828,0.0056845886,0.006408597
01a58fd93c05d8febbd10824b162ba00f51a9fcd,0.13879888,0.0082239965,0.8359375,0.010410119,0.0066295615
027063d6cb270ff8b60a4ced0c7d3835628286d5,0.19418913,0.7786579,0.007880258,0.012282698,0.006989989
02824fb4c78d076c52d71f21f50c7e33fac4a530,0.25432438,0.008593008,0.71944577,0.011204377,0.006432399
02c1bb0911f056f18e04a9e831b405cfa721b62e,0.96433806,0.006025564,0.018220685,0.008297212,0.0031184524
032bcb8f892f50c0f4698d550e140474cc0a2e25,0.023487415,0.96369,0.0034990956,0.0050237128,0.0042999056
034185c116681f9afdefd8445f0a9896b9673f9d,0.0075867535,0.0044986373,0.9774729,0.0051716277,0.0052700792
0355be98526df7da1e8da43c81f012551fd53a74,0.9483589,0.003971914,0.03513999,0.009348872,0.003180366
03817b4b8fa61ee0176ac9c5cbf66fec86f2ed3a,0.032010447,0.0055341823,0.949958,0.007081186,0.005416188
0388b907e596357c5bbee251003dcdf97d679c89,0.88075304,0.006179188,0.09632082,0.01215871,0.0045882724
0480c08ce9059abe99336f4b39a41f4562150848,0.004898267,0.0039115567,0.98233473,0.0043919613,0.0044635287
04d7e75611796f3ce8ec460f1eb6bffa9da15676,0.021100774,0.9662222,0.0032797907,0.0050743683,0.004322833
050e737c0998f7ba049bc0f02d5a4b64e7f0625e,0.02140996,0.96547294,0.0030473345,0.005449317,0.004620415
0516a757aad1d09f893091602ad05505b5e88401,0.0048654126,0.0034884133,0.98300165,0.004015679,0.004628873
05d499508761de20c4ae1f9fee1e204bd435edd9,0.40985474,0.010706677,0.5534548,0.017352926,0.008630916
05ea491371ea5305802da17a93f27ecf8e59bb49,0.025179144,0.96191955,0.0034412984,0.0051967087,0.004263197
05ee92945a93072bd98b56eaa9917e73584c0d2f,0.9600799,0.0051519554,0.023053037,0.008741372,0.0029737009
060017feb4ec0ef7415dad6cc02e33842dfcfbb2,0.43863374,0.008138421,0.53324306,0.013190398,0.006794411
0689b40d0a24ac5152e62aad9d112138e7aabe11,0.044668004,0.0066949837,0.93392617,0.008051799,0.0066590095
06bc918b17a76ca6f18a3341f7da78d1fd02a326,0.023471305,0.963678,0.0035179567,0.005027036,0.004305648
07556b566255f261f362d7b6dd317cf7c8722507,0.00588483,0.0033422522,0.981974,0.0042306976,0.004568317
075bbea3663e0db97fcd4a2687ef2d47236dac28,0.9572935,0.010667573,0.015393178,0.0123047875,0.004340968
07ad07b3e6307bc93b4abf80011e4630058b665e,0.86149246,0.0060603647,0.11845827,0.009776176,0.00421262
07e372ce107507e12c04bcc938f1014a190c4912,0.005599106,0.003616517,0.98137957,0.004599502,0.004805324
07e92959da333f858fffbcb3d9598ccfe7d2da34,0.0056930226,0.0033305665,0.9825032,0.0041539,0.004319373
07ea328f3b14346960dc9ee5be834753bb1261e7,0.9575605,0.006646048,0.020225963,0.01242482,0.003142756
07ec88b88bba066163e7aa27228b6263ee506390,0.9652313,0.005680254,0.014461143,0.011131888,0.003495264
081412e435970d66e6a60e9406148323605d7171,0.0061302385,0.003583935,0.9817516,0.004226891,0.0043073557
08275ea9ddafd22b968c99f94db32c366a9b94d8,0.023580305,0.96311307,0.0029392214,0.0058382587,0.0045291143
0890a8acfb73d35080feb74458c9792b1d57fe6f,0.8901563,0.0063984287,0.08997267,0.009143134,0.004329393
08df63a437025893af3ef60b87a702ad20dac5a3,0.015785947,0.9717087,0.0029574765,0.0050484883,0.004499299
0943b6968f97bdcdb50614734e04244199588da6,0.028203782,0.9583215,0.0034469496,0.0055753905,0.0044522802
09b4ed7da8e5f8780ea8d3123478d6b42be31dfc,0.5849222,0.009969694,0.38112915,0.016017595,0.0079613915
09e50d9ada0f258798d3a9ae312d4783589e5fc9,0.010402777,0.0044932044,0.9749782,0.0053422838,0.0047836346
0a0c86c5a3e9253c647297a0fdf9355262620f8b,0.32222,0.0096311,0.6482772,0.012642802,0.0072289235
0a223acab39e9b37cc0ec89b241874869c79cef9,0.9518656,0.00723048,0.027454609,0.010200736,0.003248514
0a25a12bcfb1bcee66a0fd936b305251082736ef,0.021815365,0.9652147,0.0031381478,0.0053352937,0.0044964026
0a6152dbcfdcc0e8f2980179f6319d511d86e258,0.934944,0.0052521857,0.048058078,0.008258396,0.0034874168
0a8af0671430846c40524d56d374035793d03247,0.013934765,0.97171867,0.005607827,0.0043738554,0.004365028
0b01e6d23ead0ce43ee3cb719a84694cb634c84b,0.024258252,0.96300715,0.0033899497,0.0051053963,0.0042393673
0b39b6b564a36e71f36a9b2da87e1d8b0edc1926,0.89345264,0.0057894127,0.08790549,0.008855191,0.003997265
0b47e2144dc890d150c60a32986e2b130fa1e6ce,0.0052629244,0.0037329784,0.9827428,0.0039000267,0.0043613566
0b556c8ed912121e0574b62a5e41d68e771ed380,0.9621551,0.0064785867,0.016582698,0.011051663,0.0037318831
0ba0156e5105e73cdc1c9c6e0b247be99c8b8be7,0.89055306,0.00641855,0.08779743,0.0109345075,0.0042964583
0c272f5d8f6746d7b77b3d8dfff502c55b7b6612,0.9627282,0.006943416,0.017955957,0.009077906,0.003294449
0c970a83167a984294a4f45f714cc117adca3b91,0.9659073,0.0069522834,0.013930953,0.009841336,0.0033682508
0cdc764a2cf4f38e3b734dda222498daaae7762b,0.38849702,0.008104377,0.58430403,0.012657573,0.0064370483
0cfbd5179035e5e22964b1fa9c764337cc816bc4,0.00482988,0.0034189045,0.9837406,0.0036917408,0.0043189907
0d15d685fd32390bac5ba568a7ad5cac59313f78,0.024587361,0.962526,0.0033973984,0.005217528,0.004271636
0d1637e139b088cf1d9a114ca48a5676abca4161,0.0066830902,0.0039548012,0.9812276,0.004013837,0.004120662
0d2e3cdfa1c479f93d7d19008616c7331df1d4d1,0.28067124,0.0121504655,0.6818746,0.015704814,0.00959887
0d33de20de638919329d55c90d8eeb6e6c05d8bf,0.005367966,0.0038773527,0.98230755,0.0040345257,0.0044125956
0d8e8bb5db320bc6c7c048d0bed7b17a4e52fd4c,0.72766155,0.005670688,0.24770777,0.013665713,0.005294214
0da943ec51a642a6c551c33e260fac9702db1261,0.022427173,0.96460885,0.003395588,0.0051588574,0.0044096345
0dad250b74ae3fac96a6ea95da3908cff18481e3,0.9707662,0.0055422867,0.012647178,0.008229676,0.0028147527
0dbb48e484af46a1567888ee8cad187011cffe91,0.9641174,0.009421371,0.012718032,0.010098131,0.0036450059
0dbff8419b10d05274f9ae806c3a80f4182e9533,0.76209337,0.012225532,0.1822854,0.03354048,0.009855296
0dc7aa83d132722c26c404bcc4c3beff84a4f6a9,0.9363967,0.018120855,0.011559505,0.026857655,0.007065233
0e43e7f0e72fd33f0fbf9cccf323f5075970ebb1,0.005746992,0.0036353383,0.9825089,0.003951975,0.004156724
0e9ac91411adcd07930eec2cb5aca10edbcb5baf,0.9626323,0.00687294,0.014277242,0.012473816,0.0037438048
0ebce7758de01efa31f6cb32923137d89af0eea0,0.038286168,0.9453744,0.003991544,0.006892128,0.005455794
0ecd111de63881bf6a1a5737ab588f514c96c70c,0.96176195,0.008651174,0.010928742,0.014917711,0.0037404199
0eec26a488ff8052197a3b5390b418ac1c12ba6f,0.28226113,0.036064763,0.057128955,0.5305393,0.09400594
0f3cbf200b1576ec06958663630b1fe0296dc147,0.9253377,0.021564892,0.013999504,0.03283772,0.006260124
0f549457628a1f540d3d5940ac5d21ba5f258533,0.0061192904,0.0036236064,0.9819797,0.00396317,0.004314166
0f5bf82dcbb81f6291a8dc85ed6e306e15a1cbea,0.2666489,0.008366093,0.70708305,0.011731526,0.0061704353
0f5c284178765d0a6d07ce07bf4fe33f92e06202,0.79898024,0.0072306274,0.17579661,0.012210572,0.0057818657
105b495562a154cbbcadcffad1064e8118242c74,0.021423655,0.9660907,0.0034562228,0.0048727393,0.0041566635
107dd7197b90fdfbe1a98b86dadfa8bfac9bfedf,0.0046139564,0.0035433664,0.98247725,0.0043866853,0.004978807
10b03eaffdc3304770628c87bda11e0267eed7eb,0.019805614,0.96797806,0.0032946155,0.0047428976,0.004178832
11066cccc8556d9216650f0e9b8a11bea7bda395,0.56802726,0.01158127,0.3906094,0.020268349,0.009513674
1146d6b4b5f38d1e47599fc43dc2416ab09a9c6b,0.95803773,0.006849357,0.016434066,0.014814982,0.0038639377
115f11eb5f7d4ec8c9ed994f7a613024d7495529,0.005017287,0.0036905578,0.9814401,0.004553549,0.005298599
1166f416e9abde5e66f0073ad84fab41e55d2f5f,0.006616366,0.0037099454,0.9812945,0.004168396,0.0042107194
117475559a39a6e0c91bc8146d3af16441445958,0.8223294,0.017457519,0.021151597,0.12375248,0.015308981
11cfaf6f1cb4d9e912f67fc7bba2dd20617a54e5,0.39363882,0.17036569,0.024008894,0.35701492,0.0549717
11ebf20c51938edb9f0bb485fdcb764dec79b720,0.26547137,0.011570114,0.6964156,0.016444448,0.010098428
11f2336ac02a445727c4c70267c96c26165e5160,0.025167376,0.9617937,0.0033720254,0.0053523122,0.0043146284
12bfbc98cc72f5b4325559a389d68642841bb352,0.7558224,0.009039658,0.21625523,0.012847946,0.0060347007
12d9b3e67591a19adb213cc10fce955b95975b59,0.0324483,0.9535941,0.0038720055,0.005589141,0.004496448
12e3516097ebeb561a648ed3b80c84831b2373d5,0.0049112467,0.0035786552,0.98294985,0.0039965827,0.0045636273
1317a6c2be8b08e66c44be5fb0fa0abd95dc1122,0.8619561,0.010777596,0.098616205,0.020880967,0.007769088
13299c54cb74ce4c8714de5e4a9bccbb9a556f96,0.016794676,0.9699987,0.004173478,0.004667154,0.004366116
13451413c35a1bcc624706c98bcb353fd910f62a,0.02755949,0.95908827,0.003745126,0.005287169,0.004319914
141df8d7c9720327fef3166a4946149d4597520a,0.004417439,0.0036483987,0.98338574,0.0040498488,0.0044985013
144800063ce42c96dfa9cdddd36d622159cef6fa,0.9547718,0.010211226,0.017424952,0.012916897,0.004675039
145d0710b6bb3db5a6f1bb4781468967ab8f363b,0.9558553,0.005790364,0.026801886,0.008011018,0.0035414859
1490e2b0c8e2ce49cc21aedb335c55c4b8df719a,0.0057565216,0.0033316193,0.9828137,0.003937256,0.0041608126
14fcb47517af5bcf9fefb157fcef1ba616a7c081,0.9588929,0.0052718716,0.025718085,0.007362776,0.0027542335
1531d5b6c12ec1d135669ae9484671aea15423d6,0.004875744,0.003552784,0.98243815,0.0043453467,0.004787884
15881754e95674ca3089e2c229cf14ca385993e1,0.022391925,0.9645533,0.003441437,0.005117037,0.0044963476
158cc5c81fe5b29eacb35b95b6e0e56d09d8e758,0.015697135,0.97048116,0.0030672706,0.005691952,0.0050625275
159224fc313fc2d9b3ef32df8c20c53fb98725a2,0.8919675,0.0064028166,0.087111644,0.0106177805,0.0039002805
15b073c6c1159056affcb7b1d5fd094d2fa178d5,0.022790344,0.96467453,0.003395821,0.004852508,0.004286941
15e01f45d706c15014d706a000efc2548eb33980,0.42305177,0.011353196,0.5471748,0.012160528,0.006259704
15e5a9271c80e1c7161e468adfb58a694c737ae8,0.0048840796,0.0044147763,0.9814704,0.0042571025,0.004973705
1641eb85255f102592a85d3cba2cb9cacb8b4051,0.022576513,0.96483874,0.003565154,0.004879554,0.004140108
167e0483268b98bf5fe1a5aad41cd95eac382f0f,0.919265,0.008886789,0.056011356,0.011571838,0.0042650774
16a0e237108278566224aab63145df19b683c705,0.006773886,0.0036898497,0.98125184,0.004213374,0.004071109
16a56f26b6f696151809e0cb26b75093ec47a58d,0.022496969,0.96484494,0.0033195307,0.005073966,0.0042646592
16b770f6de7ce9481b84051fc4e124b792695910,0.8365734,0.0070586964,0.13621779,0.014648313,0.0055017653
17aafba88458bfd29ddf9b7cbd159c191f7a1118,0.9346645,0.0070142667,0.03255199,0.020084327,0.0056849187
17dd7effc40752af58e35c37c5895d4ba5d84269,0.01578054,0.97098786,0.0033048599,0.0052421694,0.004684515
18595209cee4049feb8c24a6fd25aafd9d0d755c,0.014679907,0.9231373,0.015182668,0.016605414,0.030394794
18a3d479d214f7c41b65ecd6abfbea8e124d5ea6,0.015863668,0.9656812,0.0039158068,0.008028225,0.0065110936
18bbb303cb556aa3dd69b6705893649b194b875f,0.005256889,0.0039590322,0.98227733,0.004064398,0.0044422755
18fdf5f0583fe8b0cd324b2324e235a7cadc9143,0.014245595,0.9728684,0.0032016106,0.005000337,0.004684114
197baa2e7a1a9b5e091c5dda305922b912b5f000,0.004743909,0.0036950586,0.982637,0.00417691,0.004747106
19f510e2874c0b863f7b753a1fd624e1cf7f65a7,0.9627113,0.0058871442,0.019779274,0.008305558,0.0033166534
1a17c80adddd2c806c7c006c1c6664551f639945,0.9680163,0.0066870213,0.0109039275,0.011137724,0.003255046
1a2945de7db7d664a6a47aa9d4ca66f32f70b007,0.9349642,0.0052806735,0.046358287,0.009099637,0.004297206
1a434697e5ed37622d6e242b2661e1b5f15fa4bf,0.94130456,0.0056639444,0.03764932,0.011745986,0.0036362878
1a4ea72aade16ffb2a8a5482d687c49f28e5748e,0.94549996,0.014606335,0.013563346,0.020641286,0.0056891884
1a8feb5bc2c7f920cc90e2d48e1aa165756d8e40,0.970312,0.005862127,0.010214478,0.010352995,0.0032583731
1ae7db637de02c1433a216bff407f1e00b7746ed,0.008055799,0.004052893,0.9794967,0.004303255,0.0040912884
1af7c0ced692824637718b5bc494b3f369c27ae9,0.0045444835,0.003570852,0.98279023,0.0042628273,0.0048317155
1b1dc07761bcf39e979dfb1718967a78d0aee790,0.5713393,0.010318874,0.39928907,0.012595355,0.0064573865
1b50390e6648cebfec8fe3a6aef61a0b066febf9,0.89014554,0.0049469275,0.09125313,0.009966181,0.0036881485
1b5736b3ac4f1db6c28a7818835cdf7a9574658a,0.004988186,0.0069525163,0.96789306,0.007691588,0.012474593
1b5e71255db35337b4ed41409ad2a02e2631eb7f,0.88357824,0.005323765,0.095787466,0.0112658525,0.004044652
1b9efa38da384b10eaa53d56a07a9094febd5c6c,0.9617634,0.009148557,0.013829212,0.011024867,0.0042338944
1bc2142fc267f7d22be3b03f1d8b96791148b0cb,0.017726742,0.9697556,0.0028346407,0.0052319923,0.004451112
1bc5f88ecb46e60f0f63bef176307d245171062e,0.02221977,0.9645792,0.0034230384,0.005186571,0.0045913346
1c3ece194677524c78a9f91716667bce5fb9b7eb,0.0069294088,0.0040429775,0.98039573,0.004330476,0.004301409
1c626c21d45834c3cee43ec7ec17c73629afce5f,0.96580493,0.006900236,0.013733854,0.009953611,0.003607387
1c73a9479849e76c9269bf9f1542e264493cd91b,0.026860036,0.004630471,0.9584939,0.005779038,0.0042365873
1c7e51812e18ca91b75484915554483ce2a55119,0.0060462323,0.0030439238,0.9827519,0.0038895693,0.004268405
1c9268524736398ee3e60880113cc4d92f934989,0.8923302,0.0065273596,0.08540394,0.011392779,0.004345816
1ca667458b92c09852f3e4a2d3be77fd0064c069,0.029851818,0.95627195,0.003779673,0.0055447626,0.0045517925
1cb82db6885a902029c17c04ae7511653a1d23b9,0.021581052,0.9598444,0.0028094503,0.007550959,0.00821417
1cca7897a49ff7f29aafea06ccafc2ab7f050d9e,0.01983902,0.96643263,0.0027833786,0.005890033,0.005055006
1d21046991eae6f767d0af4f3e2df0c41d57376d,0.021514546,0.0048733144,0.9636049,0.0054939957,0.004513154
1d3892ce2970b5f0ab94bd5d6df178022b82fb75,0.006000613,0.0032752454,0.9819279,0.0042219586,0.0045742583
1d3b44ab1c7acfdf3850e0f32c81ac0733875299,0.018389942,0.96928954,0.003047042,0.0049252287,0.0043482548
1d7c293d74195e673ba22ac413866beec98ca7ba,0.01856448,0.9684904,0.003040433,0.0052005905,0.0047040433
1db409415257ad5afb7d1a4301b5bdd7e4b23a4f,0.016141186,0.9703883,0.0027499604,0.0057997494,0.0049208594
1deae0ba27a1dff11ac59bca2da59863dcc89401,0.015044258,0.9724347,0.0026970035,0.005207721,0.004616272
1e5f02f3348efc9deda3149c6dcb24262b68e0bc,0.021301914,0.9661157,0.0032838502,0.0049556075,0.004342784
1e6b54269bbced15cb129fd99873927aab30fd92,0.20234703,0.01492293,0.7564832,0.016005656,0.010241187
1f306e0c91d64cf18674974f3520900b53ae60d0,0.023111459,0.9637166,0.003197229,0.0054761586,0.0044985013
1f8ae4a40785fe5619988e033a6bdd897823827d,0.24219233,0.012175559,0.71723264,0.018055005,0.010344404
1f91a15048e3ee430b307e0d25298ccb4d778c78,0.020781733,0.9667936,0.003211761,0.004942414,0.0042703943
1f93a643487d5fc6008d958f25d7ee0ff54a7d11,0.4617296,0.007848769,0.5115013,0.012661118,0.0062592705
1fa318e91639e14ded7d95319fe5e497b89c1c6b,0.7240794,0.011965074,0.23993675,0.016914414,0.0071043675
1fec12dabcfdbf1509bf3c4a94af4f3be401a957,0.9645484,0.0056495382,0.017046273,0.009534119,0.0032216127
20514b3a900e6865ddbee4dc7f3ac9a494c3982e,0.96462893,0.006292861,0.017404426,0.008653617,0.003020163
20db7329999438154327e166b1e270010149814a,0.09939543,0.8764066,0.009329032,0.00851824,0.0063507147
2186342b9a2ac3d8370cd188deeb4460adc17368,0.017532516,0.96984786,0.002857915,0.0052891807,0.0044725738
219c4fdda89354527ee17ad814be82a051c69f85,0.006585811,0.0036360507,0.98137856,0.004199752,0.004199752
21d98fb6b5204400522e33450b68f43377298c45,0.013322636,0.0042959056,0.97191423,0.005669725,0.0047975946
22133cda28691ae1c52d81796c20644a27ad65b5,0.91224784,0.005264619,0.07009908,0.008878548,0.0035098281
2232f3e8f9147b183adc5e5922031ada4617fe49,0.8089933,0.007021828,0.1673054,0.012413657,0.004265844
22650528be024b0ae698b5211306bc3732636d13,0.0057173376,0.0034897623,0.98205805,0.004135275,0.004599581
2271fe2c21330c061b949ee2ef4e519280852b13,0.0072055873,0.0058873706,0.9784363,0.004249663,0.0042211367
228a29757133e396c6f0962ee01ecd920542a044,0.95536464,0.010841439,0.0146794235,0.01463993,0.0044745593
229d4fe6fec882e0612a7ceeda6ac8204de18c82,0.9562413,0.0050017,0.027012086,0.008423791,0.0033210965
22a7967c345454212d50c6f8b35414ca1947cfed,0.7735493,0.009091077,0.1973836,0.014294568,0.0056813955
22aa78381e31b43c9ae7f2a931d04e5fe3a9e2e1,0.017169286,0.9702017,0.0030010075,0.005129699,0.004498374
22c65d35241b8783cbb04b57e5d8bbf67b18466d,0.016230455,0.971186,0.0028311827,0.005222095,0.0045303158
22d51c0b65218f37924043f86cad2836c06750f4,0.920045,0.010589344,0.045656968,0.017858464,0.005850354
22d605a5ecf7c468fa8ca8482cb4295a0c6622f0,0.9684974,0.0053896178,0.013501218,0.009337543,0.0032742568
22da997d2d5a443d57cc82b9c0b996d4444012aa,0.022965923,0.9642816,0.0035678963,0.004939542,0.00424498
2331aed1ec908a42e14752a12d2ff6db43352185,0.32005453,0.00961806,0.64565766,0.016275145,0.008394671
23432f8e81eae4e9d012a18339e19ab9076f72b2,0.79292095,0.00947059,0.17611614,0.014701964,0.0067902436
234503eb2811a7bd940e16cb63e858165b824b02,0.017854843,0.9673323,0.0056696627,0.0047685495,0.00437469
2389fbac7e9352ec0de7cc8775f2efc4b4cf6b5a,0.023687964,0.96360826,0.0031668697,0.005219876,0.0043169516
2396eedfb4b784c10e02b5ff30b30a67b2b43c8b,0.8805813,0.00650244,0.09780542,0.01056019,0.0045504547
241de8bd14a3c5059ba72e47c9c7d81256740add,0.28147888,0.010104795,0.68568134,0.014400555,0.008334401
24951db6a078339cfc92582044799ca6e960669f,0.020185923,0.96732056,0.0031705166,0.0049953177,0.004327749
251bd51aa700823c7d36d58b331cdc110a1701f6,0.025291882,0.004909558,0.9577833,0.0066925194,0.00532282
25222836d355cefbeb28dce0331b511c5504d970,0.7711466,0.006402325,0.20766316,0.010141698,0.0046463376
25310ef53a4af995ebd5cd6ebf505eb496bd1f82,0.9664345,0.0061246743,0.012523085,0.011570265,0.0033474672
258ac68db6c7767d8e8ba2c49921e2c329aa0f88,0.02573077,0.9613872,0.0037038752,0.0050083348,0.004169992
25c7ddcde232773eeb3487aa8e6cf929750416b8,0.9661481,0.0057782982,0.015286458,0.009810697,0.0029764166
260a4acadfa1c8e2a5b405b858b556fb841b39c2,0.90977454,0.0086890645,0.06266181,0.014044979,0.004829684
26498a5987dbab32e9e3841a04434d9d6216f7e1,0.0044089016,0.004055658,0.9821467,0.0042859367,0.0051027155
264fa2dc9c98b37c6db6f1f7c8b7f54fce27c993,0.9704175,0.0067671156,0.010813814,0.009040149,0.0029615145
267db0653386b9e84e4130fd216b57a77289b54d,0.021259857,0.965996,0.0032047909,0.0051941886,0.00434517
2682e0c1a27de26e0649f196994225173d6323ba,0.02018643,0.008847649,0.9561716,0.008095034,0.0066992785
2683a7feb3b17d27344244cb210cd148d35223f0,0.020189842,0.96702,0.0032298677,0.005088829,0.004471561
268b71f045246efde4ea467a4ccfcea2c2804b51,0.004650055,0.0036760203,0.9828553,0.004064053,0.0047545615
2691ac6f3a6e113168f145237d836b60df881924,0.0050873845,0.0035482182,0.98315996,0.0038676714,0.0043368395
26b702a06ae1e864430330d015aaaa35f21d4eeb,0.9647937,0.007191774,0.013476786,0.010963198,0.003574603
26bf62e344aaec65d875ad14fd562aa40b49408f,0.010184476,0.017443795,0.96064484,0.005764765,0.0059621967
271825ae352bcae7618044ca2b5719b6f67c6e07,0.022373537,0.96489775,0.0031668372,0.0052127982,0.004349008
27234421a1cc225bbf6d4795f3488dfdf1d2a1c4,0.19252594,0.010269688,0.7751147,0.013709983,0.008379618
27559809240c440f0b528fbc1af7e5cbe1b8fea0,0.015017156,0.96589345,0.003020051,0.0083780335,0.0076912213
2799426ff8c1dda3701fbc7dcbb624bdb230cae3,0.02215048,0.96124786,0.0025951155,0.0070457095,0.0069608097
27ec30c7c2416334df93fd818a58e3d9554913b5,0.007001993,0.0035704917,0.9807076,0.0044832285,0.0042366385
27fab48d0e16964ff46d6c5b904ebdf9e81e8747,0.9313918,0.0094450405,0.039610732,0.0144661255,0.005086303
2851c1456c5a6737c8594631348781c2ebfa30cb,0.005525274,0.003549652,0.98289466,0.003913788,0.0041165566
28667773b1bcb3baf526df79f8f3296c0d4c9674,0.015566616,0.9708958,0.00334485,0.0054066037,0.004786116
28a78ac3fea8a67371457536a90b0e9567273865,0.9487477,0.0054385094,0.027209755,0.014538532,0.0040655816
28dc3ee972f8779bb4b14107db268c8409f50219,0.024282012,0.96265274,0.0034578673,0.0052006696,0.004406622
28e36096ebda6cb2169943384d6c1fa8180fd9c0,0.9614251,0.008884286,0.012610118,0.012932656,0.0041477475
290c85dac0aae4c60fc1f957f7b17b380e049c23,0.02728252,0.95860547,0.00488737,0.004970358,0.0042542364
2949d2d118a3240ba3c654d7c7e93169307176b3,0.013823442,0.9730057,0.0031464815,0.0052213175,0.0048029823
2957893c8d9481ae20b144a940ea8a293d90d18d,0.013648931,0.9730132,0.0028556788,0.0054403357,0.0050416645
29a252032b84ce882412cf07189c50cb15514eeb,0.9656497,0.008274991,0.011816711,0.01027899,0.0039794855
29b49407d4bf17d71f7bd1d4f4e47c4a899a28ed,0.7650576,0.0069236336,0.2113642,0.011366042,0.0052885497
29c81c827ac7170ca7898afd9b27347ff592bdfc,0.9606014,0.008634918,0.012289231,0.01439663,0.0040777456
29e5ea1ed4816d8687114bbb13162d9a074e7eb8,0.021006595,0.9664552,0.0033520514,0.0049373563,0.0042488216
29f93cb4ecd517363279aecef84e97875d5545a6,0.9696277,0.0051197656,0.013462466,0.008786781,0.003003275
2a84a5008e52e2a6656bb548d835335011aaaf74,0.024565602,0.9626464,0.0032500953,0.005225214,0.004312643
2a9af38c7e7210b6ba6c72cf5864052629eb3b6f,0.8651586,0.0065453397,0.11189035,0.011831345,0.00457431
2ab0ef31dad96da6e0da678339f3f4f045ac1076,0.8338203,0.008929676,0.13928905,0.012572528,0.0053884713
2ac85346f12429c41daf50490f042007dcd08c83,0.017113343,0.968833,0.005020002,0.0046521355,0.004381475
2ad94bd023bc1acacfed6a3352a100906678b109,0.6993621,0.2616143,0.017264634,0.014897086,0.006861852
2b48e2cac369ea2abb17921a610162bd33f74d68,0.89667606,0.022120677,0.042248532,0.027981993,0.010972676
2b95c79271040f8a030d774286ad44053ee16b9d,0.005934232,0.0034716781,0.98224694,0.0040288465,0.0043182466
2bba32730836833faaeb1a263ed29ab4df5735a5,0.8618797,0.008663941,0.11427889,0.010675505,0.0045020655
2bd8ed9333cd7b9864725f1742a689df365ad51c,0.22740617,0.00829667,0.7430293,0.0133746285,0.007893311
2be0d207f3a86e11d08edc1188508e1af1d63fb0,0.013843259,0.9658252,0.003187007,0.007481219,0.009663176
2c498e330e035ae446ecde1a08bbf4f9598ea178,0.017744554,0.0046876096,0.96510756,0.0064984667,0.0059617218
2c6451ee38d8ba82c2d43d23ada828a269ca4116,0.020960134,0.96577984,0.0028923007,0.0057799886,0.0045877704
2c966c3f4143d9c68580bf1c3d404a59137ae609,0.01273131,0.97426707,0.0029374354,0.0052776146,0.004786589
2cada7f16de01df9295a1b644efe5c619ac8a2b2,0.48573327,0.009048795,0.48247296,0.015025833,0.007719026
2cae18f86c326b0eb16f03b0aa9c75818a977448,0.0053158943,0.0035679613,0.98265636,0.004060495,0.0043993215
2cc876deb0920ade25c16884bb57a0aa8359c43a,0.02087547,0.96658695,0.0033210474,0.0049613644,0.0042551286
2d2fe22b39e39e7bb306d5e84dc9f9c4d470114e,0.021327404,0.96596956,0.0032307084,0.0050355988,0.004436722
2d9c99c1154e7e7bce3b3f191f4d828672ea27a6,0.008375045,0.003440355,0.9799622,0.004123671,0.004098752
2dff481ee72ac1bcde6262b26c372a9e8b7c7497,0.8860206,0.004957277,0.096831664,0.008781531,0.0034089198
2e543d501ac8b6dd450fef9425cae55ff7b50a73,0.005953478,0.0037761154,0.98212034,0.0039583994,0.0041916184
2ea80316710f886c245ae2e2d45915567e548c7c,0.4072551,0.009235651,0.56192505,0.014385615,0.007198548
2ebfaa78df27a0a64d26bf6772757307c9ff975a,0.2423595,0.009941583,0.72746074,0.013280909,0.006957192
2ed11ec456a062d53dba7f7a9d57534d12acdb95,0.9548265,0.008531139,0.011304966,0.020527942,0.0048094452
2ef825bd7e0591e0e7cb78dae66ce5a2b6c40f5d,0.005137318,0.0037941472,0.98084706,0.004722529,0.005498929
2f011c8fb460b9dd5e28275c0362745a010f4ca8,0.9685177,0.0060639186,0.013624814,0.0087531125,0.0030405172
2f508eb79e87d75611f3ddba309163ce9d0835c8,0.023391934,0.9633341,0.0036224728,0.005235993,0.004415687
2f79ff4c3493a02edea1636bcfcf555b1bf7d64f,0.96524173,0.004484431,0.018164208,0.008979834,0.0031297936
2f85f84d5136cdf6e1ede869b0015b7bfea6b800,0.026687065,0.9602109,0.003562419,0.0052436804,0.0042959405
2fb671633b2e8316879cf56b830a57c8b33983fe,0.9667796,0.0076106405,0.0104376,0.011609527,0.0035627137
2fbe2ccec11883bffc4a999febefd5f09b871424,0.02243823,0.9647596,0.0035171625,0.0049686884,0.0043162894
302994572385583073738f971152dc77783b528d,0.95515525,0.0135915615,0.015271118,0.012327012,0.0036551638
30bdb11d5166101e7dbb5634d71c2575b6e5f54e,0.963691,0.0065020514,0.013506791,0.012176103,0.0041240593
313225e9af2ad60d37829216caf4bce04f23ea92,0.019250615,0.96784705,0.0030139545,0.005346243,0.00454219
31964043423a074f2a221988df0c76b5e6b8f5b2,0.018302565,0.968631,0.00427563,0.0045951204,0.0041957563
31c938d5ecab1bf0f1c4e8082776f0361a50f27d,0.006112476,0.0035233626,0.98220843,0.004102615,0.0040531806
31f73e02023dfa2d1e29e8ff41fd9b18c79878c7,0.030088643,0.95609987,0.0043297186,0.005267147,0.0042146356
326da275051ca238a24ffeaf166b24c00be6216f,0.43660527,0.0101990495,0.52792495,0.016452437,0.008818225
32f27dc369df8e68abab72fede10e6a6ed9ffbfc,0.5662835,0.00954856,0.4032897,0.01439988,0.0064783087
33892ecb8c7c790fcbc2105f390c491c08963ea2,0.95671,0.0087283105,0.018689346,0.0116209,0.004251547
33a7bd491294f9bd4db119b53c5ad00ed70bc6c2,0.15026215,0.007528625,0.8274388,0.009607235,0.0051632035
33b2fcf2f8546fae425948d41785c784da14d6f9,0.92506963,0.007103067,0.054223996,0.009947014,0.0036563454
33c00e4613dc29cfd313ec0b072111e354130d9a,0.22063611,0.010355491,0.74861753,0.012555205,0.007835712
33c58ca9d55b9898c0c1d86a2321bf4da5e1f0c3,0.8918389,0.008540742,0.07676638,0.016347807,0.0065062125
33c989d20b0b8cda8a03f2f35a54c9f20d4358ed,0.08873839,0.007734054,0.8874565,0.009491292,0.006579741
33e428a439707970edb08701626948e828fdcdd5,0.0056668427,0.0037099044,0.9826066,0.0038369624,0.0041795936
342f45fb99ca21761635a2554f6874290379264f,0.018590992,0.95665574,0.0046465583,0.008645908,0.011460911
34c01b50cfbf61b078e8b418bbdca0a04a3748df,0.96691275,0.0064278394,0.012993339,0.010257831,0.0034082865
34c47b3aa1a1f73b6c8b2ef6ea2c5b9dc18feca9,0.9619434,0.0077011483,0.016390305,0.010519136,0.0034460227
3503923351a4e5b9f1526ebe2bb91828008c7ba0,0.020583754,0.9668181,0.002998608,0.0052478556,0.0043517975
3515161f7bd3c88c82fc4880721c119c8b65b6a2,0.014574426,0.97115594,0.002983796,0.005863271,0.005422639
352512f17d97d8c2ec89b553c49d9b66b73cfd29,0.0051072873,0.0035765243,0.9830267,0.0039620525,0.0043274974
353f1104abb19365f64a32a062aee01bb7b736ef,0.19044766,0.008630979,0.78345156,0.011043656,0.0064261067
35cc4d648238374926f5b1c5dba18f64a62aa3f7,0.013348614,0.9732361,0.0029501787,0.005493131,0.0049719983
35dcca283f314298e197346f79866e31c4c9a806,0.023556761,0.9634482,0.003540885,0.005114619,0.0043395497
35df43cc777af342d62d49720a39d7cc544672db,0.96271783,0.0050832783,0.021522803,0.007583769,0.0030923146
35f111d0e97cc60de6b2295b0dbb3bd3c185cce6,0.02182114,0.9656325,0.003101678,0.0051678126,0.0042767725
360dacf49e0f34b5d7ca48bbab59ed497f667a1f,0.023005882,0.9640096,0.0037039877,0.005025381,0.004255231
3616b750238fde10f0af92b39f8642ed04f4292d,0.083785065,0.0085373055,0.89148,0.009728919,0.0064686495
361806eaeeb8e109ee70a5a7682afb4c62db6a6b,0.022553861,0.9645201,0.0032608106,0.0052707638,0.0043944065
3667780549f63698b6bcda210f734afe6f00b6f5,0.05906953,0.25835508,0.6491548,0.017609729,0.01581079
368581ce89aa3d42dd5da5b819eaed2a7518d5f8,0.9197063,0.005586411,0.062899515,0.008311973,0.0034958865
368e350eda45f3d79eee691af6eec3b5ac67734d,0.9422659,0.0076872203,0.036754034,0.009189254,0.004103602
36a25b2cd071cd97e370fe277ecc4ac8143298ec,0.023708675,0.9631525,0.0034877367,0.0052420627,0.0044089127
372a5ed3b413fac23455e6f6c7b06707653d3d73,0.9132253,0.0068349387,0.066136,0.010135457,0.003668347
376e988ff1fcf958808647649e2cdf3d01ea4602,0.0067463876,0.003400991,0.98188674,0.0040030307,0.003962795
379e9ff20a7faf7614ccfbcc1157a2ba9c1649df,0.0058367155,0.003493721,0.9818486,0.004410534,0.004410534
3885298536c50c15602b994f492a3160010dee2f,0.015886573,0.9714821,0.002893745,0.005153795,0.0045838803
38dc25352f81252d7e3e6510f383867dfac5c1c2,0.2669447,0.00973919,0.70216966,0.01341088,0.007735528
396d208d43ce393a6dccab5756f7277841766af2,0.0058961753,0.0038263937,0.9818819,0.004170891,0.0042246045
3970b66161631251dbe027dd83cece64dd0de64f,0.96892726,0.008792269,0.009609708,0.009430187,0.0032406007
398a4144007d77ecf3ec1c1deebee3b6f4cea7e1,0.966426,0.006498585,0.011750786,0.012087925,0.0032365923
399d32183389be62b9e3e781c566f30a35c0aef7,0.02117595,0.9655915,0.0035201954,0.0051745563,0.0045377114
3a1253a00f5dd488cf15f8679bab5ef457a3a969,0.18261006,0.007531129,0.79172754,0.0113421725,0.006789159
3a3f9fbb047cfee35b1f0fd80ccef2c4f6fd1867,0.020449422,0.96716213,0.0032477935,0.004934319,0.0042063575
3a4658180642cbe2761195b9b7780b1fc18b0766,0.016949264,0.9693173,0.003259419,0.005575164,0.004898904
3a5d3d3191b1a854703715c46186fb9122eef2d2,0.0049989643,0.0037420343,0.9831387,0.0038675852,0.0042528654
3a6f248cd6c1eac31bf2c6ca7d6686f08a259b94,0.95939213,0.009521548,0.018066289,0.009150621,0.0038694001
3adef46c0ad4a98d53de3f6bcff7507e9adaa103,0.017352153,0.96994376,0.003997183,0.004494154,0.004212777
3b0a48a292ee2314e553b3ae0e9fcfe5acd82924,0.10265191,0.007673161,0.8733817,0.009765332,0.0065279333
3b2fba8eab2d0c87c14342ab93f9593833a58ccd,0.0054114466,0.0034323207,0.9829555,0.0038590622,0.0043417825
3b4fe73c7a6f4cd4809eadcc3a8ddd5c26a7b329,0.013803241,0.97305673,0.0033074426,0.0050520864,0.0047806446
3b66c5b3641287eb6bcfdfaf1432db339d636699,0.01566874,0.97033733,0.0030380355,0.0058701797,0.005085695
3b99fb4e5cdd412fd4a195cc34cbdb68f95023d3,0.0150141725,0.9714911,0.0028435402,0.0056140716,0.0050371704
3baaafacbb8a56cdbf2f0606aae30356237e7a36,0.06009646,0.0070159556,0.9174246,0.0090439245,0.0064191543
3bb07573a736eb7a159fc4266b7cfab3e2caa588,0.9586236,0.0072037703,0.021102935,0.009649437,0.0034202815
3bed99a322bab956e678483c2ed0338635bae020,0.106792055,0.007333176,0.86910343,0.010016511,0.006754726
3c194dad83f96a132dc193cb478b44cb3461480d,0.96220654,0.010269968,0.01016674,0.0131718125,0.004184805
3c2d132307838479da9a7ea2aeaf7b49bb1f0e98,0.033160377,0.9531007,0.0034559893,0.00571564,0.004567354
3c2fbf3e89cf8927e65c8c95dc1f965f97088d1c,0.018087398,0.9687149,0.0026152746,0.0057780617,0.004804399
3c49e11299417669bb889f53ee69a9eac81f3c00,0.019582013,0.9679074,0.0030222742,0.005045701,0.004442631
3c63bba60c34b790de86d559d5c64bf24983e7d8,0.028443927,0.9583791,0.0035652136,0.005358513,0.004253232
3c9fe40cd16d06c217583aa70ff91ff98449a19b,0.0057404893,0.0035204536,0.98272043,0.0039688307,0.0040498343
3d1d32fa2c804524e6be92202fcb61c9c6f6e6bb,0.0056427186,0.0035525921,0.9823851,0.0040978314,0.004321763
3d27f4b78d09d18c7fdab658245b1acfcdbb1ce2,0.029675664,0.9567309,0.0038379338,0.005381821,0.004373621
3d7646aa97f7a6fd4d5d7962fe039ea0267ce82e,0.32323337,0.048089672,0.048774656,0.5024577,0.077444576
3d7b8c6d5faa987683984b2e13370fac13d99bce,0.030186202,0.9562976,0.0035766906,0.0054965764,0.004442877
3d7eb9ce8727645ee4ec20bef250e766d937bc33,0.017044656,0.96987164,0.0028235454,0.0055334494,0.004726639
3d968ff12649d5fadfc7bb51a998e81141b6af67,0.015535708,0.9715408,0.0034804041,0.00506123,0.0043818993
3dca37fb5b222754452768c19679c0a1e6350aa8,0.96084344,0.012855383,0.014174136,0.008689604,0.0034374506
3e2708a682dc263246f9339ad8336ecb8ebab0a1,0.012523684,0.97432333,0.0030877201,0.0051410943,0.004924204
3e4a810a0d73e508de6c53ecdfcc3db19b6defc7,0.0043495875,0.0036166366,0.982735,0.0041998955,0.005098901
3e75e226e7455e797ba49e7a71bdfda5584c345d,0.95883983,0.0044727246,0.02639887,0.0073425598,0.0029459558
3edc14fd83dd2a5a168cb887b108488e39d07676,0.76855904,0.009519607,0.20337376,0.013376069,0.005171541
3efab5e77da8308ee9d10d8377599e04f4541b65,0.9675115,0.005453472,0.014916208,0.008856629,0.003262123
3f21caf8ed997cfa7908f309bbc09978d7fa138f,0.005269275,0.0047373665,0.98128134,0.004084964,0.004627001
3f991b7a289f5c96810a62e767d9e8e4a8506c89,0.96535015,0.009587137,0.008665925,0.012066335,0.0043305825
3fb4a05a1d41f82013c9b5bb2162253d7ddb8041,0.5461211,0.0067280754,0.427387,0.01349077,0.0062729456
3fd93c73799d370d5fdd697bf21bb51a46ffc60f,0.94043,0.010367332,0.025966227,0.01740767,0.0058288774
3ff07631c53fb574981f8a8566ad1df74e9b38fe,0.6431673,0.0064219646,0.33331144,0.011569308,0.0055301166
406e2d7535778e94393ce2e5d838c09362780035,0.020626402,0.96702844,0.0034876491,0.0047191354,0.0041383416
40aa2348315c7f16368b4f6a53455fe9be5af037,0.035854615,0.94637644,0.0030935241,0.007836004,0.0068392875
40e0e34c64479a19963ba2b3a4ca66ad2fce2a0d,0.0054256762,0.0034320855,0.9828886,0.0040587215,0.0041948976
4139d0cd9dd188d32c4bd09f1f615c9f8f074a78,0.9607697,0.0066638333,0.020152444,0.008944249,0.0034697473
419f3484c1d4d86a847a90dd8b750219233fc02e,0.965986,0.0054338835,0.014545738,0.011058365,0.0029759188
420d57cb8b69cb097e553a18b2ae5496b90fe177,0.96654665,0.0055667213,0.015969036,0.008895595,0.0030220917
425fa2c3e26db62deeade6a465c14fe6ba7a5769,0.013313262,0.97360444,0.0029712406,0.0052953823,0.0048156595
4266cd82b4012f07076553cbc7637904c4434738,0.020551294,0.9665945,0.0028560108,0.005455647,0.004542427
42748c8819059ab2e3e4a11e49b4904d18f6dde7,0.34362188,0.009098197,0.62828267,0.012385614,0.0066117044
429b3c1cc70b8987fbb65cc64ddbb2ac4af2e413,0.9520717,0.00883348,0.0080711935,0.025447154,0.00557646
42c2f1c46d8cc0e1e53d3ee5a982b6b6b134cb11,0.005429437,0.0033953686,0.98290795,0.004012594,0.0042547313
42c69bfd2bdcd6f298cfd1d2c80a28ac3b11bb2d,0.015915005,0.97092956,0.0043118317,0.004523023,0.004320552
42d72fdf8b86e46185455a13c498c706f024f0d0,0.91712755,0.009802019,0.050724678,0.0166536,0.005692109
42da4b38de50486157849b2a650b7450582f1538,0.0051496583,0.0038212356,0.9825414,0.0039229337,0.0045648036
431fe08349f4b79dfda06907dede71aa34837c5c,0.05184542,0.930316,0.005575248,0.006916116,0.0053472403
439d7e5cc85ec84ff8c5b289de3cc9418bb25654,0.0065074684,0.0036415183,0.98153126,0.0040422115,0.0042774854
43a4f680a89759370ccdb4593b8adee125300d3a,0.016611047,0.97023654,0.0037988795,0.004753964,0.0045996374
43f86b4839c0ec3eb2d84e81a856e227a90dcb74,0.012386276,0.9494606,0.013311822,0.010223041,0.014618212
43ffd5ed227791dd5c9851f7d905e9f82d8143b6,0.2904483,0.009695301,0.6758585,0.015671453,0.0083264075
44223f4d8c80798db4c67a3886f9998440e8bd36,0.36945337,0.007108735,0.6040599,0.012669276,0.006708695
44a93f93ec30d799bea904fe8a6c590449bfbbc1,0.0049753655,0.0036302616,0.9831215,0.003999973,0.0042728866
44ac3f9e2b4857633860cbfb643520d2531fb490,0.0125309555,0.9703039,0.007958726,0.0044297,0.0047767614
44f5d1ed2fc82b23b06512ed53b1b98d9b274abc,0.69516915,0.0071403463,0.2804201,0.011682397,0.0055879373
44f5e18fed1a59fde38b7115f238e5fc874979d1,0.024033861,0.96281326,0.0033036284,0.0053579863,0.0044912593
452786c6035f1b0993d6df134bc1c59f80bafac7,0.32706043,0.009028947,0.6422536,0.0135613615,0.008095677
454d211c41b771239334065bdf189c9f96c24f7a,0.02268304,0.96385795,0.00310015,0.00578015,0.004578639
45bb6098cebfcadc5640c6624b3fcb9631ac2b68,0.025940694,0.9611051,0.0035513581,0.0051888144,0.004213932
45d0b1a2040340f9781bdaee64f3fc6c7901bcc1,0.023651876,0.96343726,0.0032924374,0.005225985,0.0043924293
46d17d2861e55a2d3a7dc177936d3ab6cd60812e,0.9460893,0.007891875,0.018027008,0.022942265,0.0050496003
46f7d99c5024a91169d68f7a9001524b7aabc64a,0.31754115,0.00823948,0.65278184,0.013858138,0.0075793266
4718fa12fbae9140868d4fdbdba755d1b9b1196b,0.6902557,0.0074823503,0.2829753,0.013156722,0.0061299936
475bc2d8c167d10a9866a5220a35adf48ac6a4e4,0.025225213,0.9614106,0.0033345544,0.005496272,0.004533305
47732d84ebc10d114f7343b35b8c819ced7ecc7e,0.9558789,0.011919816,0.015495158,0.012000372,0.004705748
4844cb02f7be947986205fd1be1e54359d5babdb,0.004520828,0.0037489084,0.98229456,0.004318456,0.0051172515
48b701e4a229a02017217ed52c9b8e224e7e46f2,0.44408548,0.011262158,0.524107,0.014027313,0.006518036
48cbaad2e505e5ff8a6daf0e65ddcfa7b9dab801,0.02197528,0.96511346,0.0033026116,0.005235077,0.0043734824
48ed17ea7e5054a02febfc7c5ab01ea3963d49f3,0.01855671,0.96881884,0.0027455126,0.0053444095,0.0045345197
4924991c24da1d29571b87e46a77aa26629bf211,0.02042387,0.9669299,0.0032078892,0.005112403,0.004326001
49332e6f1f7ababfd0fc18e396eca6de1db6b11a,0.005113036,0.003663484,0.9828079,0.003931934,0.004483762
49740fefc32e31129f8c9dc2aa6ff7f84f0ecf12,0.008125889,0.0034256899,0.97973585,0.00444573,0.004266785
49f5d3d270928177b9704551664459ecf50ee002,0.0050337394,0.0037251697,0.9826705,0.0040935036,0.0044771004
4a3c5532a96ee5d9cca5495b0c891b5b65b2b18c,0.024918688,0.9622834,0.003503414,0.0050468794,0.0042476095
4a9a5b9ce7c49ef6d3025a1a36236ee187311423,0.028296359,0.0038184857,0.9557375,0.0070053195,0.005142489
4abffcd8cff043da06735cf2de74fecaf0708e43,0.8656579,0.01011891,0.10658381,0.0131054325,0.004533999
4ad2d58e8d4159b492758479cc2ca008a2a8160a,0.019148638,0.9288052,0.035041846,0.008193129,0.008811278
4b1b9aaa2431e1fd6c17d0b7915989bfe28c9b22,0.015728915,0.970381,0.0032236786,0.005641751,0.0050246413
4b316bdcd74d1c4cd61a2f73940cce36a3e38775,0.005773744,0.0035289426,0.98243976,0.0040815333,0.0041760737
4b6eddb260cf69fa0ec1d343699edaa3c91de592,0.020939628,0.96564764,0.0029153714,0.005826094,0.0046713194
4b7f4f3ec8977c4bd930528c5a16f614edd59433,0.005058983,0.0035690404,0.98295355,0.0040562553,0.0043622917
4bc882e9e5a9a33ac6310e9e66234803cb51b2b6,0.028946755,0.95742345,0.003738625,0.0054550753,0.00443614
4c5fec07ab429a07e915617d597778e7d7b3bc83,0.9480593,0.010992919,0.012714273,0.022420453,0.005813183
4c7aadef8f8567eede8cb0690f090afe1b26c815,0.48911774,0.010134924,0.47868925,0.014907997,0.007150043
4c92d992f539b1c7935a2ad8919ea143ec457bd5,0.005527029,0.0038135354,0.9825446,0.0039044959,0.0042104083
4cccc9422b54fc433479e10306a5293839cd1891,0.96096396,0.0056361305,0.0202211,0.009890383,0.003288412
4cee51b2788d75bf3cc62fe90ad2c44c35b96b8a,0.022553422,0.9648263,0.0032794673,0.005121935,0.0042188666
4cfa6e5fd96a7e01e57d3112ad22a99bea040aed,0.019053834,0.96857667,0.0032701169,0.0047746836,0.004324622
4d243e1434da227f8f665bb2f3f42e3e9a240197,0.5396285,0.0092225,0.43150628,0.0140399225,0.0056027784
4d30e5726e84c02fae86f224a0bec2b2f27f0997,0.017062945,0.9705447,0.0033122615,0.0047554714,0.004324661
4d4b0b920ca88db835c48891e2bc915ed37ddb2d,0.024674393,0.9621999,0.0035267828,0.0052474686,0.004351477
4d991190f7265ce225ec8e954110adf7812a9fb4,0.017720614,0.9697473,0.0035496617,0.0047133174,0.004269039
4dab277070219a9e560f549a49f8a6b5c78bd86e,0.5056285,0.009419426,0.46449098,0.013734757,0.0067263227
4de4d5dfb2f1584da96dcf14b1b38077b284a9f4,0.64917064,0.0075171185,0.32484445,0.012448846,0.0060190563
4df59854dd007fb1ab530e4f2c592afbaa6c89e2,0.40406802,0.009363009,0.56432766,0.015298298,0.0069430172
4e5bd6e8961e9c4799618f589d470f6878326c06,0.013750737,0.97025394,0.0029930947,0.0066083493,0.006393823
4e6c10248378a0d05b5a65f983463c558e52070c,0.023962054,0.9631749,0.0031697105,0.0053491797,0.004344169
4eb936b5f5f9af34bce71a68a663708d05d7c160,0.6970823,0.006394017,0.27780354,0.013251095,0.0054690926
4fc0752c514347b8d2143130e12894fc9dc29341,0.022736413,0.9643383,0.0035251107,0.0050508487,0.004349414
4fdd17f3d722646d7523eba88c70d71bc581b121,0.93881756,0.009973199,0.027943227,0.017360281,0.0059057423
50092d4f78944002cd8907b6f0e18aaa47e38681,0.01852525,0.9683984,0.0037713083,0.004910769,0.004394284
501365960bedde7040ab68ccae6c1fb3a9fb8162,0.07610857,0.0067413836,0.90193945,0.008891272,0.006319309
5016b0996b59b836fb5b7212d0e75013495fadd4,0.007403554,0.0035104074,0.98123646,0.0039869314,0.0038627037
5018c43ac36a275028ed9e1048fca60e68f1e7b8,0.028493175,0.9561668,0.0033840556,0.00659183,0.005364177
501b5e2676faf018e4737f586ec6e62fc385f168,0.10628808,0.8673356,0.0059553147,0.0129029,0.0075180884
5026edc3937dc8e12639053066b8a7130746c56d,0.020644803,0.96691394,0.003577636,0.0047090533,0.0041546053
502842bf998366359620b9486789f1e85582c4d4,0.007141934,0.004609937,0.9796396,0.0042491616,0.0043593133
50619271d55a78bf05f2dff89cdc893c8291f74e,0.0072842184,0.0033631527,0.98148227,0.004058375,0.0038119776
50a8b92b597491939365a098c448b79c8d283334,0.91752267,0.008060961,0.03075135,0.03617968,0.0074853594
50e24045ab34f9a06798545f90b82d7faebbab6a,0.037398525,0.941987,0.0032540108,0.010238658,0.007121787
50e33fbb7c515474bb684b8312b877f75c64d5d2,0.96711105,0.007491179,0.009380868,0.012385019,0.0036317797
51613eb8ad494addcab281bb55bcfa4d1362935a,0.007797851,0.0038680234,0.97994405,0.004173889,0.004216268
52004be06c1495c8a2e8d3af7be60f4a3978f103,0.95779794,0.006384424,0.017021282,0.014692054,0.0041043637
521947b7254043afad5321488b45bd86bc9fa9e4,0.96982163,0.007027629,0.01126041,0.008800385,0.0030900582
52389364131fc64749e056382f21e7ab23096fb7,0.9649324,0.0063802046,0.015996143,0.009353436,0.003337765
52488500b9cb9ad27efd3e9c7e1b6069d76f9ed4,0.020929804,0.96649563,0.0035954094,0.004764425,0.004214797
524ee4d9cd355c91d4dffe1725197af0d6918333,0.021461384,0.96600115,0.003287887,0.0050425516,0.00420697
52a9e8ca172d2bde982c97193a5ee5f7a6a97c15,0.005016214,0.0033713577,0.9825524,0.0042360406,0.004824046
52e207a7301dbed444e95437b27b36f9c739fe13,0.9683132,0.008170268,0.008044685,0.012058623,0.003413223
52eee36406e8117cf59be7b9906e0dd085b70f49,0.006065205,0.0036427374,0.98185986,0.004184866,0.0042473334
52f3116321ab77268a26b15caa4b5977934d21df,0.9608201,0.0083452575,0.017178807,0.01039424,0.0032614556
531188121a60a5fc43d8ad724fc134a921e73659,0.005428559,0.0034454926,0.982749,0.0038843218,0.004492561
53175daa7da6c12a02bb5d43fe53bb144d52c844,0.012622052,0.0034800847,0.97538495,0.0044498974,0.004063154
53332d2e0363433b554581a07239a648c5bccaff,0.8528003,0.0065305354,0.12400473,0.012094295,0.0045701168
5369aaeedb5bc24f9ef3f1bc3030397a5eee1ba4,0.944046,0.006158586,0.034962513,0.010968521,0.0038643419
53ebd8e93dc6ac7e39f636449ebc6bcb84a7eba1,0.0061338106,0.0036420033,0.981662,0.0042436193,0.004318582
53fd639b02e2f3b268a5f0258e0ff0945f01f3dd,0.025589243,0.9612644,0.0032585696,0.0054219086,0.004465952
54067c7a878c3b58fd11de9198320fa4b253e3de,0.029684046,0.94897836,0.0030853606,0.0092859315,0.008966352
542e0fdca9eca8f1a8ac3f759f2320f897941e3d,0.9494096,0.0060615223,0.025087118,0.015704403,0.0037374152
54c6327ea2d922515d7163f6b7d440651e35cc17,0.015617456,0.9703427,0.005252819,0.004532484,0.0042544343
54c6903a8b969096bb76ec66c4a13b6e0b79c7cb,0.024776418,0.96195817,0.003691128,0.0052994173,0.0042748675
5503e470d7193f77e462e47a43d9f9b6b66bf91b,0.88165605,0.0066343094,0.09423677,0.012081336,0.0053914776
555ed405d478feb0d94588bbac2b59a51f6fc4a5,0.016045583,0.9708731,0.0030274536,0.005341332,0.0047124396
558bb6fa5f377c6c25426487db900d7fda9bbeb2,0.19125526,0.009511782,0.7752023,0.01643489,0.0075957216
55da7de7ff954cfc1a71aea496f4ed5b9cdc8bc9,0.022691783,0.96455437,0.0030982138,0.005207436,0.0044481605
560fae6ec45faca058217fe528498b8f3f60cfae,0.27238277,0.0073097777,0.702143,0.011775773,0.0063885953
5617a7b9fb9683f0d8f9252e693e44b0f056df7b,0.021196153,0.9661872,0.0032488934,0.005074184,0.004293661
562784ca558a3edd53d16967c5c8289e67ac2b31,0.9020192,0.014238213,0.04725429,0.027198294,0.0092899725
56b8911bb19bc8102fe4fd245f0de4a221bdd5bb,0.44025442,0.009333735,0.53090525,0.013070803,0.006435749
5732dbb50d3e1063ee48700c04b4ecd8164ed3b9,0.8420538,0.009842995,0.1244373,0.017876258,0.005789517
57453b728072b8f4ac1a990da4c20fac8ae2bd17,0.9552971,0.004890225,0.028872745,0.0077621,0.0031778447
5745f26be877d7bc6841578e9976b7975cb0a50f,0.9120402,0.01326972,0.04661316,0.022439169,0.0056377053
575669e9a06757b33795350edf2ecc3dc7c55b5f,0.025772268,0.9606705,0.0032129856,0.005396705,0.0049476284
578b9b45ee51e49001a85f9d4c2fa417109a2d55,0.9581316,0.006587607,0.017439224,0.013496875,0.0043447684
5799cd2160dee3092a53dc89f8bdf4fb810a2c80,0.96657145,0.0067858403,0.014500742,0.008560793,0.0035811898
580f1261670fc795dee645c261a1c8a14473b21b,0.70186275,0.0072970237,0.27227405,0.012969858,0.00559633
5818195dc82ef1b86aa03ed7644cb973307a2f9e,0.9576297,0.0055414285,0.023934297,0.00945936,0.003435194
581978bb76e9d205671c4fccd7ca5efe25afc973,0.006649045,0.004483844,0.98018163,0.0043237014,0.004361725
583018a3e6b001d56495e5b2c5f0af165905c0c5,0.098771684,0.009270486,0.85176426,0.024368618,0.015824955
58797486ce63157a998329605a155c6226ec4cba,0.015596301,0.9710904,0.002951616,0.0055778427,0.004783853
58aee3aa1d94554ff57e6a053dbd60658e4890ff,0.021344244,0.96624404,0.0034335689,0.0048375432,0.0041405587
58b15b8d9ba8a56c867a26c0598bd613a57cb77c,0.28009745,0.008260052,0.6925013,0.012473513,0.0066676065
58bf4ab284faea337a0d32107f98fad33ca5ae72,0.14231232,0.008043868,0.8287159,0.01343832,0.0074896347
58e14980924abd6531656ef3af536852284084f8,0.023511926,0.96372175,0.0031757837,0.0053019864,0.0042884783
5959fab7b3f173e06a13ced0f5aecc60cbde40c1,0.028576529,0.9570282,0.0034054024,0.006060981,0.00492887
59aa58b5a39079b7f52fbb08f024848e4c2a1edc,0.96565264,0.0071114437,0.014467455,0.009525766,0.0032427246
59ccdd7b9de47214adaacc2b67ce9923dc382f62,0.769077,0.0073156706,0.20627062,0.011572903,0.005763835
59ee593b27cb3b792b3f4d9c7ff0509265409521,0.022083744,0.96401626,0.0028870192,0.006196371,0.004816646
5a2d56de8f4035ee0f63b1eb158fc1474ead5633,0.9651519,0.00712213,0.01328798,0.010871662,0.003566309
5a6e4698b3f6b34fdcc3f4cea46be02316337834,0.021257523,0.965402,0.0036894046,0.0050496156,0.004601445
5a772ebe24a1a88a37e93bb5d5e09f527a31d14b,0.00637023,0.0036868062,0.98176354,0.00408422,0.0040952386
5aa9f42e2997030682037a7545035c07b2f9d10c,0.0050620493,0.003713464,0.98222524,0.004108215,0.004891128
5acfc258efd4d5fa8756ea3cbc7a25bac5203274,0.0127874445,0.9724855,0.0052290824,0.0047361874,0.004761776
5b17d138a5aa1cf2c6016e9b0aa92a893f2bc3bf,0.9454617,0.0056052874,0.03628127,0.00904817,0.0036034787
5b1ad0ee8439755707f2651b62a58eceba714a1e,0.24103743,0.0083327135,0.73231655,0.011827238,0.006486029
5b32610d9fb1e6c06c9a759c9325afe1c580bcc6,0.95975995,0.010488191,0.01169727,0.013392939,0.004661636
5b5467b06ed20a92a9137215df91d48e80aa33c4,0.030696372,0.9552577,0.0036359155,0.0058691693,0.0045408434
5b8bbeb9a7ca0e754c4d54d25d164f9ad29f592c,0.0047302023,0.003922532,0.98244065,0.004198638,0.0047079544
5b8dbd2f3e9a7a2bc4281d4cbff969b8fc191e86,0.0061611743,0.004096494,0.9814036,0.0041047786,0.004233938
5c16246513e338b4ebe14d84ecc16ee1f87447a0,0.019960703,0.96770555,0.0033518712,0.0047703893,0.0042115566
5c72a46844f5cb42829a1f1845c3d60d72fbf310,0.023519577,0.96144164,0.0037644436,0.0058477856,0.0054265605
5c86228fe34314d82d5db352632cf55f9d450c48,0.95548075,0.0079060625,0.019675395,0.01278794,0.00414996
5c8cef625915c6a1220f0cd86ce0ac0dd78a6e6d,0.90759087,0.0076889237,0.06880812,0.011061449,0.00485065
5cbeb23ec37cd92586317894971a58371c66dd5e,0.66531646,0.037152305,0.10254627,0.16015874,0.034826227
5cf8576037a8428434adf073dfa7fcdc1d4b91fa,0.0072495854,0.0030572873,0.9817622,0.0040869676,0.003844007
5d087f02d1541d434bf4a32e539c1d0d1868bffa,0.017016388,0.9705073,0.003629837,0.0046226652,0.00422375
5d5311827f2cfeec7edfe2f8870a2b865a07dc1f,0.9579859,0.008331857,0.016746012,0.012497493,0.0044387463
5d5634590701455990abe734d362c5d5c7bee90f,0.15008934,0.8181797,0.014816889,0.010066201,0.0068479315
5d8ea177728d8ea79812d96a27219a7d5d2620c5,0.95558006,0.0058435355,0.027667517,0.0075631184,0.0033457302
5d96d8e3f4ed7494a97ee83502cae3f3f87d7b9c,0.31476262,0.007128517,0.6576142,0.012807626,0.0076870304
5dc9d7f6d10704dfcb4fbdc56e4bca75400ab27f,0.21096571,0.009432929,0.7584897,0.013689751,0.007421965
5e3775e6cd75950ecfb2dd52d44c0e40b59de390,0.016203467,0.971184,0.0035934357,0.004576307,0.004442685
5f01334d1c0dbfe04ccecfaa6eec1cc5cc534e3d,0.70882535,0.011808051,0.24721752,0.023250204,0.008898788
5f23900038a99e911753e9c154bddadb5d15508b,0.018569458,0.968995,0.0029373239,0.0050923605,0.0044058813
5f75d7ccb5d7641dfd0c6dba3dc61942ff643b72,0.11237032,0.008377006,0.85955703,0.011715225,0.0079804845
5fdef434a2b49463e5cbb4a729574345647a194b,0.0065942165,0.003579906,0.9819693,0.003839642,0.0040168706
5fe829f295891aa0dab6a838791b576c5660d6a9,0.0050155367,0.0036325601,0.9824197,0.0041731736,0.0047588577
5ff773a6eeb3180c55f96aa7c5e4eb6183a5273b,0.96826565,0.008286238,0.007920643,0.0119448695,0.0035826373
604802030b06eeae31f0f9f9f44885a00a60ca5a,0.21824045,0.0073837587,0.7576408,0.010846546,0.005888432
605af423115f4f3a1242799fd315157efcd34729,0.020221258,0.9413537,0.025687184,0.0062917355,0.0064461487
60a41d7436e2647a15c7d57aadaf1d6fb7e37974,0.942378,0.0049159243,0.04046785,0.009030812,0.0032074815
60e112b51e98a607921c2a29cf2e46d57df95921,0.20554481,0.009660191,0.7643091,0.013186143,0.0072997543
61023bd78d026327e80ea3a76d8231e54c72ce55,0.85829675,0.018037934,0.091308534,0.021316959,0.011039745
6104898c110df931c113d79fe356470934a27d28,0.024915729,0.9621688,0.0034421922,0.0052261394,0.004247104
614fd786adf4a1876a5d5b7c43897e7fbce29c06,0.94336045,0.005722375,0.040089346,0.007577851,0.0032499873
617137f0bd56b49da4ed41bc8caf9ac0eae9eedc,0.9290091,0.005797003,0.053455625,0.0086311195,0.0031070933
617227c2d4b80a8f4c20b82535aac34dfadcfa17,0.06918459,0.90643114,0.007846392,0.009310295,0.007227464
618ceb1dd4ea60b89c8c921896c37f3dcf45714f,0.012357869,0.97151214,0.0064410395,0.004805308,0.004883611
618d36b105582d3ceb1bf8b194f99d9bd3bb2e02,0.032818723,0.95253736,0.004010969,0.0060001253,0.0046327915
61b4d23253eecd6cf2fe1a8ffd335d2e5f937810,0.8512848,0.0067512793,0.12750745,0.010208858,0.004247667
61d337198d7bc3441d0a5ca14d17c32a2eb922a3,0.018639985,0.96899724,0.0032321163,0.004818764,0.0043119555
61f0326e3ed61b418db3656ec18884cafa1e705d,0.024585128,0.9626008,0.003271903,0.005235534,0.0043066326
624320fff44f833c1c8296fb299ab6825c2c5b42,0.015678685,0.97108096,0.0029635394,0.005499457,0.004777369
6263d9a1596e632b0e35af422c6c7b7c19319d34,0.11048236,0.008899526,0.8594653,0.013108429,0.008044385
6290717e64a93dca3056942ef52034b12e2e0891,0.027371563,0.95963126,0.0034796696,0.0052759284,0.0042416123
62e30da20c6583c451115b772c017f0ad8837eb4,0.015875624,0.97154826,0.0031122838,0.005061269,0.004402642
62fa2d435fe7c8fd8c397d9203b0efed7702eea9,0.83910036,0.036904767,0.010763796,0.097204916,0.016026147
633d378a5ddbb5f2b7cc63788a66ba8cd43591ab,0.015485482,0.97111434,0.003165847,0.005411465,0.004822791
6357380f249a669fb4943a25c1f519152b9c3bf4,0.024652507,0.96248025,0.0032980386,0.0052631586,0.0043060915
635df35717a0191c013fc3eed105d72f350f89e9,0.95856595,0.0063637765,0.023039283,0.008512792,0.0035182007
6360d3db5c148abb44efb1722f91ee852935b23e,0.023214834,0.9639608,0.0034070474,0.0051449887,0.004272244
637dd71e973595ece26e0c25f9b2a93f4bc494b3,0.024005098,0.96328163,0.0036862635,0.0048881117,0.004138998
639cd49dede254f5fa9b8b5e95f15a6118eadf03,0.0060425126,0.0035517302,0.9821468,0.004047472,0.00421154
63bc19b4b88d7bb78c33368241e3ecc8617012c7,0.6705797,0.009029455,0.28432402,0.024713788,0.011352962
63f56c8cad492e08f889b57e038a78e5557e5254,0.9502313,0.009063246,0.023288434,0.012598331,0.004818643
6424e559f393310c073f4d6fe7c78eec68a2e4b4,0.005485371,0.0034372848,0.9817291,0.0043833447,0.0049649747
64871a0691cddf644392c9d099016c4580e226fb,0.9648716,0.0075497176,0.015667288,0.008731914,0.0031795742
64a93a8c68b5deb4b10a11724d4168953da105d8,0.027289493,0.959658,0.0035460112,0.0052760784,0.0042303205
64ac267142e26e3b5fe2faf8d8a52a92bec46034,0.0057896683,0.0035362956,0.981838,0.0042990423,0.004537025
64b3100a90d7b579b4f66545e43c10fe9c0d8d42,0.0048777037,0.003937337,0.98217154,0.004385322,0.004628081
64b8e10e63d628388b011950c876f16442751bca,0.00440767,0.0034540321,0.98253363,0.0043428442,0.0052618072
64fa4e7b5eaa2a99c56443b65507159d60e1e960,0.024299178,0.9626848,0.0032589915,0.0053681056,0.0043889983
657815adacf02df2786a40af37c538fcfd4888c9,0.7409635,0.007892602,0.23517315,0.010557893,0.005412821
6619b1412033a3a2101a83acc0886e7e5eb4202d,0.0061395937,0.0035366132,0.98192614,0.0040574777,0.0043401592
66233feabe9d6522180481e341a021a46f43ce61,0.96850574,0.006125416,0.012444715,0.009775209,0.0031488491
666d159ddea5ec0bb15462f9c781fa72fc2152ad,0.018237982,0.9669822,0.0033584002,0.0060583823,0.0053630928
66bc5c0a87bb4f42fc38fed7345879c55cc91a6d,0.9249732,0.007505592,0.052883957,0.010936769,0.0037005541
66e3665d6c0148cc17e299050f744290b8a3d093,0.0056089754,0.003421316,0.98244756,0.0041620657,0.0043600462
67739262a5ab2475ae7180e250e62e8d3e7e3db2,0.005617757,0.0033445915,0.9826613,0.0039023312,0.004474045
6785befb8d46eba5ab121260b0712c1a47d7f5ea,0.015458612,0.96834856,0.003269347,0.006079216,0.00684426
6789d7f08729f9f8fa244f46b6a7bed62f5159e5,0.021874042,0.9653693,0.0031091967,0.0052612103,0.0043864427
679aa28fed2eb1a03cbed1fe216be4df18fc1712,0.96920353,0.0070658512,0.012466266,0.008188803,0.0030756358
6882c98a5a411b163d838e9aea148cebd5aab5c4,0.018931454,0.96836966,0.0030523613,0.005231555,0.0044149165
68cfb4cefd190d64520200428b1a773d5ac65853,0.9618595,0.0065423567,0.0147394575,0.013251577,0.0036071967
68cff36caed2898f19953a94b3aed78b29116044,0.02671136,0.9591453,0.0030519282,0.0063248794,0.00476656
68f2fa12b2724f34f4a5eb70f9a9d61d32cedd5b,0.95427907,0.007992423,0.022112418,0.011646148,0.003969882
6921316307f25e1f070c18a393f61ca57040842d,0.02022891,0.9661214,0.0028933252,0.0058604423,0.0048959246
6924a0be0cfb962389189d06d94520969f1edb6c,0.031212414,0.9550991,0.0036451174,0.005635791,0.004407525
697fe27651f3e320d31b68f340d284f4d1ceb3a2,0.045650892,0.93759257,0.0041778297,0.0073116077,0.0052670646
69bb74d66efe6e02fdc08fd29a1ccdd84a09db62,0.4055133,0.011942457,0.5580164,0.01562423,0.008903616
69c800368874c2c6aa0a05203ca693b518288bfc,0.0065176166,0.003512204,0.9817386,0.0040105213,0.0042211465
69ec582506cb25ebc18e901e321f06fd9013aca8,0.013767616,0.9730819,0.0029417765,0.0053139683,0.004894799
6a1392c6a0d3ebddd1de6e260b5862d1a572896c,0.00659404,0.003727429,0.9806215,0.004290824,0.0047661723
6a274eccab7892485536c065854a6da4b496a625,0.960119,0.008962305,0.014589444,0.012175989,0.004153287
6a58f97d959a1a061cc94e0ee613986c7d017ad8,0.015147536,0.97161746,0.0031335386,0.005298831,0.0048025944
6a8a58f0394fa1b8b9fa401bdd88d3d103fecb47,0.6269167,0.009763364,0.33737722,0.018525112,0.007417578
6afc6c4f1d14d5569ca59ec6a8366f24617cdc49,0.85371476,0.005798965,0.12422134,0.011596482,0.004668393
6b0cf9f25c17d4548d4efab83260f8038a6de4ef,0.0053399918,0.0038106707,0.9824682,0.0040706675,0.0043105
6b262ee93120e0a1644994735fe7b346a3a2225b,0.62531954,0.008898102,0.3438489,0.015281634,0.006651815
6b9453518b7e7749cff874b821f8d104f0a1ad7c,0.9659615,0.007195634,0.011824507,0.01165452,0.0033639057
6ba8844ddadcac56422e8034a0425e7747265d9e,0.015028332,0.9704447,0.005684074,0.004403567,0.0044393004
6bbbf6f199215b285ef61d9aeeb1c93e9c560864,0.30204004,0.0094002085,0.6686624,0.012926681,0.006970603
6c235a74119d55dbd3559b0b7d1bbc04e9f787bf,0.96561986,0.0057712523,0.018306445,0.0072955466,0.003007019
6c923170e43107bf80cdf29d092a8e2fab805c30,0.024060579,0.9633968,0.0033324547,0.0050595324,0.0041506602
6ca7be5ba4e89977b21edcdbed449805b7588524,0.020241614,0.9668912,0.003027246,0.0053265966,0.0045133224
6cd87e2b10f1c509ad970c519843efd4fea963fa,0.0049217585,0.0036693825,0.9830651,0.0039809314,0.004362785
6d2bcb3ddb35a2d843625a75e0b35b3d4e334c54,0.91444856,0.005185713,0.067167886,0.009424326,0.0037735626
6dceade8d897ae6d1a852562410c6b3696125d05,0.019443028,0.9657417,0.0048025744,0.005245546,0.0047671255
6dd5e61f60beff3e1b431d679dd5854f6fd8dd7f,0.0051831305,0.0036541633,0.98295206,0.0039298628,0.0042807916
6e21bfa733cef237f87765595749641afce188eb,0.016193394,0.9710608,0.003921742,0.0045664893,0.0042575826
6e7c9c3cafdf89e02fa3b4a3d5615574bf778123,0.94909,0.009268276,0.01194728,0.02436281,0.005331653
6ea294001b6f78003b2e13e85b0252dfe7105302,0.022750719,0.96462005,0.0034324166,0.0049446034,0.004252194
6ed4417d3de4a939fdb48b3e110d9e5e8b47bde4,0.88841516,0.014464724,0.04523783,0.042028792,0.00985346
6ee12308a614a08079b7e7884e9b154437eced0e,0.027746396,0.95878834,0.0037138183,0.005386135,0.0043653515
6ee3c1053c82b37f43a87086e0496f11a1cd9fcf,0.004501922,0.0038377526,0.98214716,0.004420798,0.0050924215
6f1c14f17352c43f8f613478bfa9094fe6081c95,0.9627884,0.005173454,0.020850403,0.008189575,0.0029982016
6f1d449838e0268bcf3f98b1f75599acb264606d,0.023004066,0.9634468,0.0032527975,0.0057196105,0.004576688
6f2b7f26b1a1f59e014c572ee6f38802da8e5974,0.059518177,0.0057368474,0.91319776,0.012942119,0.008605067
6f487919066078ae5e2d08c7e2b4f593eca6b3d6,0.014408368,0.9726599,0.0029286416,0.0053009437,0.004702072
6fca45a91078b43e391fa3181c2d12643fdb713d,0.96039975,0.007001668,0.019883526,0.009074266,0.0036407446
6fd8d72582414959b81f736ce615be6460be48b8,0.9644019,0.007310918,0.015770791,0.009198404,0.003318005
70c478677047b4b00cecd462c30b55ace1eb086d,0.96782404,0.007060545,0.0114472825,0.010191717,0.0034764428
7141cc0565e4ade59694dea1fc763addd0248c49,0.023462504,0.9638031,0.003280406,0.0051476117,0.0043062074
71a2a1345d8a2c4f0207ce2a3dfa51f4b43a58cd,0.9646524,0.007467105,0.014321667,0.01019945,0.0033593469
71b9276ee4c3ee28476615bae7af34d619ab1650,0.008223459,0.0055194814,0.97527367,0.0055083414,0.0054750536
71bd90d681e50bb0e10723525ed6c5ac126503e4,0.0046242517,0.0039793802,0.9826817,0.004146269,0.004568532
71fd4d43438e740869f1302716a03863d57bc88b,0.02513313,0.96097034,0.00332406,0.005892349,0.0046801064
72047c2ecc3dd679c4f0cd8276612934114ac56e,0.0058973166,0.0033268635,0.98273337,0.0039237007,0.004118656
721a31c9ac2b94a4e71f0680efbc0a8a48388f89,0.015214993,0.9719573,0.003088532,0.0051806835,0.0045584096
72239f6ee95fc60332e5551aa9210cb7a412cd08,0.5603782,0.025740415,0.2886523,0.099661544,0.025567634
72562d5df82cf681a20660315014691be110e15a,0.007395948,0.0036440392,0.9808889,0.0040668636,0.0040043513
727432189a618542e8c5f0279d02042fbf38627e,0.95761085,0.011246671,0.009535927,0.016841233,0.0047653476
72b0721d459d10fa5f3fbdbc54890e7fc4322857,0.4376536,0.00787252,0.535647,0.012690879,0.0061360826
733b492f2dce7e6a7431535c9ac2bff218ae7310,0.94432795,0.004756562,0.038528163,0.00882678,0.0035605833
735f520a7acfb1da864d7ed41eb9ca907018a02e,0.0053505795,0.003711733,0.9824287,0.004054092,0.0044549485
73758ef1f2c1c88bfa2460e56c1014d9cdbd5bb6,0.96261775,0.008355244,0.011575132,0.013414736,0.0040370673
737e9bc0682fa0c1da5460a75c38d5b5fb9f626f,0.95723736,0.009455485,0.015511954,0.013466132,0.004329036
7391478a4a6cd67e15d01e0de0280028935012fa,0.021121314,0.96504796,0.0030500987,0.0055881194,0.0051925853
73b484b59fe8ccd1ea387781cfcb307f64626a04,0.0046655415,0.003735761,0.9821515,0.004405954,0.005041255
740ddb0b1253eaf5a8f694c1561aab3898f94236,0.9423561,0.0050978833,0.038344283,0.010614885,0.0035868092
743280d1f3d59a6fd96d6bab8633f94eed8de854,0.10100889,0.008070932,0.8728186,0.010913417,0.0071881115
745d2597fff1e7faed78b9bfe5fd7078b2e8ae76,0.96838903,0.006368654,0.012778681,0.009255111,0.003208405
7460c0dc2c2b4409c875dd838a8ac4d0e7640c82,0.016825408,0.94741356,0.022446716,0.0065226955,0.0067916703
74d4900964a84fd9af5d4f67a4d7ff23486b046d,0.95641184,0.0059679933,0.025411885,0.009245899,0.0029623408
75174185e289225d5ef42a17ff7541d79409d81e,0.76146436,0.0073020346,0.21553442,0.010561616,0.0051376224
75380a38f0bd7cd8b49565a6c79ac63a7e7a0d64,0.91062665,0.005948582,0.070542336,0.00946747,0.0034150614
758cb430b7a1813d360d9183978d8317773815ce,0.9694844,0.0071927533,0.011324932,0.008803253,0.003194775
75c582ba616d8f7bb3bc0cbe3a0f2d900d3fe25e,0.02341804,0.9639223,0.0034299337,0.0050147823,0.0042149136
7631d2a4862b8696d037be74ae03ca6783d2d02d,0.024412056,0.9622835,0.0039656125,0.004992789,0.004345997
7710932bde4ca0ccea17ce889cdc9a97eff2947e,0.006421586,0.0033866742,0.98171264,0.004255285,0.004223878
771992f1d27f0aa23708611b5733980796971e89,0.9048631,0.0050084377,0.07681948,0.0096644275,0.0036445623
774e3340401efb155d9fe6b6335d82daa423706f,0.50665677,0.008943496,0.4610677,0.015515548,0.007816431
77a4a170e752706645ab29dad6fba028607ffdcd,0.963243,0.007863649,0.010483806,0.01451421,0.0038954108
77c028788501d4cee3d89bdbc6df7c88355db164,0.40345165,0.0112131005,0.56270826,0.01463055,0.007996389
781b31cc1654baefc49002bd7f5f20fd6f06ece5,0.8254125,0.004860714,0.1479883,0.016184285,0.0055541014
784a31a5aa4c0a985c8a57178b4f926dd0d2490e,0.017780647,0.9695571,0.0037962173,0.004574797,0.004291262
784d5231d4e9490ad83bc2d0e437e3b2ffd388aa,0.6306294,0.008199277,0.3430521,0.012232546,0.0058866558
78f5d6ab6b21bf131c81d2271eac5f741b454ee1,0.0048327157,0.0040482343,0.9829937,0.003815277,0.004309902
790bb0e9ee9dc366865dca419180d5ccd5f4f0d5,0.96785694,0.0078008524,0.011552234,0.009509008,0.0032809176
790ddca5decc331d39c21cddcdd8757fae87c86b,0.005622777,0.003809692,0.98221546,0.0040368647,0.0043152017
7920d21b1ccca84da6df5d6510aa6d30300b7fd9,0.9475508,0.02949129,0.0080436915,0.01112852,0.0037857771
794825ac8ea36a584d28ccca0e5f081dcb149b53,0.024488527,0.96253896,0.0034157964,0.0052387235,0.0043179714
796c2db2137687c4114afdf82a60921372160764,0.95714855,0.006029172,0.022583056,0.010730801,0.003508268
79b06459a66f92a021e085710b3cd44c286c6013,0.0065226187,0.0036303843,0.98117,0.0042932257,0.0043838015
7a5152f7711ca295a3f854a8bde2563c49e398fe,0.96309817,0.007045024,0.0140314745,0.012271487,0.00355393
7a6ff39cbdda2ad3b37cff9702af218ebde5ed34,0.9672946,0.0059994273,0.013250381,0.010220502,0.0032351401
7a7fbfd1cbe94d882aaa08cd5cd244fab33893a4,0.178453,0.008386929,0.795902,0.010979954,0.0062781367
7a952147c1ea570c66008cd1dd170227c064403f,0.021530041,0.9656712,0.0033089747,0.0051402478,0.004349565
7ad9326bc9500287e796d0f23f529e2dbc2282b5,0.006156989,0.0032080025,0.9827208,0.0039130943,0.004001036
7ade65877708417e5d7e0e781209c4147029c7cf,0.026304629,0.9602551,0.0035721944,0.0053401506,0.0045278566
7aed818a1c94c2d05baf2b2ee73b12803878e0f4,0.95708054,0.009963847,0.016612297,0.011854697,0.0044886386
7b281087a160effcf89502a1789c4a61edabbe83,0.022991225,0.9638825,0.0030259655,0.005619085,0.0044811317
7b431d5b6dde0737aa12f92435e0fd3d7306051b,0.015867028,0.9707362,0.0033850884,0.00529046,0.004721304
7b57ec1a95b89697a7eacf7247674a332edf3a44,0.019437717,0.96791965,0.0030101228,0.0052256044,0.004406926
7b6d3e6f1a05874adc5f5929c4d6d50931fc6494,0.038859416,0.8362119,0.0077220215,0.048114005,0.069092676
7b877dccd9212dff93e51b26105ff48d48d40786,0.96231395,0.007570387,0.016041625,0.010396386,0.003677603
7c3b0de651ebf290fca93f600a03a59de64ef5cd,0.021817282,0.9656243,0.0032954705,0.0050575864,0.0042053307
7c6fec764798444ba48b9e29c28907b52a9f7461,0.61691463,0.007881734,0.35512426,0.013481523,0.0065978635
7c9c60384f852b1018b03d72d522bbd5f47c30eb,0.0047694505,0.003364779,0.98328054,0.003973769,0.0046115145
7ca1b27aba0d373e72143b6d4829b1766cab05a4,0.005429882,0.003446332,0.982988,0.003943264,0.0041924976
7cf05f7bef40f282ee3505f13f7c8c9400c065e4,0.0054408275,0.0037013364,0.9823199,0.003961872,0.004576084
7df19dbbe38fc64abb38dbf77823f33eff95a0ff,0.019840084,0.9670544,0.0029632004,0.005517376,0.0046248687
7e2c139357e1aa60a9eb5f8b55704e9b8c99aaf2,0.96262777,0.007258258,0.013605951,0.012975023,0.0035331075
7e628d0421fcb4bb226d1e96075626288b65c711,0.020111782,0.9675075,0.0034893767,0.00473421,0.0041571558
7e6b5bac0cd7dc4a049dd244f3ae5d3e92e645b9,0.0047446354,0.003497062,0.9834494,0.0038792468,0.004429641
7eac2bf5cda2744a31d4344ec96acec36f0a2a54,0.015780289,0.97140163,0.00410973,0.0044948477,0.0042134277
7ebce418a37093c4bab86409c3c2e0f428e88175,0.96481043,0.007206448,0.012960724,0.011707465,0.0033149424
7ed93ef2f8f44850ba66eca3f0e7cb75f0057af6,0.01661818,0.9694921,0.0033671174,0.005632786,0.004889895
7ef98c43fe16c30a6ccc0740ea9125f15bca547d,0.016848851,0.970791,0.003543923,0.004636489,0.004179702
7f09297fc1b6574f88998b31c1d81b3e91a18c48,0.9647263,0.00798256,0.013394408,0.010635176,0.0032615063
7f9997156d9570ecaffc25844119687e0163c182,0.016296377,0.96997225,0.0044761575,0.0047366894,0.0045185634
7f9c782a3bb19fc187af4483ee8853f27d7ad88f,0.9650727,0.0052348557,0.016926799,0.009649148,0.0031166254
7fa086a2728956870a846a86da4e02671eb25a7d,0.014738228,0.97281367,0.0036977523,0.004462143,0.0042883125
7fa49d935dcbc001b9a575a44b671de14baa5812,0.016318455,0.971041,0.002846054,0.0052495254,0.0045449208
802bb47bbac63060cc2a31ea488a3e88e898fd24,0.4545068,0.010348952,0.5137765,0.014327515,0.007040281
80657bbb29eaf7a9bb0e49ed7e8d6b3f7f5930b2,0.0234135,0.9635731,0.0036331469,0.0050809477,0.004299384
8073e0fec4423f60bca714433d608d84f98043a1,0.107431725,0.00823862,0.8661042,0.010887971,0.0073374575
809931de28ac84cde391bb4184fe3cbb8a8fb3d2,0.0127845,0.9722615,0.0058226995,0.00445961,0.004671744
8099b0a0e3cc5f9932577b989819453fc85d4930,0.9465069,0.005238937,0.035540983,0.009076494,0.0036367357
80a72a4970ce34d789d3bde3bdcc1897a4d96d74,0.9624768,0.006927592,0.01574461,0.011265818,0.0035852836
80b72ffb6209c77a1b6317a35491a2ded6b52321,0.9539742,0.0054464154,0.029961143,0.0072464976,0.0033717502
80be339d9c32080b162f55e76cb3d04c646f1571,0.006519355,0.0040061926,0.9813399,0.003965924,0.0041685887
813c5ddd13ccdd76a16ecb6ecbeefa0477e6471c,0.015292646,0.9720167,0.0030310194,0.0050979275,0.0045617586
8157913bf8aed60ca8bb93efddb90d2803aa6a6f,0.01142453,0.004311219,0.97537917,0.004608472,0.0042765164
818f42973d933924c2459d0a3051233e8b572558,0.9605353,0.008203491,0.018231522,0.009373731,0.003656003
81a21083e49c2c7cb50a59102453bc94da5dc661,0.57074714,0.0080561815,0.4021121,0.01283911,0.006245493
81eee390bfa2ba4a6783bf742d7c1f5577872727,0.05763448,0.92542434,0.0035318641,0.008010804,0.0053985235
81f4e7e4447feb07eeace7a9e61165191bc5fbe2,0.3275944,0.00977856,0.6433022,0.012294838,0.0070299623
81f5fc093364e94b8bd6e20ceef313e89e5a307f,0.18778208,0.010542694,0.7808554,0.013291363,0.007528437
81fb4fef951ee50c5311c6f270321d2419f27e6f,0.9336187,0.030244472,0.022434948,0.0097065065,0.003995367
82402665be55b87f84aca36ef2f01139a704e6af,0.10625896,0.0076384987,0.8682663,0.010790893,0.007045453
825097219ff0a24995bd0c1990e7aad327633d41,0.0049678604,0.0036813722,0.9822996,0.004318478,0.004732709
82741a528f701adadc471d3025bb9781b5dbac08,0.028262231,0.950015,0.008042913,0.0070057125,0.0066741006
828eb52539fabb6f2a63b32d3f2ae8a783f0e924,0.96250993,0.007921427,0.015316327,0.010603595,0.0036487437
8295a1111aafc032d6aac0577cd2ae74f2d6ef18,0.17148378,0.008749563,0.79958266,0.012285793,0.007898189
82aa9714c0624a02478fcca3f7e098c1a5a61513,0.8308342,0.006669455,0.14896035,0.009390248,0.004145624
82beb10b4596758f4a7f7026962e218ff67d952a,0.016423214,0.970628,0.004048789,0.004536872,0.0043630674
832cc72e0de7acae91cea6cfda292a0b29a2765a,0.0051222905,0.0036824963,0.9832614,0.0037627215,0.0041711284
8372eb7514a3de5ef20435e1aabf0808e7f25604,0.008309799,0.003574723,0.979228,0.004497619,0.0043898826
83833f6832ba25805852cd145ae2a0a1c5ba0001,0.006388468,0.0035869859,0.9812646,0.004337235,0.004422779
8421b52dfc2c73a5c1a5bb5492a9093f019e40f1,0.9259537,0.009485233,0.039668944,0.019512305,0.005379829
84a12a8fb9ffb82c79899838ffaa32cce933a8f5,0.6163432,0.03723933,0.07352252,0.23071428,0.042180642
84a84af332d8410a649bdd889722d90fddd46bec,0.020235358,0.9672433,0.0032524464,0.0049647363,0.0043041506
84c6dadff44ba7c6d6daa7a2e59e0b59d46364a0,0.79360306,0.009042238,0.17674316,0.015096058,0.005515509
851a6548977da40c3fe95f93c8fa63820618640d,0.45764714,0.00865284,0.51316226,0.013486892,0.007050835
8564e8dd4c184aa8f193e7ffd7a19529a2ada380,0.8649207,0.006650171,0.113605835,0.010323598,0.0044997307
85b739fb368731cd3a22a740d1b08dc8377200b5,0.0053514917,0.0036015438,0.9825963,0.003928442,0.0045222165
85b9380dd8658400eddbc561f13b9e2602d25585,0.01969093,0.9678985,0.0032111027,0.0049614087,0.004238007
85fc7c85ce292cf90c89ac9de6920fb23355dd90,0.114471614,0.7206987,0.08530762,0.03618239,0.043339666
86b0edba7f83c164a8cb1b597e84cbaf473771b6,0.43326268,0.008169759,0.5381882,0.013456956,0.0069223847
87344c94ad76e7e284ae2c6ea21f2fb4af2d6e6f,0.023519611,0.96338725,0.0036422457,0.005028907,0.0044218833
875b40e7c1a60b0df8559f1570f8f66691bb9cb4,0.013462233,0.9737012,0.0036812373,0.004532881,0.0046222843
87681f25a07d0a804ce9e362e1567a0d587b4815,0.006080329,0.0039832825,0.9803389,0.0048294137,0.004768008
8771c61774bafb439e99f54fe2f1ec8a595f6a15,0.3079286,0.010833205,0.6573517,0.015522032,0.008364488
8799b775bb3366dfbeddbdd164c29abdef9d282e,0.23101595,0.008149273,0.7437224,0.010683201,0.0064292634
87b2eec153fcdc330b4c1bd0afab63e028638377,0.835584,0.015787937,0.12651166,0.015862545,0.006253837
87b3e02af79114d65b1f4b982d644dfa8ecd49f9,0.05929063,0.43659955,0.028084353,0.18337981,0.2926457
880628b7c9df29b90860022f0ac69ed3cc1b4d29,0.8769537,0.00758101,0.09792871,0.012295246,0.0052413163
8817d1ef9dbe2964ee7ad49511b168e0ca188c34,0.95317996,0.0075644697,0.012426428,0.021452868,0.005376309
88265a7926dd85e77d10f015df7158e877b450a9,0.015547045,0.96812505,0.002613682,0.007504084,0.006210221
88ec6deb265592eacf5180b3720bfd69274b3a03,0.39393735,0.011142075,0.5728667,0.014715192,0.0073387157
8925998973a33a0580f4b36f6249793330e00448,0.010918201,0.0039944607,0.97320807,0.0061056083,0.005773671
8927230a94cc87b5007f95b83a056838711a8d18,0.021056883,0.96616215,0.003742382,0.0047852895,0.0042532585
8944fdc054984a2d284ab4b46cae71a7425927bb,0.0136233345,0.97249717,0.004729869,0.004781114,0.004368527
8964da0bbf32d72667b4a8a7132c59a21efb5ad4,0.9638039,0.007664251,0.0146208,0.010252436,0.003658574
8971560da841654042f221f023b57627ffb3c68a,0.71345204,0.0065265624,0.26331425,0.011530328,0.005176864
897bf1448815e1b20b77416abcd4502baa854609,0.01694,0.9703894,0.003038197,0.0050382377,0.004594169
89af600c262bf0f90467ddc60a798c710409ca5b,0.04632756,0.935919,0.005871668,0.0067500616,0.0051317196
89b3233697a364f36648f5cc762b8871bb796219,0.0137307085,0.97333705,0.0029188627,0.005244246,0.0047691558
8a00e47d47f430d08e977673bb3aa1260773505a,0.2577404,0.011187867,0.70972955,0.013428058,0.007914177
8a04bf8e4820320ed7dba53cf31d7346ac0cf6f8,0.9185915,0.007740304,0.059930228,0.009890667,0.0038472423
8aa6e6fbcd12d694dbdd004d64ccde6fc467e228,0.019564005,0.9670988,0.004194766,0.0048158057,0.004326756
8ac57b97d3011dd06d76b12f98d6ba6e379a8583,0.5818789,0.008158178,0.39160332,0.011992221,0.0063673044
8b6d5c21a1cd3fdc808991200d40ed4216fb434f,0.03632194,0.0047917543,0.9462027,0.007564937,0.0051186923
8ba27d258fde5d01ce3a01d3b32e3a77f5aaa01c,0.96074414,0.011200184,0.010463656,0.013067913,0.0045240643
8bac789341101abeb21ae2bc647a5ac4537d8bf9,0.019191172,0.9593504,0.011358529,0.005168888,0.004930858
8bb8c2e76969a4d5dbf60a5d57eb04af8b20c4bd,0.0142946495,0.0037877068,0.9726093,0.0050497632,0.0042586336
8c0d596e13f61b8f2785d18f7728cd7f59dfd91a,0.7997673,0.010067584,0.16696429,0.016240366,0.006960476
8c399ef2d3cecd969018e5919f079602ec8592d0,0.3450688,0.010811944,0.62164885,0.0143660065,0.008104319
8d71c5e43546c487adfe2376024bca4f71f13cf9,0.026723776,0.95926803,0.0043440657,0.00518937,0.004474722
8daef43d6364153b91cdbc9ce110c9768d62c747,0.02016463,0.9672771,0.0033144774,0.004948216,0.0042956113
8de16294c60318a5e14f3d75ff1c31efd33f4929,0.028723888,0.9580838,0.003646672,0.005299446,0.004246197
8def6fa867c1f6fa018a75d9437c96da27ebc653,0.027826035,0.95895374,0.0034959977,0.005358115,0.004366105
8e09bf48158e6e3f1895bedab209af94422a38d7,0.0051761777,0.0034601751,0.98295665,0.0041002133,0.004306839
8e29e7517b9d8cc0bec21b841cf4bbc2dfb1f2c9,0.9670261,0.0061823176,0.016333278,0.00771062,0.0027478249
8e5d659c8dce795ec6ab2ed7a1b61cd39688cb5a,0.2510742,0.00724629,0.722798,0.0122783,0.006603161
8eb1126142f953756615fafcbb2cc29557298c18,0.005323712,0.0034970236,0.98277676,0.004017466,0.0043850695
8ebd13d8cc5bf38e26fba6b558a3ebb6e425ac5a,0.004870623,0.0038477927,0.98272955,0.0041464693,0.0044055795
8eed74ac393a9c28b1553d8f19bef476e170be8e,0.005353837,0.003906414,0.98170406,0.0041701356,0.0048655425
8f157f16224358eff499e4d516646d594376bc53,0.03159776,0.95427555,0.0034185539,0.0060354155,0.0046726093
8f21bba585efc8b1d70bbbce9453745a6f07fe3e,0.0054686866,0.0034360744,0.9827063,0.0039982838,0.0043906653
8f6025914c3d077bae6b408315ada9c4838de506,0.02650361,0.9603777,0.0037959008,0.0051120734,0.0042107427
8fcfecacd3c47dafbddcbfaeb72a09f51e04b494,0.0069560064,0.0034690788,0.9801901,0.0047003357,0.004684534
8fe33e7476cb5b7f63150df082a0f91bde079be5,0.7184373,0.0102093825,0.24955945,0.016172329,0.0056214724
9055ab4f12aad23abe3b5dafc2d48c5c293d17cf,0.10459648,0.00742839,0.8697798,0.011362087,0.006833223
9066fc88715e33b69494562e2417356810a0286c,0.9671531,0.00564575,0.016111434,0.007753293,0.003336447
907fdc32fd896f08a94c5b27ac8913bda5e0aaaf,0.006845086,0.0035306741,0.98159856,0.003980351,0.0040452112
90e0b14f284e0319a84dab9ba868a0201b8406a1,0.016754147,0.96720505,0.0061419574,0.005076111,0.0048228274
90eda08f48d3f894a1ec1e7e68ca42eec7b9ab9c,0.14712869,0.008204835,0.8261635,0.011351463,0.0071515664
90f9f6236bf100916598e240422ed7143d336444,0.961437,0.006557124,0.019569365,0.009194858,0.003241642
910dbff5c52c1ca9c7e90f66ac8ccb6fd9f61958,0.020412024,0.9671829,0.0033320584,0.00483247,0.004240582
914b001550281785098ac4cb2fbf6f1d2ef65a41,0.026553595,0.96057004,0.0033092764,0.005281092,0.0042859847
914d19fd563923a99daf22b5f4bb076be008a2fd,0.022840999,0.9645424,0.0036319057,0.004829024,0.0041555963
9153e54b3bc15a1e89adc3fdc502966689bf1e71,0.014870782,0.9716965,0.003129575,0.0053856117,0.004917546
915ba928b81b61b9c0e562cd0d444499f382f4f1,0.2560244,0.011203563,0.7050043,0.0173922,0.010375569
91fb902c1e4ec7acc975c5120a24a2d2cb500220,0.017678786,0.9353429,0.03173554,0.0071241395,0.0081185065
92019adc09c1a28bb28b43afe1815e06f2fad72e,0.005690896,0.0033699276,0.98213565,0.004231394,0.0045721484
92053977a6b28dde78f6becc7609e7e36ff8ef9a,0.9009543,0.011280401,0.02213658,0.056261867,0.00936691
9228c551e38331bec7142222e3c95cb5f96a0247,0.5468965,0.038178988,0.39370266,0.0137578435,0.007463905
927e636fa2d50337331faf0a3d5173850529489b,0.69792634,0.007178327,0.27590108,0.013285022,0.005709204
9299e6433f32a140e3b56adb2aeb3661afb103e9,0.96781623,0.0069192667,0.0134237455,0.008647199,0.003193577
92dce967653e37b0587255194db8191acff0bdd2,0.42270073,0.008841682,0.5467208,0.014761228,0.006975527
92e0f406a48566b9bca344f49c38f8c339c657e7,0.8667727,0.008080064,0.10729764,0.012534895,0.0053147604
9300f3171f0a4df9abcb3e456046f7562e8be257,0.015801076,0.97118753,0.0043597054,0.0044787517,0.0041729677
93090a1272d6e9c4070b181a3dc61b17c6ad7c8b,0.025767175,0.9611278,0.0034897926,0.0052628475,0.0043524876
9315a4e62cbf0be09064a1543983028800e3ec36,0.017242357,0.97007453,0.0028973464,0.0051776175,0.004608172
93528a47cb418a0d319023602d2d1dbe22a14124,0.09562896,0.0067595793,0.8839002,0.008173403,0.005537856
935df75fb21adc0c4008726e4baeb0337fc03307,0.95144254,0.005373743,0.03306927,0.007159441,0.002954898
9362cab7b1f02ae1e56b9b62b23f16bddc55b1b5,0.0048701144,0.0037224938,0.98262656,0.004160022,0.00462088
93e4e980d21e107163b60e3d56869b48ef0071d2,0.004397526,0.0039696232,0.9822552,0.004335767,0.005041788
93fb42d64b30c15216541fa674a3a463d55b36bc,0.9436077,0.010621829,0.020697322,0.019349279,0.005723875
94b0f94445627a400153dd2edd229fe138391de0,0.86305463,0.008722625,0.10835915,0.014271183,0.005592439
950827f1535e1865470ab879f625a407cfeefa52,0.23281871,0.008223934,0.73949766,0.012310716,0.007148929
950e83f2fba446a7cca7d0387f3ce3235a596ea4,0.031886958,0.9539722,0.0039846743,0.005747905,0.0044082566
9514ae4eeea6d081cd345c84180d44defe56eca9,0.018116277,0.96895534,0.0028862185,0.005457931,0.004584292
952b5f73d99ad910a2b872562ed92deb32f6c9ac,0.004957795,0.0036028542,0.9829542,0.004012783,0.004472364
953dbdc2712c9e869fa8a37870fa62d0c2f12be3,0.017421655,0.9701469,0.0030620855,0.0049462127,0.004423019
95420db42eb68eb218464930925d3a1c8086709f,0.019317912,0.9682912,0.0031822582,0.004870701,0.004337931
95a5a039696020101f02fc51d7d34f52fa6974ee,0.63852835,0.008928339,0.33224726,0.013089022,0.007207055
9613558b5ab1950db48f591e88863268163e7e97,0.014531212,0.97236055,0.0029594605,0.0053100293,0.004838746
9628e4a159ef849ea6afcde70f6358edd2c20bd7,0.95188516,0.004985626,0.0311598,0.00849913,0.0034702283
967e6d875a1dbfd2a8a4fa2aea7ead54b543d3f2,0.39380533,0.030322047,0.07901043,0.41672644,0.08013582
96a9bd9d745a09a0d645b2ddac4a447ee969b885,0.024266459,0.9628462,0.003344037,0.005194715,0.00434854
96b36be6ff419d2fb9b35dfc05503e7ed2aa4ec2,0.020857329,0.96656036,0.0034953651,0.004911361,0.0041755224
96e09eb3e3afac7a1ef3334f3df1fb2ce8e3b19d,0.95226955,0.0047579543,0.03008184,0.009212054,0.0036786438
96e14929c32c48d5dd271c99a0206edfa9a6660d,0.0048306594,0.0040193484,0.98257494,0.004043786,0.004531266
96f1f0be06407ecf662270dfa3f793b51ef0db31,0.005473924,0.0034093831,0.98298496,0.0038852564,0.0042464784
96f6511ac646fd5d6cbb923952aa3e7e275b230f,0.96713424,0.006748762,0.008847212,0.013568753,0.0037010065
97180137e718b513c96960f856d97ed3b120d0c4,0.024543706,0.9625984,0.0033885126,0.005231994,0.0042375703
975383d8f1bb6bf4370da455a59e567c5f7e7dbe,0.0055505,0.0036093465,0.98207605,0.0041270046,0.0046369904
978051623d4f7910a4ddd55b99ad5569662e68d5,0.89057386,0.0060574873,0.089470915,0.009595457,0.0043023503
979d205d2bbf709301db8b70852bd10970113df7,0.016652253,0.970747,0.0037753657,0.0046487837,0.004176697
97b22e9a72b630f6de7d72e14f2f3000df7dad92,0.019918595,0.96729136,0.0029519743,0.005368423,0.0044698035
97dc0fe026418693904e4868702f331386900eb9,0.020580346,0.9666578,0.0029900456,0.005250522,0.004521358
9827223b6be2be42cff2387778ed07e4112e9a8a,0.01896223,0.9684751,0.0030240468,0.005072516,0.004466241
9846d89eeae0d807b02a436e2fcf481b3bd7fb82,0.022744427,0.96370417,0.0030254056,0.005675087,0.0048508924
986bdb07e65310e4ebb424903c153d50422d88b2,0.016367594,0.9670203,0.0066442424,0.0051232213,0.0048446907
9892cbd1d2a4328213ac714dfe24a46da3283dfb,0.622308,0.041736986,0.03283927,0.26190943,0.04120631
9895f081172c758e065896489e2fd2af8eff7d65,0.022045167,0.9654156,0.0033529592,0.0049989275,0.004187465
98a70c388e03db2750c872b65b38f0e7c3b6f6c3,0.015435468,0.9708957,0.00309765,0.0055842423,0.00498684
98e92cd1fd1062aeca09bd068ba00e465e9d0cf4,0.035122156,0.9507545,0.003638325,0.005916732,0.0045684027
9928f7fa825aff4637a52d48f5def4866d638c13,0.26207617,0.64663833,0.01716746,0.043809135,0.03030893
998feab6cfae08373049d3083ac990f902b93508,0.12131756,0.84963053,0.006720031,0.012742075,0.009589761
99aa4b7b310ede62a66fc6797801c10fb3f18f52,0.0056060017,0.0036750196,0.9825882,0.0038602166,0.0042705685
99e05a1c511cbf76e64d3fee419ce7f5635deb9c,0.80684805,0.0075519006,0.16866954,0.011442606,0.0054880027
99f84e3aecfc812d8d28677eb0ea9d0865961a4c,0.95578897,0.0075342623,0.017811527,0.014646432,0.0042189425
9a3c2f79840227c83eb207ce1b65a9a3eadc47e6,0.9668742,0.007044121,0.012195771,0.010523327,0.003362551
9a87006903e08e379a9496f868ce9634843bea83,0.020656064,0.9667899,0.0033351942,0.0050026746,0.0042160805
9aca589737a4007b3036ce3cff316e22c6f47842,0.19183563,0.008215694,0.780703,0.012036166,0.0072094235
9afc1a2b4d9f515bc9c5fa39575d1cfeb5969612,0.023430366,0.9639426,0.0034300059,0.005004766,0.0041923537
9b6a30faa2348dfcec47c8384447f699507e711e,0.7160658,0.006359207,0.24974282,0.02041747,0.0074146637
9b6ac379b03b908107ae8df566ba259fb4a63d07,0.022013824,0.0040911064,0.96374875,0.0054652877,0.00468101
9b7dab4354255fdfda8ce0c7e55237bb35f01b26,0.72969955,0.0068574655,0.24706687,0.010987756,0.00538829
9b866284715be55e9a191da635240dc1df63bd14,0.0055826325,0.0035504499,0.98179275,0.0044912123,0.0045828777
9bf745ccb5a22910bb6557d9c5065e4f0b47380f,0.015922943,0.97069836,0.0032247328,0.0053656045,0.004788367
9c16c25eb1f2acb33ab0c5ef85bc7cbf4e9200fc,0.00514184,0.0033413547,0.9830337,0.0039861705,0.004496889
9c98d322f1e1c03867822cfd101c9c681ad4096b,0.96520764,0.008155041,0.01167291,0.010997484,0.0039669615
9c9b00876222cd20f4ff9ae894ead1fa36526960,0.19002232,0.057262927,0.10523047,0.51590836,0.13157587
9cc0096196b2d9c6174e4e4ab12b6c05c519efc8,0.024262104,0.96234924,0.0032142675,0.005587523,0.0045868945
9cc09294223581af49a0ef72482f6a4be9469b89,0.69354415,0.008718684,0.27676612,0.013885576,0.0070853746
9cd84cd14eb9cdf596d00a96d0fcf35c891b0419,0.021160219,0.9637376,0.0028208457,0.0061737546,0.006107583
9d13cf231ebaa17077222150aa737ebedc8c50f7,0.9642495,0.0063328934,0.016027944,0.0100452425,0.003344401
9d7bf1ec92ccf34b91c01093b93b09cfaed588c4,0.026532143,0.9604409,0.0034872985,0.005248472,0.004291185
9d8f90ae8b33243294ce2c742fa466ed65c8cf3e,0.008929259,0.0030912773,0.9793956,0.0042139087,0.004369983
9def047c04147ddcac5d32b2b9638aacb09162c3,0.9623492,0.0052482826,0.02070013,0.008569445,0.0031330504
9e8250f92f72775c8e508808f215cec4ac703f72,0.96600425,0.008689334,0.011985391,0.009414411,0.003906579
9efa7906b28c4f1278f7b2b0736917a6efdcdfbe,0.9506509,0.0067372965,0.027804274,0.01106015,0.0037473463
9f165429099303d27923c2de8bb5e2efa92f0845,0.005140776,0.0038095096,0.9828303,0.0040584807,0.0041608843
9f1702b44113e407f4be693ed91b39c61b7a90a6,0.96916384,0.010069274,0.009657472,0.008310697,0.0027987745
9f52d77cdae11505ddf4776ae95ac9c0437dd3ac,0.036867592,0.9482058,0.0041072816,0.0060497625,0.0047696675
9f67c236515506f0e2a80cb122e08a3f2bbac8c9,0.04067939,0.005269904,0.9431661,0.006467264,0.0044174264
9fff4a006d27b240f15195970433028b7c317d99,0.9535607,0.0076391837,0.025108926,0.009987555,0.0037035332
a0285ee2657b30b0646d27a10adc4df925397cce,0.027765553,0.9591274,0.0035679992,0.005276712,0.00426229
a07a9fc65276c7b3e66356369647d501687ab04c,0.9316365,0.006544987,0.04894781,0.009252318,0.003618382
a0c6401fb1c07118f4bb63f7ece49386769e1a1e,0.034857053,0.9505947,0.0037219736,0.006012136,0.0048139966
a11113e50f5711a29925f618136065af9c3c2dfa,0.9608497,0.007437666,0.018954411,0.00942111,0.0033371015
a14d8bb64623087cc9764520fae4173e8cf687a2,0.8718428,0.006224727,0.10605186,0.010923262,0.0049574394
a19d4b56498ce7889ac847c466c870a987824926,0.032120958,0.0053362767,0.94480896,0.009783235,0.007950502
a19dea4e11e86bff4b9a65ace1bb222f83a2398f,0.024249665,0.9628281,0.0032463323,0.005350856,0.004325093
a1d391ad01aa22d793b176f1fb8e092e243b1ddc,0.9593051,0.0046531544,0.024611553,0.008226157,0.0032040998
a257be61549c231c125c084cc5e8ef087bfc5f52,0.539432,0.011359611,0.4255778,0.01603689,0.00759368
a262992f34139d818076c787fc2b683521768242,0.86885774,0.0073607853,0.10712198,0.012247554,0.004411933
a2983bc28b9bd42c33903e5a0a80d0c2494fb88d,0.0181289,0.969549,0.0033357136,0.0047123563,0.0042739217
a2f6d6ff0f62276e425653dc834074230854ae79,0.8954203,0.005849248,0.083816014,0.010935194,0.0039791786
a2fecc417616647bc98aad030152301a46a1f21c,0.005735867,0.0030701887,0.9832524,0.0038758593,0.004065697
a3400257cc6da250b6e3c02112201f12fe88d01e,0.90020174,0.0142959105,0.055155423,0.022554332,0.0077924677
a3c8bb81aa30afd27de00f07bc08ff1b9f957470,0.021193668,0.96591127,0.003261118,0.0051553966,0.004478484
a3d534ba088759cd569f290427199dae40c00ada,0.008055557,0.0040093325,0.9794668,0.0043909526,0.0040774117
a3fb0263888145b3e8a5213946f2f77a964238f5,0.0046254327,0.0036393572,0.98293257,0.0040316586,0.004770974
a4404b8b4c1efc887286ece86cc72b5259cc8b20,0.00583535,0.0034858556,0.98228055,0.004097395,0.00430098
a4ac80773e8734bb7afa1f1e6750d194980b37e4,0.96556985,0.00721212,0.0149566205,0.0088210115,0.0034404274
a4b429ed6e571c822ec3c642fedb7b54e37e1b55,0.95153165,0.009629794,0.015393547,0.018234799,0.005210302
a51bf1fd150d83b6bab3f088f05ae1ad2ba331a1,0.025996044,0.9608883,0.0034655046,0.0053221234,0.0043280222
a563a750d36fcdd1ebe1b64bc254675d689aa6ee,0.014170197,0.004843296,0.96935004,0.0062348535,0.0054016337
a599038bf7022cb0e9d0d9b9b901b3be58c0aca1,0.020762684,0.9667212,0.0031051738,0.005036122,0.0043748706
a59a4ee43d81b5eebeceb3b53b8737ecfc87a63d,0.11432364,0.00735389,0.86454344,0.0083916215,0.0053874734
a5de11781e5f40cd401f20b475cc0051f06e0e3d,0.0045505296,0.003858344,0.98277295,0.004009342,0.0048089074
a5f0d36e3a2181a7c9399c83265993b63e4f7868,0.004680027,0.0035436307,0.98255056,0.004233182,0.0049926117
a60c2d34fa4321a8f1aafc53adcc0bd77e696d91,0.006120597,0.0036611806,0.9821895,0.0039400607,0.004088746
a61b719feefe1e856ea6db2cefeedeb4eecf7837,0.014473946,0.97240925,0.0030118905,0.005321035,0.004783901
a6317e7e908c3743410f36809b05c91d0597b32b,0.95525914,0.009759103,0.019954374,0.010666426,0.0043610143
a63c46f1c92fb53c522c6f26246a5558e86ba3fd,0.39626634,0.009331852,0.57238555,0.014594314,0.007421984
a641973697045ecb002324e5e94e194b5043f695,0.9712271,0.0059793545,0.011155868,0.008677674,0.0029599953
a687352ae1f99b7ee12fb52db8d3eff7b5842396,0.95151216,0.0075056017,0.027041411,0.01019008,0.0037507415
a68e1cd072da13f6815d92b3427e65f18ce0d7a7,0.968996,0.0066847773,0.011813819,0.009552312,0.0029531955
a6a82b5f5fd74c15ab95ee41d3b1bdb093dd6d5f,0.0055808434,0.008849355,0.9768618,0.004058358,0.004649799
a6ab6279c49859a309e7635bf5c9a58cb67cdb1e,0.94669396,0.005100696,0.03680881,0.008090725,0.0033057
a6f9524e2d54f0bb869afdd4df7a74c6304c4781,0.08220568,0.720458,0.044778813,0.07892345,0.07363413
a71160643f6e2171f2be2e52c11c8332e16b045f,0.021507956,0.9658183,0.003144343,0.0051792604,0.004350228
a73018ec3aacba5c1ca71831f183eda81f1481c4,0.004731278,0.003555996,0.9833264,0.0039632604,0.0044231247
a76cc2dc5b6c59d0ffe466c8dd6f4be22c0dabbe,0.9550248,0.0051873354,0.028569568,0.007896967,0.0033213417
a7a36eba4e6f2010f4279e58b313181c630cb8d6,0.955386,0.009418145,0.007531082,0.022268912,0.005396016
a8abcecf7e3e2922cdc49468b3f369f2ea295377,0.11514425,0.0075375154,0.8614161,0.009515485,0.0063866735
a921e2c4247025be7247ef32ab7b4bd02d5378fe,0.014506962,0.9724966,0.0030571239,0.005253853,0.00468548
a9785f054fc51e55009da4c78d9826333c7baadc,0.96335334,0.00777502,0.013339365,0.011599593,0.0039327648
a9a478475998201d18bb95e7baab0b799cea9809,0.0067998148,0.0040022535,0.9810354,0.003972714,0.0041898084
a9d176ec1baea859c466ad74a87f3d06fc959e36,0.32269877,0.009351172,0.6457519,0.01507454,0.007123586
a9d9494484aee1a859ffc079838829ab27ede021,0.5050455,0.01054988,0.4627073,0.014284647,0.007412774
a9e3bd5d1285ae5c79e16310c4712dbb0b2d4d0c,0.06535592,0.04629438,0.7724297,0.060505453,0.05541459
aa2e03ee8f11facdfec5c357e0fc987adc1ad8e0,0.9414849,0.0050317985,0.038141485,0.01168511,0.003656632
aa2e45dc757c7fb476722a6ab0ab02d79d17f5db,0.96865684,0.0057544173,0.0145173585,0.008107382,0.0029641164
aa3d7d93c5d08b69eb8f0be7f58dd3bad595a323,0.016733976,0.9669557,0.0026926675,0.007464797,0.006152795
aa3f6951c32fe66db3ddcb4ac081606fb3ce5ff0,0.9456529,0.0051641795,0.037367478,0.0083586145,0.003456807
aa4fb0146659d0713351e5ac23315f549bca5389,0.23086993,0.009821041,0.73726964,0.013432812,0.008606543
aaaa3de32e2bb82d4f724acec8cb146d3425f771,0.021520546,0.9652453,0.0028984984,0.0057380125,0.004597599
aad3c9fa7e5abd75cd4fc4e76c44608a827cda5e,0.4945294,0.015832514,0.46669978,0.015205486,0.0077328007
ab0573c5fad77973d8032da5583ff200d6ded9a8,0.038503382,0.9462662,0.0046209274,0.0057130046,0.004896474
ab78de95ce2bccf7828f06f62280318fbeef83e7,0.7438125,0.009815211,0.23011221,0.011459697,0.0048003355
ac2d59b08a60925d90bc6b874f55eb637cb91cce,0.8692825,0.0071301176,0.11002669,0.009422995,0.004137726
ac37b67d868c42fe1f1bb8787f759efc13dc1f22,0.020573795,0.9666757,0.003168403,0.005093877,0.00448807
ac3bb264d91b914866cce86bf407c2c014a44181,0.020505616,0.9670476,0.003260559,0.0048973174,0.0042888136
ac4fe2820b4ce072f7a20c5858f93a06497624fd,0.00690629,0.004159078,0.9804208,0.004145096,0.0043686708
ac575d1705d8bdededf8b0937317c85d518b8587,0.05629184,0.005052015,0.9226246,0.009781397,0.0062501826
aca61929158a49a75faf74697df765aab9ee3ac1,0.016101576,0.9659104,0.003200193,0.007896055,0.0068916995
acc1819eff732bb96d4ea17d2f12cc882e42535a,0.005200669,0.003753984,0.98230046,0.0042178766,0.004526949
acf29144dcee2f39efefc957007b08ce509481b4,0.023283675,0.9630828,0.0029510309,0.005925221,0.0047572018
ad1390e694ce72d24c9244cb97d3bfde4e5b807e,0.014456168,0.97240156,0.004460253,0.0044213706,0.0042605917
ad5cadab36e5f9bf048ed5ac77460c75a81fa6d7,0.3413759,0.007953048,0.6309384,0.013012074,0.0067206356
ad8ea9231afb45add85e8d5f1ab90767090ceed4,0.83895016,0.015101218,0.11206575,0.024311118,0.009571805
adc859e0aced36905e67fe3747492b90dcb04649,0.95764965,0.0067413417,0.019354919,0.012417614,0.0038364478
ae3baa6c34aa523fd2aa4de3c89448efff922311,0.71520424,0.0059298784,0.26078025,0.012616276,0.0054694857
ae53cdc13a51df53d1bfb022ab8cfaff9d86ed75,0.004165091,0.004040754,0.9825001,0.004227264,0.005066876
ae5922ef2aafcfc09e714f439e0abc8910acca06,0.02042263,0.967034,0.0034456444,0.004809001,0.004288753
ae8f2bf59b806326cbf5e9216764fc7c720aa0fa,0.010079452,0.003728811,0.97702825,0.00468202,0.0044814744
aeeb2f9f6202c23e51da33c3bb17aa94773b479f,0.02537156,0.9617923,0.0035158056,0.005074973,0.004245442
aef83dc3b29a3f0b134e8d5e9caba49fe411b6f8,0.06597399,0.0068388884,0.911295,0.009297424,0.0065946374
af0c363f7207e4199d3b5cea6cd5ca977ce58756,0.96393657,0.008925512,0.0099611515,0.013001421,0.004175422
af7fc5af7f0d17eb6053fae764c19eecb98bb0b2,0.76024556,0.007850956,0.21518943,0.011494071,0.005220011
af9e220f6610cfa4ca22b2ec62261f7ee9e3148e,0.061727706,0.0034960695,0.9197545,0.008655188,0.0063664797
affcfab8fa5467f555ab9a19fa296ac7456bf9cc,0.95685804,0.010843769,0.017079186,0.011344291,0.0038748074
affd5449f7828ac42b1e735cdfa59ba404017f71,0.9663499,0.007169498,0.010411904,0.012521989,0.0035467688
b04dad4f1870c0532575b7649af87b09e7a6f36d,0.96692663,0.005802462,0.013685133,0.01044622,0.0031394835
b0a5b13388bc58286ae6e8dd9469a0d2c8f63d42,0.0048240395,0.0038574748,0.9812284,0.0048175454,0.005272542
b0f3bc798d6c3c45dc72a428d2cd9314697bb844,0.015215651,0.97176445,0.0040809214,0.0045056227,0.0044333804
b1807b0293714fd077c5a446e20d392e0c4263ae,0.9446149,0.013836538,0.020216292,0.016663102,0.004669124
b18229823538b034fbd2739a975e9649098aefe8,0.9504022,0.01178784,0.012866441,0.019331735,0.0056118537
b1e4fe5a56790c796878c91570eb55dff230bb4d,0.0071593984,0.0034920333,0.98005325,0.004854089,0.004441181
b1f0d046dc7745107c56d319dda1efa405694316,0.006974949,0.0031421622,0.98087573,0.004388392,0.004618862
b20e138790e88df3b650c1ba95121414e3150d39,0.9708182,0.0058336672,0.011808164,0.0087326355,0.0028073313
b210cb5997bb7165f8f299435daa3a42f0947500,0.022511752,0.96417934,0.0037599371,0.0051116105,0.004437456
b2370dccda5fdf4c1454aa048c6a4d295a1609b6,0.024286546,0.96267045,0.003519014,0.005211286,0.0043127476
b25eb0a5efe9cc31463e649667dd705b8303b1b0,0.03761647,0.7370017,0.011082772,0.08216192,0.13213712
b29ab6ea95cca4231743f9a06772d8a81b63722c,0.0257053,0.96140623,0.0033661295,0.0052325586,0.004289716
b2b02b5b8950666ca731e46ec0b4c1fe39652046,0.78438467,0.008514167,0.1896499,0.0123065505,0.005144664
b3302479a4931ff9233a4505882ca08f82504338,0.0062166527,0.019059857,0.9639199,0.0049210894,0.005882638
b3b7a564d7321ff2407d5ac41b1e6753f93fd66b,0.016152158,0.9704197,0.003334215,0.0053101485,0.004783769
b47afab20f73e2fe129051737f4618558ca1fd4d,0.9667487,0.009510923,0.008118704,0.012010791,0.003610912
b4e7fb790004249f73da1aee9bc92a1691c8420c,0.8305675,0.006794236,0.14359412,0.013669389,0.0053746854
b4e8cb26e7ddc0899002aa6f037dee20f7f205df,0.9637726,0.0063811284,0.018594185,0.008197943,0.0030542838
b4f615c200810e27c2cbdfa6e03f50fb48b6629a,0.87326884,0.008684344,0.10058566,0.011982542,0.00547862
b5414650126c64991b9441abd834fc4510a279db,0.1736877,0.0067965738,0.8011789,0.011870657,0.0064661475
b5b953503542609bed3cc9a21010b122b498c5d1,0.005253806,0.0032877477,0.983024,0.0039888173,0.0044456543
b5c79072d139d556a90f8f71f80fc88522219d28,0.027376257,0.9591496,0.0036952544,0.0055166828,0.0042623887
b5e06fb3570dfc4d48411bcfa9ae2e1e1a2e6632,0.016530834,0.9702317,0.0032757048,0.0053342083,0.00462758
b5ee075917911a030fd7b05063111f171087ddf8,0.024074445,0.9629791,0.003449733,0.0051884386,0.0043083234
b5fae332f02bf756db6817cb67ff8e41dbcd1046,0.0051837335,0.0035694481,0.98306584,0.003888193,0.004292837
b607fb7459e29da0846b2fd549f08763599a5860,0.016249558,0.9706933,0.0042245593,0.004570914,0.0042617084
b6382f05521a36b6f8f2c35cbe25bd2ae9e03cbb,0.96637285,0.007841527,0.011953681,0.01021764,0.0036143735
b6ea03548c371a68e97e45a854873446c339091a,0.00502626,0.0035723224,0.9831949,0.0039044502,0.004302084
b741cfbb458532cd74f866755e1cc5f9eceea4be,0.9471701,0.005165502,0.034754876,0.009624469,0.0032851628
b7522ce8a3de8e4a5acc15c9dc8170c70d0f94f0,0.04083941,0.94401085,0.0041167433,0.006258709,0.0047742194
b75e1b6f971f0b6c238855dcf6fdc970ef114153,0.02156133,0.9659355,0.0035788335,0.0047906144,0.0041336627
b780884b569ad649ffc2fbe3ffdcb83796ab77e8,0.02298322,0.96289784,0.0029864504,0.0061600716,0.004972478
b7d51ebc10df58e9ff0d81c7bad4f5ceeaed8d9a,0.9709085,0.006825476,0.010210436,0.009124264,0.0029312547
b7e0f66356a10621a0df84622ee58ef7317a8031,0.7925947,0.005964138,0.17867152,0.016724586,0.0060450174
b7f794d81866ce8cbdd35c58563e5d21ba9f3850,0.015498837,0.97147083,0.0030089838,0.005312322,0.0047089932
b82a1963807ffd59c94e442c9a77b39427c6b67e,0.0061560473,0.0035508692,0.9819087,0.0041794404,0.0042048506
b8d80e386622a5bfaf8fd9158c77fd90aae21d1a,0.3972107,0.034689195,0.017546507,0.48943383,0.061119717
b8e676365b693078c0084b5e9387a3842d688499,0.95931137,0.005978028,0.022930408,0.00843946,0.003340747
b91cf5580ab8fc273c333eb48d3afca51aed4e32,0.020718437,0.9666119,0.0033616389,0.005035555,0.0042724693
b939657b3a7e388455f3a13cb84e0fcf5e745c45,0.9423387,0.0049556093,0.03749447,0.011648537,0.003562668
b943eb89823af783fbb796d245ec33dc463bc322,0.034106936,0.9516829,0.0035118065,0.006006867,0.0046914043
b982ea8f3c0ee1209e2fc014f66a5f465c8e1d20,0.022723528,0.9639541,0.0031722747,0.005555529,0.004594541
ba296ac966f96f1aa18952ccad689ab34c68a926,0.9533585,0.007276042,0.028848128,0.007673655,0.0028435881
ba397f5338dccee6292878cc1506924bd3bde22f,0.024726845,0.96197504,0.003345513,0.0053858687,0.0045666215
ba3ee9b441039aace1175fd4a4e6f2e68c76d75d,0.0067839413,0.0038763224,0.98072517,0.004340692,0.0042739706
ba6b33d571605f4ebfc22aa1de38eb440fd43cbe,0.005867555,0.0032394985,0.9830562,0.0038180905,0.0040186085
badbe559bce1dc2504aed06e7cf35f63c701e620,0.01903139,0.96849537,0.0032044381,0.004921191,0.004347618
bb2035965d75b96a01eb4ade932e13dd12643669,0.013454572,0.00360859,0.97396684,0.004785114,0.00418491
bb56e256de6bb3e5a7d4566a6006a87a1e6495a0,0.005904009,0.0037021087,0.98186296,0.00412333,0.004407628
bb67f1ff3ad9a0ba9e732ad8a0daa8adab7e32e8,0.7925938,0.008755251,0.17903271,0.014161496,0.005456802
bb97ed6bfda31c2f3eca438dc751091299bdbe7c,0.019407066,0.9675327,0.0029447663,0.00551639,0.004599193
bb9de2e1581f1f5b53149e79675bf150a689fc17,0.7975913,0.008159324,0.17667688,0.011722374,0.0058500855
bba94934f7cfa11228693491fb4f1dcc9ec60f1b,0.8962845,0.008045924,0.08090052,0.009913999,0.0048551825
bbc26ef790f4a1a18993c52a2eb8c165c50691d9,0.28155088,0.011502637,0.6877069,0.01286327,0.006376361
bbf28e2db4d0d47a1d4694f14846594ae33244a9,0.004946155,0.0033557648,0.9832918,0.003923286,0.004482948
bc017e6bd7d83c8b6e0c74d446cd7ab529a9a280,0.015349133,0.9712124,0.0031364528,0.0054266094,0.0048755324
bc04d5218726ad73f6e9612e384f282ebf405913,0.024512427,0.96266735,0.0033750883,0.0051902547,0.004255034
bc2a6e6bb9a879525018c3c43c4adcbc8aa3cf92,0.0053928425,0.0035977352,0.9822188,0.0042488864,0.0045418413
bc2a9e9ee0b1745d4406c09077da5ac273991672,0.0051734936,0.003909369,0.9817853,0.0044460353,0.0046858387
bc3f7e48c85170f013d828c3050717a5a494686f,0.0045297635,0.0037715281,0.98291147,0.004155626,0.004631566
bc435aa30b1af7355e1ff47fd9433062d832a3f0,0.08008399,0.8795041,0.005392828,0.019546283,0.0154728
bc59fbf035e5ac3069ee3a877e2c7d536ad397e2,0.005363062,0.0034780789,0.9827336,0.0040580793,0.004367192
bca97783b475ffff043436fd01607984eb389ede,0.014471403,0.97277075,0.003137258,0.0049964683,0.0046240925
bd3ae5f62cc76de4546975f8b59f74d8b8e78913,0.8342186,0.0060368697,0.1434504,0.01191874,0.0043752193
bd65a7355c4891580917237c1883a7ec0447c63e,0.9623628,0.010403921,0.009971717,0.012832428,0.004429096
bd8706678fb86ea594ff6589406a400147bf958f,0.9561625,0.011420337,0.013217524,0.014810903,0.0043887226
bdd900d7cdbbbc83616162e21fcb5770d338782b,0.3041892,0.06376153,0.14333603,0.37557295,0.113140225
bdf43ae46589b7b5cfbd0ef5832c0c03f8b9f6b4,0.92938465,0.0054070395,0.053711854,0.0077682096,0.003728234
be566a7ad37160a761be7e73d469acbe9b775367,0.0058429763,0.0038666555,0.98224026,0.003980272,0.0040697255
be7413153d0f555f0616d4606917167f2c8ee2ca,0.006215567,0.0038739152,0.9801161,0.0045843064,0.005210115
bea74a5ec769faf97fab64087a4b5289a5d15041,0.015131055,0.971623,0.0032583831,0.005249131,0.0047383658
bed4cf019dbc672c9bc022f835928fc09d051523,0.020669825,0.9664572,0.0032149712,0.005245899,0.0044121365
bee828e72df09d02d66c07c1d9f459534f35232b,0.02461993,0.96217984,0.0030822728,0.0056356653,0.0044822646
bf35626b5186ba5c90d24bc102099569e99f2c05,0.6058028,0.008201292,0.36753696,0.012418192,0.006040743
bf89671f753e19f5467f79fb9ab2bb9e40ad0665,0.0062655993,0.0037504411,0.98137337,0.004402465,0.0042082234
bfa451a648def2c224fc61df21474efaef897a31,0.7316904,0.011137104,0.23379931,0.01596821,0.0074049328
bfcada19f8807fbee284f3b4a72397bc226f10b3,0.026261423,0.960617,0.004094325,0.0049274024,0.004099844
bfd4b483a02b1d0b52e26f3b5497bd4f242513ad,0.02212898,0.9104024,0.045216516,0.009935427,0.012316633
c0120e482e4c0f6c32d8105ce88c91324380bc01,0.14779279,0.008082456,0.82710254,0.010355739,0.0066663823
c021db26b2e37b3f2a09404dd7a977ed10f9e0d5,0.021543834,0.9658017,0.002963351,0.005302707,0.0043884064
c03cf0c5372f5da45dbbd8e266aeee554f847deb,0.01538547,0.97140324,0.003099271,0.0053298725,0.0047821733
c05c34f3fda6ea06133fb099c75f6de4f25dba0f,0.92742693,0.015786234,0.023330545,0.024880432,0.008575894
c084633acbddaa388df517640ec629295f8876a3,0.021293782,0.9662347,0.0032055844,0.0050437707,0.004222183
c08ebda618fa715ddd15013c479b562f9c144cbd,0.69074196,0.009427071,0.27825913,0.015664514,0.0059072594
c0d6f9e76d5d1d7bb71be0fad0c707b2ee7b72d4,0.9411603,0.0058098803,0.041184943,0.008598021,0.00324678
c0d839e08d58f05623136df040c86a952094ae6a,0.005068934,0.003683619,0.9828992,0.0039508813,0.0043974468
c13fcf9178304e135f3e669820bba80bffafef88,0.008819312,0.0037080175,0.97946435,0.0040473053,0.0039610127
c1e54fa1948147cda67b7c5942eed3adb342d163,0.82302135,0.007038523,0.155938,0.009856627,0.004145545
c1eaa52ab811b58d7c793bcb8ee23627f62f236d,0.96479636,0.0055267806,0.016808366,0.009744329,0.0031241383
c250188cc8c62897d66a75f9cf6aafb4511d93ac,0.03051346,0.9559823,0.0035229244,0.005599365,0.0043819887
c2dd1cb278640f47912c39b1f44ba384af0f10ec,0.7985864,0.00621503,0.18075114,0.009693687,0.004753688
c30e757b47e395f6c3082add4c0d36d5aa90d38d,0.014034354,0.004213594,0.972749,0.0048570074,0.0041460334
c32f70cc6884db6746e94f34ea7616a142bef90d,0.018056741,0.9694371,0.0036552553,0.004677033,0.004173871
c3a8394f51b0b80d29717771dfa1a40d9925c68c,0.013709834,0.96411586,0.00399463,0.007770699,0.010408842
c4415f7635fb0dc156e29649fbe17ba7e5682939,0.017332485,0.96898705,0.0034018243,0.0054986966,0.0047799256
c45c169cb961154f721a52902b8a8d16b11b7459,0.005074188,0.0038889442,0.98193204,0.004322679,0.004782194
c48d70d817412e621643e01c8ddaac811b72a15d,0.020866,0.96679926,0.0033128401,0.0048143123,0.0042076125
c4992b42a931a21500dac80c7e3c1b4521e5b2a8,0.057010204,0.7787761,0.12616786,0.019407198,0.018638598
c4ee26a3ade8064a2ec494996e836900fd32dd8e,0.9672542,0.01016516,0.009795508,0.009554426,0.0032306502
c5433fc034f8a897f01886f4da50af0343f17c59,0.0204898,0.9671158,0.0032739933,0.004914183,0.0042061564
c56b184a370262e2949e4394316b0eba85d24e9d,0.016862556,0.9703955,0.0040916717,0.004475099,0.004175185
c574e96247af7a6f91a52a8928319771b9c028f1,0.38974625,0.013730102,0.57445794,0.014746132,0.007319558
c5b111fe50620ad97e28270b2899f7a2baa7155d,0.025960254,0.96085894,0.0033371337,0.005445233,0.0043984107
c5f2231a19f4fc07bd3e00e76fd4f05da54a27a6,0.0048966836,0.0037731763,0.98201674,0.0044560796,0.0048572687
c66c79a9e65198f5eebb4990cf76972f6bd6ace8,0.023182137,0.96406287,0.0036057339,0.004905273,0.004244017
c68c9d891fd782447aa4a031fd3179a4117823d3,0.4500923,0.008509998,0.5198706,0.014813293,0.00671385
c6c76cebf43bcdf6d7a0354fca7a517a33137b33,0.0056915125,0.004563415,0.97959983,0.0044691265,0.005676202
c6da0c74dd1d4f5bdec3e41d22dfa5a0ed9c055c,0.014225332,0.9727941,0.003697678,0.0048834756,0.0043993904
c6f39cf418b301b3af64c02f844da9241d6a69b0,0.97003853,0.005261792,0.013243298,0.008340639,0.0031158293
c7895f6cb2b5db18f44b5b9120b3b5891765775c,0.005289832,0.0035504706,0.9831214,0.0039041582,0.0041341796
c7a9cfd06b583a9c4c52eeca895c66bf4902c751,0.015100243,0.9717694,0.0031722526,0.005400547,0.0045575267
c806d79743c36959592a8d57788fadab3f37ec81,0.95267725,0.0051122312,0.03130146,0.007735603,0.0031734034
c83e9738ae5d1790ee85b99863deb734e7614c52,0.24383879,0.0070754895,0.7309157,0.011599703,0.0065702572
c849c5dfc1bcb2d2525595c792e5e12ec24288ae,0.024143795,0.96299237,0.003194826,0.005337372,0.0043316595
c84bd2536a962f3330898cb4f19107ec0b580c7f,0.2116716,0.008859983,0.75795853,0.013533536,0.007976342
c8957a66453d3bf8c5d9a8dab3d7db47de8712b4,0.5296004,0.007355532,0.44095066,0.015254031,0.006839505
c8e49a700f1d664be60760fa1588c40694ca9e8d,0.9494689,0.005697699,0.033470728,0.008038289,0.0033243336
c8e892c58980372ff7d5d4253f1ffae2318e9660,0.0054122005,0.0036522266,0.98176944,0.004264138,0.004902047
c8ead25b9e3c3f05fce76e1f1d102964c5e038ce,0.92124546,0.0059534474,0.05967986,0.009430652,0.0036906088
c920cdde9b65a124de592bf659ff27baef9da5ab,0.00577104,0.0033625923,0.9826415,0.003933916,0.004290984
c92bba121202830c4f14119dfdcba813f390f271,0.8578793,0.00686803,0.12191925,0.009144121,0.004189303
c96036221d1bd893a7e51932123e8b03acba5757,0.76996106,0.0064356765,0.20874503,0.010187673,0.0046705436
c9848c9c75b92481a9afdf7fea3578176468e817,0.008337084,0.0030625013,0.9794702,0.0046465406,0.004483608
c9e22427f4c7aa646ccfffac8f18cf52d73e446f,0.93080723,0.007273375,0.046620775,0.010591254,0.004707444
c9f91af501aec7b0bb4779d58f74c551697bdf1a,0.10432889,0.87048113,0.005944793,0.010987301,0.008257977
c9fde22724acdcb871ee1090ed615496ba205e87,0.85219043,0.0070656543,0.1221758,0.013307497,0.00526066
ca02cd38409dd53ab400043d6f2cf12c9f0865c8,0.021581674,0.9652203,0.0028712228,0.0057262825,0.004600579
ca18d2404b1358d24da0aeb79cea4ebc842ea694,0.8699171,0.0055689854,0.10863386,0.0112118395,0.0046681263
ca2532ca69d48b19310c8f7e3ef90e2fa198cd80,0.9660274,0.0103107495,0.009593863,0.01046466,0.0036033604
ca6f551f8ba46016386c7f4a13b7aa5d4821b3c7,0.015506028,0.97107387,0.0032565398,0.005389416,0.004774114
ca8150df84803ae2614d5212c9955a5a994b4d21,0.9540881,0.0049303053,0.029444586,0.008236711,0.0033002554
ca967afa4e839aee8db005d7f1a4245103e3fbf9,0.012624025,0.0030868852,0.9753728,0.0047534513,0.0041628205
cabf893c95f15a2f07d9f520d21b10f056b43dbb,0.020055808,0.96676576,0.0028411676,0.005766439,0.0045708544
cad9dbc323820473785d6629d41d64c86f9a2ea0,0.019785801,0.9676614,0.003167364,0.0050648428,0.0043205353
caefdd4de6156e38ca33fcf4d4a5ce3dbd665d2b,0.2540235,0.010020851,0.7118509,0.01589508,0.008209684
cb1208f8dbacecea218e0cec2d76fa1b4ac4d0a5,0.95546377,0.0057879924,0.027360735,0.008479531,0.0029080338
cb21ab88bb966afd1a426ddaad8a8e0cba32387a,0.005909891,0.0041665365,0.982179,0.003713289,0.004031281
cb8998305b3b5c68ef7cae28ba51fc04cd86397d,0.9645739,0.0060718553,0.014736322,0.0113437185,0.0032741958
cbc4b663926fd8a24a60085869830b17103347ea,0.019246176,0.96819425,0.0033400387,0.0047695856,0.004449935
cbc6e968d7f5931833b773f3e3c04de513b9e96d,0.005061761,0.0037864917,0.98283136,0.0038846491,0.00443581
cbfacd101b49a5684864f5c4f2634f4fa4b8edff,0.02168071,0.9655767,0.00337618,0.0050812345,0.0042851744
cc0be3b0ddc900c3ef969bc8305f851a44de9ad8,0.005945387,0.003475863,0.982107,0.004185919,0.004285764
cc177c2cd2b1d4af25745d9084dc24e7008d7210,0.81285936,0.006932914,0.16496451,0.010109095,0.0051340912
cc1ec6952a5227b4dc799f42536bcc4ec534fbc4,0.92910546,0.0073486264,0.046992224,0.011500438,0.0050533544
cc3864d11bd5e88a6d463d48ba99c2a437dd4880,0.024251198,0.9628891,0.0038109557,0.004905903,0.0041428884
cc41b5ea1ad863f38e63cb94460ebffb9ffd9340,0.015507835,0.9720048,0.003821212,0.0045371917,0.0041289343
cc62e7b9e1a98777caa8883a4cc603e5104f2d99,0.0063604093,0.003799508,0.9809107,0.0044301236,0.0044992827
cd548c8c2d5b494e374b79688dbe2ceca2702b53,0.0055447794,0.0035121536,0.98304844,0.0038516356,0.0040430096
cd667821afeb639c9365139b43854a9005098104,0.020262508,0.9664238,0.002898131,0.005737284,0.004678223
cdcf6391e0c55304d97baadc9273c372a85cd0c6,0.96333927,0.0069994847,0.01849841,0.007848562,0.003314349
ce2de362a163389d83e83844a32d5cdf6363e39b,0.025844883,0.961109,0.0034107217,0.005294742,0.0043406943
ce8a1578c0eb95557e98c1a651c5c054cd7c2765,0.024031319,0.9630359,0.0033537159,0.005206247,0.0043728934
cf15d4184bc43b05e11237cd90503368e41819c7,0.023526134,0.96349263,0.0031157169,0.005508172,0.004357323
cf259ec891e9093c9c66a8c25a6eb2e1d607a9b3,0.020769514,0.9667137,0.003533794,0.004755881,0.0042271195
cfb169d1dab1642fde37e4151880d6d9b606f313,0.9666039,0.00808475,0.009841805,0.011964592,0.0035049526
cfb84f64cb1fe2940b24dcf30a77897721483b16,0.013095866,0.96881604,0.004019514,0.0060413233,0.008027206
cfe2db107b6edc3ceab4c5c08fd38a1069b98730,0.94587046,0.010901259,0.01784769,0.020352522,0.0050280713
cfeb39e1ea90be9bacb1e6e739c1a90c2137255b,0.015094859,0.97183156,0.0029300922,0.0054008923,0.004742575
d005feb68474379f5904014bd2b0720518f05e1f,0.0051470664,0.003365086,0.9833702,0.003926243,0.004191305
d00f43ec6efe6e239fba779b331b4e0856bc93d3,0.9443758,0.012862588,0.016839363,0.019541899,0.00638032
d013a5976e3a95c6d82cf4dd528bacd57cbcd56e,0.9479407,0.0050868145,0.03475388,0.008625037,0.003593514
d0433b4a961d0b447b8adc7a01064ffb00890e07,0.34354222,0.0069386046,0.6315304,0.011916389,0.006072372
d05787a28af810bd7d7c20856fea4fef17b8f0bd,0.14628379,0.83031833,0.0075650094,0.009660166,0.0061727175
d05e335c896be1d68c0bd54cc29a25c079cec9f1,0.0046958975,0.003548471,0.98323005,0.0040519345,0.004473619
d06dc92d4151980ea5fc69c70d753ea20c069b06,0.8916111,0.0065396912,0.08855538,0.009326127,0.003967594
d09fdb4125b7dcee205889074ebe3992797da98b,0.4137717,0.0063920547,0.5617627,0.011909802,0.0061637633
d0a4732b7965d6da4efd4e12808c3ee5773ff34c,0.90061843,0.007817108,0.07702766,0.01009703,0.0044396776
d0f6014f7cefd377168147483e5a9b89e375b468,0.022656932,0.96485794,0.0033420078,0.004952492,0.004190688
d112ebf682f1338aa5a84b25a9158ff3f318f47a,0.007057816,0.00395215,0.98056924,0.004213279,0.0042076074
d11cb8cc53d729efc6236f7a97aba5d8504c6077,0.01381984,0.9729159,0.004309028,0.004492768,0.004462612
d16693fe7d8fa0fb9400a9550bd4a26fe3b2fa9e,0.0052622887,0.0034964785,0.9826235,0.0040740552,0.004543713
d1857540dbe5bcd867fe8fe5bd9e488f22c8a075,0.025520585,0.96110976,0.00361898,0.0053629326,0.0043877237
d18d4f31f5e03258882bb8a77bbc214763c6b73d,0.06615548,0.0059552696,0.91410977,0.008128931,0.0056504984
d1a8295550eaaf3375cb2db5f38fd59b38d26fb2,0.020966865,0.96657807,0.0034347556,0.0048392154,0.0041812276
d1d0d8eb9e9b1dc3d0ba7ed86618268f64b57427,0.0052608415,0.003898483,0.9823538,0.0041448856,0.004342047
d2088a09d9e2c875e2978a9f84bea689f4c028cd,0.4562351,0.010003801,0.5095158,0.016159227,0.008086061
d211fc0940d5da1622d7745cb14bc6ccd913bfa5,0.96480376,0.0045187688,0.01929376,0.008251054,0.0031325908
d214443fbc8db6edf587ca299d2efe6714a57e4a,0.9613822,0.008836155,0.013763345,0.012274397,0.0037439847
d23e4d425a8e18d559443275b441f7f74f6e6c2e,0.9177393,0.009981828,0.017293574,0.047094364,0.0078909565
d25c69f99c4b844ffab77f632920e3fa9032be92,0.01798647,0.96794343,0.0026881658,0.0062847845,0.005097119
d26afbd138ff96d9466388b195f7e183c0bff3d5,0.96708214,0.0072429,0.010908088,0.011380876,0.0033860023
d2d8b08112beff69fb1336e2bb7d569bee31ed24,0.021142753,0.96618986,0.0037830349,0.004699192,0.004185182
d32197f3db6bfa837d5d87797306a762a3d66d4a,0.019889595,0.9675107,0.003424204,0.004870053,0.0043053403
d378367989d05bc8a20d1b5e1a86077a8ad768af,0.02129853,0.96628743,0.0033244938,0.004867174,0.0042224117
d39ef556f489720d0b268f94aced549e0d89dc14,0.022594819,0.96464646,0.0033820255,0.0051072026,0.0042695277
d3dd1bc9e20cb888169900832b4c67546c6a0a4b,0.0076033557,0.004072524,0.97961134,0.0043886453,0.0043240986
d3dd7b26dcdd412dbcb68496e4ce7b19aab014de,0.9630578,0.004870547,0.019480616,0.009404677,0.0031864487
d4077d83a5359394178167ee288176a6fc960751,0.73803115,0.013240002,0.21839681,0.020762214,0.009569869
d40b1b5d1d86c0923195cefdac86c4151418674d,0.82165766,0.0057028,0.15736628,0.010923067,0.004350166
d420024c918fe5694623a001408600a6da4c5b2a,0.9662191,0.005376939,0.017121857,0.008207694,0.0030744364
d42df34f8d3f5c2a1327418a884c4abe2bfb84ef,0.020133134,0.96487236,0.0027417052,0.0068105096,0.005442259
d456ba6139f1e5678a8ab460d827af937d89f412,0.026088612,0.9610679,0.0033968224,0.005181631,0.0042651645
d45e1d8ae9cc6007a0f77a7da0120c5d8a4f69a9,0.9511746,0.006263875,0.02991096,0.008981054,0.0036694694
d4869bffbe66a36d9ff5e4e32e2f8b36d8f399e6,0.025758944,0.9611443,0.0031460323,0.005580527,0.004370185
d4af711bc55f07896229d6026413f2460f1b7562,0.96562016,0.007310303,0.012971601,0.010716963,0.0033808835
d4cbada67a83b397ebaf0740f48d1c041e4148d5,0.91524136,0.007954735,0.05472443,0.016452292,0.0056270934
d4d02e73da889db1f4fbd9157ba8122d6b1d9ce7,0.91148144,0.0044630677,0.060577985,0.018684214,0.004793336
d598392e86af429cedd649dd7ef994031e6e58d7,0.71377355,0.00881723,0.26131237,0.01111604,0.004980785
d5b4e18816472105d9a8d077a03032d35fe63ae7,0.006112491,0.0036587955,0.980889,0.004358995,0.0049808114
d62b245703125f2e5bf0708694cc53d7f2b0dbf3,0.019272255,0.9679565,0.0037493305,0.004720485,0.004301524
d64370a40c913742fa0e76134caee5aa99fe2fd5,0.9509796,0.0062879506,0.030594941,0.008758219,0.0033793263
d682cf768640d3e80131ca8230dd5bdcb76a0191,0.014831239,0.97197264,0.0032993103,0.0051598726,0.004736881
d7e3f6424ffae44050202d881c995e7ad3ca0e81,0.95489496,0.008304974,0.018528678,0.0136520695,0.0046193036
d85fcaf4a3eec9b797c49c034145a877103cf5ec,0.02154037,0.9658094,0.0037561608,0.004716361,0.0041779024
d862361974270e180941553285c430746e607449,0.96417713,0.004810967,0.018927407,0.008915721,0.0031687373
d878e173af778553972679125cbecc579fa8c63f,0.17023873,0.009871784,0.7980658,0.013648498,0.008175182
d897658c3347a799c08c8a175499e041b13d270e,0.67059886,0.0077131265,0.30414125,0.012242809,0.005304006
d899d9750e073d928bee63a8b98bcacc71c19da5,0.2838384,0.010928791,0.68217814,0.014639102,0.008415592
d8a53489430e4a34f8de93aa599d5e4dd954b414,0.8628792,0.007756487,0.112198494,0.011634452,0.0055313758
d92fcd0792f47772fdfc7b553b26382218e5f2d4,0.023026815,0.0041227494,0.9633853,0.005386504,0.0040785624
d93722c9c7b1c70aadc0ad14da0c332eee58a4a0,0.02025484,0.9673601,0.0032925121,0.0049220496,0.0041705426
d95158fa1adbd3f9b284dda815ec2776c53f1613,0.007216353,0.0032531023,0.98187995,0.003865237,0.003785376
d9a08adc801c17e65c72f9158f118c1fd51424cf,0.9605304,0.011055315,0.008984278,0.015009397,0.0044206628
d9adfbd38a7b1e1906801044e968e63f7d6e7ca3,0.96609056,0.006809929,0.0135039985,0.010416121,0.0031793057
d9c9feada8b7a022f06510a07a6139875a0dfc0e,0.96778464,0.006120855,0.013048922,0.009702362,0.0033431265
d9e12fec63d883964d1822d69200472877cff3e2,0.95824367,0.009678149,0.014140545,0.013690725,0.004246906
d9fdf4c7b9b51b1b538a558379cb7656240dc869,0.29683593,0.00806317,0.67690647,0.011444647,0.0067497483
da058bfb9d85e11d0d012e56ebf0b1c0b09b418f,0.028086454,0.95884466,0.003325655,0.00543016,0.004313003
da5e2fc2250ded2e30b7f4d7cb4602575cfd60b8,0.8343111,0.017033353,0.09237026,0.04320424,0.013081057
da69c1c34a12c895a3d0a52c57daca9fc3bbf82f,0.01642522,0.9712629,0.0034282347,0.004648124,0.0042355848
db4d1667675c0233d90ce7f0a3775f900006243e,0.9535669,0.0068311803,0.023994183,0.011381669,0.0042261784
db4d6126261d321e9aaa909a84c72fc968be8d2a,0.019033166,0.96760726,0.0029252258,0.0056484016,0.0047859964
db59ee6c47c0c7a46e5ab2b291c6cd47b98be4fd,0.87666523,0.03302394,0.057245784,0.02392603,0.009138973
db842eeeb2c95a8c129df97b9e9904dee2eaa21c,0.004932615,0.0038575989,0.98192143,0.0044706766,0.0048177033
db8e26fcbdb5a17085dea03bc2491f481ad9a323,0.011521372,0.006403977,0.96592194,0.00806274,0.008089936
dbdabbad2e58692b8debea8756429438879927f6,0.95150167,0.012881326,0.013871867,0.016926486,0.0048185894
dc01fbf43d09af1ba655d5f30684a0735dc34f2a,0.9677133,0.009081994,0.0110520525,0.009304884,0.0028477858
dc117ed4ce6c089a0ed328f271de10a2996b8c3b,0.91506237,0.0053813923,0.06613528,0.00955211,0.0038687687
dc562be2f7e02c7a50c95b4df1081eeec758397b,0.9640404,0.007497632,0.014211725,0.010450173,0.0038001263
dc649b42fca41df09f2e9402845807aed2af621d,0.015304873,0.97098315,0.0029078836,0.0058503994,0.0049538133
dca334b810b9021828fc7f227e784d99acf23a7e,0.021583458,0.96562517,0.0034083354,0.005054185,0.004328901
dcae6506c15134f10d6ae3733947eca0c59deeae,0.61598724,0.006776958,0.36085424,0.011006018,0.005375478
dd65788e513c2abebd1d6072a6f06212dba600d5,0.3991185,0.00889402,0.57263577,0.012657991,0.0066936915
dd9a44d9a7c5c32955b9a4e9dee9c3789cf44b3d,0.95555097,0.008316281,0.014672398,0.016737232,0.0047231796
ddb6a2a4d384bc99867bf8128d51b848482af361,0.841077,0.005598847,0.13815543,0.010920741,0.004247918
de165a1a543cc6b94cf0bab11618339367a0b223,0.4482475,0.0070280107,0.5240544,0.013745357,0.0069246464
de1eedc62bd9c4ff29e72a9dabb604188301c8aa,0.23474996,0.009014394,0.727771,0.018518774,0.009945817
de3b4ba7b7ec43cd2ff2fc819f79030e3ed82bcb,0.8759426,0.0080998195,0.10102961,0.010000592,0.0049273693
de431a8b564be15671a1bb420f9c90885d96fa5f,0.96216756,0.008784014,0.01147659,0.013113743,0.0044581215
de6fc0c6a7b8daae7c6367a623b538ab0db67ec3,0.538358,0.007507439,0.43574068,0.012643922,0.0057499562
de72e8c4c5a713eb29d2f3adfe3fbbf98d60dcbb,0.96491,0.006106784,0.014951431,0.010480753,0.0035510375
de794d6f9a08d85f93bdf3bacdd6ada5971fbbda,0.96285486,0.009770676,0.011315876,0.011854142,0.00420458
dec4101b48d9e34b431fcbb507d867e58901e2b7,0.3406879,0.009405156,0.6305156,0.012666251,0.006725182
df347c2cfeae69ac152b02ce7e9bff4b90554983,0.015791954,0.96911657,0.004669193,0.0054846383,0.0049376343
df7f7188bfe99d170fe88ec509f980f59e12a9d1,0.8698491,0.012187428,0.09284964,0.01841665,0.0066970764
df88a4c1c1e5439bd0125622689edcb436d94621,0.020902293,0.96652627,0.0032896725,0.005055493,0.0042263
dfcb7266c7b2120312a1dfc4721214e08fec2af1,0.0069707483,0.003585817,0.9809452,0.0042634276,0.0042348104
dfdb44a7d8eb584ea06199cd2f34507b15949952,0.020446548,0.9670263,0.0034502617,0.0048284335,0.004248468
dfe30cdde4cfd07a58f7c33a7bc7c02aff419032,0.40810066,0.00778915,0.5661339,0.011978253,0.005997945
e006a3025eb8e44f71aa1ba48e75d944be23377b,0.013174453,0.97364604,0.0026750213,0.00554377,0.0049607093
e12fc793103f1e2e1f3c7068587c5693f28a5b9e,0.9614499,0.005049305,0.02340423,0.0072055706,0.0028909917
e1371921331aa897ad9c9160010babc920ab08d1,0.035065614,0.9479463,0.0040621473,0.0064825574,0.006443382
e16949b03e8b501dfd54090b527942dbbaef2bd8,0.014878206,0.970832,0.0057479525,0.004268063,0.0042738165
e188c64871c9123794e44108d8f463a080147ecb,0.9240875,0.00969843,0.040927596,0.019134961,0.0061514275
e1916779d87d289a7501d1733ac2a9c723d54ce5,0.024685122,0.9626183,0.0033118685,0.005089604,0.0042951237
e1a18f02c3a32f6313461f114ac9e185a85192f9,0.017945021,0.96962297,0.0035348926,0.0046371506,0.0042598764
e1ea2efbc36d9e9a53382bf485ecf6b0579d4afa,0.63400525,0.012003439,0.3343674,0.013190305,0.006433638
e257f539c35e8adec6a7ddac6e144508fc221ad2,0.0050710524,0.003524938,0.9826476,0.0042279004,0.004528549
e2ac0a206ac6f354714408942e7c3f6c2b850b24,0.94761056,0.0062825773,0.033058316,0.009373005,0.0036754697
e2e6df05b41fdac7c6c28ec85514191bc58b2752,0.014476435,0.0037992354,0.97163546,0.0054326323,0.0046561747
e2f02773f1aaf733cb4aba40fa2d045cbc2d25ca,0.86779743,0.022037301,0.014642482,0.08404065,0.011482187
e300ea5c80c5e07a80b6a3cd61cea886d9133e37,0.49427238,0.009523224,0.47405833,0.014458727,0.00768725
e321d86da5ce9207dd04aaca4740c43e55febcb7,0.005220482,0.0038555698,0.98140496,0.0045656697,0.004953318
e3223e9ae357fba1ab47e00abf6354fa84743887,0.015318384,0.0049577686,0.96588635,0.0072144843,0.0066230563
e3738beefd228afcd86a4e82983be99c3726f90c,0.4573916,0.043380227,0.48011765,0.012241727,0.006868836
e37486852ad48c993fd7b2be6dcec4e82f790f85,0.019340465,0.96746486,0.002745371,0.005762838,0.0046864185
e3aae02d6b14d4bced0547ed664fae2cc387ac19,0.21462578,0.008098564,0.7592763,0.011627255,0.0063720667
e3fe10749268fa621ca1e067c0150b290f722747,0.023055721,0.9623644,0.002870449,0.005976892,0.005732456
e4aa6d284907bb7de6ee937eb4ad0b4e9447058b,0.2460112,0.0077289906,0.7275611,0.011703045,0.0069957417
e4b930664b4ddd4edc29b4c467ab1d5b7a18a3da,0.13782798,0.008688478,0.83682597,0.010309487,0.0063480716
e500162e1d3e1d6bc81d435bac82983a32f9e0a7,0.66276765,0.008165131,0.30713806,0.015808819,0.0061203456
e591b3ed99fb226ff688c2d687b12dc08a2619e7,0.87710357,0.0055100983,0.10301992,0.009906521,0.0044598095
e5aa8c2c7b65a053ccd0572328dbac5b2c423c44,0.004860522,0.0035680295,0.9826751,0.004196811,0.0046995734
e5aa9b439d8d134f5afcfa2f727775a099f018a2,0.94879425,0.005167395,0.03372971,0.00872633,0.0035822433
e5f6ad37f86b76e0d0c75fed1366143e83ca34de,0.026106784,0.9607664,0.0033684236,0.0054483754,0.00431002
e61d77d94952b728dbe1eedd0a106687e6365e69,0.029941542,0.95656586,0.0035250748,0.0055651763,0.0044024163
e648c02982810cb9e8d6c36f5be6f719ae4aea20,0.27508274,0.011088019,0.6837773,0.020083219,0.00996873
e69431b75ecbecf075f1fcc5bf20b0dd0255e80d,0.00458813,0.0035881905,0.98291725,0.0041000512,0.004806374
e6c7dc5975120947d85b67e82f7ce7ba3451d117,0.959279,0.004559959,0.024731345,0.0083318725,0.0030979163
e6c7e1db8488bd55bf436e8f4cd545ddb5610b2f,0.18635216,0.0076647825,0.78753656,0.011251779,0.0071945796
e6fd4e67adc0b7ca945bb6dab199a076ad7dc110,0.96738374,0.006457012,0.012838706,0.009996774,0.003323785
e7097af7ff806e11fd6426650d7c3c5d159b39a0,0.9579376,0.00486427,0.025167972,0.009051003,0.0029790816
e72f916f832c1ae41fd57ad9509b2a242fb6bc73,0.9634049,0.0056809722,0.01620649,0.011468155,0.0032395378
e73af8457a4f14cd9fbca401184bac2de84725e8,0.01556406,0.9708584,0.005016965,0.0044113826,0.0041491375
e75a4ade4e43162bf822d6fa9fe0656ea1ec4e28,0.02082156,0.96669143,0.0033846342,0.004931918,0.004170467
e76ce214e699936abce9910a859e8d6cd9a5bc43,0.019374749,0.9675496,0.0027530172,0.0057015726,0.0046210056
e78aa3a954b093085f487fd4eaf89fcf1df84f0b,0.23118943,0.056760434,0.16868317,0.43039417,0.11297286
e7b2c425a23fe0de6d6f46bbba77ec4b9f982d2e,0.013467842,0.97246796,0.0029597874,0.0057036025,0.005400791
e7beaaa052746a44db673865d1d17ba1ff872191,0.07107562,0.9107389,0.0044654426,0.008225384,0.0054948074
e8020af78e466c61d20ed26e4ab654dac3eaf8f4,0.017839395,0.9685925,0.0034050231,0.0054742936,0.004688723
e80688b8b17b2261f7d51d27d865fca6bec84f8a,0.005543692,0.0037258724,0.98087204,0.0049673268,0.0048909737
e8583580fa40064ae071da9a0bc97fdc508fda8b,0.0093373135,0.003949676,0.97797763,0.0045558563,0.0041795624
e880cde7d5226b2adc9e4c4ff0eb6dfa6e00e78f,0.004653035,0.0033406394,0.98282325,0.004245778,0.0049371454
e8eb073082f6465208ea2e254f0e30045558687b,0.39131168,0.010333023,0.57676524,0.014009883,0.007580195
e9d4c66bbce9778e148aee25d1b53129aedecf40,0.8906282,0.0059047863,0.09038489,0.0089831315,0.0040989504
ea27a85d79cc6ff80972bfc23bdecdef40ba8cb7,0.020289168,0.9662299,0.0027161364,0.006049598,0.0047152387
ea706674fbaae9551b82344b31b55ce556517e8e,0.9511191,0.025889285,0.007722951,0.011375411,0.0038932948
ea7aa889f54e92ed4b00f4fc9db56ec8141d6739,0.02841263,0.9582922,0.0036474653,0.005423376,0.0042242995
eaad3bc3df9ac172818db9f14cfcf0e9e6662c00,0.11298532,0.8596171,0.004300814,0.013734395,0.009362261
ead39aa4bceb42944d932dad4a6a79891f35c332,0.9609603,0.0068425424,0.019761588,0.009277364,0.0031581654
eb34206bd75b4b14c0a683375fccbbe2c8a70d3d,0.02395235,0.96327144,0.0033141158,0.0050999224,0.0043621953
eb852fac37dc757ca931882db56983b5d54bba7e,0.9583986,0.006737536,0.01486555,0.015551701,0.004446644
ebc0e56934c13deb79e35123979264c53f8c7cda,0.85191,0.006978216,0.12329263,0.012546029,0.005273114
ebcd63f41ae689fcbd70ab70a603f10b42a33904,0.025750669,0.96115893,0.0033880048,0.005384925,0.0043175947
ec03498954ca9c39330e1915490eb04253cdb7da,0.0053227264,0.0041236263,0.9792916,0.0052127517,0.00604934
ec476f53f999ad8c6632c829df4afc927e7efc53,0.01988938,0.9657914,0.00284596,0.0063772905,0.005096075
ec5209f2abdc6f20f336d9b4130ce9b81edbfc49,0.022410074,0.9648474,0.003099155,0.005329673,0.0043137763
ec97d5e982ff9317f872c8be79281574e4ca37fe,0.0060901935,0.0038732495,0.981268,0.0042219628,0.004546622
ec9d2cb08c81b7a4ffaeea94fea338e223c660a1,0.9015433,0.0057792272,0.08028641,0.008827713,0.0035633557
ed5996a2b94dd61d228197de899d405f6ce122da,0.8637622,0.0072685,0.1151472,0.009388416,0.0044335783
ed5a10b4df0e2625156ae899979d7921228a2843,0.049643576,0.005452935,0.9322372,0.007534031,0.005132228
ed687138aa65a945c4c16dbc02025eb2cb7a8e2d,0.0074817166,0.0033141836,0.9803074,0.0044573187,0.0044393428
ed6e6e201b01f90f3a197fae08f3d7ad7399e103,0.512639,0.008679015,0.45965046,0.012783633,0.0062478925
ed8f028ad0bd33a4633c0af204c9cd518a0f61c4,0.0065550357,0.003349339,0.98140895,0.004245383,0.004441338
ed8fbbfb7beb57d8d8db7710cc484db60c9b2450,0.97009885,0.0056629465,0.01227772,0.008720293,0.0032401513
ed95bfe5d2e2552bb71581187b600752afc10cf0,0.021539379,0.9657646,0.0034042392,0.00503453,0.0042572394
edc7d7a099d7237c7858c199d36bae3b0a5aef3e,0.0147065,0.9719458,0.003047172,0.005434368,0.0048660897
eddaf8862dbd3127a856e2308b5cff614f1b4700,0.004743568,0.003635549,0.9825659,0.0042048334,0.004850174
edf68af41a6b9d43d8bef6bc884b65262805b0bb,0.0053517674,0.0036236255,0.9819854,0.0043112845,0.00472801
ee1bc8402d7fb4a05e02abd348cefd4ee24052bd,0.9687697,0.0065187346,0.012961431,0.008488301,0.0032619685
ee3bb82f6852c5817e957792157f482086711345,0.9683713,0.006960636,0.012039058,0.008918391,0.0037107354
ee855eef79ea68e30d6bad50e48dd886d096fa57,0.023289973,0.9639922,0.003348017,0.0051659886,0.00420388
eeaf22cf43c18ed2e4775acfc776d788cd80909b,0.020852001,0.96663874,0.0031725524,0.0050323037,0.0043043573
eeb3f46451687820864a52e947b0254ffa119b1d,0.04082091,0.0064483765,0.9366188,0.008987725,0.0071242535
eefa998949eb0f81c8a09fdabe4f01edc11944ae,0.7122372,0.0090020485,0.2538192,0.017606173,0.0073353914
ef3d6339deca5a9f8ab0f7603061bf84b08032f5,0.006816321,0.004444437,0.97879183,0.0048380564,0.0051093167
ef401d8f6bc700e007740b081b0042a2a231a943,0.022740992,0.9633964,0.0035311682,0.0055373763,0.0047941376
ef7246bfe17afd6bf195f046c49f0cf923e0ac9a,0.014635612,0.97219974,0.002923317,0.00540658,0.00483469
eff4265676b9057d3bf0389ddcee6666642ba8bf,0.01906341,0.968574,0.0030571225,0.004998424,0.0043071685
f0140c66a9e641ac587e754b76288b66473314c8,0.0047652298,0.003962239,0.98241085,0.0041284095,0.004733245
f0638ce4eb4a8439a27cfd0c58449e40a4997873,0.022570502,0.96474475,0.0033869294,0.005039385,0.0042584743
f0891b93ceb5fd96ad45dfaf844732d2eb85237c,0.004454723,0.0036841508,0.98304105,0.0041533774,0.0046666246
f0a3241b265d196ef31a1e3ac9e634bff9598fd6,0.02140738,0.96584445,0.003152911,0.005182889,0.004412311
f0b2d119f56cb62554b0d4c1cc8cd3428331a749,0.011018363,0.0039624665,0.97455907,0.005297004,0.0051631588
f0c847341dba78b37d97647546e9f76ea7b7223e,0.0048767347,0.0037426483,0.9826377,0.0042023077,0.0045407205
f0efc079737afc79cc7a64983a7c4d0c9b8183fd,0.021811768,0.96554315,0.003734948,0.00477257,0.0041375537
f102d2906ae65a7f7b26e7b9ada0ee3563a9fe0c,0.0042767525,0.0036977332,0.9833483,0.00395535,0.0047218343
f134dd31dc6dfc74578a8ec7528166271df04e3b,0.5018402,0.01039854,0.46600556,0.014719704,0.0070360024
f15b41713d6addb3efe05f199414ea90d4556d16,0.029622601,0.9569518,0.0032178387,0.005677229,0.004530553
f162424b52b6ac892463728376bc106bc114837b,0.021264995,0.96606654,0.0032223396,0.005118169,0.004327965
f170d81723bcd79533a7cd7dab303f6969610815,0.0051372442,0.0037433319,0.9821552,0.004323663,0.00464049
f170dfc1da299cecdf2576577d6f01f777b5b609,0.9532291,0.006336874,0.022177529,0.014290952,0.0039655142
f19c681417273371191c2bc2b11106c3e4f9e83d,0.015712485,0.97150254,0.0033786474,0.004883563,0.004522646
f217464dc5d9b52290742385e671ad257a9da152,0.93439054,0.032437652,0.013197951,0.014463906,0.005509882
f258bcdd72e3ca83fc9b6dd5d3cdd1214cdff164,0.84591764,0.023102414,0.023102414,0.091458,0.01641962
f2a1424b0af3bbe1ef0cbaa8aa2edac6c332f783,0.9691186,0.006407887,0.012646982,0.008997699,0.0028289643
f2c0420b2c4187b04721620e49d833d07e18c638,0.023273775,0.9639709,0.0034486372,0.005028564,0.004278048
f2d8f23c36282f00b4bc1ecbb96534420cc0165e,0.08451103,0.8931684,0.0073854853,0.008810738,0.0061244313
f2eac9ebe106d83690d3e9bb49f5a52873948624,0.7959788,0.03345235,0.017406354,0.13422732,0.018935187
f34418e595f4e6e13c36aa5383e3302cb20308f5,0.96413714,0.009504413,0.009916363,0.012615917,0.0038261898
f345dd03b7a1b1626696b726d924ecea157e1740,0.026031794,0.96091443,0.003507868,0.005304376,0.0042415666
f37987ce590d1a8cbb9073a6d99bd4819d1b54af,0.9631176,0.009142948,0.010710806,0.013206501,0.003822144
f37f3e61afb7593223b6daf35914a45555a613c1,0.7316365,0.008881012,0.23663342,0.016659092,0.006189931
f415febfbe939d60168894805874ecbe2ab4c556,0.9561453,0.007060424,0.017450012,0.015031714,0.0043124636
f416d7d29a6f7d9920133443d958c40689224bed,0.004870077,0.0038785841,0.9826195,0.004014118,0.0046177353
f416ea86f0a10199ef8874552936e08645507057,0.31871542,0.041834526,0.4697636,0.1287163,0.040970158
f480517dd1d148d87687a50a8c9e558cb31b144e,0.79370797,0.0059244437,0.18306684,0.012024255,0.005276409
f521c5d3a221d782cafd51c2f60e84563862de3e,0.9684079,0.006503145,0.012364097,0.009643445,0.003081401
f6299c79fea98f2352989ecb51b16455009b7473,0.020979397,0.9663421,0.003668209,0.004773305,0.0042368937
f63e3d1d5e4b965b3b004b47f8a4ae3d1e27dcea,0.030299202,0.95632833,0.00362043,0.0054561803,0.0042958953
f647f4bedb047ba56eb1fee1ff2ced5c9ff54464,0.006194479,0.0033134338,0.9814067,0.0043058423,0.0047796355
f701545d7209c336fa3de1c09677dbd702e6e354,0.01754015,0.9698215,0.0036175128,0.0047168555,0.0043040127
f7256f787a44fa6b2f1c763b54248f77456e507c,0.6601304,0.007852755,0.3146928,0.011938589,0.0053854943
f78a1e78c1f5e1e6defb5cdba1b6e3c4ab04368e,0.96435446,0.006156938,0.015340514,0.010789766,0.0033583094
f7ceb05475f9dbc5fb03757f267015753f73672e,0.600578,0.011649628,0.3638767,0.015710106,0.008185503
f804bf88bb8c36c9c43cda946d8eae32bfb16b55,0.2914517,0.069361195,0.11002076,0.4211282,0.1080382
f8683bb62ef0932f883eafe899477d3579bc6410,0.73281264,0.0073466897,0.24414253,0.01087234,0.0048258714
f88dd29020381d3e5a08bd5d74a5bceaffe75c3a,0.0056222156,0.0034876235,0.9827792,0.0039530606,0.0041578654
f8a787deefcb60af0876c9d7cd565f8a971a6946,0.9584064,0.0055683777,0.026062397,0.0070771165,0.0028857263
f8c25f6f9f005b6dac3eae76bad8c77a5c4f5a14,0.89824945,0.0070664007,0.08037112,0.009849125,0.0044639325
f947396a25fd49d8dc23960e17ce749db4f65841,0.9514451,0.006215225,0.030749388,0.0082138935,0.0033764273
f948a1fa1ff3a6bfb7b654ee672d7ce1cfa5ecb6,0.027636437,0.9591786,0.0036068468,0.005326986,0.0042510494
f96fefc70c2a918d4043028e4b3c8f675ec2df36,0.005197793,0.0034143107,0.98308045,0.003997114,0.0043102824
f97c4493db2a81b0887ff0c0e4025eb896113453,0.90311646,0.006650903,0.06851502,0.01655453,0.005163009
f99ecb8f8a7402f194f1be29acf0e099a265f250,0.015675483,0.9716446,0.0032365844,0.0050075203,0.004435818
f9a70cb56054490c7c5833769b94f5e1fc8b9614,0.034860764,0.9490967,0.003661453,0.0066586733,0.00572238
f9e5c8ba26def6b138155b99caf13629472ad9a1,0.09732351,0.006289937,0.88216376,0.008436716,0.005785983
f9f6428b55eaf0222f5de2895f304c56a6ea6779,0.01965205,0.9671264,0.0026535324,0.005854695,0.00471326
fa0d2384c45d1928905ff94dbfaf40debf0d4253,0.034410104,0.950491,0.0036618963,0.006451982,0.004985035
fa50fa69d3ae1e883988b98d3b6384362440bf20,0.90508974,0.0059283604,0.07678698,0.008279637,0.003915241
faa4b306d93fd9e4b1a6303ba9c7752b30afb12b,0.016057855,0.94529253,0.0039219176,0.013120168,0.021607477
faa9fcc129f5cc6f215ac5f02cb26eeaf5ae27bb,0.0057432875,0.0033622354,0.9825372,0.004098464,0.0042588594
fad1b1200b49dbbfe413c52b0fa05f68e24ad73c,0.72446644,0.0073121004,0.25301328,0.0104628205,0.0047452734
fae51efe623604c00002e037903e85e696f42748,0.9453181,0.0054775598,0.037404593,0.008503259,0.0032964535
fb8af0fb2929fd10c1618b398351b3f3f20a2e0b,0.8671141,0.0057411543,0.11312946,0.009926505,0.0040886747
fbee24aaeb8eb97751d8295e2ebdf1487796e59c,0.022456078,0.9643894,0.0030893497,0.005539353,0.004525963
fc280ce20d6b5d89f549c0487e855bced7e2b6e8,0.02341749,0.9637375,0.003112313,0.0053092195,0.004423489
fc31d3ffa3a4852631c65578752d35c6c0d078ca,0.010330049,0.0063457554,0.97339225,0.0050879805,0.0048438804
fc4307ec4ff10f8eee99f8243c2acaa35bbcdfea,0.06447313,0.0052426104,0.9170404,0.00758288,0.0056609833
fc535d928b58ec844cab4f6a6f9eb7b80e5c70a7,0.7959063,0.0073498185,0.18038736,0.010928369,0.0054281834
fc7c9c0b93845f43503478592f92767e7434cc7d,0.016709026,0.9704649,0.0039299084,0.004700951,0.004195215
fc8cea28fb0ed80f8780c06712f4fba1c53c2bdf,0.0048831846,0.0034012157,0.98327565,0.0040140953,0.0044258754
fcd6260c1c048340bd64fb57bb8db78e15a4c831,0.018039599,0.9694139,0.0034727848,0.004817589,0.004256091
fcd99bf3242a74a46bea2a8716360468d09f7aab,0.026173532,0.96095484,0.0033918507,0.0052265814,0.0042531886
fcdd932bc76a2bf31fd4cfeeaa522e9d64aa055a,0.015331329,0.97131157,0.0031622269,0.005358158,0.004836782
fd18f4bf1d2de2ee3dcffe3f662e5b86f5870fee,0.005156886,0.0040221415,0.9819341,0.004340194,0.0045466456
fdae06bb3e1e2a55fa58224cddc2994635cc77dd,0.9664226,0.006707556,0.0136274295,0.009826714,0.0034157482
fdbc31eee97116d2a8c8345d96f9f96f396a44fd,0.66119516,0.0070809727,0.3126632,0.013060793,0.0059998366
fe0883f1212cc257918826af706eb607aea73de3,0.021572966,0.96596843,0.0031660846,0.004964873,0.0043275254
fe5316ca33eda434a08bcd5d34a5a7683f36a6d7,0.020643476,0.9670145,0.0033585124,0.004786286,0.0041972254
fe57ec17625aac3c9d4ec1069685945a9680bb18,0.025218947,0.9618194,0.0034409421,0.0052348096,0.004285782
fe6040d0d0a8da5c4d394655fe9a6e02d40ba25b,0.91517085,0.00456644,0.068408385,0.008366223,0.0034880298
fe665cee17a0a93d27d4b80cab32f5886694d33e,0.027708491,0.95876914,0.0039140508,0.0052076736,0.004400685
feb4b0ae88524c9cee3e50f2301d84a235f3c607,0.95027786,0.0061992398,0.03101305,0.008960507,0.0035493914
fecf3f14f47237e02721ed4baa4eb6c11abd239f,0.01478159,0.97231364,0.0038638397,0.0045570093,0.0044839433
feed09e13586d12139cd59bc20996a4d29706606,0.021046141,0.96583205,0.0029080848,0.005638039,0.004575675
ffc0bca6fde8fa0cce1ac3a7b0d746603d441bf8,0.0218071,0.96566164,0.003277888,0.004953277,0.004300006
fffdd6f356ed5b8dba21717f60c53f6520e650ab,0.93972653,0.008556059,0.037668556,0.010186606,0.0038622355
