id,content,category,true_label,predicted_label,confidence
SW5105,"KOCHA wa timu ya Azam FC, Mholanzi Hans van Pluijm (pichani), amesema kuwa wachezaji wake walitengeneza nafasi nyingi za kufunga, lakini walishindwa kuzitumia. Pluijm aliyasema hayo baada ya kumalizika kwa mchezo wa Kombe la Mapinduzi kati yake na timu ya Jamhuri, ambapo walilazimishwa sare ya kufungana bao 1-1. Alisema kuwa katika mchezo huo vijana wake, ambao ndio mabingwa wa Kombe la Mapinduzi, walijitahidi kucheza vizuri, licha ya kuuanza mchezo taratibu. Alifahamisha kwamba huu ni mchezo wao wa kwanza ambao walipaswa washinde ili kujiweka katika mazingira mazuri, lakini wamejikuta wakipangwa na kulazimishwa sare, na sasa wanajipanga kwa ajili ya mchezo ujao. ""Hii ni mechi yetu ya kwanza pamoja na kwamba tulipaswa kushinda, lakini tumetoka na pointi moja tunajipanga kwa michezo iliyo mbele yetu"", alisema kocha huyo. Hata hivyo, alisema kuwa pamoja na yote hayo lakini wachezaji wake walicheza kwa kupooza na kushindwa kuzitumia nafasi walizozipata. Azam ambao ndio mabingwa watetezi wa michuano hiyo kwa mara mbili mfululizo wanatarajiwa kushuka dimbani kesho kucheza na Yanga, mchezo ambao utapigwa kuanzia majira ya saa 2:15 usiku. Azam FC ndio walikuwa wa kwanza kupata bao katika mchezo huo uliokuwa na msisimko wa hali ya juu kwa kupata bao katika dakika ya 28, lililopachikwa na Tafadzwa Kutinyu, kwa mkwaju wa penalti baada ya Emmanuel Balele, kuunawa mpira wakati akiokoa shuti la mfungaji wa bao hilo. Jamhuri iliyocheza kwa nidhamu kubwa kwenye eneo la ulinzi hadi kufanikiwa kuwabana washambuliaji wa Azam FC, ilipata bao la kusawazisha katika dakika ya 66 lililofungwa na Abdul Ramadhan, na kutoka na pointi moja.",kitaifa,kitaifa,michezo,0.9954
SW4064,"ZIKIWA zimebaki saa chache kabla ya kuanza kwa fainali za 32 za Mataifa ya Afrika (Afcon 2019) Misri, Shirikisho la Soka Afrika (Caf) limesema kuwa kila kitu kiko tayari kwa ajili ya ufunguzi rasmi. Naibu Katibu Mkuu wa Caf anayeshughulikia Soka na Maendeleo, Anthony Baffoe alisema kuwa kila kitu kiko tayari na wanachosubiri ni kuanza kwa pambano la ufunguzi, ambalo litawakutanisha wenyeji Misri dhidi ya Zimbabwe, huku wakitarajia mashindano yenye mafanikio. Mchezo huo utafanyika kwenye Uwanja wa Kimataifa wa Cairo uliopo jijini hapa na Baffoe aliwaambia waandishi wa habari kuwa wamejipanga kwa ajili ya kuanza kwa mashindano hayo yatakayoanza Juni 21 hadi Julai 19 katika miji ya Alexandria, Cairo, Ismailia na Suez.""Kila mmoja amejipanga kutekeleza majukumu yake vizuri ili kuyafanya kuwa mashindano bora kabisa ya Afcon, shukrani kwa Serikali ya Misri na Kamati ya Maandalizi ya Misri (LOC) kwa kazi yao nzuri waliyofanya hadi sasa, licha ya changamoto zote ya viwanja sita badala ya vinne,"" alisema Anthony Baffoe. Alisema changamoto walizokumbana nazo ni viwanja vya mazoezi kwa kila timu na kuongeza kwa kuwapatia vibali watu waliokuja na timu kutoka 30 hadi 40. Baffoe, ambaye ni mchezaji wa zamani wa kimataifa wa Ghana, alisema kitendo cha kuhamishia mashindano hayo kutoka Januari-Februari hadi kuchezwa Juni-Julai, kutachangia zaidi kuongeza msisimko kwa kuwa na vipaji kibao. Awali, wakati wa mashindano hayo baadhi ya nyota wanaocheza soka Ulaya walishindwa kushiriki baada ya kutoruhusiwa na klabu zao kutokana na mashindano hayo kufanyika sambamba na Ligi Kuu za Ulaya. ""Ukiangalia Ligi Kuu ya England, wafungaji wanaoongoza kwa mabao msimu uliopita, ambao ni Waafrika watatu; Pierre- Emerick Aubamenyang (Gabon), Sadio Mane (Senegal) na Mohamed Salah (Misri), wawili kati yao wapo katika mashindano ya mwaka huu.""Na sina uhakika kwa asilimia 100 kama Afcon ingechezwa Januari-Februari, viwango vyao vingekuwa juu kama sasa kwa sababu wangekuwa hawapo katika ligi kwa mwezi mzima.""Haya mashindano ni makubwa na wachezaji wote nyota wa Afrika wapo hapa. Ukiangalia mechi za kufuzu viwanja vyote vilijaa hadi siku ya mchezo wa mwisho. Nilicheza wakati timu 12 zinashiriki mwaka 1992, sasa zimeongezeka mara mbili na ninaamini tutakuwa na mechi nzuri, "" aliongeza Baffoe. Akielezea kuhusu teknolojia ya mwamuzi msaidizi wa video (VAR), Baffoe alisema kuwa kwa mara ya kwanza katika historia ya Afcon, teknolojia hiyo itatumika kuanzia katika mechi za robo fainali.",kitaifa,kitaifa,michezo,0.9937
SW4904,"YANGA imeendelea kuchanja mbuga kusaka taji la Kombe la FA, baada ya jana kuifunga Namungo FC ya Ruangwa, Lindi bao 1-0. Mshambuliaji Mkongomani Heritier Makambo ndiye aliyefunga bao hilo pekee dakika ya 82 baada ya kuunganisha kwa kichwa krosi safi ya Deus Kaseke aliyeingia kuchukua nafasi ya nahodha Ibrahim Ajibu. Mlinda mlango wa Yanga, Klaus Kindoki jana alilazimika kufanya kazi ya ziada kwa kuokoa michomo ya wazi iliyoelekezwa kwenye lango lake. Hadi mapumziko hakuna timu ambayo iliweza kuona Mshambuliaji wa timu ya JKT, Mansoor Omar (kushoto) akimtoka beki wa timu ya Ngome, Ally Mzee wakati wa mchezo wa kufungua mashindano ya Baraza la Michezo ya Majeshi ya Tanzania (BAMMATA) uliochezwa Uwanja wa Uhuru Dar es Salaam juzi. Ngome ilishinda kwa mabao 2-1. (Picha na Rahel Pallangyo). lango licha ya Yanga kufanya mashambulizi mengi kwenye lango la Namungo lakini washambuliaji wake walionekana kukosa maarifa. Mshambuliaji Reliants Lusajo, aliweza kupata nafasi nzuri dakika ya 24 lakini alishikwa na kigugumizi cha mguu na kushindwa kuutumbikiza mpira nyavuni. Kipindi cha pili kocha wa Yanga, Mwinyi Zahera, alifanya mabadiliko kwa kumtoa Haji Mwinyi, Mrisho Ngassa na Ajibu ambao nafasi zao zilichukuliwa na Kaseke, Amissi Tambwe na Gadiel Michael. Mabadiliko hayo yalionekana kuinufaisha Yanga, ambayo ilionekana ikiongeza kasi ya mashambulizi kwenye lango la Namungo lakini tatizo lilibaki kwa washambuliaji wake. Mara kadhaa Namungo nao waliweza kujibu mapigo ya Yanga kwa kufanya mashambulizi kadhaa lakini Kindoki alionekana kusimama imara na kuondosha hatari zote langoni mwake. Kadiri muda ulivyokuwa ukienda ndivyo ushindani ulikuwa ukiongezeka kwa timu zote mbili na kupelekea rafu za mara kwa mara kwa pande zote mbili. Ushindi huo unaitoa Namungo kwenye michuano hiyo na kuisongesha mbele Yanga hadi hatua ya robo fainali ikisubiri droo ya michuano hiyo kupangwa ili kumjua mpinzani wake. Kabla ya kuwatoa Namungo jana Yanga ilizitoa timu za Tukuyu Stars ya Mbeya kwa kuifunga mabao 4-0, uwanja wa Taifa, baada ya hapo mchezo uliofuata ikawatoa Biashara United ya Mara kwa penalti 5-4 baada ya kutoka sare ya mabao 2-2 katika muda wa kawaida Msimu uliopita Yanga ilitolewa kwenye hatua ya roba fainali na Singida United ambayo nayo ikaja kuitoa JKT Tanzania katika nusu fainali. Bingwa wa mashindano hayo kwa msimu uliopita alikuwa Mtibwa Sugar aliyeifunga Singida united kwenye fainali",biashara,biashara,michezo,0.9924
SW2341,"RAIS wa Kenya, Uhuru Kenyatta amewaongoza Wakenya kumuomboleza mwanasoka gwiji wa nchi hiyo, Joe Kadenge, 84, aliyefariki dunia juzi kwenye hospitali ya Nairobi. Uhuru amemuelezea Kadenge kama mtu aliyetumia kipaji chake cha soka kwa watu wa Kenya.""Kadenge aliwakilisha soka yetu safi alikuwa alama ya mchezo huo kwenye nchi yetu, ni huzuni mkono wa kifo umemfikia mtu aliyejitolea kila kitu kwa nchi yake,"" alisema Rais Uhuru. Aliongeza: ""Joe alikuwa rafiki yangu, alituambia maneno mazuri mimi na mke wangu Margaret tulipomtembelea."" ""Alikuwa na mapenzi ya kweli kwa nchi yake na alikuwa na ndoto kubwa kwa soka ya Kenya, tutamkumbuka sana,"" alisema. Rais mkuu wa zamani Raila Odinga pia amemuomboleza Kadenge na kumuelezea kuwa alikuwa mwanasoka mahiri ambaye hajawahi kumuona. Alisema: ""Leo (juzi) tumempoteza mmoja wa wachezaji wenye kipaji kwenye soka, sijawahi kuona akiwa kwenye jezi yetu ya taifa."" ""Joe Kadenge alikuwa balozi wa kweli kwenye nchi yetu na soka ya Kenya, apumzike kwa amani, kipaji chake kihamasishe vijana wengine kwenye mchezo huo.""Rais wa Shirikisho la Soka la Kenya (FKF), Nick Mwendwa alisema amesikitishwa na kifo cha Kadenge, aliyemuelezea kuwa alikuwa mtu aliyejitolea maisha yake kwenye michezo. ""Mchango wake na kwa namna alivyojitolea kwenye mechezo hatutamsahau. ""Binafsi na kwa soka ya Kenya, natoa pole lwa familia na marafiki wa Kadenge."" Katika hatua nyingine, Baraza la vyama vya soka Afrika Mashariki na Kati (Cecafa) limetoa pole kwa kifo cha Kadenge. Taarifa ya Katibu Mkuu wa Cecafa, Nicholas Musonye kwa vyombo vya habari jana ilisema wanamchukulia Kadenge kama mmoja wa wachezaji bora kwenye ukanda wao. Taarifa ya Musonye ilisema kutokana na msima huo, mechi zote za michuano ya Kagame inayoendelea mjini Kigali, Rwanda kutakuwa na dakika moja ya kumuombea gwiji huyo kwa siku mbili, jana na leo.",kitaifa,kitaifa,michezo,0.9898
SW626,"KOCHA wa Real Madrid, Zinedine Zidane, amesema kuwa anataka timu ya taifa ya Algeria kushinda taji la mashindano ya Mataifa ya Afrika, (Afcon 2019). Zidane ana asili ya Algeria lakini aliamua kuiwakilisha Ufaransa katika mashindano ya kimataifa, ambapo aliiongoza Ufaransa kushida Kombe la Dunia 1998 na ubingwa wa Ulaya mwaka 2000. ""Nataka kuona kiwango kizuri cha uchezaji kwa wachezaji wa timu ya Algeria katika mashindano haya ya Afcon 2019 ili kuwafanya watu wafurahi,"" alisema Zidane mwanzoni mwa wiki hii. Algeria iliifunga Kenya kwa mabao 2-0 katika mchezo uliofanyika kwenye Uwanja wa Jeshi la Anga katika mchezo wao wa kwanza wa Kundi C shukrani kwa mabao yaliyofungwa na Baghdad Bounedjah na RiyadMahrez. Algeria ilikuwa inaoongoza kundi hilo ikiwa na pointi tatu sawa na Senegal, kabla ya mechi za jana, ambapo Algeria walitarajia kukipiga dhidi ya Senegal, huku Kenya wakicheza na Tanzania, ambao wote hadi kabla ya mchezo wao huo walikuwa hawana pointi. Algeria aliifunga Kenya 2-0 huku Senegal naye aliichapa Tanzania, Taifa Stars, kwa idadi kama hiyo ya mabao. Zidane aliendelea ""Nataka kuona watu wakishangilia mitaani."" Algeria, ambayo ilitwaa taji hilo mara moja tu mwaka 1990,ni moja ya washindano wakubwa wa taji hilo katika mashindano ya mwaka huu.",kitaifa,kitaifa,michezo,0.9897
SW648,"MAHAKAMA ya Hakimu Mkazi Kisutu imewakuta na kesi ya kujibu aliyekuwa Rais wa Shirikisho la Mpira wa Miguu (TFF), Jamal Malinzi na Katibu wake, Selestine Mwesigwa Washtakiwa wengine ni mhasibu wa TFF, Nsiande Mwanga na karani Flora Rauya. Hakimu Mkazi, Maira Kasonde amesema leo (Jumanne Julai 23, 2019) kuwa washitakiwa Malinzi, Mwesigwa na Nsiande wana kesi ya kujibu katika mashitaka utakatishaji fedha. Aidha, Malinzi na Mwesigwa wanasthakiwa kwa tuhuma za matumizi mabaya ya madaraka kwa, kutumia nyaraka za uongo kwa mshitakiwa Mwesigwa na huku Rais huyo wa zamani wa TFF akikabiliwa na kesi ya kujipatia fedha kwa njia ya udanganyifu. Mshitakiwa Rauya amekutwa na kesi ya kujibu katika mashitaka ya kughushi.",kitaifa,kitaifa,michezo,0.9885
SW431,"MICHUANO ya soka kuwania Kombe la Nane Nane yanayofanyika Jijini Arusha kila mwaka, huenda yasifanyike baada ya timu kusuasua kulipa ada ya ushiriki wa michuano hiyo, imeelezwa. Kwa mujibu wa mratibu wa kombe hilo John Mhala, hadi sasa timu zilizothibitisha kushiriki na kulipa ada ni tano tu, huku bingwa mtetezi Fish Bony akitangaza rasmi kutoshiriki kwa sababu ya gharama za kuandaa timu kuwa kubwa. Mhala alisema iwapo timu zitashindwa kuthibitisha na kulipa ada, wao hawatakuwa tayari kuendesha mashindano hayo mwaka huu kwa idadi hiyo ndogo ya timu kwani gharama za uendeshaji mashindano ni kubwa.''Sisi waandaji tunatumia zaidi ya sh milioni 5 kuandaa michuano hiyo, ikiwemo zawadi, gharama za waaamuzi, uwanja na malipo kwa wasaidizi na hakuna tunachofaidi,'' alisema.''Miaka miwili iliyopita kiingilio kilikuwa sh 100,000 ila mwaka huu tumefanya 200,000 angalau kupunguza gharama na sio kumaliza, lakini muuitikio wa timu ndio umetukatisha tamaa,'' alisema Mhala. Hata hivyo, Mhala alisema kuwa iwapo mwaka huu yatashindikana kufanyika, mwakani mashindano hayo yatakuja kivingine kuhakikisha yanafanyika tena lengo ni kuhakikisha wakazi wa Jiji la Arusha wanafurahia mashindano hayo kama zamani. Ni mara ya pili sasa mashindano hayo yanafanyika jijini hapa, ambapo msimu uliopita timu ya Fish Bony ndio mabingwa wa michuano hiyo, lakini nao wameeleza kuwa hawatashiriki. Akizungumzia ushiriki wao mwaka huu mwenyekiti wa timu ya Fish Bony Abousuphian Shelukindo alisema mpaka sasa hawana uhakika wa kushiriki kutokana na hali ya uchumi kuwa sio nzuri.""Mpaka sasa hatujaandaa timu kutokana na hali halisi na tulishaongea na mratibu wa mashindano kuhusu gharama za uendeshaji wa timu pamoja na zile za ushiriki kuwa kubwa ndio imesababisha kushindwa kushiriki michuano hiyo,""alisema Shelukindo. Naye katibu wa timu ya Moshono Sports, Lila Maganga alisema wako tayari lakini waandaaji bado hawajajua mwelekeo wao, lakini wako tayari kushiriki kushiriki kama wandaaji wataonesha mwelekeo. Zawadi zitolewazo katika mashindano hayo, mshindi wa kwanza atapata sh milioni 1, jezi seti moja, mpira mmoja na medali ya dhahabu kwa wachezaji 25, mshindi wa pili anaondoka na kikombe na sh 500,000, jezi seti moja na mpira mmoja na medali ya fedha kwa wachezaji na viongozi 25. Mshindi wa tatu atapata sh 250,000, wakati mfungaji bora sh 100,000, timu yenye nidhamu hupewa kikombe na waandaaji hutoa sh 10,000 kwa kila mchezaji bora wa kila mechi.",kitaifa,kitaifa,michezo,0.9827
SW427,"BONDIA Francis Cheka juzi alikumbana na ngumi jiwe za bondia Abdallah Pazi 'Dullah Mbabe' na kukubali kipigo cha KO katika raundi ya sita ya pambano lililofanyika katika ukumbi wa Sabasaba PTA, Dar es Salaam. Cheka alikumbana na fedheha hiyo katika pambano lililokuwa la raundi 12 la kuwania ubingwa wa mabara wa WBF kwenye uzani wa super middle. Akizungumza jana Cheka alikubali kuwa amepigwa kihalali na Dulla Mbabe na kuwaacha mashabiki wake wasiamini kilichotokea. ""Sijui kilichotokea, nilijikuta tu niko chini raundi ya sita na sikuendelea tena na pambano, sina namna zaidi ya kukubaliana na matokeo, nimepigwa kihalali, sijui nilipatwa na nini kwani sikuwa natembea ulingoni muda mwingi,"" alisema Cheka. Dullah Mbabe alisema ilikuwa lazima ampige Cheka kwa KO kutokana na nguvu nyingi alizonazo na kumaliza kabisa ufalme wa bondia huyo katika masumbwi. ""Mimi nina nguvu kama mdudu na niliahidi kumpiga Cheka kwa KO na hilo nimetimiza, kwa sasa sijamuona bondia wa kunipiga hapa nchini,"" alisema Dullah Mbabe. Dullah Mbabe amecheza michezo 29 mpaka sasa, kushinda mapambano 22 ambapo 22 kati ya hayo ameshinda kwa KO, akipoteza mapambano matano na kutoa sare pambano moja. Francis Cheka ambaye ameshinda ubingwa wa Dunia mara tano, bingwa wa Afrika mara nne na bingwa wa mabara mara mbili amecheza michezo 45, na kushinda mapambano 32, kutoka sare mara mbili kupoteza 11.",kitaifa,kitaifa,michezo,0.9653
SW2615,"WAZIRI Mkuu, Kassim Majaliwa ameutaka uongozi wa mkoa wa Ruvuma uendelee kutangaza fursa za uwekezaji zilizopo na kuondoa vikwazo vyote ili kuvutia wawekezaji zaidi.""Mkoa wa Ruvuma kama ilivyo mikoa mingine, unazo fursa ambazo zikiendelezwa, zitaleta tija na kusaidia kuongeza kasi ya ukuaji wa uchumi wa Taifa letu. Nitoe rai kwa mkoa uendelee kutangaza fursa za uwekezaji zilizopo sambamba na kuondoa vikwazo vyovyote vya uwekezaji na biashara ili kuvutia zaidi wawekezaji wa ndani na nje,"" alisema. Alitoa wito huo jana wakati akifungua Kongamano la Biashara na Uwekezaji mkoani Ruvuma linaloendelea kwenye uwanja wa Majimaji, Manispaa ya Songea. Pia amezindua Mwongozo wa Uwekezaji wa mkoa huo. Alisema katika ustawi wa uchumi, nchi nyingi duniani zimekuza uchumi wao kupitia ujenzi wa viwanda na zikafanikiwa kupunguza umasikini katika jamii zao. Amezitaja nchi hizo kuwa ni Marekani, China, Japani, Korea ya Kusini na Ujerumani.""Tunapaswa kuiga kutoka wa wenzetu. Ndio maana Tanzania pia tunahamasisha ujenzi wa viwanda kuanzia ngazi ya vijiji mpaka mikoa ili tulete mageuzi ya kiuchumi yatakayowezesha upatikanaji wa ajira na hatimaye kuondoa umaskini,"" alisema Waziri Mkuu na kuongeza: Kongamano hili ambalo kaulimbiu yake ni ""Ruvuma itavuma kwa uchumi wa viwanda, wekeza sasa,"" imelenga kutangaza fursa za uwekezaji na biashara zilizopo mkoani humu, na inajipambanua vyema na kuendana na azma ya Serikali ya awamu ya tano ya kujenga uchumi wa kati unaoongozwa na viwanda ifikapo 2025. Alisema mchango wa sekta ya viwanda, kiuchumi na kijamii nchini ni pamoja na kuongeza pato la Taifa na kupandisha hali ya maisha ya wananchi; kusaidia nchi isiyumbe kiuchumi ikizingatiwa kuwa viwanda vingi havitegemei hali ya hewa kama kilimo; kuboresha urari wa biashara kwa sababu tija yake ni kubwa na hasa zikiuzwa bidhaa nyingi nje ya nchi na kupunguza uagizaji wa bidhaa kutoka nje ya nchi. Alizitaja faida nyingine kuwa ni kuchangia maendeleo ya sekta nyingine kama za kilimo, uvuvi, elimu na madini; kutengeneza ajira kwa wananchi; kuchagiza na kuharakisha maendeleo ya teknolojia na rasilimali watu na kuwezesha matumizi mazuri ya maliasili zilizopo kwa faida zaidi. Nyingine ni kuleta uhakika wa soko la mazao ya kilimo, mifugo, uvuvi, misitu na madini kwa sababu hutumika kama malighafi na kuwepo kwa uhakika wa kuingiza fedha za kigeni nchini kupitia mauzo ya bidhaa nje ambapo husaidia kuagiza mitambo, malighafi na bidhaa nyingine ambazo hazizalishwi nchini. Mapema, akitoa salamu kwa niaba ya mabalozi wengine, Mwakilishi wa Balozi wa China, Xian Ding alisema ana uhakika kuwa kongamano hilo litafanikiwa kuleta mabadiliko mkoani humo kwa sababu wana bidii ya kazi.""Ninaahidi kuleta wawekezaji kutoka China kwa sababu tunataka waje kuleta teknolojia mpya, wafanye kazi pamoja na Watanzania na wawafundishe teknolojia hizo mpya. Tunataka hapa Ruvuma iwe model (mfano) kwa mikoa mingine,"" alisema.",kitaifa,kitaifa,biashara,0.9647
SW2459,"MSANII wa muziki nchini Richard Mavoko amekanusha taarifa kuwa aliwahi kwenda kupiga magoti ili kupata nafasi ya kurejea katika kundi WCB lililo chini ya msanii Nasib Abdul 'Diamond Platnumz'. Mavoko aliachana na kundi hilo Julai mwaka jana kutokana na sababu ambazo hakuziweka wazi, licha ya Diamond kuwahi kusema kuwa msanii huyo alihitaji kuwa na kundi lake la Bilionare Kid hivyo alishindwa kumzuia. Kwa mujibu wa mahojiano yake na kituo cha redio cha Clouds Fm Mavoko alisema hajawahi na hatothubutu kuomba msamaha kwa lengo la kurejea katika kundi hilo na kuwataka mashabiki zake kupuuza taarifa hizo alizoziita za uzushi. ""Mdogo wangu aliponitumia linki nikaona wao (Wasafi) ndo wanasema hivyo lakini mimi sijawahi kujaribu kufanya kitu kama hicho, niwaambie tu ndugu zangu wale waliokuwa wanategemea hicho hakiwezi kutokea, heri tu nibaki na nguo iliyochanika kuliko kuvua shati nibaki kifua wazi,""alisema Mavoko. Katika hatua nyingine msanii huyo alikanusha taarifa iliyotolewa na msanii Lulu Diva kuwa alimfanyia fujo nyumbani kwake baada ya kufanya kazi na kushindwa kumlipa.",kitaifa,kitaifa,michezo,0.9547
SW873,"KATIBU Mkuu wa Wizara ya Mifugo, Profesa Elisante ole Gabriel amezitaka taasisi za fedha nchini kuchangamkia soko la usindikaji wa maziwa linalohitaji uwekezaji wa kimkakati kutokana na kiasi kidogo cha maziwa kusindikwa. Gabriel ametoa rai hiyo katika kongamano la 10 la Wiki ya Maziwa kitaifa nchini. Alisema kiwango cha maziwa kwa mwaka ni lita bilioni 2.7 wakati kiwango cha maziwa kinachosindikwa ni lita milioni 56 hatua inayomnyima mapato mazuri mfugaji nchini. ""Nitoe mwito kwa taasisi za fedha kuchukua fursa hii muhimu kwa kuwekeza kwa nguvu kwenye mnyororo wa thamani ili kuyapa thamani maziwa yetu. Ipo fursa kubwa ambayo itawasaidia wafugaji na taasisi zenu kupata faidi,"" alisema Gabriel. Kongamano hilo la wadau kutoka mikoa mbalimbali nje ya nchi linajadili namna ya kuongeza uzalishaji bora wa maziwa nchini. Pia linajadili kukabiliana na changamoto za upatikanaji mbegu bora za uhamilishaji, malisho ya mifugo, masoko ya maziwa na uhaba wa viwanda vya usindikaji wa maziwa nchini. Mwenyekiti wa Bodi ya Maziwa nchini, Lucas Malunde alisema viwanda zaidi vinahitajika kuongeza kiwango cha maziwa yaliyosindikwa kumpa faida mfugaji na mtumiaji wa maziwa. Alisema kiwango cha matumizi ya maziwa kwa mtu mmoja hapa nchini kipo chini kiasi cha lita 49 kwa mwaka wakati lengo ni kumwezesha mtu kutumia lita 200 za maziwa kwa mwaka. Ofisa Utafiti wa benki ya NMB, Mboka Mwanitu alisema wametenga Sh bilioni 500 kwa tasnia ya maziwa kwa ujumla. Alisema wapo wajasiriamali walionufaika kwa kuchukua mkopo wa Sh bilioni 30 kutokana na kuongezeka mahitaji ya maziwa nchini. Alisema mikopo yao imelenga kupata mbegu bora za ng'ombe, vituo bora vya kukusanyia maziwa, vifaa vya kisasa vya usindikaji maziwa, malisho na huduma za chanjo na matibabu.",kitaifa,kitaifa,biashara,0.9536
SW4651,"UONGOZI wa Shirika la Taifa la Hifadhi ya Jamii (NSSF) umetembelea kiwanda cha sukari cha Zanzibar kilichopo Mahonda Wilaya ya Kaskazini B Unguja, kinachomilikiwa na Kampuni ya Shanta Sugar Holding Ltd. Akizungumza wakati wa ziara hiyo, Mkurugenzi wa Mipango, Uwekezaji na Miradi wa NSSF, Gabriel Silayo aliushukuru uongozi wa kiwanda cha sukari Zanzibar kwa kuwapatia fursa ya kujifunza stadi za kilimo cha miwa na uendeshaji wa kiwanda cha sukari.""Tunaushukuru uongozi wa kiwanda cha sukari Zanzibar kwa fursa hii ya kujifunza, NSSF tunatekeleza shughuli kama hii kule Mkulazi ambapo tayari tumeshalima shamba la miwa lenye ukubwa wa hekta 1,200 na tupo katika hatu za mwisho za kuanzisha ujenzi wa kiwanda cha sukari,"" alisema Silayo. Meneja Uhusiano wa Kiwanda cha Sukari Zanzibar, Frank Mtui alisema kiwanda hicho kiliazishwa mwaka 1974, lakini kilisimama kufanya kazi na mwekezaji mpya aliingia mwaka 2013 na kuanza shughuli za uwekezaji mwaka 2015. Alisema kiwanda hicho kina uwezo wa kuzalisha tani 30,000 kwa mwaka, lakini kutokana na changamoto mbalimbali zinazowakabili, ikiwemo ufinyu wa ardhi kiwanda hicho kina zalisha tani 8,000 kwa mwaka. NSSF kwa kushirikiana na Jeshi la Magereza, wameanzisha Kampuni ya Mkulazi Holding Company Limited inayoendesha mashamba ya Mbigiri mkoani Morogoro, ambako kunatarajiwa kujengwa kiwanda cha sukari.",kitaifa,kitaifa,biashara,0.9282
SW3570,"TIMU ya taifa ya Nigeria, Super Eagles, imerejea katika fainali za Mataifa ya Afrika baada ya kutoshiriki kwa vipindi viwili vilivyopita tangu ilipotwaa taji hilo mwaka 2013 nchini Afrika Kusini. Sasa Super Eagles inasaka kutwaa taji hilo kwa mara ya nne. Nigeria ambayo ilimaliza kileleni katika hatua ya makundi ya kufuzu baada ya kushinda mechi nne, sare na kufungwa moja katika mechi sita imepangwa katika Kundi B pamoja na Guinea na Madagasca inayoshiriki kwa mara ya kwanza pamoja na Burundi. Kocha Mkuu wa timu hiyo, Gernot Rohr anaamini kuwa katika mashindano ya mwaka huu hakuna kundi jepesi wakati alipozungumza na Cafonline. com kuhusu matarajio yake na mipango kwa ajili ya mashindano hayo yatakayoanza Juni 21 hadi Julai 19. Alipoulizwa kuhusu kundi lao, Rohr alisema anashukuru wamepangwa katika kundi zuri licha ya kutokuwa na nafasi ya kuchagua uwe katika zuri au baya. Nigeria baada ya kukosa mashindano mawili baada ya kutwaa taji hilo mwaka 2013, sasa wamerejea kwa kishindo, huku ikiwa na baadhi ya wachezaji wazoefu waliocheza Kombe la Dunia 2018 nchini Russia. Nafikiri timu nyingi Afcon zin- afikiria kutwaa taji. Tuna uzoefu kutoka katika fainali za Kombe la Dunia, lakini tulikuwa na vijana katika Kombe la Dunia, na tunafikiri bado tuna wachezaji katika Afcon. Hatuna wazoefu kama tulivyokuwa nao huko nyuma, ambako Nigeria walikuwa na wachezaji kama Austin 'Jay-Jay Okocha, Nwankwo Kanu, au Daniel Amokachi, lakini tunatakiwa kucheza na wale tuliokuwa nao.",kitaifa,kitaifa,michezo,0.9256
SW4991,"MENEJIMENTI ya Shirika la Umeme nchini (TANESCO) na Mamlaka zote za Maji katika mikoa yote inayolima korosho, zimetakiwa kuhakikisha huduma ya umeme na maji, zinapatikana kwa muda wote kwenye viwanda vya kubangulia korosho ili kuharakisha kazi hiyo. Agizo hilo lilitolewa jana na Waziri wa Viwanda, Biashara na Uwekezaji, Joseph Kakunda kwenye kikao maalumu na wabanguaji wadogo wa korosho katika mikoa ya Lindi na Mtwara. Alisema serikali haitakubali kuona umeme au maji, vinakatika katika viwanda vya kubangua korosho, kwani hatua hiyo itachelewesha kazi hiyo.""Tanesco simamieni vizuri umeme usikatikekatike na Mamlaka za Maji hakikisheni maji yanapatikana kwa saa nane na zaidi kwa ajili ya kuchemshia korosho. ""Naagiza uongozi wa mikoa hakikisheni mnalisimamia suala hili ili kuhakikisha huduma hizi zinapatikana kwa uhakika. ""Hatua hii itawezesha viwanda vinavyofanya kazi ya kubangua korosho, vipate umeme na maji kwa muda wa kutosha. Mzunguko wa kubangua korosho unahitaji upatikanaji wa umeme kwa muda wote wa ubanguaji. Tunataka kazi hii ifanyike kwa uhakika kwani wakati umefika wa kuviwezesha viwanda vyetu kubangua korosho hapa hapa nchini"" alisema Kakunda. Katika hatua nyingine, Waziri huyo, alilitaka Shirika la Kuendeleza Viwanda Vidogo (SIDO) kwa kushirikiana na Taasisi ya Utafiti wa Kilimo ya Naliendele, kuwatembelea wabanguaji wadogo hao wa korosho ili kuwasaidia kuwa na ufanisi wa kazi hiyo. Aliwaagiza pia wabanguaji hao wadogo wa korosho, kukaa na wataalamu ili kuona namna ya kuboresha au kuendesha kazi hiyo ya ubanguaji wa korosho, ambayo inatarajiwa kuanza rasmi kati ya Desemba 10 na 11, mwaka huu. Kuhusu malalamiko yaliyotolewa na wakulima wa korosho kuhusu kucheleweshwa kwa malipo yao, Waziri wa Kilimo, Joseph Hasunga alifafanua kuwa hadi kufikia Desemba 8, mwaka huu vyama vilivyohakikiwa ni 328 kati ya vyama 504 katika mikoa ya Kusini ya Lindi, Mtwara na Ruvuma. Alisema, kwa nchi nzima vyama vya msingi ambavyo vimesajiliwa kwa ajili ya zao la korosho ni 617. Kati ya hivyo vilivyohakikiwa ambavyo tayari vimeshafanyiwa malipo ni 319. Alisema jumla ya fedha ambazo zimelipwa hadi sasa ni zaidi ya Sh bilioni 83 katika mikoa hiyo mitatu ya Kusini. Alisema bado kazi ya uhakiki inaendelea na kuwa mkoa wa nne wa Pwani umeongezwa. Alisema timu nyingine ya uhakiki ipo mkoani humo ikiendelea na kazi hiyo ili na wao waanze kulipwa stahiki zao haraka.""Kutokana na kazi hii ya uhakiki kuonekana kuwa inaweza ikachukua muda mrefu hivyo hadi kufikia Desemba 8, mwaka huu kuna timu 21 zinafanya kazi ya uhakiki na imepanga hadi kufikia Desemba 11, mwaka huu timu hiyo iongezeke hadi kufikia 40, lengo likiwa ni hadi ifikapo Desemba 31, mwaka huu, kazi hiyo yote iwe imeshamalizika"" alisema. Mbanguaji wa korosho wa mjini Mtwara, Siwa Rajabu aliiomba serikali kuangalia namna ya kuweza kupata mashine za upimaji za kieletroniki ili kuondokana na changamoto ya wakulima kuibiwa kilo zao wakati wa upimaji. Kikao hicho kilikuwa na lengo la kuingia makubaliano kati wabanguaji hao wadogo na serikali, juu ya kuanza rasmi kwa kazi ya ubanguaji wa korosho, ambapo vikundi 15 vya wabanguaji kutoka kwenye mikoa hiyo vilishiriki.",kitaifa,kitaifa,biashara,0.918
SW388,"NMB ni moja ya benki zilizopo nchini, lakini ndiyo inayoongoza kwa kuwa na matawi mengi nchini. Pia ni benki inayoongoza kwa kujenga majengo yake katika maeneo mengi nchini. Kwa miaka mingi, benki hii ambayo wateja wake wengi ni watu wanyonge na wafanyakazi wa ngazi ya kawaida, imekuwa ikijitahidi kuboresha huduma zake na kuinua teknolojia inayotumika. Mathalani, hivi karibuni NMB imeamua kuzindua kadi mbili mpya za kutolea fedha kwenye mashine maarufu ATM. Kadi hizo zimepewa majina ya NMB Mastercard na NMB Masterpass QR. Mkuu wa Kitengo cha Biashara na Kadi wa Benki hiyo, Boma Raballa, anasema kuwa lengo la kuzindua kadi hizo ni kuwarahisishia wateja wao, siyo tu kutoa pesa kwenye ATM, bali pia kupata huduma mbalimbali za kijamii kama vile kununua mafuta kwenye vituo vya kuuzia mafuta au kununua bidhaa kwenye maduka makubwa. ""Kadi hizi mbili zinaweza kumrahisishia mteja wetu kufanya huduma sehemu yoyote ikiwemo kwenye migahawa, maduka makubwa na sehemu nyingine za huduma za kijamii,"" anasema Raballa. Anasema wamejipanga kuhakikisha wateja wa NMB, wanaifurahia huduma hiyo na watajitahidi kuboresha baadhi ya mambo ambayo muhimu ili kuzidi kuwavutia wateja wao ambao ndiyo nguzo muhimu kwao. Aidha Raballa, anasema pamoja na kuja na huduma hiyo, lakini bado wataalamu wao wamekuwa wakiumiza vichwa ili kuhakikisha huduma zao zinapatikana kwa urahisi bila kupoteza muda wa mteja ambaye anaamini ana shughuli nyingi za kufanya. Huduma kama hizo kwa nchi za wenzetu ni vitu vya kawaida zilishaanza kutumika muda mrefu, lakini kwa Tanzania ambayo ni miongoni mwa nchi zinazoendelea, ndiyo kwanza wameanza kuitambulisha wao na anaamini itapunguza foleni kwenye ATM na sehemu za huduma za kijamii. Huduma kama hizi kwa namna moja au nyingine, husaidia kurahisisha utendaji wa kazi kwa haraka na kupunguza matukio ya wizi yaliyokuwepo zamani wakati ambapo watu walilazimika kutembea na kiasi kikubwa cha pesa kufanya manunuzi. Naye Mkuu wa Kitengo cha Wateja Binafsi, Omary Mtiga anasema matumizi ya kadi hizo yataambatana na promosheni maalumu, itakayodumu kwa kipindi cha miezi miwili mpaka mwezi wa pili mwaka 2019. Anasema ndani ya kipindi hicho, kila wiki watakuwa wakichezesha droo na kupata washindi 20 kila wiki, ambao watakuwa wakijishindia Sh 100,000 pamoja na kutoa simu za mkononi aina ya Samsung S9 kwa washindi sita wa kila mwezi. Washindi watatu wa jumla watapata nafasi ya kwenda Dubai pamoja na wenzi wao, huku wakihudumiwa kila kitu na NMB, ikiwamo kutembelea sehemu za vivutio na majengo marefu ya kihistoria yaliyopo nchini humo. ""Hii ni fursa yetu pekee kwa wateja wetu wa NMB, kuichangamkia fursa hii lakini pia wale ambao hawajajiunga na huduma zetu wafanye hivyo sasa ili kuwa miongoni mwa washindi ambao tunawategemea siku zijazo,"" anasema Mtiga. Mtaalamu mmoja wa masuala ya benki, Ali Jumanne anasema hatua ambazo benki hiyo inachukua zina lengo la kwenda na maendeleo ya utandawazi. Anasema utandawazi ni moja ya vitu vinavyochangia uchumi wa Tanzania kukua kwa kasi, ikilinganishwa na mataifa mengine jirani. Anasema katika sekta za benki, utandawazi umezifanya benki kubadilisha mtindo wao wa utoaji huduma kutoka analojia kwenda wa kidijiti. Jumanne anasema utandawazi umeifanya Tanzania ya leo kuwa na tofauti kubwa na ile ya miaka 10 iliyopita kwa kuweze- sha upatikanaji wa huduma muhimu za jamii, kama vile afya, elimu na mawasiliano katika ubora wa hali juu. Mathalani katika afya, kwa miaka kadhaa, baadhi ya Watanzania walikuwa wakilazimika kusafiri nje ya nchi kupata huduma bora za matibabu, kama vile ya moyo ambayo kwa sasa yanapatikana hapa nchini katika Taasisi ya Moyo ya Jakaya Kikwete (JKCI). Matibabu mengine ya upandikazaji wa figo na mengine ya kibingwa yanapatikana katika taasisi hiyo. Mbali na afya, kuhusu elimu pia imeboreshwa kwa kiwango kikubwa ikilinganishwa na miaka ya nyuma. Hali hii inatokana na juhudi za serikali za kuongeza idadi za shule za msingi na sekondari pamoja na vyuo vikuu, kama vile Chuo Kikuu cha Dodoma. Hayo yote na mengine mengi, kama vile kuboreshwa kwa huduma ya mawasiliano ya simu za mkononi, mitandao ya kijamii katika kutoa na kupokea taarifa, yamesaidia kuifanya jamii ya Tanzania kwenda na wakati, lakini pia ni muhimu kwa maendeleo ya nchi. Ni wazi kuwa hatua ya NMB kuzindua huduma hiyo, kutawezesha watu wengi kujiunga na benki hiyo kutumia kadi mojawapo kati ya Master Bata au ile ya Mastarpass QR, ambazo kwa sasa ndiyo suluhisho la kupoteza muda kwa kukaa kwenye foleni kwenye mashine za ATM. Kuanzishwa kwa huduma hii pia kunaongeza ushirikiano wa biashara kutoka kampuni moja kwenda nyingine, kwani ni wazi kadi hizo mbili zitakuwa na uwezo wa kutumika hata kwenye makampuni mengine ya benki. Jitihada hizi zinaifanya Tanzania kuingia kwenye mifumo bora ya utandawazi na kuifanya ikimbizane na mataifa yaliyoendelea. Mbali na urahisi wa kupatikana kwa huduma, lakini pia matumizi ya kadi hizo, yanaongeza mapato ya fedha za kigeni wakati watalii watakapotembelea nchini na kufanya miamala kwa ajili ya matumizi, watakapohitaji huduma za kila siku, kama chakula malazi na mengineyo. Upatikanaji kwa urahisi huduma nyingi za kijamii, unaweza kurahisisha juhudi za serikali katika kuufanya uchumi wa Tanzania kukua kwa haraka zaidi, kama serikali ilivyopanga. Mbali ya uwapo wa hoteli za kisasa, usafiri wa kuaminika na usalama na huduma nyingine kama hizi za miamala na mali za raia, nao utasaidia uchumi wa taifa kukua. Kwa jitihada hizi zinazooneshwa na sekta binafsi na juhudi zinazofanywa na serikali ni dhahiri kuwa Tanzania inapiga hatua kubwa katika safari yake ya maendeleo.",kitaifa,kitaifa,biashara,0.9147
SW2028,"SERIKALI kwa sasa iko katika hatua ya kuchambua na kupitia upya muundo wa kifedha na kiuchumi, utakaotumika kwenye mikataba ya uchimbaji na utafutaji wa gesi ili kuweza kuinufaisha nchi. Aidha, serikali imebainisha kuwa imejiandaa na haina wasiwasi kwenye malipo ya Mradi wa Kuzalisha Umeme wa Rufiji. Akijibu hoja wakati wa kuhitimisha mjadala wa hotuba ya bajeti ya Wizara ya Nishati, Mwanasheria Mkuu wa Serikali, Dk Aderaldus Kilangi alisema hatua hiyo imetokana na kubaini upungufu uliokuwepo ndani ya mikataba hiyo baada ya serikali kupitia upya.""Hatua ya kuchambua muundo ni katika kutekeleza mapendekezo ya kamati iliyoundwa na Spika wa Bunge, Job Ndugai, kuchunguza namna taifa inavyoweza kunufaika kwenye sekta ndogo ya gesi na uvuvi,"" alisema. Dk Kilangi alikuwa akijibu hoja ya Mbunge wa Mtwara Vijijini, Hawa Ghasia (CCM), kuhusu sababu ya serikali kutotoa leseni mpya za uchimbaji na utafutaji gesi.""Moja ya mapendekezo ya kamati uliyoiunda (Spika Ndugai) kuchunguza sekta ndogo ya gesi na uvuvi, ni kurejea mikataba ya utafutaji na uchimbaji na kazi hiyo ikapewa ofisi ya AG (Mwanasheria Mkuu wa Serikali). Tulianza kazi kuipitia mikataba yote, tukaunda timu kutoka wizara na sekta mbalimbali za serikali,"" alisema. Dk Kilangi alisema kuwa ofisi yake ililazimu kuijengea uwezo timu hiyo baada ya kupitia mikataba yote 11 ya utafiti na uchimbaji gesi.""Tuligundua kuna kitu muhimu kukiangalia ambacho ni ""Economic and Financially Modeling (muundo wa kiuchumi na kifedha). Siri nzima ipo hapo kama tunapata au kupoteza, hivyo tukaja na awamu nyingine ili ifanye kazi kwa mwezi mmoja.""Tulichokifanya ilikuwa kuangalia muundo gani wa kifedha na kiuchumi uliotumika ikagundulika lazima kama nchi kuangalia inapendekeza mfumo upi ambapo kazi hiyo itafanyika kuanzia Juni 6 hadi 25 mwaka huu,"" alisema. Naibu Waziri wa Fedha na Mipango, Dk Ashatu Kijaji alisema serikali imejiandaa na haina wasiwasi kwenye malipo ya mradi wa kuzalisha umeme wa mradi wa Rufiji.""Tumeshalipa Sh bilioni 723. Si kama tumefanya makosa hapana. Serikali ilikuwa inafahamu kuwa bajeti iliyopitishwa ni Sh bilioni 700 kamili. Tumefanya hivyo kwa sababu ya umuhimu wa mradi huu.""Kuhusu na hizo Sh bilioni 28 zinazodaiwa kutolewa bila ridhaa ya bunge, mamlaka ya kufanya uamuzi wa kuhamisha mafungu ni ya Waziri wa Fedha na Mipango. Unapokuwa na jukumu la msingi ambalo halipaswi kusubiri yapo mamlaka kwa waziri ambaye alihamisha fedha kutoka fungu 21 hazina kwenda fungu 58,"" alisema. Naibu Waziri Ofisi ya Makamu wa Rais (Mazingira), Mussa Sima alisema Mradi wa Kuzalisha Umeme kwenye Mto Rufiji, una umuhimu mkubwa kwenye uchumi wa nchi. Alisema madai kuwa utekelezaji mradi huo, utavunja mkataba wa mbuga ya Selous kuwa urithi wa dunia si kweli, bali mkataba ulikuwa tayari.",biashara,biashara,kitaifa,0.9129
SW6268,"Katika promosheni hiyo iliyoanza mwishoni mwa Novemba mwaka jana, inayolenga kurudisha sehemu ya pato la kampuni kwa jamii inayoizunguka, wateja 82 wameibuka washindi katika droo za kila siku na kila wiki. Akizungumza baada ya kupata washindi wa wiki ya kwanza ya awamu ya pili ya promosheni , katika droo iliyochezwa juzi, Meneja wa Huduma za Kijamii wa Airtel Tanzania, Hawa Bayuni alisema zaidi ya Sh milioni 324 zilitengwa kama zawadi ya fedha taslimu kwa ajili ya promosheni.""Mwenendo wa washiriki wa Mimi ni Bingwa kuendelea kujikusanyia pointi unazidi kuvutia. Watu wengi wameona kuwa wakicheza zaidi, wanajikusanyia pointi zaidi na hivyo kujiongezea nafasi zao za ushindi katika promosheni. Bado kuna zawadi nyingi zaidi kushindaniwa, ikiwemo zawadi kubwa ya Shilingi milioni 50,"" alisema Hawa. Mmoja wa washindi wa droo ya wiki hii, Saidi Abdallah Kitambuliyo, ambaye pia ni Diwani wa Kata ya Kiwalani, Wilaya ya Ilala, jijini Dar es Salaam, aliishukuru Kampuni ya Airtel kwa kumsaidia kuanza mwaka mpya wa 2014 kwa kishindo. Alisema fedha hizo amejishindia wakati muafaka ambapo bajeti yake kwa Januari 2014 ilikuwa imekausha akiba zake zote. Ninafuraha kubwa kuwa nitauanza mwaka 2014 kwa kishindo,"" alisema. Bayuni alisema washindi wa tiketi watapata fursa ya kuchagua mtu mmoja wa chaguo lake atakayeongozana naye kufurahia safari iliyolipiwa gharama zote za kwenda kuangalia mechi moja kwa moja ) za klabu ya Manchester United katika uwanja wa Old Trafford, Uingereza.",biashara,biashara,michezo,0.9064
SW457,"WAZIRI Mkuu, Kassim Majaliwa amewataka wakulima katika Mkoa wa Tabora kuchangamkia fursa ya mikopo inayopatikana Benki ya Maendeleo ya Kilimo Tanzania (TADB) kujitanua kwenye shughuli zao kilimo.""Napenda kuwashauri wawekezaji binafsi na taasisi mbalimbali mkoani Tabora, tumieni fursa za mabenki ikiwemo Benki yenu ya Kilimo kuleta mageuzi makubwa katika sekta za kilimo na mifugo,"" alisema Waziri Mkuu. Akizungumza hivi karibuni kwenye Jukwaa la Uwekezaji la Mkoa wa Tabora, Majaliwa alisema dhamira ya serikali ya kuanzisha Benki ya Kilimo ililenga kuwakomboa wakulima waondokane na kilimo cha mazoea ili kwenda sambamba na kilimo biashara. Aliyataja mazao yanayostawi katika Mkoa wa Tabora kuwa ni mpunga, tumbaku, pamba, alizeti, karanga na asali. Pia alisema mkoa huo pia umebarikiwa kuwa na mifugo mingi ambayo ikitumika ipasavyo inaweza kubadilisha maisha ya wakazi wa mkoa huo.""TADB inafanya vizuri sana hata Rais John Magufuli ameisifu pia. Wakati ndiyo huu wa kujiimarisha katika kilimo. Tumieni uwepo wa Benki yenu ya Kilimo kupata mikopo kupanua wigo wa shughuli zenu za kilimo na mifugo,"" alisema. Waziri Mkuu Majaliwa ambaye ameshawahi kuwa Mkuu wa Wilaya ya Urambo mkoani Tabora, aliuelezea mkoa huo kuwa una fursa lukuki za biashara na uwekezaji na kuwaomba Watanzania kuzichangamkia kubadilisha maisha yao. Kwa upande wake, Mkuu wa Mkoa wa Tabora, Aggrey Mwanri alisema mkoa wake umejipanga kuhakikisha unatengeneza mazingira mazuri na wezeshi kwa wawekezaji ikiwemo kuondoa urasimu katika usajili wa ardhi na utoaji wa vibali mbalimbali.""Sitamfumbia macho wala kumwonea aibu mtendaji yeyote ambaye anakuwa kikwazo kwa mwekezaji. Serikali ya mkoa imejipanga kuleta mageuzi makubwa ya kiuchumi na maendeleo,"" alisema Mwanri. Meneja wa TADB Kanda ya Magharibi, Geofrey Mtawa alisema benki yake ina mikopo inayolenga kutatua changamoto mbalimbali katika mnyororo wa thamani za mazao kama vile ujezni wa miundombinu ya umwagiliaji.""Tunatoa mikopo kwa ajili ya maghala ya kuhifadhia mazao, ununuzi wa zana bora za kilimo,"" alisema na kuwasihi wana Tabora kuchangamkia fursa hizo zilizopo kwenye Benki ya Kilimo kujiweka katika nafasi nzuri. Katika kipindi kifupi TADB imefanya mageuzi makubwa kiasi cha kuweza kurejesha imani na matumaini makubwa kwa wakulima na wadau mbalimbali wa kilimo hapa nchini.",kitaifa,kitaifa,biashara,0.8945
SW5189,"SERIKALI imeanza mchakato wa kupata wazabuni wa ndani na nje ya nchi wa kubangua korosho kwa lengo la kuharakisha uandaliwaji wake tayari kwa mauzo. Hivi karibuni Rais John Magufuli alitangaza nyongeza ya bei ya kununulia zao hilo kufikia Sh 3,300 kwa kilo huku akiliagiza Jeshi la Ulinzi la Wananchi Tanzania (JWTZ) kukusanya na kubangua korosho. Akizungumza na waandishi wa habari jana kwenye kikao kuhusiana na maonesho ya siku nne ya bidhaa za viwanda vya ndani yanayoanza leo Sabasaba wilayani Temeke, Waziri wa Viwanda, Biashara na Uwekezaji, Joseph Kakunda alibainisha kuwa uhitaji wa ubanguaji wa korosho hizo ni mkubwa. Kakunda alisema, kwa sasa viwanda vya hapa nchini vina uwezo wa kubangua tani 40,000 kwa siku huku uhitaji ukiwa ni mkubwa zaidi hasa kwa kipindi hiki ambacho serikali inanunua zao hilo. Alisema, kutokana na hali hiyo serikali inaendelea kuimairisha viwanda vya ndani kwa kuvijengea uwezo wa kubangua kiasi kikubwa cha korosho na wakati huo huo ikiendelea kuwasaka wazabuni hao. Katika kuhakikisha hatua ya serikali ya kununua korosho inawanufaisha wakulima, waziri huyo alibainisha kuwa zaidi ya walanguzi 20 wa korosho za wakulima wamefikishwa mahakamani. Alisema, wakati serikali ikinunua korosho kwa Sh 3,300 kwa kilogramu, kuna walanguzi wamenunua korosho kwa Sh 600 na wanazipeleka kuuza kwa serikali Sh 3,300 na vyombo vya dola vinawakamata. Alisema: ""Rais John Magufuli hakufanya kosa kununua korosho kwa shilingi 3,300 lengo lake ni mkulima anufaike, sasa hao wanaolangua kwa wakulima na kuja kuuza kwa bei ya juu lazima wakomeshwe.""Alitoa mwito kwa walanguzi waliolangua korosho za wakulima kuwarejeshea korosho zao pamoja na fedha ili wakulima hao wakaziuze wenyewe na kunufaika na uamuzi wa Rais Magufuli wa kuuza korosho kwa bei ya Sh 3,300 kwa kilo. Waziri Kakunda akizungumzia zaidi kuhusiana na Manesho hayo ya Biashara yanayoandaliwa na Mamlaka ya Maendeleo ya Biashara nchini (Tantrade) na Shirika la Umoja wa Mataifa la Maendeleo ya Viwanda (UNIDO) chini ya kaulimbiu ya ""Tanzania sasa tunajenga viwanda"", alibainisha kuwa yatahusisha washiriki 513. Alisema, pia kesho kutakuwa na Kongamano la kuhamasisha uwekezaji wa kuufikia uchumi wa kati kupitia ujenzi wa uchumi wa viwanda ifikapo 2025. Kwa upande wake, Mwakilishi wa UNIDO nchini, Stephen Kargbo alibainisha kuwa shirika lake limedhamiria kusaidiana na serikali katika kufikia adhma ya Tanzania ya viwanda huku akisisitiza kuwa litaendelea kusaidia na wazalishaji wa viwanda wadogo na wakubwa.",kitaifa,kitaifa,biashara,0.8864
SW974,"CHAMA cha Mawakala wa Forodha (TAFFA) tawi la Namanga, kimemuomba Waziri Mkuu, Kassim Majaliwa aingilie kati mgogoro kati yake na Wakala wa Vipimo (WMA) unaowalazimisha kulipia tozo mpya kwa kila bidhaa, badala ya kutumia utaratibu wa awali wa kulipia tozo kwa mzigo wote. Aidha, TAFFA imesema haipo tayari kufanya kazi na wakala huo hadi hapo utakapowaonesha sheria hiyo mpya inayowalazimisha kuitekeleza bila kuwepo kwa makubaliano yoyote, kitendo wanachodai kuwa kinawaumiza. Walitoa msimamo huo jana kwenye kikao kilichoongozwa na Mwenyekiti wao, Ismail Lukas, kilichofanyika Namanga, wilayani Longido. Kwa mujibu wa mwenyekiti huyo, walikuwa wakitumia sheria ya zamani ya mwaka 2016 ambayo walikuwa wakilipia asilimia 0.2 ya thamani ya mzigo ambapo kiwango cha chini cha malipo kilikuwa Sh 100,000 kwa mzigo. Alisema wanachopinga ni WMA kuamua kuwatoza malipo ya Sh 100,000 kwa kila aina ya bidhaa badala ya mzigo mzima kama sheria inavyoelekeza.""Tunamuomba Waziri Mkuu aje Namanga kuzungumza na sisi juu ya huu mgogoro kwani tukiendelea na utaratibu huu tutakosa wafanyabiashara. Hakuna mtu aliye tayari kupata hasara kwa sababu jinsi tunavyopandishiwa gharama za tozo ndivyo hivyo hivyo bei za bidhaa zitakavyopanda,""alisema Mwenyekiti huyo. Meneja wa tawi wa kampuni ya EDPAC, Wilson Mkanza alisema kwa sasa hawapo tayari tena kufanya shughuli yoyote bila kupata muongozo wa sheria mpya inayowalazimu wao kutumia utaratibu mpya wa kulipa tozo ya Sh 100,000 kwa kila bidhaa badala ya mzigo kama utaratibu wa awali. Alisema walipokea barua Mei 15, mwaka huu ya ufafanuzi wa kanuni ya ada za ukaguzi wa bidhaa zilizofungashwa zinazoingia nchini kutoka nje ya nchi kutoka kwa Kaimu Meneja wa WMA mkoa, Dismas Maturine. Alieleza kuwa barua hiyo iliwataka kulipia bidhaa moja moja badala ya kutozwa kwa mzigo mzima, kama ilivyokuwa awali bila kushirikishwa chochote kabla ya kupewa barua hiyo. Janeth Mero kutoka kampuni ya Beam Tanzania Limited, alisema uwepo wa utaratibu huo wa kulipa kwa kwa bidhaa moja moja unatengeneza mazingira ya rushwa, hivyo kuwataka kuendelea na utaratibu uliokuwepo wa awali ili walipe bila migogoro yoyote. Kwa upande wake, Mkurugenzi wa Ufundi kutoka WMA makao makuu, Stella Kahwa, alisema ameyapokea malalamiko hayo na kuahidi kuyafanyia kazi. Alisema utaratibu utakaoendelea kutumika ni ule uliokuwa ukitumika awali.",kitaifa,kitaifa,biashara,0.8773
SW37,"SOKO kubwa la kimataifa la mazao yanayotokana na muhogo linatarajiwa kujengwa wilayani Kasulu mkoani Kigoma kwa lengo la kupata soko la uhakika kwa nchi za Afrika Mashariki. Mratibu wa mpango wa pamoja wa Umoja wa Mataifa unaotekelezwa na mashirika 16 ya Umoja wa Mataifa, Evance Sangicha alisema kuwa soko hilo litajengwa katika kijiji cha Mvugwe wilaya ya Kasulu mkoani Kigoma na kwamba kiasi cha shilingi milioni 390 tayari kimeshatolewa kuanza utekelezaji wa ujenzi wa soko hilo. Sangicha alisema kuwa soko litajengwa chini ya utekelezaji wa mipango ya Shirika la maendeleo la UN (UNDP), Shirika la umoja wa matifa linalotoa ruzuku kwa wajasiliamali (UNCDF) na Shirika la Umoja wa mataifa la Viwanda (UNIDO) ambapo soko hilo litaenda sambamba na mchakato wa kuongeza uzalishaji (Mashamba) na usindikaji kwa kutumia viwanda vidogo. Mratibu huyo alisema kuwa utekelezaji wa mpango huo utafanyika chini ya ushirikiano na hlmashauri ya wilaya Kasulu, shirika la viwanda vidogo (SIDO) mkoa Kigoma na wadau mbalimbali ambao watashiriki moja kwa moja kwenye utekelezaji huo huku wajasiliamali wakishirikishwa kwa karibu. Sambamba na hilo Mratibu huyo alisema kuwa ujenzi wa soko hilo utaenda sambamba na ukarabati wa soko la Sofia lililopo mjini Kasulu ambapo kiasi cha shilingi milioni 90 katika awamu ya kwanza kitatumika kwa ajili ya kujenga vizimba vya wafanyabiashara. Mkurugenzi wa Halmashauri ya Mji wa Kasulu, Fatina Hussein alisema kuwa katika kushiriki utekelezaji wa mpango huo Halmshauri imejaga katika kuongeza maeneo ya uzalishaji, kuongeza wataalam ambao watawafikia wakulima,kuvipatia vikundi vya wajasiliamali mikopo ikiwemo wakulima na wachakati ili kuweza kwenda sambamba na mipango hiyo.",kitaifa,kitaifa,biashara,0.8715
SW1327,"TAASISI ya Sanaa na Utamaduni Bagamoyo (TaSUBa) imesema lengo la kuanzishwa kwake mwaka 1981 limefanikiwa kwa kiasi kikubwa. Mtendaji Mkuu wa Tasuba, Dk Herbert Makoye amesema jana Jijini Dar es Salaam kuwa TaSUBa tangu ianzishwe imepata mafanikio mengi ikiwemo kutoa wataalamu mbalimbali. Alisema hayo katika mahojiano na kipindi cha 360 kinachorushwa Kituo cha Luninga Clouds. Alisema Tasuba imetoa maofisa utamaduni na sanaa wanaofanya kazi halmashauri za wilaya, manispaa, majiji na sekretarieti za mikoa. Aidha alisema Tasuba imetoa watendaji wakuu wa taasisi za serikali kama Bodi ya Filamu na Baraza la Sanaa la Taifa (BASATA) na maprofesa wanaofundisha vyuo vikuu ndani na nje na wasanii wa muziki na fani nyingine za sanaa.""Nasema hayo kufafanua 'clip' inayozunguka ambayo hata mimi nimeiona inayotokana na shughuli iliyofanyika Tandale ikidai TaSUBa wanalipwa mshahara wa bure,"" alisema.""Jambo hilo ni la hatari ndio maana nimechelea kukutajia majina. Hiki chuo kilianzishwa mwaka 1981 kikiwa na malengo yake na sidhani kama kuna chuo kinaanzishwa kwa lengo la kutengeneza celebrities (wasanii nyota). Kwa kufanya hivyo basi tungekuwa tunachukua wanafunzi wawili tu. TaSUBa inatoa nafasi kwa vijana wote kujifunza sanaa na wanapofika kila mtu anachagua anachokitaka wengine kuwa waandishi wa filamu au waimbaji, ''alisema. Akielezea historia ya chuo, Dk Makoye alisema ilianza mwaka 1962 baada ya uhuru ambapo Baba wa Taifa, Mwalimu Nyerere alianzisha Wizara ya Utamaduni lengo likiwa ni kulinda utamaduni wa Mtanzania ambao ulikuwa umeharibiwa kipindi cha ukoloni.",michezo,michezo,kitaifa,0.8587
SW2077,"MKURUGENZI Mtendaji wa Benki ya Mendeleo ya Kilimo Tanzania (TADB), Japhet Justine ametoa mwito kwa vyama vya ushirika katika zao la korosho, kuwekeza kwenye viwanda vya kubangua korosho ili kuongeza thamani na kupata bei nzuri sokoni. Ametoa mwito huo alipofanya ziara ya Operesheni ya Korosho wilayani Tunduru mkoani Ruvuma, kujionea hali ya zao la korosho lilivyo na kufanya ukaguzi wa awali kwa ajili ya malipo ya zao hilo, pia kutazama uwezo wa viwanda vya kubangua korosho kama inajitosheleza.""TADB ipo tayari kutoa mkopo kwa vikundi ushirika kuanzisha viwanda vya kubangua korosho nchini ili kuongeza thamani zao hilo ili liwe na soko zuri duniani, lengo kubwa ni kumhakikishia mkulima soko la korosho yake,"" alisema Justine. Aliongeza kuwa jambo kubwa ni utayari wa wana ushirika katika kuandaa mpango wa biashara, utakaoongeza thamani ya zao hilo kwa kujenga maghala, viwanda vya kubangua korosho ili faida iliyokuwa ikipotea kwa kuuza korosho ghafi iweze kubaki kwa mkulima.""Uwezo wa kuanzisha viwanda hivi upo kwa Shirika la Kuhudumia Maendeleo Viwanda Vidogo (SIDO) lina teknolojia na wataalamu wanaoweza kusimamia ujenzi wa kiwanda cha kubangua na kuweka kwenye vifungasho,"" alieleza Justine. Alisema kinachotakiwa ni vyama vya ushirika kuunda kampuni ambayo wao watakuwa wanahisa na TADB itatoa mkopo wa kuweza ujenzi wa viwanda hivi, lengo likiwa kumuondolea mkulima changamoto ya kukosa soko ya korosho ghafi.""Serikali ya awamu ya tano chini ya Rais John Magufuli inalenga kumsaidia zaidi mtu wa hali ya chini akiwemo mkulima na kama benki imejipanga kutekeleza azma hiyo serikali ya kuwaondolea changamoto wakulima katika maeneo mbalimbali hapa nchini. Alisema nchi ina uwezo wa kuzalisha korosho kuanzia tani 200,000 na kuendelea hivyo, kama juhudi za kuziongezea thamani zitafanya soko kuimarika na kuongeza hamasa kwa wakulima kulima zaidi korosho nchi. Justine alisema vyama vya ushirika na wawekezaji nchini waiangalie hiyo fursa ya kuanzisha kiwanda cha kubangua korosho, kitakachosaidia kuongea thamani zao hilo ambalo lina soko zuri duniani.""TADB itaendelea kutoa ushirikiano kwa wakulima kwa kutoa mikopo ya pembejeo na dhana za kilimo ili kuweza kukuza uzalishaji wa korosho hapa nchini,"" alisema. Alisema kuwa benki yake ipo katika kuchagiza maendeleo ya sekta ya kilimo hapa nchini. Alisema utekelezaji wa Mpango wa Awamu ya Pili wa Maendeleo ya Kilimo (ASDP- II), unategemea ushiriki wa wadau wote kutoka sekta za binafsi na umma, hivyo TADB ni miongoni mwa wadau katika kufanikisha utekelezaji wake. Mapema Juni mwaka huu, Rais Magufuli alizindua ASPD-11 lengo likiwa ni kuongeza uzalishaji zaidi utakaofanikisha ujenzi wa uchumi wa kati na viwanda ifikapo mwaka 2025.",kitaifa,kitaifa,biashara,0.8445
SW5338,"Utekelezaji huo unatokana na kilio cha siku nyingi cha wananchi kuyahitaji makapi hayo ili waweze kuyachenjua na kujipatia dhahabu badala ya kurejeshwa kwenye mashimo ambako dhahabu inachimbwa. Hivi karibuni Makamu wa Rais, Samia Suluhu Hassan alipofanya ziara mkoani hapa alipatiwa kilio hicho na wananchi na ndipo akaiagiza Wizara ya Nishati na Madini kuhakikisha kuwa suala la kuwapatia wananchi na wachimbaji wadogo makapi ya dhahabu (magwangala) ya mgodi wa GGM linapatiwa ufumbuzi. Kutokana na hatua hiyo, Serikali ya Mkoa wa Geita imeshatenga eneo maalumu ambako makapi hayo yatahamishwa kutoka mgodini hapo na shughuli hiyo itaanza mwishoni mwa mwezi Februari. Hayo yalielezwa na Naibu Waziri wa Nishati na Madini, Dk Medard Kalemani baada ya kikao chake na uongozi wa mgodi wa GGM, wabunge wa mkoa wa Geita, Baraza la Taifa la Hifadhi na Usimamizi wa Mazingira (NEMC) na Ofisi ya Mkuu wa Mkoa Geita kilichofanyika hivi karibuni katika Ofisi za Ofisa Madini Mkazi wa Mkoa.""Wakati wa shughuli za uchimbaji kwenye maeneo hayo kuna mabaki ambayo hutunzwa kwa ajili ya kurudishia katika mashimo baada ya uchimbaji kukamilika katika eneo husika; lakini wananchi wanaozunguka mgodi wanayahitaji ili kuyachenjua na kupata dhahabu,"" alisema Dk Kalemani. Alisema baada ya kikao hicho GGM wameridhia wananchi wanaozunguka mgodi huo kuchukua makapi hayo baada ya kila upande (Serikali na GGM) kutekeleza majukumu waliyopangiana ambayo yanapaswa kutekelezwa hadi kufikia Januari 21, 2016. Hata hivyo, alisema kuwa kabla ya uhamishaji makapi kuanza rasmi Februari 28 mwaka huu, Serikali itatafuta eneo ambalo mabaki hayo yatahifadhiwa ili wananchi waendelee kuyafanyia kazi bila kuathiri shughuli za mgodi. Alimwagiza Ofisa Madini Mkazi wa Geita kuhakikisha kwamba hadi kufikia Januari 21, 2016 eneo liwe limepatikana. Aidha alieleza kuwa kabla ya Januari 21 mwaka huu, Serikali itaunda timu itakayoshirikiana na mgodi katika kutathmini aina ya makapi ya dhahabu yanayohitajika na wananchi kwani makapi hayo yapo ya aina nyingi.",biashara,biashara,kitaifa,0.8441
SW3556,"WAZIRI wa Viwanda, Biashara na Uwekezaji, George Kakunda amesema serikali ya Cuba ipo tayari kuendeleza ushirikiano na serikali ya Tanzania kwa kuwekeza katika uzalishaji wa miwa na viwanda vya sukari nchini. Kakunda alitoa kauli hiyo baada ya kufanya mazungumzo na Naibu Waziri wa Kilimo wa Cuba, Jose Rodriguez aliyekuwa akiongoza ujumbe kutoka Cuba ambao walikuwa na mazungumzo juu ya kuimarisha uhusiano katika kiwanda cha viuadudu wa viluwiluwi wa mbu wa malaria. Mazungumzo hayo yalifanyika katika ofisi za Shirika la Taifa la Maendeleo (NDC) yakihudhuriwa pia na Balozi wa Cuba nchini, Profesa Lucas Domingo, Katibu Mkuu wa Wizara ya Viwanda, Biashara na Uwekezaji, Profesa Elisante Ole Gabriel na Mkurugenzi Mwendeshaji wa NDC, Profesa Damian Gabagambi na maofisa wengine wa serikali.""Tumeomba tuongeze ushirikiano katika eneo la uzalishaji wa miwa na viwanda vya sukari hapa Tanzania. Lakini tumeenda mbali zaidi, tumewaomba wenzetu waongeze na ushirikiano wa kiutamaduni, mfano kuleta matamasha mfano ya muziki wa charanga,"" alisema Waziri Kakunda. Kwa upande wake, Almas alisema ushirikiano wa Tanzania na Cuba umekuwa wa siku nyingi tangu wakati wakiwa katika matatizo na kuishukuru Tanzania kwani walikuwa tayari hata kuipigania nchi hiyo Umoja wa Mataifa wakati wamewekewa vikwazo vya kiuchumi. Alisema umuhimu wa kuimarisha uhusiano na wanaangalia sasa juu ya uwekezaji katika mashamba ya miwa na viwanda vya sukari. ""Mungu akijalia mbele ya safari tutaangalia uwezekano wa uzalishaji wa mashamba ya miwa na viwanda vya sukari kwa sababu ni mambo ambayo tukiyafanya kwa dhati matokeo mazuri ya ziara hii yatakuja kuonekana "" alisema. Serikali ya Cuba ni mmiliki mshirika na Tanzania katika uanzishwa wa kiwanda cha Biotec Product kilichopo kibaha mkoani Pwani kikikusudia kuzalisha lita milioni mbili za dawa za viuadudu vya kuua viluwiluwi wa mbu waenezao ugonjwa wa malaria nchini.",kitaifa,kitaifa,biashara,0.8328
SW1244,"SERIKALI imeeleza mpango wake wa kusukuma mbele viwanda na kufanya biashara nchini kwa kuhakikisha inatekeleza mfumo rafi ki wa uwekezaji na ufanyaji biashara nchini. Imesema katika kuendeleza ujenzi wa uchumi wa viwanda serikali itaendelea kuweka vivutio na kufanya maboresho katika maeneo kadha yanayoleta vikwazo ili sekta binafsi ishiriki kikamilifu katika ujenzi wa uchumi. ""Pamoja na kuweka mazingira rafiki ya uwekezaji katika viwanda na biashara, utekelezaji wa Blue Print utakuwa tiba ya changamoto zinazotatiza sekta binafsi,"" alisema Waziri wa Viwanda na Biashara Joseph Kakunda wakati akiwasilisha bajeti ya wizara yake Bungeni jana. Alisema sekta binafsi ni injini ya kujenga uchumi wa viwanda hivyo serikali itafanya kila linalowezekana kuhakikisha sekta hiyo inashiriki kikamilifu ujenzi wa uchumi. Alisema lengo ni kushawishi ujenzi wa viwanda vitakavyo ongeza thamani ya mazao yanayozalishwa nchini ili kuondokana na uuzaji wa malighafi nje ya nchi. Aidha, kwa msukumo wa sasa wa serikali, inatarajiwa kwamba sekta binafsi itajenga viwanda vinavyotoa ajira kwa wananchi kwa wingi na vile vinavyozalisha bidhaa zinazotumiwa na Watanzania walio wengi. Pia, serikali imesema itaimarisha taasisi zake za viwango na mfumo wa stakabadhi ghalani katika manununuzi, vituo maalumu vya mauzo ili kuwa chachu ya ulinzi wa viwanda na mlaji. Imesema itaboresha mifumo ya usajili wa biashara na leseni kutoka Brela na pia halmashauri kwa kuhakikisha inatoa mafunzo ya Tehama ili kumudu mfumo wa Dirisha la Taifa la Biashara (NBP) ambao ndio unaotoa leseni za biashara. Kakunda alisema kwa mwaka 2019/2020 serikali itaendelea na miradi ya kimkakati, urasimishaji wa viwanda na biashara ndogo na za kati, uongezaji thamani ya mazao ya kilimo na malighafi na kuunganisha masoko. Alisema ni lengo la serikali kufanya tathmini ya hali halisi ya uzalishaji na mahitaji ya bidhaa viwandani katika viwanda vya sukari, korosho, mafuta ya kula chuma, ngozi nguo na dawa za binadamu.",kitaifa,kitaifa,biashara,0.82
SW208,"MAOFISA Madini nchini wametakiwa kutobagua migodi midogo kwa kuelekeza nguvu kwenye migodi mikubwa tu huku wakisisitizwa kutatua migogoro kwenye maeneo yao ya kazi na kuelezwa kuwa, watakaobainika wakibagua migodi hiyo na kutotatua migogoro wataondolewa kwenye nafasi zao. Hayo yalibainishwa na Naibu Waziri wa Madini, Stanslaus Nyongo wakati akizungumza na wachimbaji wadogo wa madini aina ya Sapphire wakati wa ziara yake katika kijiji cha Masuguru, wilayani Mbinga mkoa wa Ruvuma. Naibu Waziri Nyongo alifanya ziara hiyo ikilenga kukagua shughuli za uchimbaji madini wilayani humo pamoja na kusikiliza kero za wachimbaji katika migodi hiyo na alipokea kero za kutaka kutengewa maeneo kwa ajili ya shughuli za uchimbaji, bei elekezi za madini ikiwemo kuunganishwa na huduma ya umeme kwenye migodi yao. Akizungumza kijijini hapo, alimtaka Ofisa Madini Mkoa wa Ruvuma hukakikisha anaishughulikia kero hiyo na kuitatua mara moja na kuongeza kuwa, Rais anataka wachimbaji nchini wachimbe madini, hivyo maofisa madini kote nchini wahakikishe wanashughulikia kero katika maeneo yao ya kazi ikiwemo kusuluhisha migogoro. Alisema kuwa kama mgogoro ni mkubwa wapo viongozi wa vyama vya wachimbaji wahakikishe kuwa wanafikisha migororo hiyo sehemu husika ili iweze kutatuliwa. Akijibu ombi la ruzuku, aliwataka wachimbaji wadogo kujiunga katika vikundi vidogo vidogo ili iwe rahisi kwa wachimbaji hao kufikiwa ikiwemo kupatiwa huduma za leseni, elimu, vifaa, kuwamilikisha, kuwapatia mikopo na kuwafuatilia jambo ambalo litapelekea wafanye kazi kwa urahisi na kwa kulipa kodi za serikali na wao kubaki na kipato kitakachowezesha maisha bora. Akizungumzia suala la madalali aliwataka kuhakikisha wanakuwa na leseni ya kufanya shughuli hizo ikiwemo vifaa vya kupimia madini na kuwataka kulipa kodi na kuwatahadharisha wachimbaji wanaoshirikiana na madalali wasiokuwa na leseni kuacha kwani kwa kufanya hivyo wote wanahesabika kuubia taifa. Kwa upande wake, Ofisa Madini Mkoa wa Ruvuma, Abraham Nkya alisema kuwa mkoa huo tayari umetenga maeneo kwa ajili ya wachimbaji wadogo na kwamba watashirikiana na wachimbaji hao ili suala hilo liweze kuwasilishwa Tume ya Madini kwa ajili ya hatua zaidi.",kitaifa,kitaifa,biashara,0.8175
SW4970,"RAIS John Magufuli amewataka Watanzania likiwemo Jeshi la Ulinzi la Wananchi wa Tanzania (JWTZ) kufanya biashara na Wakenya kwa kuwauzia unga wa mahindi. Alitoa kauli hiyo Ikulu, Dar es Salaam jana wakati akishuhudia makabidhiano ya fedha taslimu Sh milioni 170 za Tanzania, Sh 171,600 za Kenya na Dola za Marekani 77,500 zilizoibwa na majambazi mwezi Mei mwaka 2004 baada ya kuvamia Benki ya NBC Tawi la Moshi pamoja na kilogramu 35.34 za dhahabu zilizotoroshwa kutoka Tanzania na kukamatwa Uwanja wa Ndege wa Kimataifa wa Jomo Kenyatta nchini Kenya, Februari mwaka jana. Baada ya makabidhiano hayo, Magufuli alisema miongoni mwa mambo waliyozungumza na Rais Uhuru Kenyatta alipomtembelea nyumbani kwake Chato mkoani Geita mwanzoni mwa mwezi huu ni pamoja na Tanzania kuizuia Kenya unga wa mahindi. Alisema baada ya mazungumzo hayo alizungumza na Mkuu wa Majeshi ya Ulinzi na Usalama, Jenerali Venance Mabeyo, ili viwanda vya jeshi hilo viwe miongoni mwa vitakavyosaga unga na kuwauzia Wakenya. Rais Magufuli aliwataka Wakenya wawe huru kufanya biashara na Watanzania katika kuhakiksha wanapata kiasi cha unga wanachohitaji.""Rais Kenyatta pia aliniambia Kenya inataka kununua gesi kutoka Tanzania, kwa hiyo Waziri wa Nishati mjiandae kwa hilo lakini pia wanahitaji makaa ya mawe,""alieleza Rais Magufuli. Mmoja wa Maofisa wanaohusika na kilimo wa Kenya alimweleza Rais Magufuli kuwa katika kipindi cha mwaka huu nchi yao imekumbwa na changamoto ya hali mbaya ya hewa kwa kupata kiasi kidogo cha mvua hali iliyosababisha kuwepo kwa uhaba wa chakula hususani mahindi. Alisema kwa wastani Kenya inatumia magunia milioni 4.3 ya mahindi kwa mwezi na miongoni mwa hayo magunia milioni 1.5 husagwa unga. Alisema kipindi cha kuanzia Agosti hadi Novemba mwaka huu watakuwa na changamoto ya uhaba wa chakula. Naye Naibu Waziri wa Kilimo, Hussein Bashe, aliwahakikishia Wakenya kuwa Wizara yake iko tayari kutoa ushirikiano ili biashara hiyo iweze kufanyika bila vikwazo kwa kuwa Tanzania ina akiba ya kutosha ya mahindi. Kwa upande wake Waziri wa Madini, Doto Biteko, alisema kuwa Wakenya ni miongoni mwa watu wanaofanya biashara ya kununua madini hapa nchini. Alisema kuna makampuni matatu ya Kenya yanayonunua dhahabu mkoani Geita. Biashara ya madini Rais Magufuli alisema hatua mbalimbali zilizochukuliwa na serikali yake katika kudhibiti utoroshaji wa madini ikiwemo kufanya mabadiliko ya sheria, kuanzishwa kwa masoko 28 ya madini, kupunguza kodi, kujenga ukuta kuzunguka mgodi wa Tanzanite huko Mirerani, kumesaidia kuongeza mapato ya serikali yatokanayo na madini. Alisema katika mwaka 2017/18, serikali ilipanga kukusanya Sh bilioni 191 lakini ilivuka lengo kwa kukusanya Sh bilioni 301, mwaka 2018/19 ilipanga kukusanya Sh bilioni 310 lakini ilikusanya Sh bilioni 335 na katika mwaka 2019/20 wanatarajia kukusanya Sh bilioni 470 au zaidi. Baada ya kauli hiyo ya Rais, Waziri Biteko alisema tangu masoko ya madini yaaanzishwe maeneo mbalimbali nchini, soko la dhahabu la Chunya lilikuwa linapata kilo 12 tu kwa mwaka lakini tangu soko hilo lifunguliwe mwezi Machi mwaka huu, kiwango hicho kimeongezeka hadi kufikia kilo 270.""Mkoani Geita zaidi ya kilo 736 za dhahabu zinauzwa na jumla ya Sh bilioni 137.6 zimefanyiwa biashara katika masoko yote nchini na serikali imepata mrabaha wa Sh bilioni 7.7,""alieleza Biteko. Kuhusu leseni za uchimbaji alisema kuwa hivi hivi karibuni wanatarajia kutoa leseni mbili kwa ajili ya uchimbaji mkubwa wa madini ambao mtaji wake unafikia Dola za Marekani milioni 100, lakini pia wameshatoa leseni 32 za uchimbaji wa kati, leseni 2,675 za uchimbaji mdogo na leseni za utafiti wa madini 105.",biashara,biashara,kitaifa,0.8123
SW5870,"BENKI ya Maendeleo ya Afrika (AfDB) inatarajia kuipandisha daraja Tanzania kutoka katika hadhi ya kunufaika na Mfuko wa Maendeleo wa Benki (ADF) hadi kuwa na hadhi itakayoiwezesha Tanzania kuweza kupata rasilimali fedha zaidi kupitia dirisha la African Development Bank (ADB) la Benki ya Maendeleo ya Afrika. Endapo Tanzania itafanikiwa kupandishwa hadhi, nchi itaweza kunufaika na ongezeko la fedha kutoka Benki ya Maendeleo ya Afrika kutoka Dola za Marekani milioni 350 kwa mwaka hadi Dola za Marekani milioni 812 kwa mwaka. Hayo yamesemwa jijini Dodoma na Mwakilishi Mkazi wa Benki hiyo, Dk Alex Mubiru alipokutana na kufanya mazungumzo na Waziri wa Fedha na Mipango, Dk Philip Mpango, katika Ofisi Ndogo ya Wizara ya Fedha na Mipango. Katika mazungumzo hayo, Dk Alex alieleza kuwa hatua hiyo ya kupandishwa hadhi ama kupandishwa daraja, inatokana na uchumi wa nchi kufanya vizuri na kuwa na deni himilivu. Mwakilishi Mkazi wa Benki ya Maendeleo Afrika (AfDB), Alex Mubiru alisema kuwa benki hiyo inajivunia kufanya kazi na Tanzania ambayo ni miongoni mwa nchi waasisi wa Benki hiyo. Katika mazungumzo yao, Dk Mpango alieleza kuwa serikali inajivunia kufanya kazi pamoja na AfDB kwa kuwa benki hiyo imekuwa na masharti rafiki katika upatikanaji wa mikopo. Dk Mpango alisema kuwa benki hiyo ina mtazamo chanya katika maendeleo ya watu na kuwa dira katika mipango ya maendeleo. Aliahidi kushirikiana nao vyema katika kukuza uchumi wa nchi. Aidha, Mpango aliipongeza benki hiyo kwa kukubali kutekeleza miradi ya ujenzi wa barabara ya mzunguko Dodoma (kilometa 110.2) kwa kiwango cha lami na ujenzi wa Uwanja wa Ndege wa Dodoma (Msalato)",kitaifa,kitaifa,biashara,0.8119
SW1947,"MIONGONI mwa mazao yanayotoa mafuta ambayo yanalimwa nchini ni ufuta na karanga. Jitihada kubwa zikifanyika katika kukuza uzalishaji wa mazao hayo, uchumi wa wakulima na taifa kwa jumla utaimarika. Mbali na kuboresha uchumi, Tanzania pia itapunguza matumizi ya fedha za kigeni kuagiza mafuta ya kula kutoka nje ya nchi. Hii ni kwa kuwa kwa sasa, uzalishaji wa mazao hayo kwa ajili ya kupata mafuta ya kula bado ni mdogo ikilinganishwa na mahitaji. Sambamba na hilo, uzalishaji wa mazao hayo ukiwa mkubwa, utavutia pia uwekezaji zaidi wa viwanda vya kukamua mafuta ya mazao hayo na hivyo, kuzalisha pia ajira kwa Watanzania na hasa katika zama hizi nchi inapojielekeza katika uchumi wa kati unaotegemea viwanda. Hayo yamebainika hivi karibuni wakati wa mafunzo ya siku nne kwa waandishi wa habari kutoka vyombo mbalimbali nchini walio katika mikoa ya Lindi na Mtwara pamoja na watafiti. Mafunzo hayo yaliYOfanyika mkoani Mtwara yaliyoandaliwa na Tume ya Taifa ya Sayansi na Teknolojia (Costech) yakilenga kuwajengea uwezo waandishi hao ili kutoa taarifa sahihi kwa wananchi, zikiwemo zinazohusu matumizi ya sayansi na teknokojia katika kilimo. Mtafiti wa mazao yanayotoa mafuta kutoka Taasisi ya Utafiti wa Kilimo Tanzania (TARI) katika Kituo cha Naliendele, Joseph Nzunda, anasema, Tanzania inatumia zaidi ya Sh bilioni 400 mpaka 600 kwa mwaka kuagiza mafuta nje ya nchi. Kwa kuagiza kiasi hicho cha mafuta, anasema maana yake pia ni kusafirisha ajira za Watanzania (wakulima) kwenda nje. Anasema takribani asilimia 70 ya mafuta ya kula inaagizwa nje kutokana na uzalishaji wa ndani kuwa mdogo. ""Kwa sasa nchi inazalisha tani 180,000 za mafuta huku mahitaji yakiwa ni tani 400,000. Kwa mantiki hiyo, nawahamasisha sana wakulima nchini kuzalisha kwa wingi mazao yanayotoa mafuta,"" anasema. ""Kwa kuwa mbegu bora za mazao haya tunazo, tunahamasisha wakulima wazitumie kwa wingi ili kufikia kiwango kikubwa cha uzalishaji wa mafuta na hivyo tuweze kujitosheleza kwa mafuta katika nchi yetu,"" anasema Nzunda na kuongeza kwamba, taasisi yake (Tari) inawathibitishia wananchi kwamba, mbegu zilizopo ni bora. Kwa mujibu wa mtafiti huyo, Tanzania ni nchi ya kwanza kwa uzalishaji wa ufuta duniani na kwa upande wa karanga anasema katika Afrika Tanzania ni nchi ya pili ikiwa ni miongoni mwa nchi 10 bora katika kuzalisha zao hilo. Anatoa takwimu zinazoonesha kwamba, Tanzania huzashalisha tani milioni 1.2 za ufuta na karanga tani milioni 1.8. Kaimu Mkurugenzi wa Costech, Dk Msangi Bakari anawataka wandishi wa habari kushirikiana na watafiti na kisha, kutoa taarifa sahihi kwa wananchi mintarafu wanavyopaswa kufanya kilimo cha kisasa na hatimaye, kuleta mapinduzi yenye tija katika sekta ya kilimo nchini. ""Baada ya kutafiti tunatakiwa kufikisha taarifa au elimu hii kwa wananchi wajue kilichofanyika. Mwisho wa siku, tunataka kuona matokeo chanya ya utafiti uliofanyika kwa hiyo tunategemea baada ya mafunzo haya waandishi mtakuwa sehemu ya mchango mkubwa katika shughuli hizi kwa kushirikiana na watafiti wetu,"" anasema Msangi. Mwandishi Shabani Mkumba kutoka kituo cha radio cha Newala FM kilichopo wilayani Newala mkoani Mtwara, anaipongeza Costech kwa kuwapa mafunzo waandishi wa mikoa ya Kusini kuhusu umuhimu wa kuandika habari za kisayansi zenye tija kwa taifa. Anasema mafunzo hayo yamemzindua na kwamba sasa atakuwa mfuatiliaji mkubwa wa taarifa za tafiti mbalimbali kwa ufanisi zaidi ikilinganishwa na hapo awali kabla ya kushiriki mafunzo hayo. ""Mafunzo hayo yana umuhimu mkubwa kwetu wanahabari. Kwanza, yametuwekea ukaribu kati yetu na watafiti na kwamba sote tunahitajiana. Kwamba mtafiti akishagundua kitu chenye umuhimu kwa jamii anatutegemea sisi tufikishae taarifa hizo kwa walengwa. Ukaribu huu utatusaidia kuleta ufanisi wa kiutendaji baina yetu na mkulima ambaye ndiye atanufaika zaidi,"" anasema Mkumba. Mkulima wa ufuta kutoka Kijiji cha Chikonji mkoani Lindi, Hamisi Omari katika mazungumzo na mwandishi wa makala haya, anasema anazo taarifa za uwepo wa mbegu bora za zao hilo na kwamba, yupo mbioni kupanua kilimo chake. ""Serikali imekuwa ikitupatia elimu na hamasa ili kuboresha kilimo chetu na kwa kweli, kila mara inatuboreshea mazingira ili tuweze kulima kilimo kitakachotupa mavuno kwa wingi. Ni wajibu wetu kutumia hii fursa kwa tija,"" anasema. Omari anayeahidi kupanua kilimo cha ufuta, anaongeza: ""Tunaona jitihada mbalimbali za serikali za kutuboreshea na kutupatia mbegu bora kwenye kilimo chetu hasa hiki cha utufa na hii itatuwezesha kupata mavuno mengi kwa muda mfupi."" Mkulima mwingine wa ufuta kutoka Kijiji cha Jangwani mkoani humo, Somoe Abdallah, anasema amekuwa akilima na kupata faida kadri uzalishaji ulivyo kwa sasa. Anakiri kwamba, soko siyo tatizo kubwa, lakini wakati mwingine kikwazo ni vitendea kazi vinavyoweza kuwasaidia kulima eneo kubwa. ""Mwenyezi Mungu ametujaalia kuwa na ardhi yenye rutuba nzuri, lakini nikiri tu kwamba, hatuelekezi nguvu nyingi kwenye mazao haya. Kama tukifanya hivyo naamini tutaongeza kipato na kama unavyosema tutaipunguzia gharama serikali kuagiza mafuta nje ya nchi,"" anasema Abdallah.",kitaifa,kitaifa,biashara,0.7948
SW2146,"GAVANA wa jimbo la Juba, Augustino Jadalla Wani ametangaza kufungwa kwa klabu zote za usiku katika eneo lake na kuweka muda maalumu wa baa kufanya kazi. Alisema baa zote zimeruhusiwa kufunguliwa kuanzia saa 11 jioni mpaka saa tatu hadi nne usiku lakini alikataza kupiga muziki wa disko kwa sababu ni hatari kwa maendeleo ya nchi hiyo.""Upigaji muziki umekatazwa kabisa kwani kinachofanyika ni hatari kwa nchi kwani wasichana wadogo chini ya miaka kumi na tatu wamekuwa katika nyumba hizo za starehe,"" alisema. Alisema pia wanataka kufanya udhibiti wa matumizi ya nyumba za kulala wageni kwa watu wa jinsia mbili wanaotaka kuingia kudhibitisha kuwa ni wanandoa. Alitaka bunge kutunga sheria kuhusu suala hilo, kwani wamejadiliana kuhusu hali ya amani na usalama wakati wa maandalizi ya sasa ya amani yanayoandaliwa kufanyika Mei 16 mwaka huu kupinga serikali.",kitaifa,kitaifa,michezo,0.792
SW5007,"WAKALA wa Vipimo Tanzania (WMA), umewataka watumiaji wote wa maji nchini wanaofungiwa mita au dira za maji kuhakikisha wanafungiwa zilizohakikiwa na kuwekwa lakiri ya WMA ili kuwa na uhakika wa kutumia kifaa kitakachotoa bei halisi ya maji isiyo na makosa. Akizungumza na gazeti hilo kwenye viwanja vya Maonesho ya 43, ya Biashara ya Kimataifa ya Dar es Salaam yanayoendelea kwenye viwanja vya sabasaba, Meneja wa WMA, Mkoa wa Pwani, Alban Kihulla alisema hilo ni takwa la kisheria na wateja wote wanapaswa kuuliza mamlaka ya maji inayomfungia huduma hiyo kama mita hiyo imehakikiwa na WMA.""Wateja wote wa maji nchi nzima msikubali kufungiwa mita au dira za maji ambazo hazijahakikiwa na WMA, na kuwekwa lakiri yenye nembo yetu ya WMA pamoja na namba,kwa sababu mita ambazo hakijahakikiwa baadhi yao zina matatizo au mbovu na mteja akifungiwa mwisho wa siku analetewa bili isiyo halali, ama kwa kuzidi bei au kutosoma kabisa lakini pia kusoma bei ndogo,"" alisema Kihulla. Akizungumza kwenye banda lao katika viwanja hivyo, Kihulla alisema wasambazaji wa mita hizo walioidhinishwa wanafahamu takwa hilo na kwamba mamlaka ya maji inapaswa kununua mita au dira zilizohakikiwa na WMA na kuwafungia wateja wake. ""Wananchi wengi hawafahamu hili na ndio maana tuko hapa viwanjani kuwaelimisha ili kuondokana na kufungiwa mita isiyo sahihi itakayomletea bili ya maji yenye utata,"" alisema Kihulla. Alisema mamlaka inayomfungia mteja mita ya maji ambayo haijahakikiwa ni kosa kisheria na adhabu yake ni faini ya kuanzia laki moja hadi Sh milioni 20 kwa kosa moja na kuwataka wananchi kuhakikisha kabla ya kufungiwa mita waikague kuona ina lakiri iliyoandikwa WMA na kuwa na namba.""Kagueni mita zenu za maji mlizofungiwa kwa wale ambao tayari mmeshafungiwa lazima iwe na lakiri yenye nembo ya WMA pamoja na namba pia inawezekana hii ni ya lazima, lakini pia unaweza kukuta lakiri nyingine ya mamlaka inayokufungia maji, cha msingi na muhimu ni lazima iwe kwanza na hiyo yenye nembo yetu,""alisema. Kihulla alisema WMA imenunua mtambo wa kisasa wa kupima na kuhakiki mita zote za maji kabla havijafungwa kwa mteja na kwamba mtambo huo umefungwa kwenye kituo cha Wakala huyo kilichopo MIsugusugu Pwani ambapo kwa siku kina uwezo wa kuhakiki mita 400. Aidha, alisema kuanzia mwishoni mwa mwaka jana hadi sasa WMA wameshahakiki na kupima mira 57,000 ambazo zinaletwa kwao na wasambazaji walioidhinishwa kufanya kazi hiyo.""Sheria inawataka wauzaji na wasambazaji wote wa mita za maji kuhakikisha wanazileta kwetu kuzipima na kuzihakiki kasha tunaziweka lakiri iwapo ziko sawa, ndio wasiuze kwenye mamlaka husika ambao nao wanapaswa kuhakikisha wamenunua mita zilizohakikiwa na kuwekwa lakiri, vinginevyo wateja msikubali kufungiwa mira isiyohakikiwa,"" alisema Kihulla.",kitaifa,kitaifa,biashara,0.7915
SW474,"WAZIRI Mkuu, Kassim Majaliwa ameiagiza Wizara ya Maliasili na Utalii isimamie uboreshaji wa eneo la mnara wa Zinjathropus ili paweze kuvutia zaidi. Alitoa agizo hilo jana wakati akizungumza na wananchi na viongozi waliohudhuria maadhimisho ya miaka 60 ya kumbukizi ya ugunduzi wa fuvu la Zinjathropus Bosei, eneo la bonde la Olduvai, wilayani Ngorongoro, mkoani Arusha. Maadhimisho hayo yamefanyika ndani ya hifadhi ya Ngorongoro sambamba na uzinduzi wa makumbusho ya Dk Mary Leakey. Mnara wa Zinjathropus na Homo habilis umejengwa kwenye hifadhi ya Ngorongoro karibu na njia panda ya kuelekea bonde la Olduvai.""Kwenye mnara wa Zinjathropus na Homo habilis pasiachwe kama palivyo. Pajengwe seng'enge kuzunguka eneo lile lakini pia pawekwe kibanda cha mlinzi ambaye pia atakuwa anatoa taarifa kwa wageni wanaopita hapo.""""Mtafute vijana kadhaa ambao ni wenyeji wa eneo hili, wafundishwe historia kamili kisha wapewe ajira hizo. Kibanda kikijengwa kwa juu kiwe na vioo ili anayelinda aweze kuona pande zote na pia muweze kumkinga na vumbi na upepo mkali wa eneo lile.""Waziri Mkuu pia alitembelea korongo la Frida Leakey, (mahali ambapo zinjathropous aligunduliwa) na kupata maelezo juu ya kugunduliwa kwa fuvu la mtu wa kale duniani aliyeishi yapata miaka milioni mbili iliyopita. Akigusia kuhusu uhifadhi wa eneo hilo, Waziri Mkuu alisema nako pia pajengwe kibanda cha mlinzi mwenye uwezo wa kutoa taarifa kwa watalii na akasisitiza pia ajira hizo ziwahusu wenyeji wa eneo hilo.""Kwenye korongo la Frida, pawekwe bango lenye maelezo ya Kiswahili, nako pia wapatikane vijana sita au nane, waeleweshwe hiyo historia, wakifuzu, Wizara iwawezeshe, wapangiane zamu ya kushinda hapo. Pia pajengwe kibanda cha wageni kupumzikia wakifika eneo hilo. Kuhusu makumbusho ya Dk Leakey, Waziri Mkuu alisema makumbusho hayo ni lulu kwa Taifa.""Ninawapongeza viongozi na watumishi wa Mamlaka ya Ngorongoro kwa kuendeleza na kutunza makumbusho haya."" Kwa upande wake, Waziri wa Maliasili na Utalii, Dk Hamisi Kigwangalla alisema kwa sasa dunia inatambua kuwa chimbuko la binadamu ni Afrika. ""Hata kama tunatofautiana sura na rangi, watu wote duniani wana asili ya Afrika.""Kwetu sisi Tanzania, tunaadhimisha uvumbuzi huu kwa sababu fuvu la Zinjanthropus ni alama na nembo ya Tanzania na dunia.""Alisema maadhimisho hayo yataendelea kwa kufanya maonesho ya fuvu la Zinjanthropus boisei na malikale zingine katika mikoa sita ya Arusha, Dar es Salaam, Mwanza, Iringa, Mtwara na Dodoma. Alisema wizara yake imebaini fursa zilizopo kwenye sekta ya urithi wa utamaduni yaani malikale au utamaduni tuli (static cultural heritage) na utamaduni hai (dynamic culture) ili kuvutia watilii na hivyo kuongeza idadi yao na kuwafanya waongeze muda wa kukaa nchini (length of stay) na hatimaye kuongeza pato la Taifa litokanalo na utalii. Naye Balozi wa Marekani hapa nchini, Dk Inmi Patterson ameipongeza Serikali kwa kukuza na kuendeleza utalii wa kitamaduni. Pia alisifu utajiri wa rasilmali misitu na wa nyama ambao Tanzania imejaliwa kuwa nao. ""Uamuzi wa Rais Magufuli wa kuanzisha hifadhi ya Burigi, unazidi kunogesha sifa ya Tanzania katika suala la hifadhi za maliasili na utalii na katika kukuza urithi na utajiri wa nchi,"" alisema kwa Kiswahili fasaha. Alisema maadhimisho hayo ni siku muhimu kwake kwani yamewakutanisha watu wa kaliba tofauti wakiwemo wanasiasa, wanasayansi, maprofesa kutoka Uingereza, Marekani na Ujerumani, wanafunzi kutoka shule za Tanzania na wenyeji wa Ngorongoro.",michezo,michezo,kitaifa,0.7893
SW6106,"SHIRIKA la Maendeleo ya Petroli Tanzania (TPDC), limesema hadi ifi kapo mwaka 2020, linatarajia kuunganisha nyumba na viwanda 120,000 ili kupata gesi kupitia Mradi wa Kuunganisha Gesi Majumbani na Viwandani. Aidha, kwa kipindi hicho shirika linalenga kukusanya mapato ya Sh trilioni moja ili kuchangia katika bajeti ya maendeleo ya Taifa. Akizungumza wakati wa kutembelea mradi huo jana katika kisima kilichopo Ubungo jijini Dar es Salaam, Kaimu Mkurugenzi Mkuu wa TPDC, Kapuulya Musomba alisema mpaka sasa wateja wanaohitaji kuunganishiwa gesi, wameongezeka kufikia 40 na kwamba mpaka mwaka ujao watakuwa wameunganisha wateja 1,000. Musomba alisema mtambo waliokuwa wanautegemea kuujenga, ambao unatumika kuunganishwa na mtambo wa kupunguza mgandamizo wa gesi inayotoka bomba la Mtwara, umeshakamilika. ""Wateja wengine wameshaanza kutumia gesi na sasa tuna mpango kuunganisha Kiwanda cha Coca- Cola, maeneo ya Survey, Chuo Kikuu na Sinza kwa sababu tunaamini kupitia gesi itachangia uchumi wa viwanda,"" alisema Musomba. Alifafanua kuwa mwishoni mwa Januari, wateja wachache wataunganishwa na kuanza kutumia gesi hiyo, ambapo wanatarajia kukusanya Sh bilioni 500 kwa kila mwaka. Aidha, alisema wataunganisha kiwanda cha Dangote ili kipate gesi nyingi, itakayotumika kuchomea udongo. Musomba alisema pamoja na matarajio hayo makubwa, lakini wanakabiliana na changamoto ya ucheleweshaji wa utoaji wa mitambo bandarini ambayo husababisha kukwamisha mradi. Pia alisema bado kunahitajika elimu ya kutosha kwa watu wanaopitiwa na mradi kwa sababu ni haki yao kupata huduma ya gesi lakini kutokana na miundombinu mibaya inasababisha watu wengine kupata huku wale waliotoa eneo wakacheleweshewa huduma hiyo. ""Asilimia 60 ya umeme unaotumika unatokana na gesi lakini changamoto iliyopo ni miundombinu ya jiji hili kwa sababu ya ujenzi holela hivyo tunashindwa kupeleka gesi kwa haraka na badala yake tunapeleka kwanza kwenye maeneo ambayo hayana changamoto kisha tutawapatia wengine gesi hii ni yetu sote,"" alisisitiza. Alieleza mradi huo ambao umegharimu Sh bilioni nne, utaanza kutumika kwenye wilaya za Ilala, Kinondoni, Ubungo na Temeke kisha kwenda maeneo mengine. Kwa upande wake, Meneja mradi huo, Silvanus Malimi alisema mtambo huo utapokea gesi kutoka Mtwara na kwamba bomba litaunganishwa na mtambo wa kupunguza mgandamizo wa gesi kutoka 60 hadi saba. Alisema maeneo ya Ubungo Maziwa, pia kuna mtambo wa kupunguza mgandamizo wa gesi ambayo inapelekwa moja kwa moja hadi maeneo ya Mikocheni na kuunganisha viwanda na wateja wa majumbani. Alisema wateja waliopo sasa ambao wanasubiri kuunganishiwa gesi ni pamoja na Ubungo, Sinza, Mlalakuwa na Chuo Kikuu hivyo wanahakikisha wanakamilisha uunganishaji huo.",kitaifa,kitaifa,biashara,0.7842
SW3360,"WAKULIMA wa mihogo nchini wamepata fursa ya kuuza tani 35,000 za muhogo mbichi kwa mwaka nchini Rwanda baada ya kampuni moja ya kuzalisha bidhaa zinazotokana na zao hilo kusaini mkataba wa kukusanya mihogo kwa wakulima na kuwauzia kwa mawakala watatu na kuwa idadi hiyo inatarajiwa kuongeza idadi ya bidhaa hiyo. Fursa hiyo imepatikana katika Maonesho ya 43 ya Biashara ya Kimataifa ya Dar es Salaam yaliyomalizika hivi karibuni ambapo yaliwakutanisha wazalishaji na wauzaji kutoka ndani na nje ya nchi. Katika maonesho hayo, Mamlaka ya Maendeleo ya Biashara Tanzania (Tantrade), iliweka utaratibu kuwa na mikutano maalumu kila siku katika maonesho hayo, iliyohusu sekta mbalimbali ambapo, neema ya soko la muhogo Rwanda lilitimia baada ya wakulima na wanunuzi kukutana kwenye mkutano wa Siku Maalumu ya Sekta ya Nafaka, Muhogo na Mazao Jamii ya Kunde katika maonesho hayo. Mwakilishi wa kampuni kutoka nchini Rwanda ya Kwiza Commodities inayonunua zao la muhogo, David Batty alisema kupitia mkutano huo wamepata wasambazaji watatu wa Tanzania watakaowauzia tani 35,000 za muhogo mbichi kwa mwaka na kwamba idadi itaongezeka kulingana na bidhaa zitakazopatikana.""Tunashukuru maonesho haya ya Sabasaba yamekuwa ya maana kwetu na kwa wakulima wa zao la muhogo, tumeonana ana kwa ana na kufahamu wapi tutapata bidhaa na kwa kuanzia tumekubaliana na tutaendelea kufanya mawasiliano na mawakala 10 tuliowapata leo (jana) watakaotusambazia muhogo,"" alisema. Batty alisema kampuni hiyo ya Rwanda mahitaji yake ya muhogo mbichi ni tani 75,000 hadi 150,000 kwa mwaka na kwamba zao hilo wamekuwa wakinunua Tanzania kwenye mikoa ya jirani na Rwanda.""Awali tulikuwa tunanunua muhogo mbichi kutoka mikoa jirani na Rwanda, lakini sasa tumekuja hapa na tumepata soko zaidi ambalo litatosheleza mahitaji ya kampuni yetu, sisi tutachukua muhogo kutoka kwa mawakala ambao wao watakuwa wanakusanya kutoka kwa wakulima,"" alisema Batty. Alisema mwaka jana walinunua tani 50,000 za muhogo mbichi kutoka Tanzania kwenye mikoa hiyo ya jirani na Rwanda na kwamba kampuni hiyo inazalisha bidhaa za wanga kutokana na muhogo kama unga, vyakula vya mifugo na mbolea na kiasi kinauzwa nchini Rwanda na kiwango kingine kinasafirishwa nje.",kitaifa,kitaifa,biashara,0.77
SW4449,"WATANZANIA wamehimizwa kuchangamkia fursa zilizopo kama wanavyofanya wa nchi jirani, badala ya kubweteka na kuishia kulalamika. Ushauri huo ulitolewa na Waziri wa Habari, Utamaduni, Sanaa na Michezo, Dk Harrison Mwakyembe, wakati akitoa neno kabla ya kuanza kwa siku ya pili ya Jukwaa la Fursa za Biashara na Uwekezaji mkoani Tabora jana. Dk Mwakyembe ndiye Mwenyekiti wa Jukwaa la Biashara lililofunguliwa juzi na Waziri Mkuu, Kassim Majaliwa na kuendelea hadi leo. ""Kama kuna ugonjwa mkubwa ambao Watanzania wanao ni kushindwa kuchangamkia fursa zinazowazunguka,"" alisema. Katika muktadha huo wa Watanzania kutochangamkia fursa, Dk Mwakyembe alisema katika safari zake nje ya nchi alishangaa kugundua kwamba nchi jirani ndio wamechangamkia fursa za kufundisha Kiswahili wageni nje ya Afrika. Alisema ingawa hawajui Kiswahili kama Watanzania lakini ndio wanaochangamkia fursa hizo kuliko Watanzania. Alisema wakati wa uzinduzi wa bomba la mafuta mkoani Tanga mwaka jana, aligundua kwamba wafanyabiashara kutoka mji jirani na Tanga wa Mombasa, nchini Kenya walikuwa wameweka kambi mjini Tanga wakifanya kampeni kwa wazungu wanaokuja kwa ajili ya bomba wakaishi Momba na kufanya kazi Tanga. Alitoa mfano mwingine kwamba wakati serikali ikihamishia makao makuu Dodoma, bado Watanzania wanajivuta kuchangamkia fursa lukuki zinazopatikana mkoani huo kutokana na hatua hiyo ya serikali. Alisema kuna baadhi ya mabalozi kutoka nje wana hofu ya kuhamia Dodoma kwa kutojua ni wapi watoto wao watasoma kutokana na uchache wa shule za kimataifa. Ni kwa msingi huo, Dk Mwakyembe aliwataka wananchi wa Tabora kuchangamkia fursa lukuki zilizotajwa kuwepo katika kila halmashauri kabla ya kusubiri wageni kuja kuzichukua. Fursa ambazo zimekuwa zikitangazwa na halmashauri nane za mkoa huo ni za kilimo cha mazao mbalimbali, kikiwemo cha umwagiliaji na ufugaji wa kisasa, ikiwa ni pamoja na kufungua ranchi. Lakini kuna fursa za kuanzisha viwanda vya kuchakata mazao hayo ya kilimo na mifugo, uzalishaji wa mazao ya misitu kama mbao na ufugaji nyuki na fursa katika madini ambayo hupatikana takribani kila wilaya ingawa hakuna wachimbaji wakubwa.",kitaifa,kitaifa,biashara,0.7675
SW4490,"WAZIRI wa Habari, Utamaduni, Sanaa na Michezo, Dk. Harrison Mwakyembe amewapongeza wazee na viongozi wa kimila wa kabila la kimasai kwa kuendeleza na kuhifadhi mila na desturi. Alitoa pongezi hiyo juzi jijini Arusha wakati wa ku- funga mafunzo ya kimila kwa vijana wa Kimasai. Alisema mafunzo hayo ni muhimu katika kumjenga kijana kuwa mtu mwenye maadili na kuheshimika kwa jamii yake. ""Mafunzo mliyoyapata kutoka kwa viongozi wenu na wazee wa kimila yanawajenga kuwa rai wema na wenye maadili katika kujenga taifa letu, "" alisema Dk Mwakyembe alipowahutubia. Alisema wizara inaunga mkono juhudi za wazee wa kimasai kwa kuhakikisha mila na desturi ya Mtanzania inatunzwa na kuendelezwa kwa vizazi vijavyo. Waziri huyo aliahidi kush- irikiana na Waziri wa Ardhi, Nyumba na Maendeleo ya Makazi, William Lukuvi katika kuhakikisha maeneo yaliyotengwa kwa ajili ya shughuli za mila yanahifad- hiwa vizuri bila kuingiliwa na watu. Vilevile aliwapongeza viongozi wa Jeshi la Ulinzi la Wananchi wa Tanzania (JWTZ) kwa kuruhusu mae- neo ya kijeshi ambayo ni ya kihistoria kuendelea kutumika kwa ajili ya masuala ya kimila na kuzitaka taasisi nyingine ambazo zina maeneo hayo kuiga mfano huo. Mwenyekiti wa viongozi wa ukoo wa Wamasai, Isack Lekisongo aliiomba serikali kulinda, kuhifadhi na kuendeleza mila na desturi za jamii mbalimbali za kitanzania ili kupunguza madhara yanayoletwa na utandawazi nchini. Alisema kupitia mafunzo hayo yanayotolewa kwa vijana yanasaidia kujitambua, kuheshimu wakubwa na wadogo na kuachana na tabia zisizofaa ikiwemo utumiaji wa dawa za kulevya. Shughuli za kimila za kimasai zilifunguliwa Julai 6, mwaka huu kwa vijana kutoka sehemu mbalimbali za Tanzania na nchi jirani ya Kenya ambao walipewa mafunzo kwa siku 100 yaliyohitimishwa Sep- temba 15, mwaka huu.",michezo,michezo,kitaifa,0.7662
SW5538,"SERIKALI kupitia Wizara ya Fedha na Mipango, imetoa Sh bilioni 10.7 kwa Tume ya Madini nchini na Sh bilioni 5.9 kwa Kampuni ya Huduma za Meli (MSCL) kwa ajili ya kutekeleza miradi ya kimkakati, yenye lengo la kuongeza mapato yanayotokana na madini pamoja na kuiwezesha Kampuni ya Huduma za Meli kujiendesha kibiashara. Hafla ya utiaji saini mikataba ya fedha hizo umefanyika Dodoma kati ya Katibu Mkuu wa Wizara ya Fedha na Mipango, ambaye pia ni Mlipaji Mkuu wa Serikali, Dotto James na Katibu Mkuu wa Wizara ya Madini, Profesa Simon Msanjila pamoja na Katibu Mkuu Wizara ya Ujenzi, Uchukuzi na Mawasiliano, Dk Leonard Chamriho. James alisema Sekta ya Madini na Kampuni ya Huduma za Meli, wajifunze kupitia miradi mingine ya kimkakati katika halmashauri zilizopewa fedha, ili kuepuka changamoto mbalimbali zilizojitokeza kwa baadhi ya halmashauri kushindwa kufikia malengo.""Fedha hizi sio za bure tutazifuatilia mpaka shilingi ya mwisho, ili kupata mrejesho wa kuchangia maduhuli katika Mfuko Mkuu wa Serikali, hivyo fedha hizo zinatakiwa kutumika kwa ufanisi kwa lengo lililokusudiwa"", alisisitiza James. Alisema Serikali kupitia Wizara ya Fedha na Mipango imeunda kikosi kazi maalumu ambacho kitakuwa kinafuatilia maendeleo ya miradi hiyo na kutoa taarifa serikalini. Katibu Mkuu wa Wizara ya Madini, Profesa Msanjila aliishukuru serikali kwa kuwapatia fedha hizo na kuahidi kuwa watazitendea haki na kuongeza mapato ya serikali.""Tumepewa lengo la kukusanya maduhuli ya kiasi cha shilingi bilioni 475 katika mwaka huu wa fedha 2018/2019, nina kuhakikishia kuwa lengo hili tutalifikia kwa sababu ya uwezeshaji huu wa serikali na mwitikio mzuri wa wadau wa sekta ya madini katika kulipa kodi kwa hiari,"" alisema Profesa Msanjila. Alisema kuwa sekta ya madini ni muhimu kwa maendeleo ya uchumi wa nchi, uwezeshaji huo utawezesha kutatua changamoto mbalimbali zilizokuwa zikiikumba Tume ya Madini kwa lengo la kuongeza ukusanyaji wa mapato yanayotokana na madini. Mwenyekiti wa Tume ya Madini, Profesa Idris Kikula, alisema kuwa uwezeshaji huo utaiwezesha Tume hiyo kufikia lengo na kuahidi kuendelea na juhudi za kuhakikisha maduka ya madini nchini yanaboreshwa. Kwa upande wake Katibu Mkuu wa Wizara ya Ujenzi, Uchukuzi na Mawasiliano, Dk Chamriho, aliishukuru serikali kwa kuipatia Kampuni ya Meli nchini (MSCL) kiasi cha Sh bilioni 5.9 zitakazotumika kukarabati baadhi ya meli zilizopo pamoja na kuweka mifumo ya kielektroniki ya kukusanya maduhuli ya serikali. Aidha, Ofisa Mtendaji Mkuu wa Kampuni ya Huduma za Meli, Eric Hamissi, aliahidi serikali kuwa hawatoiangusha na kubainisha kuwa kampuni hiyo ni ya kimkakati na inaweza kuchangia uchumi wa nchi.",kitaifa,kitaifa,biashara,0.7646
SW5407,"MASHINDANO ya vyama vya michezo kwa shule za msingi na sekondari katika nchi za Afrika Mashariki (FEASSSA) yanatarajiwa kufanyika jijini hapa kuanzia Agosti 15 hadi 25. Jumla ya wanamichezo 3,000 kutoka Kenya, Uganda, Burundi, Rwanda, Zanzibar, Sudan na wenyeji Tanzania watachuana vikali katika mashindano hayo. Akizungumza katika kikao cha mwisho mkurugenzi wa maendeleo ya michezo idara ya usimamizi wa elimu ofisi ya Rais -TAMISEMI, Leonald Thadeo alisema kikao cha mwisho walikutana na wajumbe kutoka nchi husika juu ya kufanya ukaguzi wa mazingira ya malazi na miundombinu kwa ujumla na kusema mpaka sasa maandalizi yako vyema. ""Katika kikao hiki wajumbe kutoka nchi husika walishiriki na kwa upande wa Sudan hawakushiriki kikao hiki cha mwisho lakini wametuhakikishia watafika katika mashindano haya,""alisema Thadeo. Alisema michuano hii ni muhimu kwa nchi hizi kwani imeshaonesha kuzalishwa kwa vipaji ambavyo vinasaidia kuunda timu mbalimbali za taifa na kusema serikali ya mkoa kupitia ofisi ya katibu tawala wametoa ushirikiano mkubwa na kuhakikisha kuwa watatilia maanani usimamizi katika suala zima la ulinzi na usalama.",michezo,michezo,kitaifa,0.7572
SW1088,"KAMPUNI ya Ndege Tanzania (ATCL) inazindua safari ya kwanza kwenda Johanesburg, Afrika Kusini kesho. Akizungumzia uzinduzi huo, Mkurugenzi Mtendaji wa ATCL, Ladislaus Matindi alisema hatua hiyo ni mafanikio ya mpango mkakati wao ulioanza mwaka 2017, waliojiwekea kuhakikisha shirika hilo linapata mafanikio kwenye usafiri wa anga kwa kufungua vituo vingi vya biashara nje ya nchi. Matindi alisema safari katika ruti hiyo itahusisha ndege mpya za kisasa za Air- bus A220-300. Uzinduzi wa tiketi kwa ajili ya safari hiyo ulifunguliwa rasmi mwezi mmoja uliopita. ""Nitoe mwito tu kwa Watanzania na wasafiri wote wanaokwenda kwenye majiji ya Johannesburg, Mumbai, Comoro, Zimbabwe na nchi nyingine tulikozindua safari zetu, wapande ndege za ATCL watafurahia huduma na bei zetu nafuu,"" alisema Matindi. Alisema kufunguliwa kwa kituo cha ndege za ATCL, jijini Johannesburg na kingine kitakachozinduliwa mwezi ujao Mumbai, India kunafanya idadi ya vituo vya biashara nje ya nchi kwa ndege hizo kufika saba. Vituo hivyo ni Zam- bia, Zimbabwe, Uganda, Comoro, Burundi, Johannes- burg na Mumbai. Mapema mwezi uliopita, Mamlaka ya Usafiri wa Anga nchini India, ilitoa kibali kwa ATCL kuanzisha safari zake nchini humo ambapo Julai 17, mwaka huu kampuni hiyo itazindua safari zake kwenda Mumbai, India, huku dirisha la tiketi likiwa limeshafunguliwa. Hata hivyo, safari za nje ya nchi kwa ndege za ATCL zilichelewa kuanza kutokana na mambo ya msingi yaliyokuwa yakifanywa, ikiwemo nchi kurudishwa katika Jumuiya ya Kimataifa ya Usafiri wa Anga (IATA).""Tulipanga kuzindua mapema safari za nje, ila tulichelewa kwa sababu ya kukamilisha mambo ya msingi yaliyohitajiwa na Jumuiya ya Kimataifa ya Usafiri wa Anga (IATA) ambayo kwetu kwa sasa tumeshafikia mwisho,"" alisema Matindi. Kwa sasa ndege za ATCL zinafanya safari za kwenda Zambia, Zimbabwe na Uganda na ruti za ndani ya nchi kwenye mikoa kadhaa ikiwemo Kilimanjaro, Mwanza, Iringa, Mbeya na Zanzibar. Wakati huo huo, maan- dalizi ya kwenda safari nyingine za nje ya bara la Afrika ikiwemo Thailand, China kwa ndege ya Dream- liner na Airbus 220-300 yanaendelea.",kitaifa,kitaifa,biashara,0.7554
SW2597,"WAFANYAKAZI sekta rasmi Jumuiya ya Afrika Mashariki (EAC) wanatarajia kuwa na uwezo wa kuhamisha michango yao ya pensheni na mafao katika mfuko mwingine kwenye ukanda huu wa EAC. Hatua hiyo imelenga kuwezesha utekelezaji wa itifaki ya soko la pamoja na kuwezesha utoaji pensheni katika ukanda huo ambao kwa sasa inakadiriwa kuwa chini ya asilimia 10 kwa nguvu kazi iliyopo. Aidha, Tanzania, imekuwa ikishiriki katika hatua zote katika uandaaji wa sera na kwa sasa inashiriki kuandaa andiko linalopendekeza utaratibu huo, ambao uko katika hatua za awali kwenye Kamati ya Sheria na Ufundi ya Umoja wa Wasimamizi wa Mifuko ya Pensheni Afrika Mashariki (EAPSA). Nchi sita wanachama wa EAC, yaani Tanzania, Kenya, Uganda, Rwanda, Burundi na Sudan Kusini, pia zinafanyia kazi kuhakikisha kuwa fedha za wastaafu zinawekezwa katika nchi yeyote katika ukanda huo, ambapo nchi hizo zimeelekeza Bajeti ya Dola za Marekani 670,000 kwa utafiti,ushauri na kubadilishwa kwa sheria muhimu. Kwa upande wa Tanzania, Mkuu wa Kitengo cha Uhusiano na Uhamasishaji wa Mamlaka ya Usimamizi wa Mifuko ya Hifadhi ya Jamii (SSRA), Sarah Msika anabainisha kuwa, Tanzania hifadhi ya Jamii bado ipo katika mabadiliko makubwa na kanuni mpya bado zinafanyiwa kazi. Alisema kwa sasa mwanachama wa Mfuko wa hifadhi anapaswa kuchangia kwa muda uliowekwa kisheria ili kupata stahiki ya mafao ya uzeeni.""Mwanachama aliyefanya kazi na kuchangia katika nchi zaidi ya moja anaweza kukosa sifa hiyo endapo hatotimiza muda unaostahili katika nchi atakayostaafia kutokana na vipindi vya uchangiaji wake kuwa katika nchi tofauti,"" alisema. Hivyo, kutokana na kuongezeka kwa mwingiliano wa soko la ajira katika nchi za Afrika Mashariki kufuatia kupitishwa kwa Itifaki ya Soko la Pamoja, idadi ya wanachama watakaoathirika inaweza kuongezeka katika siku za usoni. Alisema kwa muktadha huo na kwa kutambua umuhimu wa hifadhi ya jamii, Sera ya Hifadhi ya Jamii ya Jumuiya ya Afrika mashariki inaelekeza kuweka utaratibu wa kuhamisha haki za wanachama katika nchi za Jumuiya. Tanzania ,imeunganisha mifuko ya hifadhi za jamii kutoka saba na kuwa miwili ile inayoshughulikia sekta binafsi na mwingine wa sekta ya umma kwa sheria iliyosainiwa Juni mwaka jana. Inaelezwa kuwa uhamishaji wa mafao ya pensheni kwa sasa umekuwa ukifanyika baina ya Rwanda na Burundi,kutokana na mikakati ya nchi hizo kukubaliana kwenye mifuko ya pensheni. Kwa mujibu ya Sera ya mafao kwa wastaafu katika EAC, ambayo imepitishwa na Baraza la Mawaziri wa Fedha wa EAC Mei mwaka jana, kila nchi mwanachama inatakiwa kuweka utaratibu na kisheria na mpango kazi wa kuwezesha kupata mafao ya pensheni katika ukanda huo. Nakala ya sera hiyo ya Mei mwaka 2017 inaeleza kuwa nchi wanachama wa EAC, lazima wakubaliane kwa pamoja katika kanuni na taratibu. Pia sera inaeleza kuwa nchi wanachama wanatakiwa kukubali fedha za pensheni kuwekezwa nje ya mamlaka zao. Kwa sasa Burundi hawawekezi fedha za wastaafu nje ya nchi. Kwa mujibu wa wizara ya Masuala ya EAC nchini Kenya, Tanzania imelegeza masharti kuhusu uwekezaji mitaji katika ukanda huo, lakini wameweka mipaka katika baadhi ya maeneo. Nchini Kenya, sheria imeruhusu uwekezaji wa fedha za pensheni katika EAC na inachukuliwa kama uwekezaji wa ndani ya nchi. Huko Uganda, uwekaji soko huria kwa sekta ya pensheni nchini humo imekuwa katika mchakato kwa miaka 10, ambapo mwaka 2011 serikali iliwasilisha Muswada bungeni, lakini mapema mwaka jana walisitisha mpango huo kwa madai kuwa kampuni za kigeni zingenufaika kuliko za ndani. Nako nchini Rwanda, Bodi ya mifuko ya hifadhi ya jamii ilipitishwa baada ya serikali kutangaza sheria mpya inayoruhusu uanzishaji wa mifuko ya pensheni na kutoa leseni kwa watoaji huduma hizo na Juni mwaka jana walianzisha mfuko wa pensheni binafsi unaojulikana kama 'ituze'. Kenya, sheria mpya wa NSSF iliyopewa kibali na Rais Uhuru Kenyatta Desemba 24, mwaka 2013 ilianza kutekelezwa Mei 31, 2014.",kitaifa,kitaifa,biashara,0.7544
SW5637,"Mke wa Mwanamfalme wa Uingereza Meghan Markle ametahadharishwa kutovaa 'jeans' zilizochanika na viatu aina ya 'wedge' pindi atakapokwenda kumtembelea Malkia Elizabeth wa nchi hiyo. Markle na mumewe Prince Harry na mtoto wao waliyempata hivi karibuni Archie wanatarajiwa kumsalimu malkia huyo kwenye kasri yake ya Balmoral. Inaelezwa kuwa Malkia Elizabeth ameweka wazi kuwa anachukia mavazi hayo hivyo ni vyema Markle aepukane nayo. Hatahivyo Ikulu ya Kesington imekataa kzungumzia suala hilo, pindi walipotafutwa na moja ya vyombo vya habari nchini humo.",kimataifa,kimataifa,burudani,0.7337
SW534,"Kutokana na hali hiyo, imesema inakusudia kuunda kamati ya uchunguzi kubaini hasara ambayo Serikali imepata tangu kuanza kutumika kwa mfumo wa sasa. PAC ilifikia uamuzi wa kuunda kamati hiyo jana baada ya kutembelea makao makuu ya TPA na kubaini mfumo huo ambao umefanya mapato kwa Serikali kupungua. Akitoa taarifa ya miradi inayotekelezwa na TPA, Kaimu Mkurugenzi Mkuu wa TPA, Madeni Kipande alisema ikilinganishwa na mfumo wa awali, huu wa sasa umesababisha mapato kushuka ingawa alishindwa kufafanua ni kwa kiasi gani.""Ni kweli baada ya mabadiliko hayo kuacha kutumia mfumo huo mapato yameshuka,"" Kipande alisema wakati akijibu swali la Makamu Mwenyekiti wa Kamati hiyo, Deo Filikunjombe aliyetaka kujua kama mabadiliko hayo yameleta hasara kwa Serikali. Naibu Waziri wa Uchukuzi, Dk Charles Tizeba alisema hata hivyo Serikali imeagiza hadi mwezi ujao, mfumo huo uwe umefungwa na kukamilika. Hata hivyo, kauli hiyo ilipishana na ya Naibu Mkurugenzi wa TPA ambaye alisema kutokana na mtiririko wa fedha za Mamlaka haitawezekana kufanyika hadi bajeti ijayo. Mwenyekiti wa PAC, Zitto Kabwe alisema katika kipindi cha miaka mitatu tangu kuondolewa kwa mfumo huo, Serikali kwa ujumla inapoteza mapato mengi hivyo kamati hiyo itaundwa kuchunguza hasara hiyo.""Kamati hii itachunguza kuona ni kiasi gani Serikali imepoteza, ni akina nani wanawajibika na mbali na hayo itatoa suluhisho ni nini kifanyike,"" alisema Zitto. Awali mfumo wa zamani ulikuwa ukisoma ni kiasi gani cha mafuta na kuonesha ni kodi kiasi gani kinatakiwa kulipwa, tofauti na wa sasa ambao ni wa kienyeji wa kutumbukiza fimbo. Mfumo huo ulilalamikiwa na wafanyabiashara kuwa unawanyonya na kuondolewa. Kamati hiyo pia ilitoa agizo la kuharakisha upatikanaji wa mkandarasi katika ukarabati wa malango bandarini ili kuongeza mapato ya Serikali. Katika miradi ya TPA ambayo Kamati hiyo ilitembelea ni pamoja na jengo la TPA ambalo likikamilika litaweka wadau wote wa bandari pamoja na kurahisisha huduma. Kamati ilipongeza hatua iliyofikia jengo hilo ambapo ilipewa taarifa kuwa mpaka sasa jengo limefikia asilimia 40 ya ujenzi ambapo thamani ya jengo hilo ni Sh bilioni 94. Hata hivyo, wajumbe wa Kamati walihoji wingi wa miradi ambayo TPA imejipanga kutekeleza ambapo Mamlaka hiyo iliihakikishia Kamati kuwa itaikamilisha kwa wakati, miradi hiyo ni pamoja na ujenzi wa lango la mafuta. Mingine ni ujenzi wa bandari kavu Kisarawe, kuongeza maeneo ya kuhifadhi mizigo, bandari za Mtwara, Tanga, Lindi, Kilwa, Mwanza, Kigoma na uboreshaji wa magati.",biashara,biashara,kitaifa,0.7202
SW3702,"WAZIRI wa Mambo ya Nje na Ushirikiano wa Afrika Mashariki, Profesa Palamagamba Kabudi ameihakikishia jumuiya za kimataifa kuwa Tanzania itaendelea kulinda uhuru wa vyombo vya habari uliojikita katika misingi ya Katiba ya Jamhuri ya Muungano, kukuza demokrasia na haki za binadamu kwa mujibu na muktadha wa nchi. Profesa Kabudi ameyasema hayo jijini Dar es Salaam alipokutana na kufanya mazungumzo na Naibu Msaidizi wa Waziri wa Mambo ya Nje wa Marekani, Balozi Malika James. Amesema Tanzania ni miongoni mwa nchi chache barani Afrika na pengine duniani kuwa na vyombo vingi vya habari ambavyo vingi vinamilikiwa na watu binafsi na kwamba itaendelea kuuheshimu uhuru huo huku akivitaka vyombo vya habari navyo kuheshimu uhuru na haki za watu wengine.""Tutaendelea kuulinda uhuru wa vyombo vya habari, lakini uhuru ambao umejikita katika misingi ya Katiba yetu, pia uhuru ambao utaheshimu uhuru na haki za watu wengine,"" alisema. Kuhusu suala la demokrasia nchini, Profesa Kabudi alisema Tanzania itaendelea kukuza demokrasia kwa mujibu wa muktadha na mazingira ya Tanzania ambayo huenda ikawa ni tofauti na nchi nyingine ikiwemo kutoruhusu ukabila, udini na ubaguzi wa aina yoyote, na kuwa vitu hivyo ni muhimu katika kukuza demokrasia ya nchi.""Pamoja na kwamba sisi sote ni Waafrika, ziko nchi zaidi ya 50 huku kila nchi ikifanya na kujiamulia mambo yake tofauti na nchi nyingine hivyo wasitumie vigezo na muktadha wa nchi nyingine katika kuitathmini Tanzania,"" alisema. Aidha, aliongeza kuwa licha ya Tanzania kuhakikisha inaimarisha uhuru wa vyombo vya habari na kukuza demokrasia, pia inaimarisha haki za binadamu kwa kutumia taasisi zilizopo na kuruhusu uhuru wa mahakama. Katika mazungumzo hayo, wawili hao wamekubaliana kuwa mataifa hayo mawili yaendelee kujadiliana, kuzungumza, kutembeleana na kushirikiana katika nyanja mbalimbali za maendeleo kwa faida ya wananchi wa mataifa yote mawili. Profesa Kabudi alimuomba Balozi James kuhamasisha wawekezaji na wafanyabiashara kutoka Marekani kuja kuwekeza na kufanya biashara nchini kwa kuwa mazingira ya biashara na uwekezaji yameboreshwa zaidi. Naibu Msaidizi wa Waziri wa Mambo ya Nje wa Marekani, Balozi James alieleza kuridhishwa na ufafanuzi alioupata kutoka kwa Waziri Kabudi kuhusu masuala mbalimbali hususani kukuza demokrasia, uhuru wa vyombo vya habari na kukuza haki za binadamu na kuongeza kuwa uwepo wake nchini ni katika kukuza na kuimarisha mahusiano yaliyopo baina ya Marekani na Tanzania. Aliongeza kuwa katika mazungumzo hayo, Tanzania na Marekani zimekubaliana kuendelea kuimarisha ushirikiano uliopo katika sekta za uchumi hususani biashara, uwekezaji na usalama. Akiwa nchini, Naibu Msaidizi wa Waziri wa Mambo ya Nje wa Marekani, Balozi James amepata fursa ya kukutana na kufanya mazungumzo na Waziri wa Nchi katika Ofisi ya Waziri Mkuu, Uwekezaji, Angellah Kairuki na Waziri Afya, Maendeleo ya Jamii, Jinsia, Wazee na Watoto,",kitaifa,kitaifa,biashara,0.7183
SW2857,"Katibu Mtendaji wa Baraza hilo, Beng'i Issa amesema waratibu hao wana wajibu wa kuhakikisha wanatumia ujuzi walioupata kwa faida ya wananchi katika mikoa yao. Jumla ya waratibu 41 wa madawati ya uwezeshaji kutoka katika mikoa ya Ruvuma, Iringa, Njombe, Rukwa, Songwe na Mbeya walipatiwa mafunzo ya siku tatu jijini Mbeya. Mafunzo hayo yalimalizika mwishoni mwa wiki. ""Tumewapatia mafunzo waratibu hawa wakafanye kazi kwa niaba ya baraza kutekeleza sera ya taifa ya uwezeshaji wananchi kiuchumi,"" alisema. Alisema mafunzo hayo yamelenga kuwapatia ufahamu wa kujua wajibu wao, kufanya kazi na jamii, kuibua fursa, kuwaonyesha fursa wananchi na kuwaunganisha na vyombo vya fedha na mifuko ya serikali kupata mikopo kuendeleza shughuli za kijasiriamali. Kwa mujibu wa kiongozi huyo wa NEEC, mafanikio na changamoto zitakazojitokeza katika kanda hiyo zitatumika katika kuboresha kanda nyingine zilizobaki. Alisisitiza kuwa serikali ya awamu ya tano chini ya Rais John Magufuli imeweka kipaumbele katika kuwawezesha wananchi kiuchumi hivyo kupitia waratibu hao wananchi watafikiwa kwa wingi na urahisi. Kaimu Katibu Tawala, mkoa wa Mbeya, Nyasebwa Chimagu alisema waratibu hao wamepatiwa dhamana kubwa na serikali hivyo wakatumike katika kupeleka elimu kwa wananchi juu ya uwezeshaji. Mratibu wa dawati la uwezeshaji, Halmashauri ya Manispaa ya Sumbawanga, Pelisius Kalikule alisema ameyapokea vizuri mafunzo hayo na amejipanga kwenda kufanya kazi aliyopewa na serikali.",biashara,biashara,kitaifa,0.7151
SW238,"UBANDIKAJI wa majina ya wakulima wote wa korosho kwenye mbao za matangazo katika vyama vyao vya msingi, waliolipwa fedha za mauzo ya zao hilo mkoani Mtwara, utaanza kesho ili kuondoa kauli ya kila mkulima kudai kuwa hajalipwa, jambo linaloichafua serikali. Akizungumza na gazeti hili jana jijini Dar es Salaam, Waziri wa Kilimo, Japhet Hasunga alisema amepokea mrejesho wa maagizo aliyotoa kwa wataalamu wa timu ya Operesheni Korosho ya kubandika majina ya wakulima wote waliolipwa na sasa wanamalizia kuyachambua ili kila chama cha msingi kibandike majina ya wanachama wake na kiasi cha fedha walicholipwa.""Nimezungumza na timu ya wataalamu niliowapa maagizo kujua utekelezaji wake, kwa sababu nilitoa muda wa siku saba kuanzia Machi 19 hadi 25, mwaka huu, wawe wamebandika majina hayo, sasa wameniarifu wanamalizia kuyachambua na kuanzia kesho (keshokutwa) wataanza kuyabandika kwenye mbao za matangazo ya vyama vyao vya msingi,"" amesema Hasunga. Amesema ubandikaji wa majina hayo ni lazima uoneshe jina la mkulima, benki aliyolipwa na kiasi cha malipo na kwamba kufanya hivyo hakuna athari yoyote kwa mlipwaji, bali ni kuondoa malalamiko au kauli za kila mkulima kudai hajalipwa, jambo ambalo linaichafua serikali.""Tumeona ni vizuri kila Chama cha Msingi cha Ushirika wa Mazao (Amcos) ambacho wakulima wake wa korosho walilipwa majina yao yabandikwe ili kukata mzizi wa fitina, kwa sababu kuendelea kusema hujalipwa wakati umelipwa na vithibitisho vipo sio sahihi,"" amesema.",biashara,biashara,kitaifa,0.7118
SW5531,"CHUO Kikuu cha Sokoine cha Kilimo (SUA) kimetakiwa kuendelea kuzalisha wataalamu watakaobobea kwenye kilimo kuendeleza kilimo nchini inayotegemewa na wananchi wengi kuwa chanzo cha ajira. Katibu Mkuu Wizara ya Fedha na Mipango, Dotto James alisema hayo ukumbi wa Baraza la Chuo kikuu hicho alipozungumza katika sherehe za utoaji zawadi kwa wahitimu 168 wa SUA waliofanya vizuri. Alisema SUA ni chuo kikongwe pekee ambacho kimejikita kwenye kilimo, hivyo kwa kiasi kikubwa kinategemewa kuzalisha wataalam ambao watawezesha ujuzi wao kwa wakulima hasa waliopo vijijini. Alisema wakulima vijijini wanakosa elimu na ushauri wa kutosha wa uboreshaji wa uzalishaji wa mazao kutokana na uhaba wa maofisa ugani hali inayosababisha kuzorotesha uendelevu wa kilimo cha kisasa. Aliwataka wahitimu hao kuutumia ujuzi walioupata kuisadia jamii hasa wakulima vijijini kuzalisha mazao kuongeza tija. Alisema wakulima wengi vijijini wameshindwa kuzalisha mazao yenye tija kwa muda mrefu kutokana na changamoto mbalimbali zinazowakabili ikiwemo kukosa wataalam kama hao. James alitumia fursa hiyo kuitaka menejimenti ya Chuo Kikuu hicho kuwa na matumizi mazuri ya fedha za umma ili kuwezesha utekelezaji wa mipango yake kama inavyokusudiwa kwa mujibu wa sheria. Makamu Mkuu wa Chuo Kikuu cha Sokoine cha Kilimo (SUA), Profesa Raphael Chibunda alimweleza Chuo Kikuu hicho kimeletewa Sh bilioni 4.8 kwa ajili ya ujenzi wa jengo kubwa la kisasa litakalokuwa na maabara sita zenye uwezo wa kuchukua wanafunzi 100 kila moja ( 600 kwa wakati mmoja). Alitumia fursa hiyo kuishukuru serikali ya awamu ya tano kwa kukiwezeasha kifedha chuo hicho kwa fedha ajili ya ujenzi wa maabara pamoja na kukipatia matekta 10 ya kisasa.",kitaifa,kitaifa,biashara,0.7052
SW6404,"CHUO cha Elimu ya Biashara (CBE) kimetakiwa kupanua wigo wa kutoa mafunzo ya biashara, masoko na ujasiriamali hadi kwa jamii inayokizunguka chuo hicho. Akizungumza katika Mahafali ya 53 ya chuo hicho yaliyofanyika mwishoni mwa wiki, Naibu Waziri, Ofisi ya Waziri Mkuu (Kazi, Vijana na Ajira), Anthony Mavunde alisema chuo hicho kuweka mfumo wa kuelimisha jamii kuhusu biashara, masoko na ujasiriamali kwa jamii. Mavunde ambaye pia ni Mbunge wa Dodoma Mjini, alikipongeza chuo hicho kwa kutoa elimu hiyo kwa, lakini sasa ameiagiza kuweka mkakati kusaidia jamii ili nayo ipate elimu himu muhimu katika kufikia uchumi wa kati 2025. Akizungumza Naibu Waziri-Wizara ya Viwanda, Biashara na Uwekezaji, Stella Manyanya alisema chuo hicho ni muhimu katika ujenzi wa Dodoma mpya, hivyo changamoto zinazohusu wizara hiyo watazifanyia kazi zikiwemo za kuongeza fedha kwa ajili ya ukarabati wa miundombinu ya chuo hicho. Alisema wizara hiyo itakisaidia kuondoa changamoto zilizo chini ya wizara yake kutokana na chuo hicho kuwa mfano bora katika kujenga taifa, hivyo wanafunzi wake wanatakiwa kuwa na nidhamu ili kufikia malengo hayo. Awali akizungumza katika mahafali hayo, Mkuu wa Chuo cha Biashara (CBE), Profesa Emmanuel Mjema alisema chuo hicho kimekuwa kikitoa wahitimu wengi ambao wanachagiza katika maendeleo ya taifa. Alisema pamoja na kutoa kozi ndefu, sasa kinatoa pia kozi fupi ambazo zinasaidia jamii kujifunza masomo mbalimbali yakiwemo ya ujasiriamali, viwanda na biashara na hivyo akawaomba wananchi watumie fursa hiyo kusoma masomo hayo.",kitaifa,kitaifa,biashara,0.7051
SW3116,"KATIKA kuunga mkono sera ya serikali ya kukuza viwanda sambamba na kuwawezesha wananchi kiuchumi, kampuni inayozalisha vinywaji jamii ya soda ya Watercom imetoa ajira kwa wananchi zaidi ya 3000 wanaofanya kazi ya uzalishaji na usambazaji wa bidhaa zinazozalishwa na kampuni hiyo. Aidha, pamoja na ajira hizo, kampuni hiyo pia imeviwezesha kimitaji vikundi 300 vya wajasiriamali vikiwemo 40 vya jijini Dar es Salaam ili waweze kutimiza ndoto zao za kibiashara na hivyo kujinasua kutokana na tatizo la umasikini linalozikabili familia nyingi nchini na dunia kwa ujumla. Akizungumza wakati wa uzinduzi wa vinywaji hivyo Jijini Dar es Salaam jana, Meneja Mauzo wa kampuni hiyo Shiraz Batchu, alisema ujio wa bidhaa hizo zinazozalishwa kupitia uwekezaji uliofanywa na mzawa ni hatua iliyolenga kuunga mkono juhudi za Rais John Magufuli kuanzisha na kuendeleza viwanda hapa nchini. Alisema kampuni hiyo inayojihusisha na uzalishaji wa maji aina ya afya, pamoja na kinywaji hicho imekuja na vinywaji jamii ya soda ambavyo kimsingi vyote vimelenga kunyanyua soko la ndani na nje ya nchi sambamba na kutoa ajira kwa makundi mbalimbali ya wananchi.""Kupitia viwanda vyetu mbalimbali kikiwemo kinachozalisha bidhaa hii mpya ya soda, tumeweza kutoa ajira kwa wananchi mbalimbali pamoja na kuviwezesha kiuchumi vikundi vya akina mama kwa kuvipa mitaji ambayo kimsingi imewasaidia katika kupambana na umasikini,"" alisema Batchu. Alisema kampuni hiyo inayomiliki pia kiwanda cha maziwa cha maarufu kama Dar Fresh, pamoja na kampuni ya mafuta jamii ya Petrol ya Oilcom, imekuja na kinywaji cha kusisimua misuli kiitwacho 'jembe' na Turbo ambavyo humsaidia mtumiaji kuondoa uchovu mwilini"" alisema Batchu. Aidha alisema ukiacha ajira rasmi 3000 zilizotolewa na kampuni hiyo, pia kuna ajira zingine zisizo za moja kwa moja kwa wafanyakazi 300,000 wakiwemo wauzaji na wasambazaji wa bidhaa hizo waliopo maeneo mbalimbali nchini, hatua aliyoidai kuwa kwa kiasi fulani imesaidia kutatua tatizo la ajira kwa vijana wengi nchini. Aidha aliwataka wananchi hususani vijana kuendelea kufanya kazi kwa bidii ili kuunga mkono juhudi za Rais John Magufuli za kuliletea maendeleo Taifa ili kufikia uchumi wa kati wa viwanda ifikapo 2025.",kitaifa,kitaifa,biashara,0.6986
SW143,"Mwanaume katika kijiji cha Obama, jimbo la Migori nchini Kenya amejiua baada ya kuhisi mwanamke aliyemuoa ana uhusiano wa kimapenzi na mtu mwingine. Inadaiwa kuwa, mwanamke huyo alirithiwa na kuwa mke wa mwanaume huyo miezi saba iliyopita baada ya mumewe kufariki dunia. Mwili wa mwanaume huyo aliyejulikana kwa jina la Milton ulikutwa nje ya nyumba yao baada ya ugomvi na mkewe. mwanamke huyo ajulikanaye kwa jina la Anyango amewaeleza waandishi wa habari kuwa, waligombana sana siku ya Jumamosi, lakini Jumapili baada ya mumewe kurudi aliamua kuondoka na kwenda kulala nyumba nyingine ili kuepuka ugomvi.""Ni mwanamume mwenye hasira sana, hivyo alivyokuja mimi nikaondoka ili kuepusha ugomvi, jambo ambalo likamfanya ahisi kuwa nimekwenda kwa mwanaume mwingine,"" amesema Anyango. Kwa mujibu wa mwanamke huyo, mara kwa mara mumewe alikuwa akitishia kumuua.",kitaifa,kitaifa,kimataifa,0.6896
SW583,"SERIKALI ya Mapinduzi ya Zanzibar imesema uvuvi haramu katika maeneo ya hifadhi haukubaliki kwani ndiyo chanzo cha kuharibu mazingira ya baharini ikiwemo matumbawe. Hayo yalisemwa na Waziri wa Maliasili Mifugo na Uvuvi, Rashid Ali Juma wakati alipotembelea kisiwa cha Misali kilichopo Pemba ambacho kipo chini ya maeneo ya hifadhi yanayokabiliwa na aina zote za uvuvi haramu. Alisema kisiwa cha Misali ni miongoni mwa visiwa vichache vyenye rasilimali kubwa ya kitaifa ikiwemo hazina ya viumbe vya baharini pamoja na sekta ya utalii. Aliwataka watendaji wanaosimamia kisiwa hicho kuhakikisha kwamba wanaimarisha ulinzi wa doria za baharini na kupambana na aina zote za uvuvi haramu unaohatarisha mazalia ya samaki.""Kisiwa cha Misali kipo chini ya mpango wa taifa wa uhifadhi wa mazingira ya baharini ambacho ni hazina kubwa kwa viumbe wa baharini na sekta ya utalii,"" alisema. Mkuu wa doria katika idara ya maendeleo ya uvuvi Zanzibar, Haji Shomari alisema doria katika kisiwa cha Misali zimeimarishwa kwa sababu kisiwa hicho kipo jirani za nchi ya Mombasa. Alisema yamejitokeza matukio ya baadhi ya watalii na wavuvi kutoka nchi jirani kuingia katika kisiwa hicho bila ya kibali huku wavuvi wengine wakifanya matukio ya uharibifu wa mazingira. Shomari alikitaja kisiwa cha Misali kuwa miongoni mwa visiwa tegemeo ambavyo viumbe kama Kasa ni moja ya sehemu ya mazalia yao lutokana na utulivu mkubwa uliopo. ""Moja ya kazi kubwa ya kikosi cha doria ni kuimarisha ulinzi katika eneo la kisiwa cha Misali ambapo tumekuwa makini sana katika kupambana na uvuvi haramu,"" alisema. Kisiwa cha Misali chenye urefu wa fukwe zake kilomitar 5, kutokana na utulivu wake viumbe aina ya kasa wamekuwa wakitaga mayai yao kwa kuchimba mashimo pembezoni mwa fukwe na kuondoka. Kisiwa hicho kinatajwa kuwa na idadi kubwa ya samaki adimu ikiwemo kamba, pweza na ngisi ambao hivi sasa bei yao imepanda kutokana na soko lake kutegemea watalii. Hatua hiyo huwafanya watalii mbali mbali kutoka nchi jirani kutembelea kisiwa cha Misali na kufanya utalii za kuzamia wa kuangalia rasilimali ziliomo baharini.",kitaifa,kitaifa,biashara,0.6889
SW6181,"MWENYEKITI wa Bodi ya Shirika la Umeme Tanzania (Tanesco), Dk Alexander Kyaruzi amesema bodi hiyo itatoa ushirikiano wa asilimia 100 kwa shirika hilo katika kutekeleza miradi ya kimkakati ya umeme ambayo itachangia kufikia Tanzania ya viwanda na hatimaye kufanya biashara ya umeme. Dk Kyaruzi ameyasema hayo jijini Dodoma wakati wa kutembelea miradi ya kimkakati wa kujenga njia kuu ya kusafirisha umeme wa kilovolti 400 na upanuzi wa kituo cha kupoozea umeme cha Zuzu. Alisema kwa sasa kazi inayofanyika ni kutekeleza miradi ya kuongeza uzalishaji wa umeme, kuboresha na kujenga njia kuu za kusafirisha umeme na miradi ya kusambaza umeme. Bodi alisema inaisaidia Tanesco kutekeleza vipaumbele vya taifa vya kuhakikisha nchi inakuwa kwenye uchumi wa kati kupitia viwanda ambao unatengemea uwepo wa nishati ya umeme ya kutosha. Kuhusu kusambaza umeme, Dk Kyaruzi alisema kwa kipindi cha miaka miwili iliyopita yamefanyika marekebisho ya usambazaji umeme katika mikoa ya Dar es Salaam, Arusha na Kilimanjaro na kuwa juhudi hizo zimeelekezwa katika mikoa mingine ili kupunguza wasiwasi wa umeme kukatika katika. Kuhusu maendeleo ya upanuzi wa Kituo cha Zuzu, Dk Kyaruzi alionesha kufurahishwa na hatua iliyofikia na kuwa kukamilika kwake kutasaidia Jiji la Dodoma kuwa na umeme wa uhakika. Naye Mratibu wa Mradi wa Ujenzi wa njia kuu ya kilovolti 400 kwa ajili ya kuunganisha mfumo wa Gridi ya Taifa na zile za Kenya kwa upande wa Kaskazini na Zambia kwa upande wa Kusini, Peter Kigadye alisema hatua ya kwanza ya utekelezaji wa mradi huo ni kujenga vituo vinne vya kupoozea umeme wa kilovolti 400. Alisema vituo hivyo ni Dodoma, Singida, Sinyanga na Iringa ambavyo vitagharimu dola za",biashara,biashara,kitaifa,0.6861
SW1780,"Benki Kuu ya Tanzania (BoT) imetangaza kuhamishia mali, madeni pamoja na wafanyakazi wa Benki M kwenda Benki ya Azania. Haya yamesemwa na Naibu Gavana wa BoT, Dk Benard Kibese, mapema leo, Jumanne, alipofanya mkutano na waandishi wa habari jijini Dar es Salaam. Dk Kibese ameeleza kuwa uamuzi huu ulifikiwa ulifikiwa Januari 2, 2019 na unakuja baada ya jitihada za kuinusuru benki hiyo kugongwa mwamba. Alieleza kwamba tangu mwezi Agosti 2018, benki hiyo imekuwa chini ya uangalizi huku vikao kadhaa baina ya wamiliki, bodi pamoja na uongozi vikifanyika bila mafanikio. ikiwa ni pamoja na kupewa siku 90 na baadaye 60 kujinusuru.""Maamuzi yalifikiwa baada ya Benki Kuu kubaini kuwa Bank M ina ukwasi na imeshindwa kulipa madeni yake ikiwa ni pamoja na amana za wateja ,"" alisema. Dk Kibese aliongeza kwamba mpaka Benki M inaunganishwa na Benki ya Azania ilikiwa na madeni ya bilioni 618/-.",kitaifa,kitaifa,biashara,0.6851
SW2605,"Tamasha la muziki la Wasafi Festival linatarajiwa kufanyika kwenye mikoa minane kuanzia Julai mwaka huu. Wasafi Festival litafanyika sanjari na utoaji wa elimu ya matumizi sahihi ya kondom ili kujikinga kupata virusi vinavyosababisha upungufu wa kinga mwilini(VVU) na Ukimwi. Tume ya Kupambana na Ukimwi Tanzania (Tacaids) itatoa elimu hiyo na ni mmoja wa wadhamini wa tamasha hilo. Mkurugenzi wa lebo ya WCB Naseeb Abdul 'Diamond Platnumz' amewaeleza waandishi wa habari jijini Dar es Salaam kuwa, kuna uwezekano mikoa ikaongezeka kwa kuzingatia mwamko wa washiriki kwenye mikoa minane ya kwanza. Tamasha hilo litaanza Julai 12 wilayani Muleba mkoani Kagera, kisha litahamia Tabora Julai 14, na Iringa Julai 20. ""Tumejipanga kupeleka burudani ya kutosha kwenye mikoa husika na tutaendelea kutoa taarifa ya wasanii wangapi watashiriki na wangapi watatoka nje ya nchi,"" amesema Diamond.",kitaifa,kitaifa,michezo,0.6847
SW135,"MASHINDANO ya Vyama vya Michezo kwa Shule za Msingi na sekondari kwa nchi za Afrika Mashariki (Feasssa) yanaanza leo jijini hapa huku wenyeji Tanzania wakiahidi makubwa. Timu za Tanzania kutoka maeneo mbalimbali tayari zimewasili jijini hapa na kuweka kambi katika shule ya Trust St. Patrick kwa ajili ya kushiriki michezo hiyo. Akizungumza na waandishi wa habari jijini Arusha, Katibu Tawala Mkoa wa Arusha ambaye ni Mwenyekiti wa Kamati ya Michezo Mkoa, Richard Kwitega amesema timu hizo zinatoka katika maeneo mbalimbali ndani ya nchi na kusema zitashiriki zipo katika michezo tofauti.""Ushiriki wetu kama nchi ni kushinda michuano hiyo na tunaamini ni fahari kubwa kupata matokeo mazuri, kwani timu zilizopatikana ni kutoka katika mashindano ya Umitashumta na Umisseta na mwisho tutatoka na vikombe na medali za kutosha kulingana na maandalizi yaliyofanyika,"" alisema Kwitega. Alisema hawategemei kuwa wasindikizaji kwani timu zipo imara kabisa na zimejiandaa vilivyo.""Mashindano ya Feasssa tunatarajia kupokea wanamichezo kati ya 3,500 ambao wataambatana na viongozi mbalimbali, wakiwemo walimu, wazazi na waamuzi ambao wanakadiriwa kufika 1,500 kutoka nchi wanachama ambazo ni Kenya, Rwanda, Burundi, Uganda na Zanzibar pamoja na Malawi ambao watashiriki kama waalikwa,"" alisema. Alisema wageni wote hadi kufikia leo watakuwa tayari wameshawasili kutoka nchi hizo, ambazo zilithibitisha kushiriki michezo hiyo, ambayo hufanyika kila mwaka na mwaka itafanyikia kwenye viwanja vya Magereza, Sheikh Amri Abeid, ISM, St. Constantine, TGT na ukumbi wa michezo wa Paloti.""Michezo itakayoshindaniwa ni mpira wa miguu, netiboli, magongo, mpira wa mikono, vinyoya, raga, mpira wa meza na mpira wa kengele ambao utawahusu wanamichezo wenye uoni hafifu au wasioona kabisa,"" alisema Kwitega. Alitoa mwito kwa wananchi kujitokeza kwa wingi kutembelea viwanja hivyo na kutoa hamasa kwa wanamichezo pia watumie michuano hiyo kuona fursa katika maeneo mbalimbali na alisema yatazinduliwa rasmi Agosti 16 na kiongozi mkubwa wa taifa, ambaye hakumtaja. Wakati huohuo, Chama cha Wamiliki wa Shule zisizo za Serikali Mkoa wa Arusha (TAMONGSCO) kimetoa msaada wa maji katoni 1,785 yatakayotumika katika michezo ya Feasssa inayoanza leo hapa.",michezo,michezo,kitaifa,0.6792
SW3516,"MAMLAKA ya Usimamizi wa Shughuli za Bima Tanzania(TIRA) kwa kushirikiana na Chama cha Mawakala wa Forodha nchini (TAFFA), imewataka wasafi rishaji wa mizigo kutoka nje ya nchi kulipia bima za mizigo hiyo kupitia kampuni za hapa nchini ili kukuza uchumi wa nchi. Akizungumza Dar es Salaam jana, Kamishna Mkuu wa TIRA, Dk Baghayo Saqware alisema kwa kuanzishwa kwa utaratibu huo pia kutawezesha Taifa kuokoa mamilioni ya fedha ambazo zinazopotea kwa wasafirishaji hao kulipa gharama za bima nje ya nchi. Alisema katika tathmini iliyofanywa kwa kipindi cha miaka mitano kuanzia mwaka 2009 hadi 2013, Tanzania ilipoteza fedha kiasi cha zaidi ya Dola za Marekani milioni 686, hatua aliyosema kuwa imechangia kampuni nyingi za bima kukosa fedha kwa kutoka kwa wasafirishaji hao. Aidha Dk Baghayo Saqware alisema kuanzishwa kwa utaratibu huo, pamoja na kukuza uchumi wa nchi, pia kumelenga kulinda usalama wa mali na mizigo inayoingizwa sambamba na fedha zinazotoroshwa kwenda nje ya nchi kwa kigezo cha kulipia bima. Alisema kuanzishwa kwa utaratibu huo, umetokana na marekebisho madogo ya Sheria ya Bima Na. 10 ya mwaka 2009 iliyofanyiwa marekebisho madogo Julai 2017 inayotaka majanga yote ya kiuchumi na kijamii yanayohitaji bima kukatiwa bima hizo kupitia makampuni ya bima yenye usajili nchini. ""Mfumo huu tuliouanzisha utaleta faida kwa Taifa na kwa mwananchi mmoja mmoja, kwani utahakikisha usalama wa bidhaa za wananchi zilizokingwa hivyo kuepusha upotevu wa rasilimali za Watanzania,"" alisema Dk Saqware. Alisema kuanza kwa mfumo huo mpya, kunaendana na uwepo wa tovuti maalumu inayoanzishwa ikiwalenga waagizaji wa shehena hizo zinazoingizwa nchini kupitia bandari, reli na barabara kuitumia kwa lengo la kuimarisha na kukuza biashara ya bima nchini. Kwa upande wake Rais wa TAFFA, Joseph Ngatuanga, alisema jitihada hizo zimelenga kuwaondolea usumbufu wasafirishaji ambao baadhi yao walikuwa wakipata tabu ya uhakika wa bima kwa bidhaa zao na hivyo kujikuta wakipata wakati mgumu wa kuagiza shehena hizo.",kitaifa,kitaifa,biashara,0.6579
SW6131,"KATIKA kuhakikisha inakamata fursa za kibiashara ndani na nchi jirani upande wa Kusini, Mamlaka ya Usimamizi wa Bandari Tanzania (TPA) imeelekeza nguvu katika mradi wa upanuzi wa bandari ya Mtwara wenye thamani ya jumla ya Sh bilioni 137. Tayari mradi huo unaokwenda sambamba na maboresho mengine, umeshafikia asilimia 25 ukihusisha ujenzi wa gati mpya, ujenzi wa gati kubwa, uchimbaji wa sehemu ya kugeuzia meli na ununuzi wa kitambo ya kisasa kwa ajili ya kuhudumia meli kubwa kwa kiwango cha kimataifa. Mbali ya kuhudumia mikoa ya Kusini, bandari hiyo iliyoanza kurejesha kasi ya kupokea shehena na meli kwa wingi, pia inahudumia nchi za Malawi, Zambia, Msumbiji na sehemu ya Jamhuri ya Kidemokrasia ya Kongo (DRC). Akizungumzia maboresho na mafanikio ya bandari hiyo kwa kipindi cha miaka mitatu ya serikali ya awamu ya tano chini ya Rais John Magufuli, Meneja wa Bandari hiyo, Nelson Mlali, alisema bandari ya Mtwara kwa sasa inafunguka zaidi kuliko kipindi cha nyuma kutokana na maboresho na utafutaji wa masoko. Alisema upanuzi wa bandari hiyo iliyokuwa na gati moja lenye urefu wa meta 385, ulichagizwa na ongezeko la shehena za mizigo inayohudumiwa bandarini hapo hadi kukaribia uwezo wa juu wa bandari hiyo pamoja na uwekezaji mkubwa katika sekta mbalimbali za kiuchumi unaoendelea katika mikoa ya kusini.""Bandari yetu kwa sasa ina uwezo wa kuhudumia tani 400,000 kwa mwaka na kwenye msimu wa korosho uliopita ambao ulikuwa na mavuno mengi uliongeza shehena hadi tani 377, 590, ambayo ukiangalia inakaribia uwezo wetu, hivyo tukaona uhitaji wa upanuzi ili tuendane na jitihada za serikali za kuvutia uwekezaji ambao kwa kiasi kikubwa utahitaji bandari kusafirisha mizigo na malighafi,"" alisema Mlali. Aliongeza kusema, wanategemea bandari ya Mtwara miaka kadhaa ijayo itakuwa na mizigo mingi kutokana na uwekezaji unaotarajiwa kufanyika katika mikoa ya kusini ikiwemo uzalishaji wa mpunga Kilwa, uzalishaji wa korosho, uchimbaji wa madini aina ya graphite na kilimo cha mihogo kwa ajili ya utengenezaji wa wanga ambapo zaidi ya hekta 3,000 zimetengwa. Makaa ya mawe yanatarajiwa pia kusafirishwa kwa wingi kwenda nje kupitia bandari hiyo inayogeuzwa kuwa ya kisasa zaidi, maboresho yanayokwenda sambamba na bandari nyingine zilizo chini ya usimamizi wa TPA, zikiwemo za Tanga na Dar ea Salaam. Alisema maboresho hayo yataiwezesha bandari hiyo kuhudumia meli kubwa za kimataifa zenye urefu wa hadi mita 211 kutokana na kuwa na gati imara itakayoweza kuhudumia tani 65,000 kwa wakati mmoja. Aliongeza kuwa upanuzi huo wa bandari utaipa uwezo wa kuhudumia hadi tani milioni moja kwa mwaka ambayo ni karibu mara nne ya uwezo wa sasa. Akizungumzia mafanikio yaliyotokana na mabadiliko ya uendeshaji katika miaka mitatu ya serikali ya awamu ya tano, Mlali alisema Bandari ya Mtwara imeongeza kasi ya ukuaji katika kuhudumia shehena za mizingo na kufikia asilimia 16 kwa mwaka kutoka asilimia 13 kwa kipindi cha miaka mitatu mfululizo. Akizunguzia ulinzi na usalama bandarini hapo, Mlali alisema katika bandari hiyo kuna ulinzi imara wa mizigo ya wateja, usalama wa eneo hilo pamoja na ulinzi wa miundombinu ya bandari.",kitaifa,kitaifa,biashara,0.6565
SW1638,"Alisema asilimia 81 ya mabomba yameshawasili eneo la mradi kutoka China. Idadi ya mabomba inayohitajika ni 440 hali ambayo alisema inamfariji kuwa mradi huo utakamilika kwa wakati. Aliongeza kuwa mabomba zaidi ya nusu (kilometa 265 ) yameshaunganishwa kati ya kilometa 542 ambazo ndio umbali wa Mtwara hadi Dar es Salaam. Mtaro ambao umechimbwa hadi sasa ni kilometa 114 kazi ambayo Pinda alisema inaendelea vizuri na inasimamiwa na wataalamu wazuri kutoka Afrika Kusini na nchini. Kuhusu ubora wa mabomba, Pinda alihakikishiwa na mtaalamu mwelekezi anayesimamia mradi huo kuwa yana ubora wa hali ya juu.""Hili la ubora linatuhakikishia tusiwe na wasiwasi, kwani hawa wataalamu wamekwenda hadi China, kukagua utengenezaji wa mabomba haya na kuridhika na ubora wao,"" alisema Pinda. Aliongeza kuwa uhai wa mabomba hayo chini ya ardhi ni miaka 30, na yakifanyiwa matengenezo yana uwezo wa kudumu miaka 50 hadi 70. Jambo ambalo linaonesha mradi utadumu kwa miaka mingi. Awali akimpa maelezo Waziri Mkuu, Mhandisi wa Shirika la Maendeleo ya Petroli Tanzania (TPDC), Baltazar Mroso alisema kati ya kazi zinazofanywa ni kuweka zege kwenye mabomba yatakayotandazwa baharini umbali wa kilometa 25. Alisema asilimia 85 ya kazi ya kutandaza mabomba inafanywa na Watanzania, hivyo mradi umesaidia kuongeza ajira nchini. Pinda alikagua kiwanda cha kusiliba mabomba baharini na ya maeneo ya ardhi oevu kwa saruji, alitembelea maeneo wanayochimba mtaro wa mabomba, alikagua eneo linapoibukia bomba la baharini litokalo Songosongo na sehemu mabomba yanakopindwa.",biashara,biashara,kitaifa,0.6402
SW864,"MREMBO wa vyuo vikuu nchini ya El Salvador, Mariselo De Montecristo ameahidi kujitolea kutangaza vivutio vya utalii vya Tanzania nje ya nchi kwa kuwa bado havijulikani nje ya nchi. Mrembo huyo aliyasema hayo alipokuwa katika Hifadhi ya Taifa ya Tarangire iliyopo mkoani Manyara na kupokelewa na mkuu wa idara ya Utalii ya Hifadhi hiyo, Neema Philipo. Alisema aliposhuka tu katika kiwanja cha ndege cha Kimataifa cha Kilimanjaro, KIA, alijiona yuko katika nchi yenye hali tofauti kimazingira na kila alipokuwa akipata taarifa ya vivutio mbalimbali kutoka kwa muongoza watalii, Denis Meela pale KIA na Tarangire, alijuwa wazi kuwa nchi hii ina vivutio vingi, lakini havijatangazwa nje ya nchi. Montecristo ambaye aliambatana na mama yake mzazi na rafiki yake wa kiume alisema ni mara yake ya kwanza kuja nchini, lakini aliahidi kuwa Balozi mzuri wa kutangaza vivutio katika mji wa Califonia nchini Marekani anakoishi na kufanya kazi.''Ni mara yangu ya kwanza kuja hapa Tanzania na nimefurahishwa sana na vivutio vya kitalii nilivyoviona hapa Tarangire na nitakuwa Balozi wa kutangaza vivutio katika mji wa Calfonia ili watalii wengi waweze kuja kutembelea hifadhi hii,'' alisema.''Zawadi za kitamaduni nilizopewa na uongozi wa Tarangire na akina mama wa kimasai ni kichocheo kikubwa kwangu kuutangaza utalii wa Tanzania nje ya nchi, ""alisema mrembo huyo. Mkuu wa Idara ya Utalii katika Hifadhi ya Tarangire, Neema alisema kuja kwa mrembo huyo kutautangaza utalii nje kwani ameahidi kufanya hivyo baada ya kujionea mwenye vivutio kibao katika hifadhi ya Tarangire ukiachilia mbali wanyama. Neema alisema ameahidi kutembelea hifadhi mbalimbali hapa nchini ikiwemo Mamlaka ya Hifadhi ya Ngorongoro (NCAA) na kupiga picha, lengo ni kuutangaza utalii nje ya nchi. Muongoza Watalii Meela alisema kuwa mrembo huyo amevutiwa sana na vivutio vingi vya hapa nchini na alipokuwa akimpa taarifa za vivutio hivyo alisema angependa kwenda kila sehemu ya vivutio hivyo. Meela amesema, mrembo huyo ameahidi mambo mengi, ikiwemo kuutangaza utalii nje hasa Calfonia anakoishi na ameahidi kuwahimiza warembo wengi zaidi wa nchi mbalimbali kuja nchini kutalii.",michezo,michezo,kitaifa,0.638
SW4399,"USULUHISHI baina ya pande zinazopingana Burundi unatarajia kuanza wakati wowote baada ya Rais mstaafu wa Tanzania, Benjamin Mkapa kukabidhi ripoti yake kwa wakuu wa nchi za Afrika Mashariki (EAC) hivi karibuni. Septemba 2016, Mkapa aliteuliwa na wakuu hao wa nchi za Afrika Mashariki kuwa Mwezeshaji katika mazungumzo ya kubaini kiini cha mgogoro wa kisiasa uliopo nchini Burundi. Kukabidhiwa kwa ripoti hiyo, kunatoa fursa ya kuanza kazi ya kuzipatanisha pande hizo zinazopingana Burundi. Katibu wa Mkapa, Macocha Tembele, amesema si kweli kwamba Mkapa amejiuzulu kuwa Mwezeshi wa kuleta suluhu ya mgogoro wa Burundi, bali amekamilisha kazi aliyopewa tangu mwaka 2016. Tembele amesema katika kutimiza majukumu yake, Mkapa alikuwa na mikutano mitano na makundi yanayopingana Burundi na kutatua na kuyapatanisha makundi hayo katika mambo mepesi yaliyokuwa kwenye uwezo wake. Amesema kazi hiyo ilimwezesha rais mstaafu kujua ni mambo gani hasa pande hizo zinazopingana nchini humo wanakubaliana na yapi hawakubaliani ili kusaidia kuleta suluhu ya kudumu. Kwa mujibu wa Tembele, kwa kuwa Msuluhishi wa mgogoro wa Burundi ni Rais wa Uganda, Yoweri Museveni, hivyo yeye sasa ndiye mwenye wajibu wa kuendelea na hatua ya pili ya upatanishi kwa makundi hayo.""Kwanza niseme kuwa taarifa ya kwamba Mkapa amejiuzulu siyo sahihi, ila kilichopo ni kwamba amemaliza kazi aliyopewa ya kuwa Mwezeshaji wa upatanishi wa mgogoro wa Burundi, hivyo amekabidhi ripoti yake katika mkutano wa wakuu wa nchi za Jumuiya ya Afrika Mashariki waliomwomba kufanya kazi hii,"" alieleza Tembele. Amesema kwa kuwa Rais Mkapa hayuko madarakani kwa sasa, hivyo hana mamlaka ya kwenda kwa undani zaidi katika kufanya maamuzi, bali wenye mamlaka ni wakuu wa nchi walioko madarakani ambao wana mamlaka ya kufanya maamuzi ya kina baada ya kukabidhiwa ripoti hiyo. Hivi karibuni, kulikuwa na taarifa mitandaoni kuwa Mkapa amejiondoa kama Msuluhishi kwenye mazungumzo hayo ya kupata ufumbuzi wa mgogoro wa Burundi, jambo ambalo limethibitishwa na Katibu wake kuwa siyo kweli. Tembele alisema baada ya kuikabidhi ripoti hiyo, wakuu wa nchi za Afrika Mashariki walimshukuru kwa kazi aliyoifanya kwa kukutana na kuzungumza na pande zinazopingana nchini Burundi.",kitaifa,kitaifa,kimataifa,0.6358
SW3914,"Diamond alitangazwa mwanamuziki bora wa kiume katika tuzo hizo zilizofanyika nchini Nigeria Januari 12 huku mwanamuziki Davido wa nchini humu akiibuka na ushindi wa kishindo kwa kunyakua Tuzo tatu. Davido alitwaa tuzo katika kipengele cha wimbo bora wa mwaka 'If', video bora ya mwaka 'If' na mwanamuziki bora wa Afrika wa Mwaka. Washindi wengine katika tuzo hizo na vipengele walivyoshinda ni kama ifuatavyo; Maleek Berry ameibuka msanii bora chipukuzi wa mwaka, Wizkid- msanii bora kidijiti wa Afrika wa mwaka. Destruction Boys-kundi bora la mwaka, Wo-Olamide chaguo la wasikilizaji, Mad Over You-runtown, chaguo la watazamaji. Casper Nyovest-msanii bora wa 'Hip Hop', Maleek Berry-msanii bora wa 'Pop', Young John-muandaaji bora wa muziki , If-Davido, wimbo bora, If-Davido, Video bora, Tiwa Savage-msanii bora wa kike PainkillerSarkodie Ft Runtown- wimbo bora wa kushirikisha, Diamond Platnumz-msanii bora wa kiume. Tuzo hii kwa Diamond ni ishara kuwa muziki wa Bongo fleva unazidi kupaa kimataifa.",michezo,michezo,burudani,0.6354
SW5833,"Akizungumza jana katika viwanja vya Maonesho vya Sabasaba, Ofisa Vipimo wa WMA, Rehema Michael alisema wameanza kutoa elimu kwa umma jinsi ya kubaini wizi huo pamoja na kuwanasa wahusika. Alisema ni kwa muda mrefu wananchi hasa wanunuzi wa mbao wamekuwa wakiibiwa kutokana na baadhi ya wafanyabiashara kuchezesha futi kamba. Alisema wamebaini wizi wa wafanyabiashara wengi wanaotumia futi kamba hivyo inatakiwa kukomesha tabia hiyo kwa kuwanasa wote wanaojihusisha kwa kufanya ukaguzi wa kushtukiza. Mwanasheria wa WMA, Tenes Rwiza alisema wapo kwenye mchakato wa kubadilisha sheria za vipimo kwa kuwa zilizopo zimepitwa na wakati. Alisema makosa ya kuchezea vipimo yamekuwa yakiongezeka siku hadi siku hivyo ni vyema wakabadili sheria ili kukomesha vitendo hivyo. Tenes alisema sheria iliyopo sasa imetungwa mwaka 1982 hadi 2002 hivyo ni vyema ikafanyiwa mabadiliko ili kwenda na wakati. Alisema pia WMA wameamua kupanua wigo kwa kuanza ukaguzi katika upande wa afya, mazingira na usalama.""Tumeona mahitaji ya wananchi katika sekta hiyo ni makubwa hivyo umepokea maombi katika sekta tofauti ya uhakiki,"" alisema Tenes.",biashara,biashara,kitaifa,0.6232
SW6273,"Kanisa na Kiinjili la Kilutheri (KKKT) Dayosisi ya Magharibi Kati limesema, wananchi wa Tabora wanaishi kwenye lulu na kama kuna umasikini si wa vitu ila wa akili. Askofu wa kanisa hilo, Dk. Isaack Laizer amesema mjini Tabora kuwa, atashangaa sana akiona watu kutoka nje ya Tabora wanakwenda mkoani humo kuzitumia fursa na kukuta wakazi wa hapo wanashangaa tu.""Kuna watu, anaketi kitandani anasema Biblia inasema ombeni nanyi mtapewa, bisheni nanyi mtafunguliwa, anaketi kitandani anasema kwa jina la Yesu gari lije, katika jina la Yesu pesa zijae, ndugu zangu hiyo ni bangi"" amesema. Dk Laizer amesema, mabadiliko ni mchakato na ametoa mwito kwa wananchi wa Tabora waamke wazitumie fursa zilizopo kwa kuwa baada ya miaka mitatu ijayo watatafuta ardhi na hawataipata.""Ngoja niwaambie, neema haiji wakati wote, kuna wakati wa neema na kuna wakati neema inatoweka... utashangaa baada ya miaka miwili influx ya watu itakuwa kubwa, kwa nini, kuna maji ya uhakika, kuna barabara , kuna umeme, na nimeshangaa sasa hata barabarani kuna taa za umeme, taa za kuongoza magari, nilipokuja hapa Tabora hazikuwepo"" amesema Dk. Laizer. Amesema Tabora panafaa kwa sababu kuna ardhi ya kutosha, inapatikana kwa gharama ndogo, kuna eneo la kutosha la malisho ya mifugo, miundombinu mizuri, umeme wa uhakika, maji, mazao mengi na hajawahi kuona sehemu yenye asali kama Tabora na kwamba zao hilo la nyuki ni lulu.""Nataka niwaambie watu wa Tabora mnaishi kwenye lulu, watu wa Mungu nataka niseme Tabora panafaa, kama kuna mtu anakuambia Tabora hapafai huyo hakutakii mema, Tabora panafaa... watu wa Tabora naomba mfahamu ya kwamba Tabora panafaa"" amesema. Kwa mujibu wa kiongozi huyo wa kanisa, mwaka jana alipochaguliwa kwenda kufanya kazi Tabora alikataa na kulikuwa na kauli za kumkatisha tamaa, roho mtakatifu akamweleza aende, na baada ya kuishi huko amebaini kuwa Tabora panafaa na hataondoka.""Hapa Tabora panafaa, haondoki mtu hapa, eeh haondoki mtu, tutabanana huku Tabora mpaka kieleweke... haondoki mtu hapo, hasogei mtu hapo, Arusha bai bai""amesema Dk. Laizer. Amesema ili kuthibitisha azma yake, alikwenda kijijini akawaeleza anataka kuwa Msukuma, akaketishwa chini, yeye ni sehemu ya familia ya Wasukuma na sasa jina lake ni Askofu Masanja. Amemshukuru Mkuu wa Mkoa wa Tabora, Aggrey Mwanri kwa kumpa fursa ya kuwa sehemu ya maandalizi ya Jukwaa la Fursa za Biashara Tabora litakalofanyika Novemba 21 hadi 23. Dk. Laizer amesema, Tanzania ni nchi nzuri, ina rasilimali za kutosha na kama zingetumika vizuri nchi hii isingekuwa kwenye orodha ya nchi masikini duniani.""Naishukuru Serikali kwa kuchukua hatua madhubuti za kuhakikisha kwamba rasilimali za Watanzania zinatumiwa na Watanzania wenyewe. Ninajua vita hi sio rahisi, ni vita vya kutoana macho...""Nashukuru sana jitihada za mheshimiwa Rais na Serikali yake kwa kutuingiza kwenye mkakati wa viwanda na uchumi wa kati jambo ambalo kwa hakika litatutoa kutoka sehemu moja kwenda nyingine"" amesema. Dk. Laizer ametoa mwito kwa madhehebu ya dini na Watanzania kwa ujumla waende kuwekeza Tabora na amewaomba wajasiriamali na wafanyabiashara mkoani humo wakae chonjo kwa kuwa baada ya muda mfupi mji huo utajaa.",biashara,biashara,kitaifa,0.6213
SW1639,"WAKATI serikali ikiendelea na ujenzi wa reli ya kisasa kati ya Dar es Salaam na Mwanza yenye urefu wa kilometa 1,219 na pia kukarabati ile ya zamani maarufu kama `Reli ya Kati', Shirika la Reli Tanzania (TRL), limetangaza kugeukia ujenzi wa reli za mijini, ikianza na Dar es Salaam na Dodoma. Lengo la reli hizo, limetajwa kuwa ni kuondoa msongamano katika maeneo ya mijini, lakini pia kuziunga sehemu zenye shughuli kuu za kiuchumi kama viwanda, ili kuweza kusafirisha bidhaa kwa urahisi. Hayo yamesemwa na Mkurugenzi Mkuu wa TRC, Masanja Kadogosa alipokuwa anazungumzia mikakati mbalimbali ya kuimarisha usafiri wa reli nchini. Alisema kwa Dar es Salaam, mbali ya kuimarisha safari za sasa za ndani ya Dar es Salaam na maeneo jirani kama Pugu, zitajengwa pia reli mpya kati ya Mbezi na Bagamoyo, nyingine itakwenda Mbagala, lakini itakuwepo pia ya kwenda Uwanja wa Ndege.""Mpango huu wa kuwa na mtandao mpana wa reli za mijini unalenga kukabiliana na foleni, hasa ikizingatiwa katika miji na majiji kunakuwa na watu wengi, hivyo kukwamisha katika shughuli zao na foleni.""Ndiyo maana tunaangalia uwezekano wa kuwa na mtandao wa reli, tukianza na Dar es Salaam na Dodoma. Haya mambo yapo katika mipango kwa muda mrefu, ila kwa sasa tunakwenda kutenda. Ni suala la muda tu,"" alisema Kadogosa ambaye ofisi yake inajiandaa kufyatua jingo la ghorofa saba eneo la Ihumwa, jirani na mji mkuu wa kiserikali wa Dodoma. Aliongeza kuwa reli hizo zitasaidia pia usafirishaji wa bidhaa kutoka viwandani, kwani zitakuwepo pia zitakazoungwa na viwanda ili kurahisisha usafirishaji wa bidhaa na malighafi. Tayari Dar es Salaam kuna safari za treni za ndani ya jiji, ya Tazara- Pugu-Mwakanga, ya Stesheni ya Dar es Salaam-Pugu na Stesheni ya Dar es Salaam-Ubungo, ambazo zimetajwa kusaidia wakazi wake kutumia muda mfupi wa safari tofauti na mabasi ya abiria. Aidha, kwa kutumia usafiri wa treni, abiria wengi wamekuwa wakisafirishwa kwa wakati mmoja. Mathalani, kwa safari moja, treni kati ya Stesheni-Pugu husafirisha zaidi ya abiria 2,000 kutokana na mabehewa yake kati ya 19 na 23. Behewa moja hubeba abiria kati ya 80 na 120 na safari huchukua kati ya nusu saa na saa moja, wakati kwa safari kama hiyo kwa basi, abiria huweza kutumia hata saa 3-4.",kitaifa,kitaifa,biashara,0.6074
SW2379,"CHUO cha Taifa cha Usafirishaji (NIT) cha jijini Dar es Salaam kinatarajia kuanza kufundisha masomo ya urubani pamoja na uhandisi wa ndege kwa lengo la kupunguza uhaba wa wataalam hao hapa nchini. Pamoja na uhaba wa wataalam hao, kuanzishwa kwa masomo hayo pia kunatarajiawa kupunguza gharama wa kuwafundishia wataalamu hao zilizokuwa zikiligharimu Taifa kuwasomesha wataalamu hao nje ya nchi. Mkuu wa NIT, Prof. Zacharia Mganilwa aliyasema hayo leo Jumatano wakati akizungumza na waandishi wa habari juu ya mahafali ya 34 ya chuo hicho yanayotarajiwa kufanyika kesho. Prof. Mganilwa alisema kwa sasa nchi inaupungufu mkubwa wa marubani na kwamba asilimia 60 ya marubani waliopo wana umri wa kuanzia miaka 55 na wengi wao ni raia wa kigeni. Alisema kwa sasa nchini kuna marubani wapatao 400 lakini mahitaji halisi ya nchi ni marubani 700 hadi 800 na kwamba NIT kuanza kufundisha masomo hayo kutasaidia kupunguza uhaba wa wataalamu hao.",kitaifa,kitaifa,biashara,0.6068
SW4400,"Mkuu wa Doria za Idara ya Maendeleo ya Uvuvi, Haji Shomari alisema katika taarifa yake kuwa samaki wameanza kuingia kwa kuzaliana katika eneo hilo. Shomari alisema utafiti uliofanywa, unaonesha kuwa katika eneo la ghuba, idadi ya samaki wameongezeka. Alisema hiyo pia ni kwa mujibu wa wavuvi wanaovua samaki hao na kuwapeleka sokoni.""Tumefanya utafiti tangu kuwekwa kwa matumbawe hayo bandia mwaka jana, tumegundua kwamba yameanza kuzalisha samaki huku wavuvi wenyewe wakipata samaki wengi zaidi,"" alisema. Mvuvi mmoja wa Kijiji cha Marumbi Wilaya ya Kati Unguja, Shaaban Zubeir alisema matumbawe bandia yameleta faraja kubwa na matumaini mapya kwa wavuvi wa ghuba ya Chwaka na Marumbi, ambao sasa wamekuwa wakipata kipato kizuri kutokana na samaki.""Tunaipongeza Idara ya Maendeleo ya Uvuvi kwa kuleta mradi wa matumbawe bandia ambayo yameleta faraja kubwa na mabadiliko katika sekta ya uvuvi kwa wananchi kupata mapato zaidi ya samaki,"" alisema. Idara ya Maendeleo ya Uvuvi imebuni mradi wa matumbawe bandia, yaliyowekwa baharini kwa ajili ya kuingiza na kuzalisha samaki wapya, kufuatia eneo hilo kuathirika na uvuvi haramu.",biashara,biashara,kitaifa,0.6032
SW5119,"Mwafaka huo ulifikiwa baada ya Kamati ya Kitaifa, iliyoundwa kwa ajili ya kupitia na kubainisha changamoto mbalimbali kuhusu mashine hizo. Mapendekezo ya kamati yalihusu kuongeza uwazi katika mfumo mzima wa kodi kwa mizigo itokayo nje ya nchi, kuanzia mchakato wa uthaminishaji na uondoshaji wa mizigo bandarini, utambuzi wa gharama za manunuzi ndani ya nchi na gharama za uendeshaji zisizotambulika kisheria kwa kutokuwa na stakabadhi. Akizungumza jana Dar es Salaam mbele ya Kamati na Viongozi wa Jumuiya ya Wafanyabiashara nchini, Waziri wa Fedha, Saada Mkuya alisema baada ya kuanzishwa, utaratibu wa kutumika kwa mashine hizo, ulikutana na changamoto mbalimbali zilizosababisha kuibuka kwa malalamiko na migogoro katika jamii. Alisema chini ya mwafaka huo, utasaidia kukusanywa kwa kodi kwa ufanisi, ikiwa ni katika kuingizwa kwa gharama za wafanyabiashara katika mashine hizo. Mkuya alisema mashine hizo hazikuwa na tatizo, lakini mfumo mzima wa utumikaji wake ndio uliokuwa na changamoto kwa wafanyabiashara, ambapo suala la ukadiriaji nalo linafanyiwa kazi. Alisema baada ya kufikiwa kwa muafaka huo, matumizi ya mashine hizo utaanza kukokotoa gharama za mfanyabiashara huku kukiwa na bidhaa 150, ambazo zitaainishwa gharama halisi za bidhaa hizo.""Kule bandarini kumekuwepo na baadhi ya wakala wa kupakua mizigo bandarini ambao sio waaminifu ambao hujikuta wakitoa viwango tofauti vya gharama kwa wafanyabiashara pindi wanapokuwa wakikomboa mizigo yao,"" alisema Mkuya na kuongeza kuwa mfanyabiashara hujikuta akipatiwa risiti tofauti na kiwango halisi kinachotakiwa. Mwenyekiti wa Jumuiya ya Wafanyabiashara, Johnson Minja alisema kupitia mwafaka huo, uwazi na uwajibikaji katika matumizi za mashine hizo, utawekwa wazi, lengo likiwa ni kuongeza ufanisi wa ukusanyaji wa kodi.",biashara,biashara,kitaifa,0.5987
SW291,"Agizo hilo lilitolewa juzi na Mkuu wa Wilaya ya Mbinga, Senyi Ngaga alipofungua mkutano wa Jumuiya ya Serikali za Mitaa (ALAT), uliofanyika mjini hapa. Ngaga alisema viongozi wa Halmashauri, wasipokuwa wabunifu katika kuongeza mapato, hawatakwenda mbele na kuhudumia jamii, ikiwemo ujenzi wa miundombinu, kama vile barabara na miradi ya kilimo.""Tukijiongezea wigo wa mapato katika maeneo tunayowaongoza wananchi wetu, tutaweza kusonga mbele, ni vyema tuzingatie hilo"", alisema Ngaga. Alisema Halmashauri ikitegemea chanzo kimoja cha mapato kufikia malengo iliyojiwekea, itakuwa ni vigumu na kusababisha kushindwa kutoa huduma husika kwa wananchi. Pamoja na mambo mengine, Mkuu huyo wa Wilaya alisisitiza uboreshaji wa kiwango cha elimu katika shule za msingi na sekondari mkoani humo ili kuufanya mkoa huo, ufikie malengo mazuri ya ufaulu, ambayo imejiwekea katika sekta hiyo.",biashara,biashara,kitaifa,0.5968
SW217,"KATIKA harakati za kuunga mkono juhudi za serikali kuboresha huduma za elimu na afya kwa jamii nchini, Benki ya NMB imetenga Sh bilioni moja ili kutoa msaada wa vifaa mbali mbali kwa shule za sekondari na vituo vya afya kwa mwaka 2019. Hayo yamebainishwa na Meneja Mahusiano na Biashara za Serikali wa NMB, Anneth Kwayu, baada ya kukabidhi msaada wa bati 130 na mbao 300, vyenye thamani ya Sh milioni tano. Vifaa hivyo vilitolewa na benki hiyo kwa ajili ya kupauwa vyumba viwili vya madarasa katika Shule ya Sekondari Hassanari Damji ya Bagamoyo mkoani Pwani. Kwayu alisema kiasi hicho cha fedha ni sehemu ya faida inayopata benki hiyo, hivyo imejiwekea utaratibu wa kurudisha fadhila kwa jamii ambao ndio wateja wao. ""Kwa mwaka jana pia NMB ilitenga kiasi kama hicho na mwaka huu pia imetenga fedha kama hizo, na mpaka sasa fedha hiyo ipo, hivyo natoa mwito kwa shule wahitaji wajitokeze kupeleka maombi yao ili kupata msaada huo,"" alisema meneja. Mkuu wa Wilaya ya Bagamoyo, Zainab Kawawa aliwataka wanafunzi wa shule hiyo, kutumia nafasi yao kwa kuongeza juhudi katika masomo, kwani dunia ya sasa inahitaji watu waliosoma katika kujaza nafasi mbalimbali.""Sasa hivi viwanda vinaendelea kujengwa na viwanda hivyo vinahitaji watu waliokwenda shule na wenye ujuzi hivyo ili muweze kunufaika na kukubalika mnapaswa kutumia nafasi yenubkusoma kwa bidii""alisema. Mwenyekiti wa Kamati ya Ujenzi wa shule hiyo, Rajabu Shabani alisema matatizo yanayokabili shule hiyo kuwa ni upungufu wa vyumba vya madarasa na upungufu wa meza na viti. Mwanafunzi wa shule hiyo, Ashirafu Faraja alishukuru uongozi wa NMB kwa msaada huo. Alitoa wito kwa taasisi zingine kuiga mfano huo, hivyo kusaidia kupunguza changamoto zinazozikabili sekta ya elimu nchini.",kitaifa,kitaifa,biashara,0.596
SW582,"Hatua hiyo imekuja baada ya mshitakiwa Masogange kujitetea mwenyewe jana mbele ya Hakimu Mkazi Mkuu, Wilbard Mashauri kutokana na upande wa mashitaka uliokuwa ukiongozwa na Wakili, Constantine Kakula kufunga ushahidi wake baada ya mashahidi watatu kutoa ushahidi dhidi yake. Akiongozwa na Mawakili wa utetezi, Nehemiah Nkoko na Ruben Simwanza, Masogange alidai kuwa hajawahi kutumia dawa za kulevya hata siku moja na kwamba mahakama imuachie huru kwa sababu hana kosa lolote. Masogange ambaye alidai licha ya usanii, alikuwa mfanyabiashara wa nguo na kwamba Februari 14 mwaka huu Polisi walikwenda nyumbani kwake bila yeye kuwapo kwa sababu alikuwa amempeleka mjomba wake Orca deco kununua vitu hivyo walimkuta dada yake. Alidai kuwa polisi hao walimweka chini ya ulinzi dada yake na kumtaka ampigie simu ajifanye anaumwa ili arudi nyumbani. Masogange alieleza kuwa dada yake alimpigia simu na kumweleza kuwa anaumwa sana, naye akamjulisha kuwa atarejea nyumbani muda mchache kutoka saa hiyo alipopigiwa simu na kufika nyumbani saa 12:00 jioni.""Nilipofika nyumbani kwangu getini kabla sijashuka kwenye gari, nilimuona mlinzi amekaa na watu wanne, niliwasalimia na kuingia ndani. Nilipofika ndani nilimkuta dada yangu, askari wa kike na askari wawili wa kiume, ambao waliniambia kuwa wananisubiri mimi na walijitambulisha kuwa wao ni polisi,'' alidai Masogange. Masogange alidai kuwa aliwauliza shida yao na walimweleza wamekwenda kufanya upekuzi, lakini hawakupata kitu chochote. Alidai kuwa baada ya upekuzi huo, walimchukua na kupeleka Kituo Kikuu cha Polisi na walipofika mapokezi akaandikisha jina na wakampeleka rumande ambako alikaa siku tisa. Alidai baada ya kukamatwa Februari 14, mwaka jana , siku iliyofuata akiwa polisi alipelekwa katika ofisi iliyokuwa na watu 15, ambako kwa nyakati tofauti walikuwa wakimuuliza maswali. Masogange anakabiliwa na kesi ya kutumia dawa za kulevya aina ya Heroin na Oxazepam ambapo anadaiwa kuwa kati ya Februari 7 na 14 mwaka jana katika maeneo yasiyojulikana ndani ya jiji la Dar es Salaam alitumia dawa za kulevya aina ya Heroin (Diacety Imophine). Pia anadaiwa kuwa kati ya Februari 7 na 14, mwaka huo huo alitumia dawa za kulevya aina ya Oxazepam.",michezo,michezo,kimataifa,0.5789
SW6117,"Imeelezwa kuwa ujenzi wa jengo la abiria katika Kiwanja cha Ndege cha Tabora ambao utaweza kuchukua abiria 500 kwa wakati mmoja utaanza hivi karibuni ili kuufanya uwanja huo kuwa na hadhi ya kupokea ndege kubwa nyingi. Hayo yamesemwa mkoani humo na Katibu Mkuu wa Wizara ya Ujenzi, Uchukuzi na Mawasiliano (Sekta ya Ujenzi), Mhandisi Joseph Nyamhanga, mara baada ya kukagua uboreshaji wa uwanja huo kwa awamu ya pili, ambapo pamoja mambo mengine amesema kuwa tayari mkataba umeshasianiwa kati ya Mkandarasi na Wakala wa Barabara (TANROADS) na fidia kwa wananchi zimeshalipwa.""Jengo hili lililopo ni dogo ambalo linauwezo wa kubeba abiria 60 tu kwa wakati mmoja hivyo Serikali imeamua kuongeza ukubwa wa jengo hili ili liweze kuwa na hadhi ya kupokea abiria wengi kwa wakati mmoja"", amesema Katibu Mkuu huyo. Amefafanua kuwa ujenzi wa jengo hilo unagharamiwa na Benki ya Uwekezaji ya Ulaya na utagharimu kiasi cha shilingi bilioni 29. Ameongeza kuwa ujenzi wa jengo hilo mkoani humo utaenda sambamba na utekelezaji wa uboreshaji wa viwanja vya ndege vingine vitatu kwa kiwango cha lami ambavyo ni Kigoma, Sumbawanga na Shinyanga. Mhandisi Nyamhanga amesisitiza juu ya lengo la uboreshaji wa viwanja vya ndege hapa nchini ambayo ni azma ya Serikali ya Awamu ya Tano ya kuongeza kasi ya ukuaji wa uchumi kupitia usafiri wa Anga.""Serikali inanunua ndege zenye ukubwa wa aina tofauti tofauti hivyo ni lazima ziende sanjari na uboreshaji wa miundombinu mbalimbali ya viwanja vya ndege hapa nchini"", amesisitiza Mhandisi Nyamhanga. Mapema Kaimu Meneja wa Kiwanja cha Ndege cha Tabora, Godfrey Kaaya, alitoa taarifa kwa Katibu Mkuu huyo ya mradi wa upanuzi na uboreshaji wa kiwanja hicho kwa awamu ya pili uliohusisha upanuzi wa ujenzi wa maegesho ya ndege kwa kiwango cha lami, barabara unganishi za kutua ndege ndogo, ujenzi wa mitambo ya kuongozea ndege, taa za kuongozea ndege, jengo la kuchukulia umeme na jeneta kubwa. Katibu Mkuu wa Sekta ya Ujenzi, Mhandisi Nyamhanga, yupo katika ziara ya kikazi mkoani Tabora ikiwa ni lengo la kukagua miradi mbalimbali inayosimamiwa na sekta yake hususani barabara, madaraja na kiwanja cha ndege.",kitaifa,kitaifa,biashara,0.578
SW3794,"MAMLAKA za maji safi na usafi wa mazingira nchini zinazidai taasisi za serikali madeni ya ankara za maji jumla ya Sh bilioni 39.6 hadi kufikia Novemba mwaka jana. Kati ya fedha hizo, Mamlaka ya Maji Safi na Usafi wa Mazingira jijini Tanga (Tanga Uwasa), wanadai Sh bilioni 2. Hayo yamezungumzwa na Katibu Mkuu wa Wizara ya Maji na Umwagiliaji, Profesa Mkumbo Kitila mwishoni mwa wiki katika ziara ya kikazi ya siku moja katika Mamlaka ya Maji Safi jijini Tanga. Profesa Kitila alisema madeni hayo yamekuwa changamoto kubwa kwa mamlaka hizo kutokana na kukwamisha uendeshaji wake. ""Mamlaka hizi huwa zinajiendesha zenyewe kutokana na makusanyo ya fedha za ankara za maji kutoka kwa wateja, kazi ya serikali ni kuwekeza mtaji tu,haya madeni ni changamoto kubwa ya uendeshaji wa mamlaka hizi,"" alisema Katibu Mkuu. Aliongeza, ""kuna njia tatu za kulipa madeni ambazo hizi taasisi zinatumia, kuna njia ya kupewa hela na serikali kulipiwa na hazina au kuchangiwa na wateja wengine lakini changamoto kubwa wanapopewa hela na serikali kulipa madeni huwa hawalipi.""Alisema wamepewa maagizo na Kamati ya Kudumu ya Bunge ya Hesabu za Umma (PAC) kuwa kabla ya Bunge lijalo la bajeti madeni hayo yawe yamelipwa.",kitaifa,kitaifa,biashara,0.5761
SW1080,"NCHI wanachama wa Jumuiya ya Afrika Mashariki (EAC) zinafi kiria kugeukia kilimo cha mianzi kama moja ya vyanzo vya fedha za kigeni kutokana na soko la bidhaa hiyo kuongezeka kwa kasi duniani. Kwa sasa, bidhaa zitokanazo na mianzi zinatajwa kuwa na thamani ya Dola za Kimarekani bilioni 7 (zaidi ya Sh trilioni 15.4 za Tanzania kwa mwaka) kote duniani. Ni kutokana na ukweli huo, baraza la kisekta linaloshughulikia kilimo na usalama wa chakula, limeshauri nchi za EAC kufanya utafiti kabla ya kugeukia moja kwa moja katika kilimo hicho kinachoziingizia fedha nyingi nchi za Asia-Pasifiki. Soko la mianzi linakua kwa kasi kutokana na kufaa kwa uzalishaji chakula, utengenezaji wa karatasi, mbadala wa mbao, kazi za sanaa za mikono, mkaa, ujenzi wa nyumba na vibanda vya kisasa, mabomba ya maji, mapambo, chakula, pombe, dawa, nyuzi za kutengenezea magodoro na kadhalika. Katika kikao kilichomalizika hivi karibuni cha mawaziri wa kilimo, pia imeziagiza nchi wanachama wa EAC kulinda vyanzo vya maji kwa kupanda mianzi katika kingo zake na pia matumizi mengine yenye manufaa kwa jamii. Maazimio hayo yamechangiwa pia na ripoti ya EAC iliyotokana na Mafunzo ya Teknolojia ya Mianzi ya mwaka 2018 yaliyofanyika kati ya Aprili na Juni huko Hangzhou, China. Mafunzo hayo yaliandaliwa na Kituo cha Taifa cha Utafiti wa Mianzi China (CBRC) na kudhaminiwa na Wizara ya Biashara ya China yalikusanya washiriki kutoka nchi za Tanzania, Kenya, Uganda, Argentina, Brazil, Colombia, Peru, Thailand, Timor Mashariki na Sekretarieti ya EAC. Taasisi ya Future Market Insights ya London, Uingereza itatabiri kuwa, takribani tani milioni 63 zitauzwa kote duniani ifikapo mwaka 2027 na kutoa mapato ya zaidi ya Dola bilioni 10 (sawa na Sh trilioni 22 za Tanzania).",kitaifa,kitaifa,biashara,0.5709
SW1848,"Akizungumza na gazeti hili katika mkutano na waandishi wa habari jijini Dar es Salaam jana, Mwenyekiti wa kamati ya maandalizi ya ziara hiyo ya Dk Munroe nchini, Thomas Massamu alisema Dk Munroe atakuwa na mkutano muhimu na wanafunzi wa vyuo mbalimbali vya elimu ya juu hapa nchini katika ukumbi wa Nkrumah uliopo Chuo Kikuu cha Dar es Salaam (UDSM). Katika mkutano huo, Dk Munroe ataelezea nafasi ya vijana katika mazingira ya kisiasa na kijamii, na kuwaeleza namna ambavyo wanaweza kuwa mawakala wa mabadiliko. Kabla ya kuondoka, Dk Munroe atafanya mkutano juu ya masuala ya uongozi ambao utahusisha wafanyabiashara, viongozi wa Serikali pamoja na wanasiasa. Mwenyekiti wa mradi wa Dk Munroe nchini, Stella Matte alisema Dk Munroe amekuwa akisafiri duniani kwa ajili ya kuzungumzia masuala muhimu yanayogusa binadamu.",biashara,biashara,kitaifa,0.5707
SW4912,"Alisema kutokana na kasi hiyo, anaamini ujenzi utakamilika kwa muda muafaka, na uzalishaji wa saruji kuanza Juni mwakani kama walivyopanga. Akizungumza mkoani hapa juzi baada ya kupata maelezo ya ujenzi kutoka kwa uongozi wa Kampuni ya Sinoma ya China inayojenga kiwanda hicho, na kuangalia namna ujenzi unavyoendelea, Dangote alisema ameridhika na hatua iliyofikiwa.""Nina furaha maendeleo ya ujenzi ni mazuri, wanajenga kwa kasi kubwa, naamini tutafikia malengo yetu ya kuanza uzalishaji ya saruji Juni mwakani,"" alisema Alhaji Dangote. Pia, alisema kuwa kiwanda hicho kitaanza uzalishaji wake kwa kutumia makaa ya mawe na watatumia nishati ya gesi, itakapoanza rasmi kuzalishwa.""Tutaanza kuzalisha kwa kutumia makaa ya mawe, hatujajua gesi itakuwa inauzwa kwa shilingi ngapi kwa uniti moja ila ni vizuri pia kutumia nishati ya gesi,"" alisema. Kwa mujibu wa makubaliano, mradi huo unatakiwa kukabidhiwa Juni 2015, na kuanza uzalishaji, lakini kampuni ya Sinoma iliyopewa jukumu ya ujenzi wa mradi huo, imeeleza kuwa watakamilisha ujenzi Aprili mwakani.",biashara,biashara,kitaifa,0.5698
SW2483,"TANZANIA imefanya maboresho makubwa na kutengeneza mazingira rahisi ya uwekezaji kwa ajili ya mtu yeyote kuwekeza nchini bila usumbufu. Waziri Mkuu, Kassim Majaliwa ameliambia Bunge jana kwamba miongoni mwa mazingira hayo ni pamoja kuweka mfumo wa kielektroniki, unaowezesha wawekezaji kuomba leseni, ardhi na ithibati ya uwekezaji kutoka popote walipo bila kulazimika kufika nchini. Alisema hayo wakati akijibu swali la papo kwa hapo la Mbunge wa Viti Maalumu, Jasmine Tiisekwa (CCM), aliyetaka kusikia kauli ya serikali kuhusu wawekezaji wanaosumbuliwa. ""Serikali ya Awamu ya Tano imejielekeza katika uchumi wa viwanda na kuweka mazingira ya uwekezaji. Hata hivyo wawekezaji wengi wanasumbuliwa. Nini kauli ya serikali kuhusu suala hilo?"" Alihoji Tiisekwa. Waziri Mkuu alisema ni kweli nchi imejikita katika kuboresha uchumi wake wa viwanda, ambavyo vinatoa fursa kwa Watanzania na mtu yeyote kutoka nje kuja kuwekeza. Akielezea maboresho yaliyofanyika, alisema awali serikali ilikuwa ikitumia Kituo cha Uwekezaji (TIC), lakini Rais ameanzisha wizara maalumu ya uwekezaji na kuteua waziri na katibu mkuu kusimamia uwekezaji kwa ukaribu zaidi, kuondoa usumbufu kwa wawekezaji. Januari mwaka huu Rais John Magufuli alimteua Angellah Kairuki kuwa Waziri wa Nchi, Ofisi ya Waziri Mkuu anayeshughulikia Uwekezaji. Majaliwa alisema wamefikia hatua nzuri kwa kutengeneza andiko maalumu linaloonesha njia rahisi za uwekezaji nchini kuondoa usumbufu. Kituo cha Uwekezaji (TIC) kimeboreshwa kwa kukaribisha wizara zote zinazoguswa na uwekezaji kwa kuwa na mtu wao kuwezesha mwekezaji anapofika kupata huduma zote karibu. Alisema zipo takribani idara 11 za kuhudumia wawekezaji. Waziri mkuu alitaka wilaya na mikoa kutenga ardhi kwa ajili ya uwekezaji.",kitaifa,kitaifa,biashara,0.5686
SW4856,"SANAA ya muziki hupendwa na watu wa rika zote kwa maana ya watoto, vijana na wazee. Wapo wanaozaliwa na vipaji vyao vya kuimba, wapo wanaorithi kizazi hadi kizazi labda mama, baba, babu au bibi katika familia waliwahi kuwa wanamuziki lakini pia, wapo wanaojifunza. Lakini yote kwa yote, muziki ni burudani ndio maana wanaousikia ukipigwa wapo watakaotikisa kichwa kulingana na ujumbe utakavyomkuna, wapo watakaoinuka kucheza na wengine watacheza wakiwa wamekaa. Mbali na burudani hufundisha, kuelimisha na kukosoa inategemea na ujumbe wake. WASANII WATOTOHivi sasa kuna watoto wawili wa Abdallah Issa wameamua kujiingiza katika muziki wa kufoka maarufu kama 'hip hop' lakini ndani yake wakijitahidi zaidi kuimba maendeleo yaliyofanywa na kiongoza wa nchi Rais John Magufuli. Wameamua kuja na kitu tofauti kulingana na walivyoguswa na kile, ambacho Rais Magufuli amekuwa akikifanya kila siku katika kuleta maendeleo. Watoto hao ni Mnora Abdallah ambaye ni kijana mdogo mwenye umri wa miaka 11 anayesoma darasa la tano shule ya msingi Vingunguti na Nasra Abdallah mwenye umri wa miaka 15 anayesoma kidato cha pili shule ya sekondari Kinyamwezi Chanika. Wameachia wimbo wao unaitwa Babu Magufuli kusifia maendeleo yaliyofanywa na kiongozi huyo wa nchi katika kipindi alichokaa madarakani wakisema wamevutiwa na utendaji kazi wake. ASEMAVYO NASRANasra aliyeambatana na mdogo wake Mnora pamoja na baba yake kwenye ofisi za magazeti ya serikali zinazocapisha HabariLeo, Daily News na SpotiLeo zilizopo Tazara Dar es Salaam anasema anapenda jinsi Magufuli anavyobadilisha nchi kwa maendeleo kwa kila sekta.""Napenda kuona anavyoleta maendeleo, amejenga madaraja, barabara hata kwenye shule tunaona baadhi ya vitu viko tofauti, kwa kweli anafanya juhudi kubwa kukuza uchumi wa nchi,"" anasema. Anasema kuimba kwao muziki wa kumsifu kiongozi huyo ni kumtia moyo ili aendeleze jitihada zake lakini ajue kuwa hata wao kama watoto wanathamini kile anachokifanya. Msichana huyo anasema huo ni wimbo wao wa kwanza wamefanya na mdogo wake wakiwa wanasimamiwa na baba yao ambaye pia, ni msanii wa sanaa za asili na mwigizaji japo si maarufu. ATAMANI MAKUBWAAnasema anatamani kufanya makubwa katika sanaa yake wakati akiendelea na masomo kwani vyote vina umuhimu mkubwa katika maisha yake lakini anabainisha kuwa bado hukabiliwa na changamoto hasa kifedha. Miongoni mwa wasanii wakubwa wanaomvutia na kutamani kufikia mafanikio yake ni Faustina Charles 'Nandy' akisema ana sauti nzuri na hata nyimbo zake ni nzuri pia. MNORA ANASEMAKwake Mnora ukimtizama machoni anaonekana mjanja ila mwenye aibu, lakini mambo aliyoyafanya katika muziki wake ni makubwa. Kuimba sio kazi rahisi lakini ameonesha uwezo wake wa kuimba sambamba na dada yake pasipo kuogopa huku akimshukuru baba yake kwa kujaribu kuwa pamoja nao na kuwaunga mkono katika juhudi zao za kuendeleza sanaa hiyo. Anasema wimbo huo wametungiwa mashairi na baba yao, ambaye amekuwa akipenda pia muziki na akitamani watoto wake wafike mbali hapo baadaye baada ya kumaliza masomo yao.""Ukweli baba yetu amekuwa pamoja nasi kutuunga mkono nasi tunatamani kufika mbali ndio kwanza tunaanza safari ya muziki na wimbo wetu wa Babu Magufuli ndio kwanza, tunatarajia kufanya mengi baadaye kulingana na mapokeo yetu katika jamii,"" anasema. Anasema yeye kama mtoto anaona mambo mengi mazuri yanayofanywa na Rais Magufuli hivyo, kuimba muziki wenye ujumbe wa kumsifu ni fahari kwake. Mtoto huyo anasema anasiku hizi hawapigwi sana. Ndipo na yeye akamwambia ni Rais wa awamu ya tano kwa hiyo akaona ni watoto wanaojaribu kufuatilia mambo. CHANGAMOTOAnasema kwa wasanii wanaoanza hupata wakati mgumu wa kukubalika haraka akihimiza jamii kuwapokea vijana wake ili waweze kutimiza ndoto zao. Nyingine anasema mitaji ya kuingia studio na kupata nafasi ya kutambulika ni ngumu pia. MALENGO YAOAnasema wameanza hivyo taratibu wanategemea kama watapokelewa vizuri basi baadaye waanzishe bendi ila katika kufanikisha hilo wanaomba ufadhili kutoka kwa wadau mbalimbali.",michezo,michezo,kitaifa,0.5679
SW2037,"Nchemba aliyasema hayo mwishoni mwa wiki bungeni mjini hapa wakati akijibu hoja mbalimbali za wabunge zilizotolewa katika mjadala wa hotuba ya bajeti ya Ofisi ya Waziri Mkuu na Tamisemi kwa mwaka wa fedha 2015/16. Akijibu hoja hizo, ambazo nyingi zilitolewa na wabunge wa vyama vya upinzani wakisema serikali haijafanya chochote katika miradi ya maendeleo bali kilichoongezeka ni deni ya taifa, Nchemba alisema hata kama TRA na Halmashauri zote nchini zingekusanya mapato kwa asilimia 100, zingefikia asilimia 62 ya bajeti.""Kwanza watu wanaotazama bunge hili huko nje wakiwasikia hawa wanaosema serikali haijafanya chochote watawashangaa, wengi wanalalamika deni la taifa limeongezeka, ila miradi ya maendeleo iliyofanywa hawaioni..."",alisema Nchemba. Alifafanua, ikiwa TRA pekee ingekusanya mapato kwa asilimia 100 fedha hizo zingekuwa ni asilimia 57 ya bajeti na kwamba kama rais angeamua asikope taifa lingekuwa wapi hivi leo, hakuna nchi iliyotulazimisha kukopa,ila hiyo asilimia inayobaki ya bajeti ni lazima ipatikane kwa wahisani,"" alisema Nchemba. Na kuwashangaa wabunge wa upinzani ambao wamekuwa wakibeza miradi mbalimbali na kusema kama wanapenda miradi iliyofanywa ni lazima wapende na deni lililopo.""Hivi unalipendaji jengo la bunge tunalokaa humu ndani ambalo tumelijenga kwa mkopo halafu usiupende mkopo wenyewe, utakipendaje Chuo Kikuu cha UDOM, kilichojengwa kwa mkopo alafu usipende deni lake"", hivyo hivyo kwa miradi ya barabara, umapita kwenye barabara nzuri halafu hampendi madeni yake,"" alihoji Nchemba. Na kusema miradi ipatayo 360 iliyotekelezwa nchini imekamilika na mingine iko kwenye hatua za mwisho kutokana na fedha za mikopo kutoka kwa wahisani wa maendeleo, na kwamba hata reli ambayo inagharimu Sh trilioni 15 ni fedha za mkopo.""Ni vyema tukatimiza wajibu wetu, na ni heri aliyechoka kwa kufanya kazi kuliko yule mvivu aliyechoka kwa kutotambua kazi zilizofanywa,"" alisisitiza Nchemba. Na kusema deni la nchi lililofikia takribani Trilioni 30, Nchemba alisema bado linalipika kwani kuna viashiria vyote vinavyoonesha ulipikaji wake na kwamba nchi haiwezi kuendelea bila kuwa na mikopo.""Tumekopa nchi mbalimbali, India, China, Japan na nchi nyingine na fedha zimetumika kwenye miradi ya maendeleo na leo mmeona mafanikio yake , kuna mtandao wa barabara za lami ambao umerahisisha usafiri kwa wananchi na kuokoa muda.",biashara,biashara,kitaifa,0.5677
SW4525,"MWAKA jana, Mkurugenzi Mtendaji wa Mamlaka ya Usimamizi wa Bandari Tanzania (TPA), Deusdedit Kakoko, alifanya mahojiano na gazeti hili na kusema kwamba kimsingi majukumu makubwa ya mamlaka hiyo yanatokana na sheria ya Bunge iliyoanzisha TPA. Alisema sheria hiyo namba 17 ya mwaka 2004 inasema kwamba kazi za TPA ni kuhakikisha inajenga, kuendeleza na kusimamia bandari zote nchini. Akijibu swali la Bandari ni nini, Kakoko alisema eneo lolote lile ambalo chombo cha majini, hata kama ni mtumbwi, kinakwenda, inaweza kuwa kwa madhumuni ya kufanya biashara, kubeba abiria au kwa sababu ya kujihifadhi dhidi ya upepo mkali, kipindi chote ambacho chombo hicho kitakuwa kimesimama mahala hapo, kwa mujibu wa sheria, eneo hilo ni bandari.""Hivyo, Mamlaka ya Usimamizi wa Bandari Tanzania inaangalia mahali kokote ambako vyombo vya majini vinakwenda na kusimama kwa ajili ya biashara au shughuli nyingine,"" alisema. Alisema baadhi ya watu hawana uelewa wanapoamua kuanzisha bandari bila kujua kwamba kwa mujibu wa sheria kila bandari lazima iwe chini ya usimamizi wa TPA.""Ndio maana unasikia maneno kama bandari haramu, bandari bubu, bandari zisizo rasmi au bandari binafsi kwa sababu watu wanaanzisha bandari bila kujua sheria zinasemaje huku wakitaka kuendelea na hizo bandari,"" alisema. Alisema kwamba wakati mwingine wanaoanzisha bandari hizi zisizo rasmi ni taasisi za umma lakini nao unakuta hawana uelewa kuhusu sheria inasema nini kuhusu bandari. Akasisitiza kwamba moja ya jukumu la TPA ni kujenga na kuendeleza bandari kwenye eneo la bahari nchini kuanzia eneo la kaskazini ambako Tanzania inapakana na Kenya hadi kusini inakopakana na Msumbuji. Pia kwenye maziwa yote hasa yale ya Ziwa Victoria, Tanganyika, Nyasa na kwenye mito.""Hivyo utaona kwamba bandari inaweza kuwa tayari imeendelezwa au imejengwa na TPA, lakini inaweza ikawa haijajengwa na kuendelezwa na TPA pia,"" alisema. Mkurugenzi huyo Mkuu alisema kazi nyingine ya TPA ni kushirikiana na taasisi zingine za umma au sekta binafsi kuendeleza bandari nchini. ""Pamoja na kujenga na kufanya matengenezo au kushirikiana na wawekezaji wengine, TPA tuna kazi pia ya kuendesha shughuli za kibandari. Yaani, bila kupitia kwa mtu mwingine, tunapokea meli, tunazileta bandarini, tunazifunga, tunaanza kupakia mizigo au kupakua pamoja na kutunza shehena tukisaidiana na wadau wengine,"" alisema. Hivi karibuni, gazeti hili lilifanya mazungumzo na Meneja wa Bandari za Ziwa Victoria, Morris Mchindiuza, akiwa ofisini kwake jijini Mwanza, ambapo anasema moja ya changamoto wanazokutana nazo ni ziwa hilo kuwa utitiri wa bandari bnafsi. Meneja huyo anasema ziwa hilo katika fukwe zake hadi visiwani, kwa upande wa Tanzania kuna bandari zisizo rasmi zaidi ya 300. ""Licha ya sheria kueleza waziwazi kwamba TPA ndio pekee yenye mamlaka ya kusimamia bandari, lakini kumekuwa na changamoto kidogo kwa baadhi ya halmashauri kuelewa na kusaidia TPA katika kutekeleza sheria hii ya Bunge (17/2004),"" anasema. Anasema katika kupambana na tatizo hilo wamekuwa wakitoa elimu kwani baadhi ya watu hawana kabisa uelewa huo. ""Tulianza kufanya mikutano na wakuu wote wa mikoa mitano inayozunguka Ziwa Victoria (Mara, Mwanza, Kagera, Simiyu na Geita), kwa kuwaeleza juu ya hii sheria na pia tumekutana na wakuu wa wilaya zote ambazo ziko pembezani mwa Ziwa pamoja na wakurugenzi wa halamshauri zote,"" anasema. Mchindiuza anasema bado",biashara,biashara,kitaifa,0.5643
SW3709,"KAMPUNI ya Vodacom Tanzania imeongeza ushiriki wa wasichana katika masuala ya sayansi, teknolojia, uhandisi na hisabati (STEM), kupitia mafunzo ya teknolojia ya ku-code yaliyodhaminiwa na kampuni hiyo. Awamu ya pili ya mafunzo hayo ilichukua siku tano na kushuhudia wanafunzi 59 wakihitimu mafunzo yaliyofanyika katika Taasisi ya Dar Teknohama Business Incubator (DTBI). Shirika la Sayansi na Utamaduni la Umoja wa Mataifa (UNESCO) linasema, 'ushiriki wa wanawake katika sayansi na teknolojia ni mdogo ukilinganisha na wanaume. Code like a girl ni programu ya kimataifa yenye lengo la kuandaa wasichana kuwa na ujuzi unaohitajika katika soko la ajira ya tekinolojia. Vodacom imesema, kwa kushirikiana na DTBI, mafunzo hayo yalijumuisha elimu ya lugha za kompyuta na utengenezaji wa programu kama HTML, CSS, GitHub and Bootstrap. Mafunzo yalitolewa kwa mfumo wa ushirikiano na yalijumuisha mafunzo ya kijamii na ku-code kuwawezesha kutengeneza tovuti. Washiriki pia walipata mafunzo kuwasilisha mada na mawasiliano.""Tumefurahishwa na wanafunzi waliohudhuria semina hii, wiki ilifana na mafunzo mbalimbali ya maisha, coding, mawasilisho, na mafunzo ya ujuzi wa mawasiliano, "" ilisema Vodacom.""Wasichana walikuwa wamiliki wa tovuti ambazo walitengeneza wao "" alisema Zaituni Ally, Mkuu wa Kitengo cha Ufanisi wa Shirika akimwakilisha Mkurugenzi wa Rasilimali Watu Vodacom, Vivienne Penessis na kuongeza:""Mabadiliko ya kidijitali yanatokea kila mahali duniani, hivyo ni muhimu kuandaa wasichana kwa mabadiliko haya katika soko la ajira"". Ofisa Mtendaji Mkuu wa DTBI Dk George Mulamula alisema; ""awamu ya kwanza ya mafunzo, tuliona idadi kubwa ya wanafunzi, hasa wasichana katika shule za sekondari wanafundishwa kwa nadharia badala ya vitendo kuhusiana na teknolojia ya Mawasiliano (ICT).""Hivyo basi mkakati huu wa mafunzo haya una lengo la kuwawezesha wasichana nchini kote kupata elimu ya ICT, kuwasaidia kupata fursa mbalimbali katika mazingira ya teknolojia kama vile vijana wenzao wa kiume, "" aliongeza. Lengo la Vodacom ni kutoa fursa wasichana nchini kote kushiriki a masomo ya STEM; ""Coding ndio nati na spana za dijitali siku zijazo. Kupitia mipango kama hii, tunatarajia kuona wasichana wengi katika Teknolojia. Pia kuwasaidia vijana kupanua ujuzi wao kupitia teknolojia kuleta maendeleo, ""alielezea Zaituni.",kitaifa,kitaifa,biashara,0.5589
SW5356,"Imeelezwa kuwa idadi ya watalii wanaotembelea imekuwa ndogo kuliko vituo vilivyoko. Kwa kiasi kikubwa hali hiyo imedaiwa kuwa inachangiwa na usafiri wa treni ya awali, ambao hauna uhakika na huchukua muda mrefu zaidi. Kauli hiyo imetolewa na Mhifadhi Mkuu wa Makumbusho ya Dk David Livingstone na Henry Morton Stanley, Kassim Govola wakati akizungumza na gazeti hili kuhusu hali ya utalii na ujio wa treni hiyo mpya, iliyoanza safari zake mkoani humo, treni ambayo inatajwa kusimama katika vituo 14 pekee. Alisema mkoa huo kuna maeneo mengi ya utalii na alitaja baadhi yake kuwa ni Hifadhi ya Sokwe ya Gombe ambayo ni ya kipekee katika Afrika Mashariki, njia ya miembe ya watumwa inayokwenda hadi Bagamoyo, Hifadhi Mahale na maeneo mengine. Govola alisema kwa kawaida imekuwa ni vigumu kwa watalii wa kutoka nje ya nchi na wa ndani, kusafiri kwa kutumia muda mrefu kwenda kutembelea vituo vya utalii vilivyoko mkoani.""Kwanza nitoe shukrani zangu kwa serikali kuanzisha treni hii, kwa sababu sasa idadi ya watalii itaongezeka maana wengi walikuwa wanashindwa kuja kwa sabnabu huku ni mbali sana na treni ile ya zamani inachukua muda mrefu,"" alisema Govola.",biashara,biashara,kitaifa,0.5544
SW2076,"KAMPUNI ya Magazeti ya Serikali (TSN) inayochapisha magazeti ya HabariLeo, Daily News na SpotiLeo, imetoa washindi watano katika Tuzo za Umahiri wa Uandishi wa Habari Tanzania (EJAT) 2018, zinazotolewa kila mwaka na Baraza la Habari nchini (MCT). Tuzo hizo ambazo zinafanyika kwa mara ya 10, zimekuwa zikishirikisha waandishi wa habari wa kada mbalimbali kutoka katika vyombo tofauti vya habari, yakiwamo magazeti, runinga na redio. Katika tuzo hizo, Alfred Lasteck wa HabariLeo alishinda Tuzo ya Kodi na Ukusanyaji Mapato kwa habari yake ya jinsi baadhi ya wafanyabiashara wanavyoidanganya serikali katika eneo maarufu la kibiashara la Kariakoo, Dar es Salaam kwenye suala la kodi. Adam Lutta wa Habari- Leo naye alitwaa Tuzo ya Mwandishi Bora wa Habari za Usalama Barabarani, wakati Tuzo ya Mpigapicha Bora wa Magazeti ilikwenda kwa Rahel Palangyo kwa picha inayowaonesha polisi wakimbeba msobesobe shabiki wa mpira wa miguu. Mwandishi Mkongwe wa Daily News, Meddy Mulisa alishinda Tuzo ya Utalii na Uhifadhi kwa habari yake ya Tathmini ya Hifadhi ya Taifa ya Bugiri kuvutia watalii zaidi. Wakati huohuo, tuzo ya Mwandishi Bora wa Habari za Michezo na Burudani, ilikwenda kwa Sauli Gilliard anayeandikia gazeti la Daily News. Waandishi wengine walioteuliwa kuwania tuzo hizo kutoka kampuni ya magazeti ya serikali, ambao walifanikiwa kukabidhiwa vyeti, kama ishara ya kutambuliwa kwa mchango wao katika tasnia ya habari ni Abdallah Msuya (Daily News) na Frank Leonard (HabariLeo). Mshindi wa tuzo za habari za kodi, Lasteck alishukuru kwa ushindi huo akisema, ""Haikuwa kazi rahisi kushindana na waandishi wengine bora waliopo nchini. Ni bahati lakini pia juhudi zilikuwa mbele.""Pia uongozi thabiti wa TSN ukiongozwa na wahariri mahiri wa Habari- Leo, ulichangia kwa kiasi kikubwa kunifanya nishinde tuzo hii. ""Ni heshima kwangu na kwa kampuni yetu ya Serikali.""Kwa upande wake, Rahel Palangyo ambaye aliibuka miongoni mwa wanawake waliojinyakulia tuzo katika hafla hiyo alisema, ""Nashakuru kupata tuzo hii ambayo ina maana kubwa sana, hasa ukizingatia changamoto mbalimbali wanazopitia wanawake katika jitihada za kupata mafanikio kwenye nyanja mbalimbali.""Akiwapongeza washindi hao, Kaimu Mhariri Mtendaji wa TSN, Tuma Abdallah alisema kuwa siri ya mafanikio ya TSN kwenye tuzo hiyo, inatokana na kampuni kuwekeza nguvu kwenye maendeleo ya kitaaluma ya waandishi, lakini kujikita kuandika habari zinazoigusa jamii. Tuma alisema, ""Mafanikio haya ni makubwa na ya kipekee kwetu. Tumekuwa na waandishi ambao wamekuwa na hamasa kubwa ya kufanya uandishi kwa kugusa maisha ya wanajamii, lakini pia wenye weledi na uwezo mkubwa wa kufuatilia mambo kwa undani.""Wengi wao tunawawezesha kwa kuwapa mafunzo mbalimbali, lakini pia tunashauriana nao jinsi wanavyoweza kuandika habari bora na zenye kiwango bora.""Hata baada ya ujio wa mitandao ya kijamii ambayo imekuja kuongeza uharaka wa kutoa habari, sisi tumeangalia kama fursa ya kuanza kufuatilia habari kwa undani ili tuweze kuzichapisha kwenye gazeti.""Tuma aliahidi wasomaji na watanzania kuwa magazeti hayo yataendelea kutoa habari zenye kugusa jamii. Meneja Masoko na Mauzo, Januarius Maganga aliwaambia washindi hao kuwa ushindi walioupata ni heshima kubwa na wataendelea kuthamini jitihada hizo kwa maendeleo ya kampuni kwa ujumla. Mhariri wa gazeti la Daily News, Pudenciana Temba alisema:""Hongereni sana, tunajivunia ushindi wenu kama ishara ya kielelezo cha ubora wa kazi mnazofanya, haikuwa rahisi lakini nyie mmeweza.""Mwenyekiti wa Kamati ya Maandalizi wa Tuzo hizo, Kajubi Mukajanga aliwashukuru waandishi waliojitokeza kuwasilisha kazi zao, ambapo jumla ya kazi 644 zilipokewa ambazo ni ongezeko la asilimia 18 ukilinganisha na mwaka uliopita. Jopo la kuteua washindi wa tuzo hizo, lililoongozwa na Mhariri mkongwe, Kiondo Mshana. Vyombo vya habari vya kielektroniki viliongoza kwa kuingiza kazi 359 sawa na asilimia 55.7, vikifuatiwa na magazeti ambapo kazi 285 sawa na asilimia 44.3 ziliwasilishwa. Akimkaribisha mgeni rasmi, Profesa Chris Maina Peter kwenye hafla hiyo, Mukajanga alisema jumla ya waandishi wa habari 449 nchini kote walishiriki, ambapo kati yao wanaume ni 314 sawa na asilimia 70 na wanawake ni 135 sawa na asilimia 30. Hafla hiyo ya utoaji tuzo ilihudhuriwa pia na Waziri Mkuu mstaafu, Jaji Joseph Warioba ambaye alishuhudia wateule 81 wakipanda jukwaani kuwania tuzo hizo ambapo kati yao 48 ni wanaume sawa na asilimia 59 na wanawake 33 sawa na asilimia 41, ambapo mshindi wa jumla alikuwa ni Salome Kitomary wa gazeti la Nipashe.",kitaifa,kitaifa,michezo,0.5542
SW5090,". Waziri Mkuu Kassim Majaliwa ameuagiza Ubalozi wa Tanzania nchini Russia kuratibu mipango ya Wafanyabiashara wa nchi hiyo wanaokusudia kuwekeza nchini kwa kuwaunganisha na Taasisi na Wizara husika. Waziri Mkuu Majaliwa ametoa agizo hilo baada ya kugundua uwepo wa Wafanyabiashara wengi wa Russia wanaokusudia kuja Tanzania kwa ajili ya kuangalia maeneo ya uwekezaji pamoja na kutafuta Wafanyabiashara wa Kitanzania watakaoungana nao katika uwekezaji wanaokusudia kuufanya. ""Tayari miadi imekwishawekwa ya kuwakaribisha Wawekezaji wa Russia kuja Tanzania kwa ushawishi wa kwangu mwenyewe pamoja na ushawishi wa Wafanyabiashara wa Tanzania, hivyo nisingependa Wafanyabiashara hao wasumbuliwe au kukatishwa tamaa katika kutimiza nia yao hiyo"", amesisitiza Waziri Mkuu Majaliwa. Ameongeza kuwa, mkutano baina ya Wakuu wa nchi na Serikali kutoka Mataifa ya Afrika na Russia uliomalizika katika mji wa Sochi, ulilenga kujenga uhusiano mzuri zaidi katika nyanja mbalimbali hususani za kiuchumi. Kwa mujibu wa Waziri Mkuu Majaliwa, Russia imeutumia mkutano huo kueleza bayana maeneo ambayo wako tayari kushirikiana na Afrika katika kuwekeza kwa faida ya pande zote mbili. Ameyataja maeneo hayo kuwa ni pamoja na uuzaji wa zana za kilimo, uwekezaji katika sekta za mafuta, gesi na madini na ujenzi wa miundombinu hasa reli. Leo Waziri Mkuu Majaliwa anaondoka nchini Russia na kuelekea nchini Azerbaijan ambako pia atamwakilisha Rais John Magufuli katika mkutano wa siku Mbili wa nchi zisizofungamana na upande wowote.",biashara,biashara,kitaifa,0.5535
SW2863,"Pongezi hizo zimetolewa jana na Waziri wa Nchi katika Ofisi ya Waziri Mkuu (Uwekezaji na Uwezeshaji), Dk Mary Nagu wakati akizindua mradi wa ukopeshaji wa bajaj na pikipiki, unaotolewa na benki ya NMB. Dk Nagu alitoa mwito kwa benki na taasisi za fedha nchini, kubadili fikra na mtazamo wa utoaji wa mikopo, ambao utawawezesha Watanzania wengi zaidi kukopa na kufanya biashara. Alisema utaratibu wa kung'ang'ania dhamana ya mali zisizohamishika katika utoaji wa mikopo, umepitwa na wakati.""Taasisi za fedha nchini inabidi zibuni njia mbadala kama ilivyofanya NMB za kutoa mikopo kwa wananchi wengi zaidi bila kutumia dhamana ya mali zisizohamishika na endapo watafanya hivyo watakuwa wanajenga uwezo wa wananchi kuweka amana kwenye benki zao,"" alisema. Alisema changamoto kubwa inayowakabili wajasiriamali nchini ni ukosefu wa mitaji, masharti magumu ya benki na riba kubwa. Hata hivyo, Dk Nagu aliwashauri wakopaji wa vyombo hivyo vya usafiri, kukatia bima ili tatizo likitokea wasirudi nyuma zaidi kiuchumi kwani watatakiwa kuendelea kurejesha mikopo. Aidha, alitoa rai kwa madereva wa bodaboda, ambao wengi wao ni vijana, kuzingatia sheria za usalama barabarani ili wasipunguze mapato yao kwa tozo mbalimbali, wanapovunja sheria. Kwa upande wake, Mkuu wa Kitengo cha Biashara za kibenki wa NMB, Filbert Mponzi alisema mikopo hiyo imebuniwa baada ya kuona changamoto kubwa ya ajira kwa vijana hapa nchini. Alisema mikopo hiyo ilianzishwa mwaka jana mkoani Dar es Salaam na baada ya kuona inakubalika wameongeza kasi ya kuipeleka mikoa mingine. Alisema marejesho hufanyika katika kipindi cha miezi 24 na kwamba ili kumlinda mteja, mikopo hiyo imewekewa bima kwa ajili ya ulemavu na kifo kitakachomtokea mmiliki wa pikipiki iliyochukuliwa mkopo.",biashara,biashara,kitaifa,0.548
SW4073,"BENKI Kuu ya Tanzania (BoT) iko katika hatua ya kuandaa Kanuni za Udhibiti na Usimamizi wa Huduma ndogo za fedha kulingana na madaraja tofauti, yaliyoainishwa kwenye Sheria ya Huduma Ndogo za Fedha ya Mwaka 2018. Aidha, mtu au taasisi yoyote inayohitaji kufanya au kuendelea kufanya biashara ya huduma ndogo za fedha, itahitajika kuomba upya leseni ya Benki Kuu ya Tanzania, pamoja na kukidhi matakwa yote kama yatakavyoainishwa katika Kanuni za Udhibiti na Usimamizi wa Huduma ndogo za Fedha, ambazo zitachapishwa kwenye Gazeti la Serikali mara zitakapokuwa zimekamilika. Hayo yamebainishwa katika taarifa iliyotolewa na BoT juzi kuhusu Bunge kupitisha Sheria ya Huduma Ndogo za Fedha ya Mwaka 2018 Novemba 16, mwaka jana ili kutekeleza matakwa ya Sera ya Taifa ya Huduma Ndogo za Fedha ya Mwaka 2017. Kwa mujibu wa taarifa hiyo, BoT inawataka watu na taasisi zote zinazofanya biashara ya huduma ndogo za fedha, isipokuwa vyama vya ushirika vya akiba na mikopo (Saccos), kuwasilisha taarifa muhimu kabla ya Januari 31 mwaka huu. Taarifa zinazohitajika kuwasilishwa, kwa mujibu wa BoT, ni cheti cha Uandikishwa, Leseni ya Biashara iliyotolewa na Wakala wa Usajili wa Biashara na Leseni (BRELA), eneo au sehemu ya biashara na taarifa za anuani zikiwemo anuani ya eneo ambayo ni mtaa, kijiji, wilaya na mkoa, namba ya simu na barua pepe. Taarifa nyingine zinazohitajika ni orodha ya wamiliki, bodi ya wakurugenzi, mkurugenzi mtendaji na uraia wao.""Aina ya huduma ndogo za fedha zitolewazo, taarifa kama mahesabu ya taasisi ama biashara yamekaguliwa au hayajakaguliwa ndani ya kipindi cha mwaka mmoja, maelezo ya mfumo unaotumika kutunza taarifa za fedha, mawasiliano na teknolojia. ya fedha, ikionesha jumla ya mali, jumla ya dhima na jumla ya fedha za wanahisa,"" ilisema taarifa hiyo. Kwa mujibu wa BoT taarifa hizo zinapaswa kutumwa kwa Mkurugenzi wa Usimamizi wa Taasisi za Fedha wa Benki Kuu ya Tanzania. Ilielezwa kuwa Kifungu cha 12 cha sheria hiyo kimeipa mamlaka Benki Kuu ya Tanzania, kusajili, kusimamia na kudhibiti biashara ya huduma ndogo za fedha Tanzania Bara. Vile vile, sheria imetoa tafsiri juu ya ""huduma ndogo za fedha"" kuwa ni biashara inayojumuisha kupokea fedha, kama amana au riba kutokana na amana au mkopo na kuikopesha kwa wanachama au wateja, kupokea amana na kutoa mikopo au huduma ya mikopo kwa wajasiriamali wadogo, kaya au mtu mmoja mmoja. Kutoa huduma za mikopo midogo, akiba ndogo, bima ndogo, huduma ndogo za karadha, pensheni ndogo na mikopo midogo ya nyumba, huduma za kutuma fedha na malipo, ikijumuisha huduma ndogo za fedha kwa njia ya mtandao, kutoa elimu ya fedha na huduma nyingine zinazofanana na hizi kama zitakavyoainishwa kwenye kanuni za Sheria ya Huduma Ndogo za Fedha ya Mwaka 2018. Kifungu cha 16 cha sheria hiyo kimetoa katazo kwa mtu au taasisi yoyote, kufanya biashara ya kutoa huduma ndogo za fedha bila kuwa na leseni iliyotolewa na BoT, aidha, sheria imeweka adhabu itakayotolewa kwa mtu au taasisi yoyote itakayokiuka matakwa ya Kifungu cha 16. Manufaa yake kwa wananchi Kwa mujibu wa Waziri wa Fedha na Mipango, Dk Philip Mpango, lengo kuu la sheria hiyo ni kulinda na kuboresha utoaji wa huduma ndogo za fedha, utoaji leseni kwa watoa huduma ndogo za fedha na kufuta leseni chini BoT. Serikali iliamua kuwasilisha muswada huo kwa haraka, kupitia hati ya dharura kutokana na kutokuwepo kwa sheria mahsusi ya kusimamia sekta ndogo ya fedha vikiwemo vyama vya ushirika vya akiba na mikopo (Saccos). Hatua hiyo ilifanya kuibuka kwa changamoto mbalimbali, zikiwemo za taasisi au watu binafsi kutoa mikopo kwa wananchi kwa vigezo na masharti magumu na kusababisha madhara, ikiwemo mali zao kuuzwa holela. Dk Mpango alitaja changamoto nyingine, zilizoifanya serikali kuja na sheria hiyo kuwa ni viwango vikubwa vya riba na tozo, ambazo huanzia asilimia tatu hadi 20 kwa mwezi sawa na asilimia 36 mpaka 240 kwa mwaka. Nyingine ni kukosekana kwa uwazi wa masharti ya mikataba ya mikopo na kuwepo kwa masharti magumu ya kulipa mikopo na utoaji holela wa mikopo, ambao unasababisha limbikizo la madeni kwa wateja. Aliitaja sababu nyingine kuwa ni utaratibu mbovu wa ukusanyaji wa madeni, ambao unasababisha wananchi kupoteza mali zao na kudhalilika na kuwepo kwa watu wasio waaminifu, wanaowakopesha wananchi kwa lengo la kuwaibia kwa kutumia mitandao mbalimbali na majina ya viongozi wa serikali. Alisema sekta ndogo ya fedha, inahusisha utoaji wa huduma za kifedha kwa wananchi wa kipato cha chini ili kuwasaidia katika kuongeza kipato na hivyo kuongeza ukuaji wa uchumi na kupunguza umasikini. Alisema kwa kuzingatia kuwa jukumu la usimamizi na udhibiti wa sekta ya fedha nchini, lipo chini ya Benki Kuu ya Tanzania kwa mujibu wa Sheria ya Benki Kuu ya Tanzania Sura ya 197 na Sheria ya Mabenki na Taasisi za Fedha, Sura ya 342, inapendekeza kuwa sekta ndogo ya fedha iwekwe chini ya BoT.",kitaifa,kitaifa,biashara,0.5442
SW111,"Mkurugenzi Mtendaji, wa mfuko huo, Stephen Emmanuel alisema mafunzo hayo yatafanyika kwa siku tatu kuanzia keshokutwa katika ukumbi wa JKT Mgulani, Temeke jijini Dar es Salaam.""Lengo la mafunzo haya kwa mwaka huu ni kuwaelimisha wanawake jinsi ya kupata mitaji kwa ajili ya biashara, masoko pamoja na stadi za ujasiriamali,""alisema. Katika semina hiyo mada kuu zitahusu Uwekezaji na Ukuzaji mtaji, Utunzaji wa Kumbukumbu za Biashara kwa Kutumia Mashine za Elektroniki(EFDs), Kuwaunganisha Wazalishaji na Masoko, Mbinu za kushiriki Maonesho ya Biashara, Utaalamu wa Kusindika Mazao, Usajili na Matumizi ya ""Bar Code"" na nyinginezo. Aidha, elimu juu ya maradhi sugu yanayorudisha nyuma maendeleo ya wanawake itatolewa na jinsi ya kujikinga dhidi ya Malaria, Dengue, Saratani ya Matiti na Shingo ya Uzazi pamoja na Fistula.",biashara,biashara,kitaifa,0.5435
SW518,"BUNGE limeibua mambo manane ambayo yanahatarisha sekta ya sukari nchini, huku likiishauri serikali kuchukua hatua za haraka katika kukabiliana nayo. Pia, limeazimia na kuitaka serikali kuwasilisha taarifa bungeni, inayoelezea matumizi ya fedha kiasi cha Sh 4,688,885,111.36 (takriban Sh bilioni 4.7), zilizotolewa na wazalishaji wa sukari kwa kipindi cha miaka mitano kwa ajili ya utafiti wa sukari kuanzia mwaka 2014 hadi 2019. Hayo yameelezwa na Mwenyekiti wa Kamati ya Bunge ya Kilimo, Mifugo na Maji, Mahmoud Mgimwa alipotoa taarifa ya utekelezaji wa shughuli za kamati katika kipindi cha Januari 2018 hadi Januari 2019.""Pamoja na uzalishaji na uagizaji wa sukari kutoka nje ya nchi kwa kipindi cha miaka 10 mfululizo sekta ya sukari imekuwa ikikabiliwa na changamoto mbalimbali,"" amesema Mgimwa. Alitaja changamoto hizo kuwa ni uigizaji holela wa sukari, inayozidi mahitaji ya soko na hivyo kuvuruga mfumo wa uzalishaji na biashara ya sukari nchini. Pia kukosekana kwa takwimu sahihi kuhusu gharama za uzalishaji wa sukari na mara nyingi wazalishaji huonesha gharama za uzalishaji kuwa kubwa kuliko hali halisi. Alisema pia sukari kutoka nje inayozalishwa kwa ruzuku, kutotozwa kodi stahiki kwa mujibu wa sheria. Kupotea kwa imani kwa taasisi za fedha kutokana na uingizaji holela na sukari na hivyo kutokopesha miradi ya sukari. Nyingine ni miradi ya uzalishaji wa sukari kuhitaji mitaji mikubwa yenye masharti nafuu, kama riba na urejeshwaji wa muda mrefu ambavyo havipatikani nchini, huduma za utafiti, mafunzo na ugani zisizotosheleza mahitaji ya sekta, hali isiyotabirika ya masoko na biashara ya sukari katika ukanda huu, na mabadiliko ya tabianchi (hali ya hewa) pamoja na kutokuwepo kwa miundombinu. Mahitaji ya sukari nchini kwa mwaka 2018/2019 ni wastani wa tani 670,000, ambapo kati ya hizo tani 515,000 ni kwa ajili ya matumizi ya kawaida na tani 155,000 kwa matumizi ya viwanda. Uzalishaji wa sukari kwa viwanda vya ndani kwa mwaka 2018/2019, unakadiriwa kuwa tani 353,900, ambazo zote ni kwa ajili ya matumizi ya kawaida. Aidha, kamati imeshauri serikali kubadilisha mapema iwezekanavyo umiliki wa hisa kutoka umiliki wa watu binafsi na kwenda kwenye umiliki wa serikali kisheria na kupitia upya mikataba yote, iliyofungwa baina ya Narco na wawekezaji wa vitalu ili kuwa na mikataba yenye tiba kwa kampuni.""Wizara iweke utaratibu wa kufanya ufuatiliaji wa utekelezaji wa mikataba ya vitalu na ikibainika wamiliki wa vitalu waliovunja makubaliano kwa mujibu wwwa mikataba basi mikataba hiyo ivunjwe,"" alisema. Alisema Kampuni ya Ranchi za Taifa (NARCO) ina ranchi nane zenye uwezo wa kuweka na kuendeleza ng'ombe kati ya 80,000 hadi 90,000, hata hivyo inakadiriwa ranchi zote zina ng'ombe 12,681 tu ambayo ni sawa na asilimia 15 ya uwezo wake. Kuhusu fedha zilizotolewa kwa ajili ya utafiti, Mgimwa amesema ""Kama taasisi za serikali zinazopewa fedha kwa ajili ya kufanya utafiti wa miwa na sukari zimeshindwa kufanya kazi hiyo kwa ufanisi, basi ziache wazalishaji wa miwa wafanye wenyewe utafiti kwa jili ya maendeleo ya viwanda vyao"". Fedha hizo zilizochangiwa na wazalishaji wa sukari, zilipelekwa kwenye Taasisi ya Utafiti Sukari, Taasisi ya Taifa ya Sukari na Jumuiya ya Sukari Tanzania na Teknolojia ya Miwa.",biashara,biashara,kitaifa,0.5433
SW5024,"UBALOZI wa Uswisi nchini umetoa zaidi ya Sh Milioni 170 kwa vikundi vitano vya sanaa vilivyoshinda wito wa mapendekezo ya taka yangu, hazina yangu. Mapema mwaka huu, Shirika la Maendeleo na Ushirikiano la Uswisi kupitia programu yake ya utamaduni, limetoa wito huo unaolenga kuhamasisha jamii juu ya umuhimu wa kuhifadhi mazingira kupitia sanaa. Akizungumza jana kwenye hafla fupi ya uzinduzi wa vikundi hivyo, Balozi wa Uswisi nchini Florence Mattli amesema taka yangu, hazina yangu inatoa wito kwa kila mtu kuangalia taka kwa mtizamo tofauti.""Taka nyingine bado zinaweza kuwa na thamani iwapo zitatumika tena kwa njia nyingine, lengo la mradi huu ni kutafakari kwa kutumia sanaa juu ya tabia zetu na wajibu wetu kama raia, namna tunavyotumia na kutupa inaweza kuwa na athari katika mazingira yetu,""alisema. Alitaja vikundi vilivyoshinda kupitia miradi mbalimbali kuwa ni Makumbusho ya Taifa, CDEA, Chuma Art Workshop, Alama Art and Media Production na Wasanii 14.""Ubalozi wetu umekuwa ukichangia katika kuendeleza masuala mbalimbali ya utamaduni wa Tanzania tangu mwaka 2005. Nchi ya Uswisi hutoa asilimia moja ya bajeti yake ya maendeleo kuunga mkono sekta hiyo,""amesema. Mmoja wa wanufaika walioshinda Mkurugenzi wa Makumbusho na nyumba ya Utamaduni, Achiles Bufure alisema wanatarajia kuwafundisha wasanii kuzalisha kazi zinazoweza kubadilisha takataka kuwa kitu kingine. Rais wa Shirikisho la Sanaa za Ufundi Tanzania (Tafca), Adrian Nyangamalle amewaasa waliofanikiwa kupata fedha hizo kwenda kuzitumia kama walivyokusudia. Alisema fedha walizopata zitumike kama madaraja, lengo ni kuhusisha wasanii wengi walioko mtaani. Ameushukuru Ubalozi wa Uswisi kwa kuona kwamba takataka zinaweza kutumika kutengeneza ajira kwani itaendana na dhana ya serikali ya viwanda na watu wanaweza kupata ajira kupitia miradi hiyo.",michezo,michezo,kitaifa,0.5425
SW3551,"SERIKALI imesema tamasha la muziki wa Cigogo lililofikia tamati juzi kwenye viwanja vya Chamwino Ikulu jijini Dodoma, ni muendelezo wa heshima ya Tanzania kwa maendeleo ya sanaa Afrika Mashariki na Kati. Akizungumza Kaimu Mkurugenzi wa Idara ya Sanaa, Joyce Fisoo alisema heshima nyingine iliyopata Tanzania ni kupata nafasi ya kuandaa michuano ya Afrika kwa vijana wenye umri chini ya miaka 17 (Afcon) sambamba na kuwa mwenyeji wa Mkutano Mkuu wa Nchi za Maendeleo Kusini mwa Afrika (SADC) unaotarajia kufanyika mwezi ujao. Fisoo alisema heshima nyingine iliyoipata Tanzania ni kuwa mwenyeji wa tamasha kubwa la Afrika Mashariki la JAMAFEST, ambalo ni kichocheo cha ukuzaji sanaa na uchumi wa nchi wanachama. Alisema tamasha hilo la JAMAFEST linatarajia kuanza Septemba 21-28, Dar es Salaam na kutoa wito kwa wadau mbalimbali wa sanaa kuitumia fursa hiyo ya uenyeji na kwa sababu ya ukubwa wa tamasha hilo, ataishawishi serikali kuliongezea nguvu zaidi kwa sababu ya maudhui yake. Aidha Fisoo, alisema kutokana na utendaji uliotukuka kwa waandaaji wa tamasha la Cigogo na Kituo cha Sanaa Chamwino (CAC), anajipanga kuandaa cheti maalum kwa ajili ya kutambua na kuthamini mchango wa taasisi hiyo.""Najipanga kuandaa cheti mahsusi kwa ajili ya kutambua mchango wa CAC kwa sababu mbali ya sanaa, kituo hicho pia kinatoa elimu kwa mikoa mingine ambayo ilihudhuria tamasha hilo kwa ajili ya kujifunza,"" alisema Fisoo. Mwenyekiti wa tamasha hilo, Dk Kedmon Mapana alisema tamasha hilo lina wigo mpana wa ufanyaji kazi, hivyo jamii ya Watanzania inatakiwa kuifanyia kazi sanaa. Tamasha hilo lilihudhuriwa na wadau kutoka nchi za Marekani, Uganda, Hispania, Thailand, Zambia, Ujerumani, Bulgaria, Ethiopia na Argentina.",michezo,michezo,kitaifa,0.541
SW161,"MARAIS Dk John Magufuli na Profesa Arthur Peter Mutharika wa Malawi wamekubaliana kwa pamoja kukuza uchumi wa nchi zao. Akiwa nchini humo, Rais Magufuli jana alifungua msimu wa soko la tumbaku na kusema nchi za Afrika zina haja ya kufanya mapinduzi kwenye sekta ya kilimo, kwa kuanzisha viwanda vya usindikaji vitakavyoongeza thamani mazao na kuokoa uharibifu wa asilimia 40, ya mazao yanayovunwa na kukosa mahali pa kuhifadhia. Kauli hiyo ya Rais Magufuli aliitoa jana mjini Lilongwe nchini humo, ikiwa ni siku ya pili na ya mwisho ya ziara yake aliyoifanya kutokana na mwaliko wa Rais wa Malawi, Profesa Arthur Peter Mutharika. Akizungumza kabla ya kufungua rasmi msimu huo, Rais Magufuli alisema uchumi wa Bara la Afrika kwa asilimia kubwa unategemea sekta ya kilimo na kwamba nusu ya watu wake wameajiriwa kwenye sekta hiyo huku pia nchi hizo zikitegemea kilimo kwa usalama wa chakula, lakini bado kinatekelezwa kwa njia duni. Alisema nchini Malawi asilimia 80 ya wananchi wake wanategemea kilimo kupata ajira huku asilimia 60 ya fedha za kigeni zinatoka kwenye mazao na asilimia 37 ya Pato la Taifa hilo hutegemea kilimo hivyo kuna haja ya kufanya mapinduzi makubwa kwenye sekta hiyo kwa kufungua zaidi viwanda vya usindikaji ili kuongeza thamani mazao. Rais Magufuli pia alitoa mfano kwa Tanzania akisema kilimo kinategemewa kwa asilimia 100 kwenye usalama wa chakula, lakini pia asilimia 70 ya wananchi wanategemea ajira huku malighafi za viwandani ikitegemewa kwa asilimia 60. Aidha, kilimo kina mchango kwenye fedha za kigeni ambako asilimia 25 za fedha hizo hutokana na mazao ya kilimo, huku pia pato la nchi likitegemea kilimo kwa asilimia 30 na kusema hiyo inathibitisha kuwa kilimo barani Afrika ni sekta muhimu ya kukuza uchumi inayohitaji kufanyiwa mapinduzi makubwa. Akizungumzia zao la tumbaku, Rais Magufuli alisema zao hilo sio tu muhimu nchini Malawi, bali pia Tanzania kwani ni miongoni mwa mazao yanayoingiza fedha nyingi za kigeni na kutolea mfano kwa kipindi cha miaka mitano mfululizo, kuanzia 2014 zaidi za Sh bilioni 1.33 zimetokana na zao hilo. Kwa upande wa Malawi, alisema kwa msimu uliopita nchi hiyo imepokea dola za Marekani milioni 300 kwa mauzo ya tumbaku na fedha hizo zingeweza kuongezeka maradufu iwapo wangekuwa na viwanda vya kusindika zao hilo.""Msimu uliopita nimeambiwa ulipata dola milioni 300 kwa mauzo ya tumbaku, sasa kama tungekuwa na viwanda vya usindikaji ina maana tungepata fedha nyingi zaidi, kuliko kuuza malighafi, tunahitaji mageuzi kwenye kilimo na nyie nasikia mmeanza, ni vizuri hongereni,"" alisema Rais Magufuli. Kuhusu changamoto za kilimo, Rais Magufuli alisema bado Afrika inakabiliwa na matumizi madogo ya pembejeo, mbinu za zamani za kilimo na matumizi madogo ya mbolea na zana za kisasa hivyo tija haiongezeki. Alisema mbali na changamoto hiyo, pia kuna ukosefu wa maghafa ya kutosha ya kuhifadhi mazao baada ya kuvunwa, takwimu zikionesha asilimia 40 ya mazao yaliyovunwa huharibika kwa kukosa maghala ya kuhifadhia. Aidha, Rais Magufuli alitaja changamoto nyingine kwenye kilimo kuwa ni ukosefu wa masoko ya mazao kwa sababu kilimo cha Afrika kwa asilimia kubwa kinategemea masoko ya kimataifa ambayo bei zake hazitabiriki na wakati mwingine hazina faida kwa mkulima.",kitaifa,kitaifa,biashara,0.5325
SW1174,"NYOTA ya uwekezaji katika nchi za Jumuiya ya Afrika Mashariki (EAC), imeendelea kung'aa na itazidi kung'aa mwaka 2019. Ripoti ya Benki ya Biashara ya Rand (RMB) ya Afrika Kusini, imeonesha kuwa Afrika Mashariki itakuwa kitovu cha uwekezaji barani Afrika mwaka huu. Hii ni kutokana na juhudi za nchi wanachama wa jumuiya hiyo kuboresha miundombinu mbalimbali ikiwemo barabara, reli hasa ya SGR, umeme, usafiri wa anga na uchimbaji wa mafuta na gesi, ambavyo ni vivutio vya uwekezaji duniani. Utafiti huo uliopewa jina la 'Wapi Pa Kuwekeza Barani Afrika 2019' ulihusisha kanda tano za bara la Afrika, za Kaskazini, Magharibi, Kati, Mashariki na Kusini, ukiangalia juhudi na mipango endelevu ya kuimarisha uwekezaji kikanda. Kwa mujibu wa utafiti huo, tangu mwaka 2017 hadi mwaka huu bara la Afrika limepiga hatua kutokana na shughuli mbalimbali zinazofanywa na baadhi ya mataifa, ambazo zimesababisha kusiwe na ugumu katika upatikanaji wa fedha. Baadhi ya shughuli hizo ni vita dhidi ya rushwa, kuimarishwa kwa miundombinu yenye kuwasaidia wananchi katika kupata huduma mbalimbali na utawala bora. Kwa kuangalia nchi moja moja katika jumuiya hiyo, ripoti hiyo imeonesha kuwa Kenya imeongoza kwa nchi za kanda hiyo, kuvutia uwekezaji kuliko mataifa mengine. Sababu iliyotolewa ambayo iliisaidia Kenya kuwa kivutio kikubwa cha uwekezaji ni kufanyika kwa maridhiano ya kisiasa kati ya Rais Uhuru Kenyatta na Kiongozi Mkuu wa Upinzani, Raila Odinga yaliyofikiwa mwezi Machi mwaka jana. Hali hiyo inatajwa kuleta mazingira bora ya kuvutia wageni wakiwemo watalii na wawekezaji katika sekta mbalimbali. Ripoti hiyo ilisema sehemu yenye msuguano wa kisiasa, baina ya watu wake, haivutii wawekezaji, badala yake inawafukuza. Nafasi ya pili ya kuwa na mazingira bora ya kuvutia uwekezaji, kwa mujibu wa ripoti ya utafiti huo, imechukuliwa na Rwanda. Taifa hilo limetajwa kuwa lenye uchumi unaokua kwa haraka na limeongeza mara mbili ya mazingira ya ukuaji wa uchumi wake katika kipindi cha miaka kumi. Kitu kingine kilichoifanya Rwanda kupata mafanikio hayo ni juhudi za serikali katika kuwekeza katika ukuaji wa viwanda, vinavyomilikiwa na wazawa na maendeleo ya teknolojia. Nafasi ya tatu imechukuliwa na Tanzania, kwa kuwa na mazingira rafiki ya uwekezaji wa ndani na kimataifa. Mambo yaliyotajwa katika ripoti hiyo yaliyoiinua Tanzania ni usimamizi mzuri wa kodi kwa wawekezaji. Vilevile Tanzania imesifiwa kwa kiasi kikubwa kutokana na juhudi zake za kuanzisha kanda maalum za uwekezaji. Hali hiyo inatajwa kuwa inawasaidia wawekezaji kuwa na uhakika wa uwekezaji wa fedha zao. Pia, juhudi za serikali za kuwekeza katika miundombinu hasa ya barabara, miundombinu ya reli ya kisasa (SGR) kutoka Dar es Salaam kupitia Morogoro na Dodoma. Lengo la Serikali ya Awamu ya Tano ni kuunganisha reli hiyo hadi Mwanza, hali itakayorahisisha usafiri na usafirishaji kutoka na kwenda Kanda ya Ziwa. Tanzania imetajwa pia katika uwekezaji katika nishati ya umeme na gesi, kiasi cha kuwa kimbilio kwa wawekezaji wa kimataifa. Hii inashajihishwa na uwepo wa usafiri wa uhakika wa ndege, baada ya kufufuliwa kwa Kampuni ya Ndege ya Tanzania (ATCL), ambayo mpaka sasa ina ndege saba. Nchi za Sudan Kusini na Burundi, zimetajwa kuwa ni zenye changamoto ya kiuwekezaji, lakini bado zinapewa nafasi kubwa ya kuwa vivutio vya uwekezaji kutokana na matukio ya kisiasa ya hivi karibuni. Kwa upande wa Sudan Kusini, muafaka wa kisiasa uliofikiwa baina ya serikali na wapinzani, umetoa uhakika wa kuwa na amani katika siku zijazo.",kitaifa,kitaifa,biashara,0.5311
SW3566,"MFUKO wa hifadhi ya jamii wa PSSF umekamilisha kulipa malimbikizo ya deni la wastaafu 9,971 la sh bilioni 888.39 lililorithiwa kutoka mfuko wa PSPF. Naibu Waziri - Ofisi ya Waziri Mkuu, anayeshughulikia Kazi, Vijana na Ajira, Antony Mavunde amethibitisha hilo Bungeni, Dodoma leo, Jumanne, wakati akijibu swali la Mbunge wa Mbozi, Paschal Haonga (Chadema) lini wastaafu watalipwa stahiki zao. Mavunde pia amesema, mfuko umekamilisha mfumo wa ulipaji mafao utakaowezesha kufanya malipo katika ngazi ya mkoa na hivyo kuwezesha mfuko kulipa mafao ndani ya muda uliowekwa kisheria wa siku 60 tangu mwanachana anapowasilisha madai.""Mfuko wa Hifadhi ya Jamii unendeshwa kwa mujibu wa Sheria ya Bunge ilioanzisha mfuko husika. Sheria hiyo inasimamia muundo wa utawala wa mfuko wa uamuzi na usimamizi wa uwekezaji wa fedha za mfuko,"" amesema. Aidha, sheria hiyo inaipa bodi ya wadhamini wa mfuko jukumu la kusimamia uwekezaji wa fedha za mifuko kwa uhuru. Hivyo, basi, si kweli kamba serikali inaweza kuingialia uendeshaji wa mifuko au kufanya uamuzi wa uwekezaji ikiwemo kukopesha taasisi au watu binafsi. Habari kamili itachapishwa kwenye gazeti la HabariLeo Jumatano",kitaifa,kitaifa,biashara,0.5235
SW1598,"MFUKO wa Taifa wa Bima ya Afya (NHIF), Bernard Konga amesema udanganyifu ni tatizo kubwa linalokabili mfuko huo na kwamba hadi sasa wameweza kuokoa Sh bilioni 4 ambazo zingeliwa na wajanja kwa udanganyifu. Hayo yamesemwa na Mkurugenzi Mkuu wa NHIF, Bernard Konga kwenye kikao cha mfuko huo na wahariri, kilichofanyika katika Ukumbi wa Manispaa ya Temeke, Dar es Salaam juzi. Mbinu zinazotumika katika udanganyifu huo ni baadhi ya watoa huduma kuongeza gharama za matibabu kwa wenye kadi za NHIF, au kutumia kadi za NHIF kujipatia fedha katika maduka ya dawa au kuchelewesha kuwapatia huduma wenye kadi za NHIF ili baadaye kufanya udanganyifu. Ili kupambana na udanganyifu huo, Konga alisema kwanza wameanzisha kitengo cha kupambana na udanganyifu (fraud) na kina wataalamu mbalimbali, wakiwamo madaktari. Pili, wameamua kushirikisha taasisi za uchunguzi kupambana na udanganyifu huo, kama vile Taasisi ya Kuzuia na Kupambana na Rushwa (TAKUKURU), Polisi na vyombo vya usalama. Tatu, aliviomba vyombo vya habari kusaidia kuweka wazi tatizo hilo kwa jamii ili wananchi na watoa huduma waepukane nalo. Kuhusu idadi ya wanachama walio nao, Konga alisema NHIF imejipanga kuongeza wanachama kutoka asilimia 32 ya sasa hadi kufikia asilimia 70 mwaka 2020 na baadaye kuwezesha Watanzania wote kunufaika na bima ya afya. Aidha, alisema mfuko huo umetoa mikopo mingi ya vifaa tiba, dawa, vitendanishi na ukarabati wa majengo. Alizungumzia pia suala la utafiti, ambapo alisema NHIF inaendelea kufanya utafiti ili kuongeza vifurushi, huduma na vituo vinavyohitajika. Pia, alisema wanafanya utafiti wa programu mpya ya Tehama, itakayowezesha wateja kujua aina ya dawa, matibabu na gharama zake. Alisema NHIF imeingia mkataba na vituo 7,000 nchini vya kutolea huduma na vingi ni vya serikali. Aidha, wahariri hao walisimama kwa dakika moja, kukumbuka kifo cha aliyewahi kuwa Meneja Mawasiliano wa mfuko huo, Rehani Athumani kutokana na mchango mkubwa alioutoa kwa miaka mingi kwa mfuko huo.",kitaifa,kitaifa,biashara,0.52
SW3321,"WAZIRI wa Fedha na Mipango, Dk Philip Mpango amelishauri Shirika la Umoja wa Mataifa linaloshughulikia Watoto (Unicef)), kuweka namna bora ya kuingiza ajenda ya uwekezaji kwa watoto katika mikutano mbalimbali inayofanyika Afrika. Hayo yalisemwa mwishoni mwa wiki alipokuwa akiagana na Mwakilishi mkazi wa Shirika la Unicef, Maniza Zaman, anayehamia nchini Kenya. Dk Mpango alisema shirika hilo linatakiwa kuweka mkazo huo ili kuhakikisha nchi za Afrika zinaweka mipango ya kuwekeza kwa ajili ya watoto kwa kuwa kundi hilo ndiyo taifa la kesho. Alisema serikali kwa kutambua umuhimu wa sekta ya elimu nchini, imekuwa ikitoa kipaumbele katika elimu kwa kutoa elimu ya awali, msingi na sekondari bure kwa lengo la kutoa nafasi kubwa kwa watoto ili wapate haki yao ya msingi. Aidha, Dk Mpango alisema kuwa katika kuboresha sekta ya elimu duniani ni vyema pia masuala ya lishe bora kwa mtoto yakatiliwa mkazo kwani lishe bora inachangia afanye vizuri darasani lakini pia itamsaidia mtoto kuwa na afya bora itakayomfanya aweze kufikiri vizuri.""Nitahakikisha ajenda za kulinda haki ya mtoto nchini inapewa kipaumbele kwenye mikutano yetu mikubwa tunapokuwa tukijadili masuala ya maendeleo kwa ujumla,"" amesema Dk Mpango. Alisema jukumu la kumlinda mtoto ni la kila mmoja kwa kuwa wote walishawahi kuwa watoto hivyo ni vyema kila mmoja atimize jukumu hilo. Kwa upande wake, Mwakilishi wa shirika hilo la Unicef Tanzania, Zaman, anayehamia nchini Kenya, aliishukuru serikali ya Tanzania kwa kufanya naye kazi vizuri kwa kipindi chote alichokaa nchini.""Tanzania ni nchi nzuri, watu wake wana upendo, wana utu na wakarimu karibu kwa mikoa yote 19 hadi 20 niliyowahi kutembelea wakati wa kutekeleza majukumu yangu,"" alisema Zaman. Alitoa mwito kwa serikali, kuendelea kutoa kipaumbele kwa ajili ya sekta ya elimu na afya kwa kuongeza angalau asilimia moja ya bajeti kila mwaka kwakua zimekuwa na changamoto nyingi kutokana na ongezeko kubwa la idadi ya watu kila siku. Pia aliiomba serikali ibuni mbinu na kuweka mipango endelevu kwa ajili ya watoto itakayowasaidia katika siku zijazo kwa kuwa takwimu zinaonesha kuwa takribani watoto milioni mbili huzaliwa kila mwaka. Waziri wa Fedha na Mipango, Dk Mpango alimuahidi aliyekuwa Mwakilishi wa Unicef, Zaman kuwa wizara yake itaendelea kuhakikisha sekta hizo zinapata bajeti ya kutosha katika mgawanyo. Dk Mpango alimshukuru kwa kufanya kazi nchini na kumkaribisha tena na tena hasa kipindi cha mapumziko ambapo milango ipo wazi muda wowote atakapojisikia kutembelea Tanzania.",kitaifa,kitaifa,biashara,0.5152
SW3912,"RAIS John Magufuli amezindua ghala na mitambo ya gesi ya Kampuni ya Taifa Gas iliyopo Kigamboni , Dar es Salaam, huku wamiliki wake ambao wamewekeza Sh bilioni 150 na kujitanua nchi kadhaa za Afrika, wakimsifu kwa kuweka mazingira bora na rafi ki ya uwekezaji nchini. Gesi hiyo aina ya Liquefied Petroleum Gas (LPG) ni maalumu kwa matumizi ya majumbani ambayo imetengenezwa kutokana na kusafishwa kwa mafuta ghafi tofauti na gesi asilia aina ya LNG ambayo huchimbwa moja kwa moja kutoka ardhini na kwa hapa Tanzania inapatikana kwa asilimia 97. Akizungumza katika uzinduzi huo eneo la Vijibweni wilaya ya Kigamboni mkoani Dar es Salaam jana, Rais Magufuli amesema kampuni hiyo imetumia jumla ya Sh bilioni 150 katika uwekezaji huo wa ghala na mitambo ya gesi na kuifanya kuwa kampuni kubwa katika ukanda wa Mashariki na Kusini mwa Afrika. Rais Magufuli alisema Ilani ya Uchaguzi ya Chama Cha Mapinduzi (CCM) ya mwaka 2015-2020 iliielekeza serikali kuhakikisha kunakuwepo na upatikanaji wa gesi wa uhakika nchini, hivyo sekta binafsi imeitikia mwito na kuunga mkono kwa vitendo juhudi za serikali za kuweka mazingira bora na rafiki ya uwekezaji katika sekta ya gesi. Kwa mujibu wake, mpaka sasa kuna kampuni nane zilizowekeza kwenye sekta ya gesi ambazo zinaagiza na kusambaza gesi za mitungi katika maeneo mbalimbali nchini.""Mwenyekiti wa Bodi ya Wakurugenzi wa Kampuni ya Taifa Gas, Rostam Aziz, uwekezaji mlioufanya ndiyo kitu ninachokitaka, sitaki maneno matupu, tafuteni wawekezaji wengine kumi au ishirini waje kuwekeza, msisikilize maneno ya watu wasiotutakia mema.""Hakikisheni wananchi wanapata nishati hii kwa gharama nafuu, sambazeni kwenye mikoa na wilaya zote na mfike hadi vijijini, zaidi ya asilimia 60 ya Watanzania wanaishi vijijini na wanategemea kuni na mkaa, mkiwapelekea gesi mtaokoa afya zao lakini pia mtasaidia uhifadhi wa mazingira,"" alieleza Rais Magufuli. Kuhusu hoja iliyoibuliwa na Mkurugenzi Mtendaji wa kampuni hiyo, Hamisi Ramadhani, kwa kuiomba serikali kutoanzisha mfumo wa ununuzi wa gesi wa pamoja badala yake iyaache makampuni ya gesi kushindana katika kuagiza na kusambaza bidhaa hiyo nchini, alisema jambo hilo alilisikia kwa mara ya kwanza kwenye uzinduzi huo, lakini akaigiza Wizara ya Nishati kukaa na wadau hao wa sekta ya gesi na kuona namna bora ya uagizaji wa gesi. Katika hilo, alitoa angalizo kuwa wakati mwingine udhibiti wa serikali unapokosekana wafanyabiashara wasio waaminifu hufanya udanganyifu kupitia 'flowmeter' zao, lakini pia udhibiti wa serikali nao unaweza kuweka mazingira magumu ya biashara, hivyo akawataka wakutane ili kupata ufumbuzi. Kwa upande wake, Rostam alisema tabia zilizokuwepo hapo nyuma za ujanja ujanja wa baadhi ya watendaji serikalini ndiyo zilizomfanya kuwekeza miradi yake nje ya nchi, lakini baada ya Serikali ya Awamu ya Tano kujenga misingi imara na uwanja sawa wa kibiashara na uwekezaji, ndiyo uliomfanya kuwekeza mradi huo Kigamboni.""Uwekezaji katika sekta ya gesi ni matokeo ya kazi yako Mheshimiwa Rais, umechukua hatua madhubuti na ngumu katika kusimamia sheria na kanuni, wafanyabiashara na wawekezaji walifanya makosa kudhani kuwa wewe siyo rafiki wa sekta binafsi, lakini mimi natoa wito kwa wafanyabiashara wa ndani na nje waje kwa kuwa milango ya uwekezaji Tanzania iko wazi, jambo la msingi tufuate sheria na kanuni za nchi,"" alieleza Rostam. Mfanyabiashara huyo bilionea na maarufu nchini, alisema kampuni yake pia imeazimia katika kipindi cha miaka mitatu ijayo kuanzia sasa kuwekeza kwenye miradi mingine yenye thamani ya Sh bilioni 500. Awali, Mkurugenzi Mtendaji wa kampuni hiyo alisema kampuni yao imewekeza maghala na mitambo ya gesi katika mikoa 20 na kupanua ghala na mitambo ya Kigamboni kutoka tani za ujazo 1,650 hadi kufikia tani za ujazo 7,650 kuanzia mwaka 2016 hadi 2018.""Mtungi wa gesi kwa sasa bei yake ni wastani wa shilingi 45,000 hadi 50,000 ambao unatosha kumaliza mwezi, hivyo kwa kila mtu mjini na vijijini gesi ni bei rahisi ikilinganishwa na mkaa,"" alisema Ramadhani. Aliongeza, ""Kwa sasa familia 400,000 zinahudumiwa na kampuni yetu, tumeingiza mitungi milioni moja sokoni ya kuanzia kilo 3 hadi 38, soko la gesi la ndani linakadiriwa kukua kwa zaidi ya asilimia 25 kwa mwaka, baada ya uwekezaji huu, kampuni yetu tunatarajia ikue kwa asilimia 50 mwaka hadi mwaka kwa kipindi cha miaka mitatu hadi mitano ijayo.""Alisema Taifa Gas ambayo awali ilikuwa ikijulikana kwa jina la Mihan Gas, pia inafanya vizuri kwenye soko la nje kwa nchi jirani ambako wanawauzia gesi.",biashara,biashara,kitaifa,0.5099
SW1091,"Akiweka jiwe la msingi la ujenzi wa jengo la biashara Kasulu mjini, Kiongozi wa mbio za Mwenge wa Uhuru kwa mwaka huu, Juma Khatibu Chum alisema kuwa lazima Watanzania watumie rasilimali walizonazo kuwekeza katika miradi mbalimbali badala ya kusubiri wawekezaji kutoka nje. Kiongozi huyo wa Mwenge alisema kuwa serikali itaendelea kuweka mazingira mazuri yatakayowawezesha Watanzania wenyewe kuwekeza katika shughuli mbalimbali za maendeleo kulingana na mitaji waliyonayo na fursa zinazowazunguka. Chum alisema Watanzania wanapaswa kuziona fursa hizo na kuzitumia kujiletea maendeleo yao badala ya kulalamika kuwa serikali haijawafanyia kitu wajasiriamali kwa kuwawekea mazingira mazuri ya kufanya shughuli zao.",biashara,biashara,michezo,0.5088
SW991,"Wamesema hatua hiyo ya serikali imeonesha namna serikali ya Chama Cha Mapinduzi (CCM) ilivyo sikivu kwa wananchi inaowaongoza na ndiyo sababu ikawasikia na kukijali kilio chao. Viongozi wa waendesha boda boda hao, walitoa pongezi hizo katika kikao chao na Mwenyekiti wa Jumuiya ya Vijana wa CCM (UVCCM) Aman Kajuna aliyekutana nao ili kujua mapendekezo yao juu ya kero zinazowakabili katika utekelezaji wa majukumu yao. Viongozi hao waliotokea katika wilaya mbalimbali za mkoani hapa, ikiwemo Mbeya Mjini na Mbeya Vijijini, Chunya na Rungwe waliwapongeza pia wanahabari nchini wakisema walikuwa kiunganishi kizuri kati yao na serikali wakati wakitoa kilio cha kubadili namba za usajiri. ""Katika mafanikio ya jambo hili hatuwezi kuwaacha wenzetu wanahabari. Walikuwa kiunganishi baina yetu na viongozi wa serikali. Tunaamini wao wamewezesha kwa kiasi kikubwa kuwepo kwa maafikiano mazuri juu ya jambo hili,"" alisema mmoja wa viongozi hao, Paul Christophe kutoka Mbeya. Kwa upande wake Noah Mwakajebele kutoka Tukuyu wilayani Rungwe, alishauri maofisa wa Mamlaka ya Mapato (TRA) kuutumia muda ulioongezwa kupita katika kanda za bodaboda na kutoa elimu juu ya ubadilishwaji wa namba za usajili za pikipiki sambamba na kushauriana juu ya kero zinazoleta mkanganyiko juu ya shughuli hiyo.",biashara,biashara,kitaifa,0.5064
SW6010,"Mama mmoja nchini Uingereza alipoteza mtoto wake kwa sababu ya kamari mara baada mtoto huyo kucheza kamari ya kiasi cha fedha cha paundi 36,000 ambayo ni sawa na dola 45,000 . Kimberley Wadsworth aliamua kujiua mara baada ya kumaliza fedha zote katika mchezo wa kamari. Binti huyo alimuomba mama yake fedha za kulipa madeni yake katika mchezo huo lakini mwisho wa siku fedha zote alizichezea tena kamari na kumuacha mama yake bila sehemu ya kuishi. Kimberley ambaye alikuwa na umri wa miaka 32,alianza kucheza kamari katika sehemu za starehe na kwenye mitandao mnamo mwaka 2015. Alianza kupata uraibu wa kamari baada ya kupata sonona mara baada ya kifo cha baba yake na kuwa na ndoa isiyokuwa na furaha. Mtoto huyo alijaribu kumficha mama yake juu ya hali yake ya sonona. Binti huyo alitumia zaidi ya paundi 44,000 katika kamari pamoja na paundi 17,000 kutoka katika urithi wa bibi yake . Bi Wadsworth, mwenye umri wa miaka 65, ambaye ndiyo mama yake alidai kuwa ilimbidi auze nyumba ya familia ili ampe fedha ya kulipa madeni ya kamari ingawa hakuyalipa mpaka alipojiua. ""Hakulipa deni hata moja bali aliendelea kucheza kwa muda wa wiki mbili mfululizo hivyo nikabaki bila mahali pa kuishi"" alieleza bi. Wadsworth . Mama huyo anasema kwamba alijaribu kumtafutia mtaalamu wa afya ya akili ili aweze kupata msaada wa tatizo la uraibu wa kucheza kamari lakini hakwenda. Badala yake aliandika ujumbe "" tumechelewa sana mama"" kabla hajajiua. Bi. Wadsworth alisema kuwa kama msaada ungetolewa mapema zaidi basi mtoto wake angekuwa hai bado. ""Kuna wataalamu ambao wanajua namna ya kukabiliana na watu ambao wana uraibu wa kucheza kamari na wanajua dalili za mtu ambaye ameanza kupata tatizo hilo"". ""Wataalamu wanajua dalili za watu wenye uraibu wa kamari lakini wanaficha , Wanaendelea kutudanganya kuwa si rahisi kuacha,"" Wadsworth alisema. Kuna watu ambao wanapata uraibu kwa kiwango kikubwa sana mpaka kuhatarisha maisha yao kwa kujiua. Watu wapatao 340,000 nchini Uingereza wana tatizo kubwa la uraibu wa kamari kwa muhimu wa tume ya mchezo wa kamari. Vituo kadhaa vya afya vimeanzishwa nchini humo ili kuwasaidia watu walioathirika na tatizo la kamari."" Uraibu wa kucheza kamari huwa unaongezeka kadri mtu anapozidi kupata fedha nyingi. Kijana mmoja kwa jina la Chris Murphy,alianza kupata uraibu alipopata paundi 350 akiwa na umri wa miaka 17. Tangu wakati huo mpaka alipofika miaka 23, ametumia zaidi ya paundi 100,000 katika kamari Kijana mwenye miaka miaka 33 na ameweza kujizuia kucheza kamari kwa miezi nane. Ukiangalia upande wa matatizo ya kiafya, hali yake sio nzuri na anahitaji msaada. Kwa mujibu wa mtaalamu wa afya anasema kwamba, Jambo la muhimu ni kumtaka yeye mwenyewe kupambana kuacha kucheza mchezo huo wa kamari ambao anadhani kuwa hawezi kuacha. Inawezekana kuacha kucheza kamari ni jambo gumu zaidi ya mtu kuamua kuacha madawa ya kulevya au pombe. Hakuna ubaya kwa mtu kukubali kuwa anahitaji msaada. Ni muhimu watu wanaoanza kupata tatizo hili kutafuta msaada mapema kwa sababu madhara au matokeo yake huwa sio mazuri. Kamari inaweza kumfanya mtu afilisike, kupoteza uhusiano mzuri na wapendwa wake, kupoteza ajira na kupata msongo wa mawazo.",michezo,michezo,kimataifa,0.5028
SW2427,"KAMPUNI ya simu za mkononi ya Tigo imeingia kwenye ushirikiano na Kampuni ya SportPesa kuzindua promosheni walioipa jina la 'Faidika na Jero'. Promosheni hiyo, wateja wa Tigo watajishindia zawadi wanapobashiri baada ya kuweka fedha kwenye akaunti ya SportPesa kupitia Tigo Pesa. Promosheni hiyo inatarajiwa kufika mwisho Oktoba 29 ambapo mbali na zawadi nyingine ndogo ndogo kama simu za mkononi aina ya Sumsung A10, mshindi wa jumla atajinyakulia gari mpya aina ya Renault KWID, ambayo haijatembea hata kilo meta moja. Akizungumza na waandishi wa habari kwenye hafla ya kuitangaza promosheni hiyo Mkurugenzi wa Utawala na Udhibiti wa SportPesa, Abbas Tarimba alisema lengo la kuanzisha promosheni hiyo ni kutaka kuwakwamua wateja wao kutoka sehemu moja kwenda nyingine.""Sasa hivi tumeamua kuja kivingine kabisa kwa kutoa gari badala ya bajaji kama ilivyozoeleka na lengo letu ni zuri kuhakikisha wateja wa Tigo na SportPesa, wananufaika nayo hii promosheni hasa ukizingatia imekuja kipindi muhimu cha ligi mbalimbali zinazoendelea Ulaya na hata hapa nchini,"" alisema Tarimba. Tarimba alisema ili kuingia kwenye kinyang'anyiro hicho mteja anatakiwa kujisajili kwa kuweka fedha kwenye akaunti ya SportPesa ambayo ni *150*87#, kupitia mtandao wa tigo kucheza na SportPesa ili aweze kushinda. Kwa upande wake Meneja Uhusiano wa Tigo Woinde Shisael, alisema hii ni fursa muhimu kwa wateja wao wa Tigo, kujiimarisha kimaisha kupitia promosheni hiyo ambayo ni ya kipekee tangu kuanzishwa Kampuni hiyo.""Sisi kama Tigo tunajisikia faraja sana kufanya kazi na Kampuni kubwa kama SportPesa, naamini wateja wetu wataipokea kwa furaha promosheni hii na kuichangamkia kwa kasi na kunufaika nayo na hiyo ni kutokana na faida zilizopo ndani yake,"" alisema.",michezo,michezo,biashara,0.4973
SW2585,". Aliyekuwa Waziri wa Mambo ya Nje katika Serikali ya awamu ya Nne na kada wa Chama cha Mapinduzi (CCM) Bernard Membe amesema kuwa, kuhojiwa na Kamati ya Maadili ya chama chake ni faida kwake pamoja na ChamaAkizungumza nje ya Makao Makuu ya CCM jijini Dodoma Membe amesema kuwa, mahojiano na Wajumbe wa Kamati hiyo yamemfanya kuwa na amani. Amesema wakati wa mahojiano hayo amepata nafasi nzuri ya kujadili masuala ya Kitaifa na Kimataifa pamoja na kufafanua mambo kadhaa ambayo CCM ilitaka kuyajua.""Nimepata nafasi nzuri ya kutoa mawazo ya yale mambo nilioombwa kutoa mawazo, kwa hiyo sasa hivi mimi na mke wangu tunaenda kula chakula kizuri sana, lakini niwaambie safari hii ya kuja Dodoma ilikuwa na manufaa makubwa sana sana kwangu, kwa chama na kwa Taifa letu"", amesema Membe.",burudani,burudani,kitaifa,0.4971
SW3896,"Kauli hiyo ilitolewa na Waziri wa Maliasili na Utalii, Lazaro Nyalandu wakati akijibu swali la nyongeza la Mbunge wa Arumeru Mashariki, Joshua Nasari (Chadema) aliyetaka kujua manufaa ya hoteli hizo wakati hawalipi tozo kwa halmashauri. Nyalandu alisema kwamba fedha hizo haziendelezi tu utalii, bali pia na shughuli mbalimbali za serikali zinazowezeshwa na kodi. Mbunge Nasari alisema kwamba mahoteli hayo hayana msaada kwa vijiji vinavyowazunguka ikiwa na pia kuajiri wageni hata katika nafasi za ufagizi. Akijibu swali hilo pia alisema kwamba kuajiri wafanyakazi kinyemelea kutoka nje kwa nafasi ambazo zinaweza kushikwa na watanzania ni kwenda kinyume cha sheria na kutaka anayejua aliyefanya hivyo kumtolea taarifa ili hatua kaliza kisheria zichukuliwe. Katika swali la msingi lililoulizwa na Mbunge wa Viti Maalumu, Cecilia Paresso (Chadema) kwa nini serikali imekataza halmashaauri kutoza tozo ya hoteli na kuwakoseha mapato, Waziri Nyalandu alisema kwamba tozo hiyo ilifutwa wakati wa mabadiliko ya sheria ya fedha ya Serikali za mitaa ya mwaka 2003. Aidha, alisema kwamba tozo la huduma ambalo linatakiwa kukusanywa na halmashauri, kuna shauri mahakamani ambapo wawekezaji wa hoteli za kitalii na halmashauri wanavutana. Shauri lao litatolewa na hukumu mwezi huu. Aidha, mabadiliko katika sheria ya utalii 2008 kunatoa ruksa ya tozo ya maendeleo ya utalii na serikali inatoza tozo hiyo (TDL) ambayo hutozwa kila mgeni anayelala hotelini na fedha hizo zinakwenda serikali kuu kusaidia kuendeleza utalii nchini. Wakati huo huo, Serikali imesema uamuzi wake wa kutohamisha vijiji 21 vinavyozunguka Hifadhi ya Taifa Ruaha ambavyo awali vilitakiwa kuhama uko palepale. Aidha, imewataka wananchi wasisikilize kauli za watu wanaopita kusema kwamba vitahamishwa. Waziri Nyalandu alikuwa akijibu swali la Mbunge wa Mbarali, Modestus Kilufi (CCM) aliyetaka kauli ya serikali kuhusu matamko ya mitaani. Waziri Nyalandu alisema kwamba mchakato unaendelea wa kufanya mabadiliko ya mipaka katika hifadhi hiyo na mchakato ukikamilika taarifa zitafikishwa bungeni wka kufanyiwa kazi.",biashara,biashara,kitaifa,0.4938
SW4100,"Mdhibiti Viwango vya Ubora wa bidhaa wa shirika hilo, Editha Protace alisema wakati wa kukifungua kiwanda hicho juzi kuwa, baada ya kukifanyia ukaguzi upya na kupima sampuli za juisi itakayoanza kuzalishwa, TBS imeridhishwa na maboresho muhimu yaliyofanyika.""Pamoja na kuchukua vipimo muhimu na kuvifanyia uchunguzi kwenye maabara yetu ya chakula, tumeona kuna tofauti kubwa na vigezo vya viwango vya ubora katika juisi hiyo vimezingatiwa. Sasa walaji wanaweza kuanza kuitumia kwa sababu ni salama,"" Protace alisema. Akifafanua alisema, vipimo vimeonesha kuwa sukari tamu iliyokuwa ikitumiwa awali haijatumika tena.""Cha msingi ni wanywaji kuwa makini na tarehe ya kutengenezwa kwa juisi hiyo kuepuka kupata iliyozuiwa awali, endapo kutakuwa na wafanyabiashara waliofanikiwa kuzificha hata baada ya msako"". Anasisitiza kuwa, juisi yoyote itakayoonesha imetengenezwa kabla ya Februari 16, mwaka huu, itakuwa miongoni mwa zilizozuiwa zisiuzwe awali, hivyo, atakayeinunua airejeshe kiwandani hapo au TBS kwa ajili ya ufuatiliaji zaidi. Meneja Masoko wa kiwanda hicho, Kephas Gembe aliwaahidi watanzania kuwa watazalisha juisi hizo kwa kuzingatia viwango vilivyopitishwa na shirika hilo, kulinda afya za walaji na mazingira. Kwa mujibu wake, hakuna kiungo kisichofaa kitakachotumika kutengeneza juisi hiyo, hivyo wanapoinywa wawe na amani. ""Tunaomba watakaoona juisi za zamani zikiendelea kuuzwa watutaarifu au kuijulisha TBS kwa hatua zaidi. Miongoni mwa maboresho yaliyofanywa kiwandani hapo ni pamoja na kuweka mazingira ya kiwanda hicho katika hali ya usafi, kuandika maandishi katika ukuta wake kuwa ni kiwanda kinachozalisha juisi hiyo pamoja na kuweka maelezo muhimu katika vifungashio ikiwemo viungo vilivyotumika na anuani ya mzalishaji.",biashara,biashara,kitaifa,0.4893
SW1625,"Akizungumzia mfumo huo alisema mfumo huo utatumika kutoa mizigo bandarini, katika viwanja vya ndege na mipakani na wenye kuhusisha wadau mbalimbali.""Awali Idara ya Forodha ilikuwa ikitumia mfumo wa asycuda kwa ajili ya kutolea mzigo ambapo umekuwa na changamoto nyingi zilizokuwa zikisababisha ucheleweshwaji wa kutoa mizigo bandarini,"" alisema Silaa na kuongeza kuwa mfumo huo ni wa Watanzania na katika kuutekekeza umegharimu dola za Kimarekani milioni 11.6. Alisema katika mfumo wa awali ulipaji wa mizigo ilikuwa lazima kwenda benki ambapo ulijumuisha pia mifumo mingine midogomidogo ambayo imekuwa ikisababisha usumbufu haswa wakati wa kuandaa ripoti. Silaa ambaye pia ni Mkurugenzi wa mfumo huo, alisema baada ya kuona mfumo wa awali ulikuwa na changamoto mbalimbali ndipo idara hiyo ilianza mchakato wa kutafuta mzabuni atakayefanya upembuzi juu ya mfumo huo wenye kukidhi matakwa ya Watanzania. Alisema faida za mfumo huo ni kurahisisha taratibu na kupunguza gharama na muda wa kutoa mizigo kutoka siku tisa hadi tano, kuwa na taratibu za wazi zenye kuleta manufaa katika utoaji wa mizigo na kuunganisha vitengo vya ndani vya TRA. Kuhusu kama mfumo huo utaweza kubaini mizigo haramu alisema mfumo huo utaweka wazi hatua kwa hatua ya mzigo tangu kuingia hadi kuondoka na kwamba nanikafanya nini hali ambayo itarahisisha kubaini watakaohusika na kitendo chochote chenye kutiliwa shaka.""Katika mfumo huu nyaraka za kughushiwa zitapunguzwa, utazingatia uadilifu kwa wanaoutumia kwani utatoa taarifa kila wakati unapotumiwa, kufahamu mzigo ulikocheleweshwa na ni nani aliyehusika, kuondoa uongo na kuondoa kufahamiana wakati wa kufuatilia nyaraka,' alisema. Kwa upande wake, Vileth Kazimoto wa kitengo cha Teknolojia ya Habari na Mawasiliano TRA, alisema chini ya mfumo huo zipo changamoto wanazotarajiwa kukumbana nazo, ikiwa ni pamoja na kuwepo kwa uelewa mdogo wa taaluma hiyo kwa wafanyakazi wengi wa TRA.",biashara,biashara,kitaifa,0.486
SW393,"Shirikisho la Filamu Tanzania (TAFF) linatekeleza mchakato wa marekebisho ya katiba na limetoa siku 30 kwa wadau na wanatasnia ya filamu nchini kutoa maoni yao kwa rasimu ili kuwa na katiba yenye tija kwa tasnia hiyo. Rasimu ya TAFF iliundwa na kupelekwa kwa wadau na baada ya kikao cha utendaji kazi kati ya Bodi ya Filamu Tanzania, Basata na TAFF, ikaazimiwa upatikanaji wa katiba. Rais wa TAFF, Simon Mwakifamba, alisema hayo jana Dar es Salaam na kuongeza kuwa, ukusanyaji maoni utajumuisha wadau mbalimbali na wanatasnia ili kuboresha sekta ya filamu nchini.""Nitoe mwezi mmoja tu tangu siku ya leo (jana). Rasimu itapatikana kupitia njia mbalimbali iki- wamo kwenye ukurasa maalum wa Facebook, kusambazwa kwa njia mbalimbali za mitandao,"" alisema Mwakifamba. Alisema baada ya kupokea maoni, kupitia kikao cha bodi, TAFF itaitisha mkutano mkuu wa wanachama wake kwa ajili ya ajenda kuu moja kisha kuipitisha ama kuikataa rasimu ya katiba hiyo pendekezwa. Alisema TAFF inawaomba wote wenye nia njema wasisite kutoa mawazo yao ili kuujenga umoja huo wa wenye tasnia ya filamu Tanzania ili kuifanya kuwa yenye mchango katika sa- fari ya Tanzania kuwa na uchumi wa kati kufikia mwaka 2025. Mbali na wadau kutakiwa kutoa maoni ya rasimu ya katiba, alisema TAFF inajivunia kuipi- gania Sera ya Filamu Tanzania tangu mwaka 2014 kwa kiasi na serikali imeshatoa ahadi kwamba kabla mwaka huu haujaisha ita- kuwa tayari imeshapatikana. Alisema pia katika sekta ya sanaa bunifu, shirikisho hilo linaendelea kufanya utafiti kuhusu sera ya miliki bunifu (IP) ambayo inalenga kuwa na maboresho makubwa katika tasnia ya filamu. Alisema shirikisho hilo lilianzishwa na wadau wa tasnia ya filamu Tanzania, kisha kupewa baraka za utendaji kazi kwa usajili namba BST 4536 wa mwaka 2010 wa Baraza la Sanaa la Taifa (Basata) linalofanya kazi chini ya sheria ya serikali ya uendeshaji wa Tasnia ya sanaa nchini namba 4 ya mwaka 1984.",michezo,michezo,kitaifa,0.4815
SW1236,"WIZARA ya Fedha na Mipango imetoa orodha ya kwanza ya wadaiwa sugu wafanyabiashara 15 walionufaika na Mpango wa Kusaidia Uingizwaji wa Bidhaa nchini (CIS) na FACF, wafanyabiashara Mohamed Dewji na Yusuf Manji ni kati ya wadaiwa hao. Kwa mujibu wa taarifa kwa vyombo vya habari iliyotolewa jana na wizara hiyo, imewataka wadaiwa hao kulipa madeni yao haraka iwezekanavyo kabla hatua za kisheria kuchukuliwa. Watu wengine mashuhuri waliopo kwenye orodha hiyo ni pamoja na mwanasiasa aliyekuwa Waziri kwenye utawala uliopita, Stephen Wassira kupitia kampuni yake ya Siza Cold Storage Co. Ltd pia mwanasiasa Hashim Rungwe kupitia kampuni yake ya Bahari Motor Co. Ltd. Ikizungumzia madeni hayo, taarifa hiyo ilifafanua kuwa yanatokana na mkopo wa masharti nafuu kwa Taasisi, Kampuni, Viwanda na Wafanyabiashara ambapo wakopaji walitakiwa kulipa deni husika bila ya kutozwa riba katika kipindi cha miezi 18 tangu muda waliopewa mikopo hiyo. Ilinukuu kifungu cha sheria cha CIS ya mwaka 2008 (1)(b), inayosema kuwa mkopaji akichelewa kulipa katika kipindi cha miezi 18 tangu kupatiwa mkopo, atapaswa kulipa riba ya asilimia sawa na kiwango kinachotozwa na Benki Kuu ya Tanzania (BoT) inapoikopesha serikali katika kipindi husika. Ilielezea kuwa zaidi ya kampuni 980 zimekopeshwa chini ya utaratibu huo ambapo tangazo hilo lililotolewa jana lilikuwa ni la mara ya mwisho kwa kuwa imeshatangaza mara kwa mara na wadaiwa wameshindwa kuitikia mwito. Ilisema matangazo yalitolewa mnamo Desemba 30 mwaka 2015 na Aprili 4 mwaka jana, lakini hakuna jitihada za ulipaji wa madeni hayo zilizofanyika. Ilielezea kuwa wadaiwa ambao majina yao yametajwa jana kwa hiyo mara ya mwisho wakishindwa kujitokeza na kulipa hatua za kisheria zitachukuliwa. Kwa upande wa mfanyabiashara Mohamed Dewji anadaiwa kupitia kampuni zake za 21st Century Textiles na Afritex Ltd huku Manji akidaiwa kupitia kampuni zake za Farm Equipment Tanzania Ltd, Quality Group Ltd, Dunhill Motors Ltd, Quality Seed Ltd, Quality Garage Ltd.",kitaifa,kitaifa,biashara,0.4638
SW5814,"Mwanamke mmoja raia wa Uganda anayeishi London, Uingereza amekutwa na hatia ya kumkeketa mtoto wake wa miaka mitatu. Mama huyo ambaye ana watoto wawili anakabiliwa na kifungo cha hadi miaka 14 kwa kosa hilo na hukumu yake itasomwa Machi 8. Hukumu hiyo inatajwa kuwa ya kwanza katika kipindi cha miaka 30, tangu kuwekwa kwa sheria za kupinga vitendo hivyo nchini humo. Kwa mujibu wa Mwongoza Mashtaka Jaji Phillipa Whippa, mama huyo ambaye jina lake halijawekwa bayana, akiwa na mumewe raia wa Ghana walimpeleka mtoto wao huyo hospitali Agosti 28, 2017 akiwa anatokwa na damu nyingi sehemu za siri. Kutokana na kitendo hicho ilibidi polisi waanze uchunguzi, kuhusu tukio hilo. ""Wazazi wa mtoto walidai mtoto wao alianguka kutoka meza ya jikoni, na kuumia, lakini alipoulizwa mtoto mwenyewe akasema alikatwa na 'mchawi' (mama yake),"" aliongeza. Jaji alisema kuwa mtoto wao wa kwanza wa kiume, aliwaandikia barua polisi na kuwaeleza kuwa mama yake ndiye aliyemkata mdogo wake sehemu za siri.",kitaifa,kitaifa,kimataifa,0.4602
SW2790,". Mahakama nchini Afrika Kusini imetoa hati ya kukamatwa kwa Rais Mstaafu wa nchi hiyo, Jacob Zuma kutokana na kutofika mahakamani katika kesi ya rushwa inayomkabili. Rais Zuma alitarajiwa kufika mbele ya Mahakama Kuu ya Pietermaritizburg, lakini hakutokea. Amedai kwamba asingeweza kufika kwa sababu ni mgonjwa, na kuna taarifa kuwa yupo nchini Cuba kwa ajili ya matibabu, lakini haijaelezwa anasumbuliwa na tatizo gani. Zuma anatuhumiwa kupokea rushwa kutoka kampuni ya vifaa vya kijeshi ya Ufaransa, Thales, kupitia kwa mshauri wake wa masuala ya kifedha, Schabir Shaik ambaye alitiwa hatiani kwa makosa ya wizi na rushwa mwaka 2005.",kimataifa,kimataifa,burudani,0.4455
SW992,"UTAFITI uliofanywa kwa nchi nne za Afrika umetegua kitendawili cha miaka 30 baada ya kubaini kwamba uzazi wa mpango hauchangii ongezeko la maambukizi ya virusi vya Ukimwi kwa wanawake. Matokeo hayo yamepatikana baada ya kufanyika utafiti ulioshirikisha wanawake 7,829 wenye miaka 16 hadi 35 kutoka Kenya, eSwatini, Afrika Kusini na Zambia waliofanyiwa utafiti kwenye maeneo 12. Asilimia 3.81 ya wan- awake waliofanyiwa utafiti walipata maambukizi ya VVU ambao ni 397 kati ya 7829 sawa na wanawake wanne kati ya 100 hivyo hakuna jibu la mwisho kuwa njia hizo zinachangia. Matokeo ya utafiti huo yaliyotangazwa Alhamisi katika mkutano wa Ukimwi Afrika Kusini yalibainisha kuwa wanawake waliofanyiwa utafiti walitumia njia za uzazi wa mpango wa sindano, kitanzi na vipandikizi. Akitangaza utafiti huo wakati wa semina maalumu ya kuchambua utafiti huo nchini, mhamasishaji jamii wa virusi vya Ukimwi na afya ya uzazi, Dk Lilian Mwakyosi ulioandaliwa na Shirika la Habari la Internews Tanzania alisema maambukizi kwa wanawake hususan wasichana yamekuwa yakiongezeka kila siku. Inaelezwa kuwa kati ya watu milioni 37 wanaoishi na virusi vya Ukimwi duniani zaidi ya nusu ni wanawake huku kukiwa na takribani maambukizi mapya 600,000 kila mwaka kwa wanawake vijana. Alisema wanawake milioni 700 wanatumia njia za uzazi wa mpango duniani kati yao milioni 58 kutoka Afrika kusini mwa jangwa la Sahara. Miaka 30 maambukizi ya VVU kwa wanawake yameongezeka. Alisema utafiti wa Desemba 2015 hadi Oktoba 2018, eSwatini kituo kimoja wanawake 502, Kenya kituo kimoja wanawake 901, Afrika Kusini vituo tisa wanawake 5768 na Zambia kituo kimoja wanawake 658. Alisema wanawake 2,609 walitumia njia ya kupanga uzazi ya sindano, 2,607 kitanzi, 2,613 vipandikizi na kufuatiliwa kila mwezi kufika vituoni na kupatiwa vifaa vya kujikinga na ukimwi na matibabu bure.",kitaifa,kitaifa,kimataifa,0.4416
SW5071,"Akizungumza na waandishi wa habari Dar es Salaam jana, Meneja Mwendeshaji wa kampuni hiyo, Baraka Shelukindo alisema, kuanzia sasa visimbuzi vya DStv vitauzwa Sh 79,000, ikiwa ni pamoja na kupata kifurushi cha mwezi cha DStv Bomba. Alisema katika msimu huu wa kuelekea kwenye sikukuu za mwisho wa mwaka, kampuni hiyo imeona vema kuwazawadia Watanzania kwa kutoa ofa hiyo pamoja na kuzindua kifurushi cha kitanzania cha DStv Bomba, kinachouzwa Sh 23,500 kwa mwezi. Akizungumzia kifurushi hicho ambacho Balozi wake ni mwanamuziki wa kizazi kipya nchini, Nassib Abdul (Diamond Platnumz), Shelukindo alisema kina zaidi cha chaneli 65 za vitu tofauti ikiwemo makala, michezo, habari na tamthilia. Kwa upande wake, Diamond alisema kifurushi hicho kimekuja kwa wakati kwani watanzania wengi wanapenda kupata chaneli zinazokidhi matakwa yao na kwamba hata bei yake ni nafuu ikilinganishwa na ubora na wingi wa chaneli katika kifurushi hicho. ""Ni kifurushi kizuri chenye chaneli zilizo jaa maudhui ya jamii yetu ya Tanzania.",biashara,biashara,michezo,0.424
SW2717,"KATIKA hali isiyokuwa ya kawaida Hakimu wa Mahakama ya Mwanzo Maromboso jijini Arusha,Theresia Sidoyeka ameshindwa kusoma hukumu katika shauri la mirathi iliyokuwa isomwe jana kwa maelezo kuwa hukumu hiyo iliibwa ofi sini kwake.""Jamani hukumu yenu niliyokuwa nimeiandika kwa kuichapa imeibwa ofisini kwangu naomba niiandike upya ili Jumatatu niisome "" alisema Hakimu Sidoyeka. Shauri hilo lililetwa mahakamani hapo na mlalamikaji, Stephano Balthazar akimpinga Frida Swai ambaye ni mama yake mdogo kuwa msimamizi wa mirathi ya marehemu bibi yake aitwaye Monica Mbowe, aliyefariki mwaka 1992. Pingamizi hilo lilitolewa kwa madai ya kushindwa kukusanya, kugawa na kufunga mirathi katika kipindi cha miaka 28. Kupotea kwa karatasi za hukumu hiyo kumeibua sintofahamu katika maamuzi ya mahakama hiyo huku upande wa waleta maombi wakijawa na hofu zaidi. Hata hivyo, kumekuwa na madai kuwa nyumba moja ya marehemu iliuzwa kwa mmoja wa majaji wastaafu. Shauri hilo limeahirishwa kwa mara ya pili, ambapo Aprili 30,mwaka huu shauri hilo lilikuja mahakamani hapo kwa ajili ya kutolewa uamuzi na Hakimu Sidoyeka hakuwepo mahakamani hapo, hivyo kupangwa jana. Wasikilizaji wa pande zote mbili katika shauri hilo walifurika katika chumba cha mahakama huku kila upande ukiwa na shauku ya kutaka kujua maamuzi yatakayotolewa mahakamani hapo. Awali shauri hilo lilianza kuunguruma mahakamani hapo, Aprili 11 mwaka huu, ambapo upande wa mleta maombi, Stephano Balthazari akiwa na mashahidi sita, alimpinga msimamizi wa mirathi Frida Swai kwa madai si mwaminifu, ameshindwa kukusanya mali za marehemu na kugawa katika kipindi cha miaka 28 tangu kifo cha marehemu. Pia, alidai kuwa anao ushahidi kuwa Frida Swai amefuja mali za marehemu bibi yake kwa kuuza baadhi ya nyumba zilizoachwa ikiwemo nyumba ya Kaloleni bila kufuata taratibu.",kitaifa,kitaifa,kimataifa,0.3994
SW5924,"IMEBAINIKA kuwa asilimia kubwa ya kofi a ngumu (helmet) zinazotumiwa na watumiaji wa usafiri wa bodaboda nchini zinaingizwa kiholela huku pia zikiwa hazikidhi ubora unaotakiwa na viwango vya Shirika la Viwango Tanzania (TBS), HabariLeo imebaini. Kiutaratibu helmeti zinapoingia nchini ni lazima kwanza zikifika bandarini zikaguliwe na TBS ambayo inachukua kofia kadhaa kama sampuli na kwenda kuzipima kwenye maabara yake ili kubainisha kama zinaendana na ubora unaotakiwa ambao ni TZS 1478:2013. Licha ya TBS kuwa na kiwango hicho kinaelekeza malighafi za kutumika kwenye utengenezaji wa helmet hizo kwa kuzingatia ugumu wa gamba la kofia husika, uimara, ukubwa wa ndani wa kofia lakini gazeti hili limebaini kuwa zipo njia za panya zinazotumiwa kuingiza helmeti zisizokuwa na viwango. Ufuatiliaji wa kina uliofanywa na gazeti hili katika baadhi ya maeneo ya jiji la Dar es Salaam, umebainisha uwepo wa kofia zisizo na viwango ambazo kimsingi ndio zimeingizwa kwa njia hizo zisizosahihi. Kofia hizo zinawahi kupasuka pindi zikipata msukosuko ambapo kama ikirushwa kutokea juu inapasuka haraka kutokana na utengenezwaji wake kuwa usio wa viwango ili hali inayokidhi viwango inapaswa kudunda na si kupasuka. Kingine kinachothibitisha uwepo wa kofia zenye viwango na zile za kawaida ni tofauti ya bei ambapo kofia zenye viwango bora huuzwa kwa Sh 30,000 huku zile zenye viwango duni huuzwa hadi Sh 10,000, hali ambayo inawavutia wamiliki au waendesha wa bodaboda kupendelea kutumia zisizokuwa na viwango za Sh 10,000. HabariLeo limefuatilia kwa undani na kubainisha kuwa hata hao wanaouza za bei ndogo tofauti na wa bei kubwa ni kwamba wakiulizwa kwa undani zaidi kuhusiana mahala walipozitoa hushindwa kuwa na majibu yanayoeleweka. Mwathirika wa ajali ya bodaboda, mkazi wa Temeke Stereo, Mwavua Khamis aliyejeruhiwa kichwani katika ajali iliyotokea Februari mwaka huu huku akiwa amevaa helmeti bila kujua kuwa ni moja ya zisizo na ubora, aliliambia gazeti hili kuwa licha ya kuwa alikuwa amevaa helmeti wakati ajali hiyo ikitokea lakini alikumbwa na jeraha kubwa kichwani. Anasema imemchukua takribani miezi mitatu kutibiwa sehemu za kichwa huku akibainisha kuwa pia aliumia mguu wa kulia na bega katika ajali hiyo ambayo iliua mwendesha bodaboda papo hapo (jina limehifadhiwa). Alisema,""siku hiyo nakumbuka dereva alivaa helmet na mie pia nilivaa ila sikuifunga kwa kuwa kwanza haikuwa na kifungio, sasa ninachokumbuka ni kuwa dereva alikuwa anakwepa daladala akaingia nyuma ya lori, ila nimeambiwa kuwa huenda hata helmet niliyotumia ni zile zisizokuwa na viwango ndio maana kichwa kikaumia.""Mwendesha bodaboda, Haruna Shaban wa Tabata Kimanga amesema, waendesha bodaboda wamejikuta wakiwa njia panda kwa kuwa wanachojua ni kuwa helmet zote ni sawa na kuwa wanapouziwa za bei ndogo ndio kwao za maana. Anasema,""kuna mwenzetu nakumbuka mwaka juzi alikufa kutokana na ajali ambapo alipatwa majeraha kichwani na hata pale Hospitali ya Muhimbili Kitengo cha Moi walishindwa kumtibu na akafa, alikuwa akipenda kuvaa helmeti na hata ajali ilipotokea alikuwa kaivaa sasa huenda ndio hizo za kiwango bora hazipasuki ajali ikitokea na zinazuia madhara.""TBS wanenaMkaguzi wa Ubora wa Bidhaa wa TBS, Yona Afrika alibainisha uwepo wa changamoto katika kukabiliana na uingizwaji wa helmeti nchini huku akigusia bandari bubu zinavyoshiriki katika hujuma hizo. Alitaja moja kati ya changamoto hizo ni ubadilishwaji wa mara kwa mara wa njia zinazotumika kuziingiza nchini kofia hizo ambapo maofisa wa TBS wanaweza kukaa bandarini au mpaka mmoja kwa muda mrefu wakisubiri ziingizwe lakini waingizaji huwasiliana na kubadilisha njia. Alisema kuwa hali hiyo imepelekea kuingizwa kwa kofia ngumu nyingi nchini na kuuzwa huku zikihatarisha usalama wa waendeshaji wa bodaboda hizo pamoja na abiria wake. Alisema kwa upande wa TBS imekuwa ikiongeza umakini katika kuzikagua zile zinazopitia njia zinazotambulika ambapo pindi zikiingia nchini huchukua sampuli kadhaa na kisha kuyafunga kwa alama maalumu makontena yenye mzigo husika na kuyaruhusu kuondolewa kwenye bandari husika kuepuka gharama ambazo wanaweza kutozwa. Alisema, TBS ndani ya siku tatu hutoa majibu kama helmeti walizokamata zinaendana na viwango vyao huku akibainisha kuwa kwa mwaka wa fedha 2018/2019 TBS iliziteketeza helmet zaidi ya 2,000 baada ya kubaini kutokuwa na ubora. Alisema kiwango cha ubora za TBS kwa kofia ngumu cha 1478:2013 kimewekwa wazi wa wadau wote wanaoagiza bidhaa hizo na kuwa kwa wale ambao wanaziingiza tu nchini bila ya kuzingatia ndio wanaokumbana na adhabu husika. Alisema kuwa ukaguzi wa TBS imeingia makubaliano na kampuni nne za kimataifa kufanya ukaguzi wa bidhaa zake zikiwamo helmet ambazo ni SGS, CCIS, Bureau Veritas na Intertek ambazo zimesambaa duniani kote na kati ya majukumu yake ni kufuatilia viwanda vinavyotengeneza helmet za kuja hapa nchini. Wasemavyo wadau wa helmeti Ofisa Mtendaji Mkuu wa Taasisi ya Helmet Vaccine Initiative Tanzania, Alpherio Nchimbi anaishauri TBS kukagua na kuteketeza helmeti feki zilizopo mitaani kama inavyofanya kwa bidhaa feki nyingine.",kitaifa,kitaifa,biashara,0.3987
SW6277,"Mamlaka ya Anga Tanzania (TCAA) imetoa siku 28 kwa shirika la ndege la Fastjet kutoa maelezo ya kwanini wasifutiwe leseni ya uendeshaji wa shughuli zao nchini. Mamlaka hiyo imefikia uamuzi huo kwa kuwa shirika hilo la ndege halina ndege za kutosha na hivyo limekuwa likileta kadhia kwa abiria wanaotumia ndege zake, mara kwa mara. Fastjet imeamriwa kusitisha mauzo ya tiketi kwa abiria, pamoja na kurudisha fedha kwa abiria ambao tayari wamekwisha nunua tiketi au wawaombee usafiri kwenye mashirika mengine. Pia wameambiwa wazingatie kuwa waliopata hasara wanafidiwa kwa mujibu wa sheria. TCAA imeongeza kuwa endapo ndani ya siku hizo 28, shirika hilo litashindwa kujieleza na kujinasua kwenye kufungiwa, stahiki zote za wafanyakazi zitalipwa.",kitaifa,kitaifa,biashara,0.3909
SW6291,"TEKNOLOJIA ya habari na mawasiliano (Tehama) hasa kupitia televisheni, imekuwa sehemu muhimu ya maisha ya watu nchini ama iwe kwa wanaomiliki runinga na hata wasio nazo. Kwa kutazama vipindi mbalimbali vya televisheni, mtu huweza kufahamu mambo mengi makubwa yanayoendelea nchini na hata nchi za nje, na kwa kutazama televisheni watu hupata burudani za kila aina. Japo sekta ya televisheni nchini inakabiliwa na fursa nyingi za maendeleo kutokana na dunia kuingia zama za dijiti, lakini pia ina changamoto kubwa. Kwa upande mmoja, maendeleo ya haraka ya kidijiti yameiletea sekta hiyo fursa nzuri ya kujiendeleza, na kwa upande mwingine, aina za uenezi wa habari zimekuwa nyingi. Kwa mfano, televisheni katika mtandao wa intaneti, simu za mkononi zinaendelea haraka na makundi mengi ya televisheni ya nchi za nje yameingia kwenye soko la televisheni nchini. Hali hii imesababisha shinikizo kubwa kwa sekta ya televisheni na filamu nchini. Ili kuongeza nguvu za ushindani sekta ya televisheni nchini lazima iendeleze ubunifu bila kusita, ndipo inapoweza kukidhi mahitaji ya watazamaji yanayoongezeka siku hadi siku, na kuwavutia wawekezaji wa matangazo ya biashara. Pamoja na aina mbalimbali za uenezi wa habari zinavyoendelea haraka na kuwa nyingi, sekta ya televisheni nchini inakabiliwa na shinikizo kubwa la ushindani. Takwimu za Mamlaka ya Mawasiliano Tanzania (TCRA) zinaonesha kuwa, Tanzania inavyo vituo 48 vya televisheni vilivyopewa leseni. Kati ya hivyo, vituo vinavyorusha matangazo bure ni 27, na ndivyo miongoni mwa vinavyoangaliwa zaidi. Vipo vituo vingine kama: Cable TV (15), Satellite TV (3) na Pay DIT (3). Vipindi vya televisheni hutiliwa maanani zaidi kwa kuwa taarifa zake huambatana na picha hai za matukio, hivyo katika hali ya ushindani, vipindi vyote vinavyotangazwa katika vituo vya televisheni lazima viwe na mvuto mkubwa na wakati wote na vinapimwa kwa 'idadi ya watazamaji' kuhakikisha vipindi vinavyorushwa ni bora. Ndiyo maana mara kwa mara hutokea ushindani mkubwa kwa vituo vya televisheni kugombea kurusha matangazo ya mashindano ya soka ya Kombe la Dunia au ligi za soka za Ulaya, kwa kuwa matangazo haya hupata watazamaji wengi kuliko matangazo mengine. Vipindi vya burudani huvutia watazamaji wengi na matangazo mengi ya biashara. Kwa sasa, vituo vyote vya televisheni vinajitahidi kuwa na vipindi mbalimbali vya burudani: tamthilia, drama na vichekesho kuwavutia watazamaji. Lakini kutokana na athari ya vipindi vya televisheni vya nchi za nje, sekta ya televisheni nchini iliyoanza kujitafutia uhai na maendeleo, imejikuta ikiingia kwenye shinikizo la mazingira ya utandawazi wa duniani, na taratibu imeanza kumezwa na utamaduni wa kigeni. Katika miaka ya karibuni, sekta ya televisheni nchini imekabiliwa na ushindani mkubwa zaidi, vituo vya televisheni vinakabiliwa na changamoto kubwa kutoka vipindi vya televisheni vya nje. Watu sasa wametekwa kuangalia vipindi mbalimbali kutoka nje, kwa mfano, matangazo ya moja kwa moja ya mashindano ya ligi ya soka nchini Uingereza, tamthilia, filamu, na picha za katuni na maonesho ya mambo mbalimbali. Hivi sasa matangazo ya vituo vya nje, kutoka China, Korea, India, Ufilipino yametawala nchini. Ukiangalia kwenye vituo vyetu vya televisheni kumejaa tamthilia kutoka China, Ufilipino, Mexico, India, Korea, na sasa Uturuki, ambazo zinaruka karibu kila kituo na tunashuhudia hata matangazo yakinakshiwa na miziki kutoka nje. Na katika mkumbo huo, wasambazaji wakubwa wa filamu nchini wameachana na filamu zetu na badala yake wanasambaza filamu kutoka Bollywood na kwingineko zenye tafsiri za Kiswahili. Kuna wakati niliongea na uongozi wa kituo cha Utamaduni cha Ufaransa (Alliance Française) wakaniambia kuwa sekta ya televisheni, zikiwemo filamu ndiyo chombo kikuu kilichoisaidia Ufaransa kueneza utamaduni wao duniani. Ufaransa imekuwa ikitoa msaada mkubwa wa bajeti za kutengenezea filamu na vipindi vya televisheni kwa nchi zinazoongea Kifaransa (Francophone). Kama hiyo haitoshi, wamepanua wigo na sasa wanatoa pesa hata kwa nchi zingine kama Tanzania. Ndiyo maana yeyote atakayeandika 'script' (mwongozo) yake ya filamu au kipindi cha televisheni na kuitafsiri kwa Kifaransa, atapewa udhamini wa maelfu ya Euro na ubalozi wa Ufaransa ili atengeneze kipindi au filamu. Unaweza ukashangaa, kwa nini wanatoa udhamini kwa watengeneza filamu katika nchi zetu? Nadhani unaanza kupata picha kuwa sasa dunia imeingia kwenye vita ya utamaduni, ya kutawaliwa kiakili. Tunasahau kuwa sekta ya televisheni ni chombo muhimu sana katika kueneza utambulisho, utamaduni na fikra za nchi husika. Ndiyo maana nchi za China, Korea au India zinaingia gharama kubwa za kutafsiri filamu na tamthilia zao kwa Kiswahili kisha kuzitoa zioneshwe bure katika vituo vyetu vya televisheni. China kupitia Idhaa ya Kiswahili ya Redio ya Kimataifa ya China (China Radio International-CRI), ilifanya kazi ya kutafsiri tamthilia ya 'Doudou na Mama Wakwe zake' na kutia sauti pamoja na kukamilisha maandalizi ya tamthilia hii kwa zaidi ya miezi 10 kwa ajili ya watazamaji wa Tanzania na Afrika ya Mashariki. Pia, hivi sasa ukipita kila kona ya nchi yetu, majina kama Ibrahim Pasha, Sultan, Hurrem n. k. ambao ni wahusika katika tamthilia yenye utata ya Sultan kutoka Uturuki, ndiyo habari ya mjini. Hadi sasa hatujiulizi: kwa nini nchi kama China, Korea au India wakati mwingine wanaingia gharama kubwa za kutafsiri tamthilia zao kwa Kiswahili na kuzitoa zioneshwe bure kwenye televisheni zetu? Tunaambiwa watazamaji wanavutiwa na vipindi vya nje kwa sababu vipindi vyetu havivutii na havina ubora unaokubalika kimataifa, jambo hili limevifanya vituo vya televisheni nchini kuona fursa ya kuonesha vipindi vilivyotafsiriwa kutoka nje kwa kuwa wanavipata bure (au kulipia pesa kiduchu). Hii ni vita ya utamaduni ya kutawaliwa kiakili. Hivi tunaandaa taifa (kizazi) la aina gani? Kwa mfumo huu kizazi chetu tunakiachia urithi wa aina gani wa utamaduni? Tuamke, huu ni mkakati maalumu wa kujenga jamii itakayobadilisha utamaduni wake na kujifunza utamaduni wa nje, na hivyo kutawaliwa kiakili. Nadhani tunajenga jamii ya watu waliochanganyikiwa. Hatulioni sasa ila ni uhakika lina madhara makubwa kwa jamii zetu na mustakabali wa nchi yetu. Kuna wakati tunajaribu kufungia video za miziki ya wasanii wetu kwenye vituo vya televisheni kwa kuwa wamepiga picha zinazoonesha vichupi, lakini huwa najiuliza tunazuiaje hizo wakati vituo hivyo vinarusha video za nje zenye vichupi? Ukiangalia kwa makini, hata mfumo wa utangazaji katika baadhi ya vituo vya redio na televisheni umeigwa kutoka Magharibi, kitu kinachotoa taswira ya kuua suala la ubunifu na kubaki watupu tusio na kitu chochote. Bahati mbaya sana katika dunia hii ya vita ya utamaduni, ukitaka kupata fedha nyingi kwa urahisi basi fanya jambo linalodhalilisha utamaduni wako au taifa lako au fanya jambo linalotukuza utamaduni wa mataifa ya Magharibi. Ukitazama kwa makini, hivi sasa, katika tasnia ya muziki na filamu, Watanzania tumebakiwa na kitu kimoja tu tunachoweza kujivunia kwamba ni chetu: lugha ya Kiswahili. Lakini bahati mbaya ni kwamba hata kwenye lugha ya Kiswahili wasanii wetu hawaijui vyema, ndiyo maana si ajabu kukuta wakichanganya R na L, DHA na ZA n. k. 0685 666964 au bjhiluka@ yahoo. com",kitaifa,kitaifa,michezo,0.3717
SW4122,Watu watatu wameuawa na wengine 12 kujeruhiwa baada ya mtu mmoja kufyatua risasi usiku wa kuamkia leo nchini Ufaransa. Tukio hili limetokea katika eneo la Strasbourg ambalo mahsusi kwa msimu wa Sikukuu ya Krismasi. Inaelezwa kuwa mamia ya maofisa polisi wanamtafuta mwanaume huyo aliyehusika na tukio hilo ambaye anasadikika kuwa moja ya walinzi. Inasadikika pia kuwa mtuhumiwa huyo amejeruhiwa baada ya kurushiana risasi na walinzi waliokuwa katika eneo hilo wakati wa harakati za kumtia mbaroni. Waziri wa Mambo ya Ndani wa nchini humo Christophe Castaner ameeleza kuwa sababu ya mhalifu huyo kufanya shambulio hilo bado haijajulikana hadi sasa lakini upelelezi unaendelea. Hatahivyo ameeleza kuwa wanaimarisha ulinzi hususani kwenye maeneo ya masoko katika msimu huu wa sikukuu ili kulinda raia.,kitaifa,kitaifa,kimataifa,0.362
SW5907,"TAJIRI namba moja nchini China ambaye pia ni mwanzilishi mwenza na mmiliki wa kampuni ya kimataifa ya Ali Baba, Jack Ma (54), amewaeleza wafanyakazi wake kuwa, wanapaswa kufanya tendo la ndoa mara sita katika siku sita za wiki na pia wazingatie muda watakaotumia kufanya tendo hilo. Bilionea Ma amewaeleza wafanyakazi hao kuwa, wapaswa kukutana kimwili wakizingatia kanuni ya 669 ikiwa na maana ya kufanya tendo la ndoa mara sita, siku sita za wiki na kuzingatia muda wa kufanya tendo hilo. Ameyasema hayo kwenye makao makuu ya kampuni hiyo, Hangzhou wakati wa harusi ya pamoja ya wafanyakazi wa kampuni ya Ali Baba huku akisisitiza kwamba, kanuni ya '669' itawasaidia kuboresha utendaji wao kazini. Hivi karibuni, Ma alitoa kanuni nyingine iitwayo '996' inayowataka wafanyakazi wa Ali Baba wafanye kazi kuanzia saa tatu asubuhi hadi saa tatu usiku kwa siku sita za wiki. Ma amesema, kanuni ya 996 ni baraka kubwa kwa wafanyakazi vijana.""Kazini tunasisitiza ari ya '996', kwenye maisha tuzingatie 669, 669 ni nini? Siku sita, mara sita, na muhimu zaidi ni muda wa kufanya tendo hilo"" amesema Ma. Bilionea huyo pia ametoa mwito kwa wanandoa hao wapya wapate watoto.""KPI ya kwanza ya ndoa (kipimo cha ufanisi kwenye ndoa) ni matokeo, lazima kuwe na mazao, mazao ni nini? Pata watoto"" amesema Ma. Ma ni mwalimu wa zamani wa somo la kingereza, na 1999 alishirikiana na wenzake kuanzisha kampuni ya mtandaoni ya Ali Baba iliyomuwezesha kuwa mtu tajiri zaidi nchini China.",kimataifa,kimataifa,burudani,0.2759
