id,content,category,true_label,predicted_label,confidence
SW4064,"ZIKIWA zimebaki saa chache kabla ya kuanza kwa fainali za 32 za Mataifa ya Afrika (Afcon 2019) Misri, Shirikisho la Soka Afrika (Caf) limesema kuwa kila kitu kiko tayari kwa ajili ya ufunguzi rasmi. Naibu Katibu Mkuu wa Caf anayeshughulikia Soka na Maendeleo, Anthony Baffoe alisema kuwa kila kitu kiko tayari na wanachosubiri ni kuanza kwa pambano la ufunguzi, ambalo litawakutanisha wenyeji Misri dhidi ya Zimbabwe, huku wakitarajia mashindano yenye mafanikio. Mchezo huo utafanyika kwenye Uwanja wa Kimataifa wa Cairo uliopo jijini hapa na Baffoe aliwaambia waandishi wa habari kuwa wamejipanga kwa ajili ya kuanza kwa mashindano hayo yatakayoanza Juni 21 hadi Julai 19 katika miji ya Alexandria, Cairo, Ismailia na Suez.""Kila mmoja amejipanga kutekeleza majukumu yake vizuri ili kuyafanya kuwa mashindano bora kabisa ya Afcon, shukrani kwa Serikali ya Misri na Kamati ya Maandalizi ya Misri (LOC) kwa kazi yao nzuri waliyofanya hadi sasa, licha ya changamoto zote ya viwanja sita badala ya vinne,"" alisema Anthony Baffoe. Alisema changamoto walizokumbana nazo ni viwanja vya mazoezi kwa kila timu na kuongeza kwa kuwapatia vibali watu waliokuja na timu kutoka 30 hadi 40. Baffoe, ambaye ni mchezaji wa zamani wa kimataifa wa Ghana, alisema kitendo cha kuhamishia mashindano hayo kutoka Januari-Februari hadi kuchezwa Juni-Julai, kutachangia zaidi kuongeza msisimko kwa kuwa na vipaji kibao. Awali, wakati wa mashindano hayo baadhi ya nyota wanaocheza soka Ulaya walishindwa kushiriki baada ya kutoruhusiwa na klabu zao kutokana na mashindano hayo kufanyika sambamba na Ligi Kuu za Ulaya. ""Ukiangalia Ligi Kuu ya England, wafungaji wanaoongoza kwa mabao msimu uliopita, ambao ni Waafrika watatu; Pierre- Emerick Aubamenyang (Gabon), Sadio Mane (Senegal) na Mohamed Salah (Misri), wawili kati yao wapo katika mashindano ya mwaka huu.""Na sina uhakika kwa asilimia 100 kama Afcon ingechezwa Januari-Februari, viwango vyao vingekuwa juu kama sasa kwa sababu wangekuwa hawapo katika ligi kwa mwezi mzima.""Haya mashindano ni makubwa na wachezaji wote nyota wa Afrika wapo hapa. Ukiangalia mechi za kufuzu viwanja vyote vilijaa hadi siku ya mchezo wa mwisho. Nilicheza wakati timu 12 zinashiriki mwaka 1992, sasa zimeongezeka mara mbili na ninaamini tutakuwa na mechi nzuri, "" aliongeza Baffoe. Akielezea kuhusu teknolojia ya mwamuzi msaidizi wa video (VAR), Baffoe alisema kuwa kwa mara ya kwanza katika historia ya Afcon, teknolojia hiyo itatumika kuanzia katika mechi za robo fainali.",kitaifa,kitaifa,michezo,1.0
SW3570,"TIMU ya taifa ya Nigeria, Super Eagles, imerejea katika fainali za Mataifa ya Afrika baada ya kutoshiriki kwa vipindi viwili vilivyopita tangu ilipotwaa taji hilo mwaka 2013 nchini Afrika Kusini. Sasa Super Eagles inasaka kutwaa taji hilo kwa mara ya nne. Nigeria ambayo ilimaliza kileleni katika hatua ya makundi ya kufuzu baada ya kushinda mechi nne, sare na kufungwa moja katika mechi sita imepangwa katika Kundi B pamoja na Guinea na Madagasca inayoshiriki kwa mara ya kwanza pamoja na Burundi. Kocha Mkuu wa timu hiyo, Gernot Rohr anaamini kuwa katika mashindano ya mwaka huu hakuna kundi jepesi wakati alipozungumza na Cafonline. com kuhusu matarajio yake na mipango kwa ajili ya mashindano hayo yatakayoanza Juni 21 hadi Julai 19. Alipoulizwa kuhusu kundi lao, Rohr alisema anashukuru wamepangwa katika kundi zuri licha ya kutokuwa na nafasi ya kuchagua uwe katika zuri au baya. Nigeria baada ya kukosa mashindano mawili baada ya kutwaa taji hilo mwaka 2013, sasa wamerejea kwa kishindo, huku ikiwa na baadhi ya wachezaji wazoefu waliocheza Kombe la Dunia 2018 nchini Russia. Nafikiri timu nyingi Afcon zin- afikiria kutwaa taji. Tuna uzoefu kutoka katika fainali za Kombe la Dunia, lakini tulikuwa na vijana katika Kombe la Dunia, na tunafikiri bado tuna wachezaji katika Afcon. Hatuna wazoefu kama tulivyokuwa nao huko nyuma, ambako Nigeria walikuwa na wachezaji kama Austin 'Jay-Jay Okocha, Nwankwo Kanu, au Daniel Amokachi, lakini tunatakiwa kucheza na wale tuliokuwa nao.",kitaifa,kitaifa,michezo,1.0
SW5105,"KOCHA wa timu ya Azam FC, Mholanzi Hans van Pluijm (pichani), amesema kuwa wachezaji wake walitengeneza nafasi nyingi za kufunga, lakini walishindwa kuzitumia. Pluijm aliyasema hayo baada ya kumalizika kwa mchezo wa Kombe la Mapinduzi kati yake na timu ya Jamhuri, ambapo walilazimishwa sare ya kufungana bao 1-1. Alisema kuwa katika mchezo huo vijana wake, ambao ndio mabingwa wa Kombe la Mapinduzi, walijitahidi kucheza vizuri, licha ya kuuanza mchezo taratibu. Alifahamisha kwamba huu ni mchezo wao wa kwanza ambao walipaswa washinde ili kujiweka katika mazingira mazuri, lakini wamejikuta wakipangwa na kulazimishwa sare, na sasa wanajipanga kwa ajili ya mchezo ujao. ""Hii ni mechi yetu ya kwanza pamoja na kwamba tulipaswa kushinda, lakini tumetoka na pointi moja tunajipanga kwa michezo iliyo mbele yetu"", alisema kocha huyo. Hata hivyo, alisema kuwa pamoja na yote hayo lakini wachezaji wake walicheza kwa kupooza na kushindwa kuzitumia nafasi walizozipata. Azam ambao ndio mabingwa watetezi wa michuano hiyo kwa mara mbili mfululizo wanatarajiwa kushuka dimbani kesho kucheza na Yanga, mchezo ambao utapigwa kuanzia majira ya saa 2:15 usiku. Azam FC ndio walikuwa wa kwanza kupata bao katika mchezo huo uliokuwa na msisimko wa hali ya juu kwa kupata bao katika dakika ya 28, lililopachikwa na Tafadzwa Kutinyu, kwa mkwaju wa penalti baada ya Emmanuel Balele, kuunawa mpira wakati akiokoa shuti la mfungaji wa bao hilo. Jamhuri iliyocheza kwa nidhamu kubwa kwenye eneo la ulinzi hadi kufanikiwa kuwabana washambuliaji wa Azam FC, ilipata bao la kusawazisha katika dakika ya 66 lililofungwa na Abdul Ramadhan, na kutoka na pointi moja.",kitaifa,kitaifa,michezo,1.0
SW5189,"SERIKALI imeanza mchakato wa kupata wazabuni wa ndani na nje ya nchi wa kubangua korosho kwa lengo la kuharakisha uandaliwaji wake tayari kwa mauzo. Hivi karibuni Rais John Magufuli alitangaza nyongeza ya bei ya kununulia zao hilo kufikia Sh 3,300 kwa kilo huku akiliagiza Jeshi la Ulinzi la Wananchi Tanzania (JWTZ) kukusanya na kubangua korosho. Akizungumza na waandishi wa habari jana kwenye kikao kuhusiana na maonesho ya siku nne ya bidhaa za viwanda vya ndani yanayoanza leo Sabasaba wilayani Temeke, Waziri wa Viwanda, Biashara na Uwekezaji, Joseph Kakunda alibainisha kuwa uhitaji wa ubanguaji wa korosho hizo ni mkubwa. Kakunda alisema, kwa sasa viwanda vya hapa nchini vina uwezo wa kubangua tani 40,000 kwa siku huku uhitaji ukiwa ni mkubwa zaidi hasa kwa kipindi hiki ambacho serikali inanunua zao hilo. Alisema, kutokana na hali hiyo serikali inaendelea kuimairisha viwanda vya ndani kwa kuvijengea uwezo wa kubangua kiasi kikubwa cha korosho na wakati huo huo ikiendelea kuwasaka wazabuni hao. Katika kuhakikisha hatua ya serikali ya kununua korosho inawanufaisha wakulima, waziri huyo alibainisha kuwa zaidi ya walanguzi 20 wa korosho za wakulima wamefikishwa mahakamani. Alisema, wakati serikali ikinunua korosho kwa Sh 3,300 kwa kilogramu, kuna walanguzi wamenunua korosho kwa Sh 600 na wanazipeleka kuuza kwa serikali Sh 3,300 na vyombo vya dola vinawakamata. Alisema: ""Rais John Magufuli hakufanya kosa kununua korosho kwa shilingi 3,300 lengo lake ni mkulima anufaike, sasa hao wanaolangua kwa wakulima na kuja kuuza kwa bei ya juu lazima wakomeshwe.""Alitoa mwito kwa walanguzi waliolangua korosho za wakulima kuwarejeshea korosho zao pamoja na fedha ili wakulima hao wakaziuze wenyewe na kunufaika na uamuzi wa Rais Magufuli wa kuuza korosho kwa bei ya Sh 3,300 kwa kilo. Waziri Kakunda akizungumzia zaidi kuhusiana na Manesho hayo ya Biashara yanayoandaliwa na Mamlaka ya Maendeleo ya Biashara nchini (Tantrade) na Shirika la Umoja wa Mataifa la Maendeleo ya Viwanda (UNIDO) chini ya kaulimbiu ya ""Tanzania sasa tunajenga viwanda"", alibainisha kuwa yatahusisha washiriki 513. Alisema, pia kesho kutakuwa na Kongamano la kuhamasisha uwekezaji wa kuufikia uchumi wa kati kupitia ujenzi wa uchumi wa viwanda ifikapo 2025. Kwa upande wake, Mwakilishi wa UNIDO nchini, Stephen Kargbo alibainisha kuwa shirika lake limedhamiria kusaidiana na serikali katika kufikia adhma ya Tanzania ya viwanda huku akisisitiza kuwa litaendelea kusaidia na wazalishaji wa viwanda wadogo na wakubwa.",kitaifa,kitaifa,biashara,1.0
SW4904,"YANGA imeendelea kuchanja mbuga kusaka taji la Kombe la FA, baada ya jana kuifunga Namungo FC ya Ruangwa, Lindi bao 1-0. Mshambuliaji Mkongomani Heritier Makambo ndiye aliyefunga bao hilo pekee dakika ya 82 baada ya kuunganisha kwa kichwa krosi safi ya Deus Kaseke aliyeingia kuchukua nafasi ya nahodha Ibrahim Ajibu. Mlinda mlango wa Yanga, Klaus Kindoki jana alilazimika kufanya kazi ya ziada kwa kuokoa michomo ya wazi iliyoelekezwa kwenye lango lake. Hadi mapumziko hakuna timu ambayo iliweza kuona Mshambuliaji wa timu ya JKT, Mansoor Omar (kushoto) akimtoka beki wa timu ya Ngome, Ally Mzee wakati wa mchezo wa kufungua mashindano ya Baraza la Michezo ya Majeshi ya Tanzania (BAMMATA) uliochezwa Uwanja wa Uhuru Dar es Salaam juzi. Ngome ilishinda kwa mabao 2-1. (Picha na Rahel Pallangyo). lango licha ya Yanga kufanya mashambulizi mengi kwenye lango la Namungo lakini washambuliaji wake walionekana kukosa maarifa. Mshambuliaji Reliants Lusajo, aliweza kupata nafasi nzuri dakika ya 24 lakini alishikwa na kigugumizi cha mguu na kushindwa kuutumbikiza mpira nyavuni. Kipindi cha pili kocha wa Yanga, Mwinyi Zahera, alifanya mabadiliko kwa kumtoa Haji Mwinyi, Mrisho Ngassa na Ajibu ambao nafasi zao zilichukuliwa na Kaseke, Amissi Tambwe na Gadiel Michael. Mabadiliko hayo yalionekana kuinufaisha Yanga, ambayo ilionekana ikiongeza kasi ya mashambulizi kwenye lango la Namungo lakini tatizo lilibaki kwa washambuliaji wake. Mara kadhaa Namungo nao waliweza kujibu mapigo ya Yanga kwa kufanya mashambulizi kadhaa lakini Kindoki alionekana kusimama imara na kuondosha hatari zote langoni mwake. Kadiri muda ulivyokuwa ukienda ndivyo ushindani ulikuwa ukiongezeka kwa timu zote mbili na kupelekea rafu za mara kwa mara kwa pande zote mbili. Ushindi huo unaitoa Namungo kwenye michuano hiyo na kuisongesha mbele Yanga hadi hatua ya robo fainali ikisubiri droo ya michuano hiyo kupangwa ili kumjua mpinzani wake. Kabla ya kuwatoa Namungo jana Yanga ilizitoa timu za Tukuyu Stars ya Mbeya kwa kuifunga mabao 4-0, uwanja wa Taifa, baada ya hapo mchezo uliofuata ikawatoa Biashara United ya Mara kwa penalti 5-4 baada ya kutoka sare ya mabao 2-2 katika muda wa kawaida Msimu uliopita Yanga ilitolewa kwenye hatua ya roba fainali na Singida United ambayo nayo ikaja kuitoa JKT Tanzania katika nusu fainali. Bingwa wa mashindano hayo kwa msimu uliopita alikuwa Mtibwa Sugar aliyeifunga Singida united kwenye fainali",biashara,biashara,michezo,1.0
SW974,"CHAMA cha Mawakala wa Forodha (TAFFA) tawi la Namanga, kimemuomba Waziri Mkuu, Kassim Majaliwa aingilie kati mgogoro kati yake na Wakala wa Vipimo (WMA) unaowalazimisha kulipia tozo mpya kwa kila bidhaa, badala ya kutumia utaratibu wa awali wa kulipia tozo kwa mzigo wote. Aidha, TAFFA imesema haipo tayari kufanya kazi na wakala huo hadi hapo utakapowaonesha sheria hiyo mpya inayowalazimisha kuitekeleza bila kuwepo kwa makubaliano yoyote, kitendo wanachodai kuwa kinawaumiza. Walitoa msimamo huo jana kwenye kikao kilichoongozwa na Mwenyekiti wao, Ismail Lukas, kilichofanyika Namanga, wilayani Longido. Kwa mujibu wa mwenyekiti huyo, walikuwa wakitumia sheria ya zamani ya mwaka 2016 ambayo walikuwa wakilipia asilimia 0.2 ya thamani ya mzigo ambapo kiwango cha chini cha malipo kilikuwa Sh 100,000 kwa mzigo. Alisema wanachopinga ni WMA kuamua kuwatoza malipo ya Sh 100,000 kwa kila aina ya bidhaa badala ya mzigo mzima kama sheria inavyoelekeza.""Tunamuomba Waziri Mkuu aje Namanga kuzungumza na sisi juu ya huu mgogoro kwani tukiendelea na utaratibu huu tutakosa wafanyabiashara. Hakuna mtu aliye tayari kupata hasara kwa sababu jinsi tunavyopandishiwa gharama za tozo ndivyo hivyo hivyo bei za bidhaa zitakavyopanda,""alisema Mwenyekiti huyo. Meneja wa tawi wa kampuni ya EDPAC, Wilson Mkanza alisema kwa sasa hawapo tayari tena kufanya shughuli yoyote bila kupata muongozo wa sheria mpya inayowalazimu wao kutumia utaratibu mpya wa kulipa tozo ya Sh 100,000 kwa kila bidhaa badala ya mzigo kama utaratibu wa awali. Alisema walipokea barua Mei 15, mwaka huu ya ufafanuzi wa kanuni ya ada za ukaguzi wa bidhaa zilizofungashwa zinazoingia nchini kutoka nje ya nchi kutoka kwa Kaimu Meneja wa WMA mkoa, Dismas Maturine. Alieleza kuwa barua hiyo iliwataka kulipia bidhaa moja moja badala ya kutozwa kwa mzigo mzima, kama ilivyokuwa awali bila kushirikishwa chochote kabla ya kupewa barua hiyo. Janeth Mero kutoka kampuni ya Beam Tanzania Limited, alisema uwepo wa utaratibu huo wa kulipa kwa kwa bidhaa moja moja unatengeneza mazingira ya rushwa, hivyo kuwataka kuendelea na utaratibu uliokuwepo wa awali ili walipe bila migogoro yoyote. Kwa upande wake, Mkurugenzi wa Ufundi kutoka WMA makao makuu, Stella Kahwa, alisema ameyapokea malalamiko hayo na kuahidi kuyafanyia kazi. Alisema utaratibu utakaoendelea kutumika ni ule uliokuwa ukitumika awali.",kitaifa,kitaifa,biashara,1.0
SW427,"BONDIA Francis Cheka juzi alikumbana na ngumi jiwe za bondia Abdallah Pazi 'Dullah Mbabe' na kukubali kipigo cha KO katika raundi ya sita ya pambano lililofanyika katika ukumbi wa Sabasaba PTA, Dar es Salaam. Cheka alikumbana na fedheha hiyo katika pambano lililokuwa la raundi 12 la kuwania ubingwa wa mabara wa WBF kwenye uzani wa super middle. Akizungumza jana Cheka alikubali kuwa amepigwa kihalali na Dulla Mbabe na kuwaacha mashabiki wake wasiamini kilichotokea. ""Sijui kilichotokea, nilijikuta tu niko chini raundi ya sita na sikuendelea tena na pambano, sina namna zaidi ya kukubaliana na matokeo, nimepigwa kihalali, sijui nilipatwa na nini kwani sikuwa natembea ulingoni muda mwingi,"" alisema Cheka. Dullah Mbabe alisema ilikuwa lazima ampige Cheka kwa KO kutokana na nguvu nyingi alizonazo na kumaliza kabisa ufalme wa bondia huyo katika masumbwi. ""Mimi nina nguvu kama mdudu na niliahidi kumpiga Cheka kwa KO na hilo nimetimiza, kwa sasa sijamuona bondia wa kunipiga hapa nchini,"" alisema Dullah Mbabe. Dullah Mbabe amecheza michezo 29 mpaka sasa, kushinda mapambano 22 ambapo 22 kati ya hayo ameshinda kwa KO, akipoteza mapambano matano na kutoa sare pambano moja. Francis Cheka ambaye ameshinda ubingwa wa Dunia mara tano, bingwa wa Afrika mara nne na bingwa wa mabara mara mbili amecheza michezo 45, na kushinda mapambano 32, kutoka sare mara mbili kupoteza 11.",kitaifa,kitaifa,michezo,1.0
SW626,"KOCHA wa Real Madrid, Zinedine Zidane, amesema kuwa anataka timu ya taifa ya Algeria kushinda taji la mashindano ya Mataifa ya Afrika, (Afcon 2019). Zidane ana asili ya Algeria lakini aliamua kuiwakilisha Ufaransa katika mashindano ya kimataifa, ambapo aliiongoza Ufaransa kushida Kombe la Dunia 1998 na ubingwa wa Ulaya mwaka 2000. ""Nataka kuona kiwango kizuri cha uchezaji kwa wachezaji wa timu ya Algeria katika mashindano haya ya Afcon 2019 ili kuwafanya watu wafurahi,"" alisema Zidane mwanzoni mwa wiki hii. Algeria iliifunga Kenya kwa mabao 2-0 katika mchezo uliofanyika kwenye Uwanja wa Jeshi la Anga katika mchezo wao wa kwanza wa Kundi C shukrani kwa mabao yaliyofungwa na Baghdad Bounedjah na RiyadMahrez. Algeria ilikuwa inaoongoza kundi hilo ikiwa na pointi tatu sawa na Senegal, kabla ya mechi za jana, ambapo Algeria walitarajia kukipiga dhidi ya Senegal, huku Kenya wakicheza na Tanzania, ambao wote hadi kabla ya mchezo wao huo walikuwa hawana pointi. Algeria aliifunga Kenya 2-0 huku Senegal naye aliichapa Tanzania, Taifa Stars, kwa idadi kama hiyo ya mabao. Zidane aliendelea ""Nataka kuona watu wakishangilia mitaani."" Algeria, ambayo ilitwaa taji hilo mara moja tu mwaka 1990,ni moja ya washindano wakubwa wa taji hilo katika mashindano ya mwaka huu.",kitaifa,kitaifa,michezo,1.0
SW4970,"RAIS John Magufuli amewataka Watanzania likiwemo Jeshi la Ulinzi la Wananchi wa Tanzania (JWTZ) kufanya biashara na Wakenya kwa kuwauzia unga wa mahindi. Alitoa kauli hiyo Ikulu, Dar es Salaam jana wakati akishuhudia makabidhiano ya fedha taslimu Sh milioni 170 za Tanzania, Sh 171,600 za Kenya na Dola za Marekani 77,500 zilizoibwa na majambazi mwezi Mei mwaka 2004 baada ya kuvamia Benki ya NBC Tawi la Moshi pamoja na kilogramu 35.34 za dhahabu zilizotoroshwa kutoka Tanzania na kukamatwa Uwanja wa Ndege wa Kimataifa wa Jomo Kenyatta nchini Kenya, Februari mwaka jana. Baada ya makabidhiano hayo, Magufuli alisema miongoni mwa mambo waliyozungumza na Rais Uhuru Kenyatta alipomtembelea nyumbani kwake Chato mkoani Geita mwanzoni mwa mwezi huu ni pamoja na Tanzania kuizuia Kenya unga wa mahindi. Alisema baada ya mazungumzo hayo alizungumza na Mkuu wa Majeshi ya Ulinzi na Usalama, Jenerali Venance Mabeyo, ili viwanda vya jeshi hilo viwe miongoni mwa vitakavyosaga unga na kuwauzia Wakenya. Rais Magufuli aliwataka Wakenya wawe huru kufanya biashara na Watanzania katika kuhakiksha wanapata kiasi cha unga wanachohitaji.""Rais Kenyatta pia aliniambia Kenya inataka kununua gesi kutoka Tanzania, kwa hiyo Waziri wa Nishati mjiandae kwa hilo lakini pia wanahitaji makaa ya mawe,""alieleza Rais Magufuli. Mmoja wa Maofisa wanaohusika na kilimo wa Kenya alimweleza Rais Magufuli kuwa katika kipindi cha mwaka huu nchi yao imekumbwa na changamoto ya hali mbaya ya hewa kwa kupata kiasi kidogo cha mvua hali iliyosababisha kuwepo kwa uhaba wa chakula hususani mahindi. Alisema kwa wastani Kenya inatumia magunia milioni 4.3 ya mahindi kwa mwezi na miongoni mwa hayo magunia milioni 1.5 husagwa unga. Alisema kipindi cha kuanzia Agosti hadi Novemba mwaka huu watakuwa na changamoto ya uhaba wa chakula. Naye Naibu Waziri wa Kilimo, Hussein Bashe, aliwahakikishia Wakenya kuwa Wizara yake iko tayari kutoa ushirikiano ili biashara hiyo iweze kufanyika bila vikwazo kwa kuwa Tanzania ina akiba ya kutosha ya mahindi. Kwa upande wake Waziri wa Madini, Doto Biteko, alisema kuwa Wakenya ni miongoni mwa watu wanaofanya biashara ya kununua madini hapa nchini. Alisema kuna makampuni matatu ya Kenya yanayonunua dhahabu mkoani Geita. Biashara ya madini Rais Magufuli alisema hatua mbalimbali zilizochukuliwa na serikali yake katika kudhibiti utoroshaji wa madini ikiwemo kufanya mabadiliko ya sheria, kuanzishwa kwa masoko 28 ya madini, kupunguza kodi, kujenga ukuta kuzunguka mgodi wa Tanzanite huko Mirerani, kumesaidia kuongeza mapato ya serikali yatokanayo na madini. Alisema katika mwaka 2017/18, serikali ilipanga kukusanya Sh bilioni 191 lakini ilivuka lengo kwa kukusanya Sh bilioni 301, mwaka 2018/19 ilipanga kukusanya Sh bilioni 310 lakini ilikusanya Sh bilioni 335 na katika mwaka 2019/20 wanatarajia kukusanya Sh bilioni 470 au zaidi. Baada ya kauli hiyo ya Rais, Waziri Biteko alisema tangu masoko ya madini yaaanzishwe maeneo mbalimbali nchini, soko la dhahabu la Chunya lilikuwa linapata kilo 12 tu kwa mwaka lakini tangu soko hilo lifunguliwe mwezi Machi mwaka huu, kiwango hicho kimeongezeka hadi kufikia kilo 270.""Mkoani Geita zaidi ya kilo 736 za dhahabu zinauzwa na jumla ya Sh bilioni 137.6 zimefanyiwa biashara katika masoko yote nchini na serikali imepata mrabaha wa Sh bilioni 7.7,""alieleza Biteko. Kuhusu leseni za uchimbaji alisema kuwa hivi hivi karibuni wanatarajia kutoa leseni mbili kwa ajili ya uchimbaji mkubwa wa madini ambao mtaji wake unafikia Dola za Marekani milioni 100, lakini pia wameshatoa leseni 32 za uchimbaji wa kati, leseni 2,675 za uchimbaji mdogo na leseni za utafiti wa madini 105.",biashara,biashara,kitaifa,1.0
SW2341,"RAIS wa Kenya, Uhuru Kenyatta amewaongoza Wakenya kumuomboleza mwanasoka gwiji wa nchi hiyo, Joe Kadenge, 84, aliyefariki dunia juzi kwenye hospitali ya Nairobi. Uhuru amemuelezea Kadenge kama mtu aliyetumia kipaji chake cha soka kwa watu wa Kenya.""Kadenge aliwakilisha soka yetu safi alikuwa alama ya mchezo huo kwenye nchi yetu, ni huzuni mkono wa kifo umemfikia mtu aliyejitolea kila kitu kwa nchi yake,"" alisema Rais Uhuru. Aliongeza: ""Joe alikuwa rafiki yangu, alituambia maneno mazuri mimi na mke wangu Margaret tulipomtembelea."" ""Alikuwa na mapenzi ya kweli kwa nchi yake na alikuwa na ndoto kubwa kwa soka ya Kenya, tutamkumbuka sana,"" alisema. Rais mkuu wa zamani Raila Odinga pia amemuomboleza Kadenge na kumuelezea kuwa alikuwa mwanasoka mahiri ambaye hajawahi kumuona. Alisema: ""Leo (juzi) tumempoteza mmoja wa wachezaji wenye kipaji kwenye soka, sijawahi kuona akiwa kwenye jezi yetu ya taifa."" ""Joe Kadenge alikuwa balozi wa kweli kwenye nchi yetu na soka ya Kenya, apumzike kwa amani, kipaji chake kihamasishe vijana wengine kwenye mchezo huo.""Rais wa Shirikisho la Soka la Kenya (FKF), Nick Mwendwa alisema amesikitishwa na kifo cha Kadenge, aliyemuelezea kuwa alikuwa mtu aliyejitolea maisha yake kwenye michezo. ""Mchango wake na kwa namna alivyojitolea kwenye mechezo hatutamsahau. ""Binafsi na kwa soka ya Kenya, natoa pole lwa familia na marafiki wa Kadenge."" Katika hatua nyingine, Baraza la vyama vya soka Afrika Mashariki na Kati (Cecafa) limetoa pole kwa kifo cha Kadenge. Taarifa ya Katibu Mkuu wa Cecafa, Nicholas Musonye kwa vyombo vya habari jana ilisema wanamchukulia Kadenge kama mmoja wa wachezaji bora kwenye ukanda wao. Taarifa ya Musonye ilisema kutokana na msima huo, mechi zote za michuano ya Kagame inayoendelea mjini Kigali, Rwanda kutakuwa na dakika moja ya kumuombea gwiji huyo kwa siku mbili, jana na leo.",kitaifa,kitaifa,michezo,0.9999
SW431,"MICHUANO ya soka kuwania Kombe la Nane Nane yanayofanyika Jijini Arusha kila mwaka, huenda yasifanyike baada ya timu kusuasua kulipa ada ya ushiriki wa michuano hiyo, imeelezwa. Kwa mujibu wa mratibu wa kombe hilo John Mhala, hadi sasa timu zilizothibitisha kushiriki na kulipa ada ni tano tu, huku bingwa mtetezi Fish Bony akitangaza rasmi kutoshiriki kwa sababu ya gharama za kuandaa timu kuwa kubwa. Mhala alisema iwapo timu zitashindwa kuthibitisha na kulipa ada, wao hawatakuwa tayari kuendesha mashindano hayo mwaka huu kwa idadi hiyo ndogo ya timu kwani gharama za uendeshaji mashindano ni kubwa.''Sisi waandaji tunatumia zaidi ya sh milioni 5 kuandaa michuano hiyo, ikiwemo zawadi, gharama za waaamuzi, uwanja na malipo kwa wasaidizi na hakuna tunachofaidi,'' alisema.''Miaka miwili iliyopita kiingilio kilikuwa sh 100,000 ila mwaka huu tumefanya 200,000 angalau kupunguza gharama na sio kumaliza, lakini muuitikio wa timu ndio umetukatisha tamaa,'' alisema Mhala. Hata hivyo, Mhala alisema kuwa iwapo mwaka huu yatashindikana kufanyika, mwakani mashindano hayo yatakuja kivingine kuhakikisha yanafanyika tena lengo ni kuhakikisha wakazi wa Jiji la Arusha wanafurahia mashindano hayo kama zamani. Ni mara ya pili sasa mashindano hayo yanafanyika jijini hapa, ambapo msimu uliopita timu ya Fish Bony ndio mabingwa wa michuano hiyo, lakini nao wameeleza kuwa hawatashiriki. Akizungumzia ushiriki wao mwaka huu mwenyekiti wa timu ya Fish Bony Abousuphian Shelukindo alisema mpaka sasa hawana uhakika wa kushiriki kutokana na hali ya uchumi kuwa sio nzuri.""Mpaka sasa hatujaandaa timu kutokana na hali halisi na tulishaongea na mratibu wa mashindano kuhusu gharama za uendeshaji wa timu pamoja na zile za ushiriki kuwa kubwa ndio imesababisha kushindwa kushiriki michuano hiyo,""alisema Shelukindo. Naye katibu wa timu ya Moshono Sports, Lila Maganga alisema wako tayari lakini waandaaji bado hawajajua mwelekeo wao, lakini wako tayari kushiriki kushiriki kama wandaaji wataonesha mwelekeo. Zawadi zitolewazo katika mashindano hayo, mshindi wa kwanza atapata sh milioni 1, jezi seti moja, mpira mmoja na medali ya dhahabu kwa wachezaji 25, mshindi wa pili anaondoka na kikombe na sh 500,000, jezi seti moja na mpira mmoja na medali ya fedha kwa wachezaji na viongozi 25. Mshindi wa tatu atapata sh 250,000, wakati mfungaji bora sh 100,000, timu yenye nidhamu hupewa kikombe na waandaaji hutoa sh 10,000 kwa kila mchezaji bora wa kila mechi.",kitaifa,kitaifa,michezo,0.9999
SW648,"MAHAKAMA ya Hakimu Mkazi Kisutu imewakuta na kesi ya kujibu aliyekuwa Rais wa Shirikisho la Mpira wa Miguu (TFF), Jamal Malinzi na Katibu wake, Selestine Mwesigwa Washtakiwa wengine ni mhasibu wa TFF, Nsiande Mwanga na karani Flora Rauya. Hakimu Mkazi, Maira Kasonde amesema leo (Jumanne Julai 23, 2019) kuwa washitakiwa Malinzi, Mwesigwa na Nsiande wana kesi ya kujibu katika mashitaka utakatishaji fedha. Aidha, Malinzi na Mwesigwa wanasthakiwa kwa tuhuma za matumizi mabaya ya madaraka kwa, kutumia nyaraka za uongo kwa mshitakiwa Mwesigwa na huku Rais huyo wa zamani wa TFF akikabiliwa na kesi ya kujipatia fedha kwa njia ya udanganyifu. Mshitakiwa Rauya amekutwa na kesi ya kujibu katika mashitaka ya kughushi.",kitaifa,kitaifa,michezo,0.9998
SW474,"WAZIRI Mkuu, Kassim Majaliwa ameiagiza Wizara ya Maliasili na Utalii isimamie uboreshaji wa eneo la mnara wa Zinjathropus ili paweze kuvutia zaidi. Alitoa agizo hilo jana wakati akizungumza na wananchi na viongozi waliohudhuria maadhimisho ya miaka 60 ya kumbukizi ya ugunduzi wa fuvu la Zinjathropus Bosei, eneo la bonde la Olduvai, wilayani Ngorongoro, mkoani Arusha. Maadhimisho hayo yamefanyika ndani ya hifadhi ya Ngorongoro sambamba na uzinduzi wa makumbusho ya Dk Mary Leakey. Mnara wa Zinjathropus na Homo habilis umejengwa kwenye hifadhi ya Ngorongoro karibu na njia panda ya kuelekea bonde la Olduvai.""Kwenye mnara wa Zinjathropus na Homo habilis pasiachwe kama palivyo. Pajengwe seng'enge kuzunguka eneo lile lakini pia pawekwe kibanda cha mlinzi ambaye pia atakuwa anatoa taarifa kwa wageni wanaopita hapo.""""Mtafute vijana kadhaa ambao ni wenyeji wa eneo hili, wafundishwe historia kamili kisha wapewe ajira hizo. Kibanda kikijengwa kwa juu kiwe na vioo ili anayelinda aweze kuona pande zote na pia muweze kumkinga na vumbi na upepo mkali wa eneo lile.""Waziri Mkuu pia alitembelea korongo la Frida Leakey, (mahali ambapo zinjathropous aligunduliwa) na kupata maelezo juu ya kugunduliwa kwa fuvu la mtu wa kale duniani aliyeishi yapata miaka milioni mbili iliyopita. Akigusia kuhusu uhifadhi wa eneo hilo, Waziri Mkuu alisema nako pia pajengwe kibanda cha mlinzi mwenye uwezo wa kutoa taarifa kwa watalii na akasisitiza pia ajira hizo ziwahusu wenyeji wa eneo hilo.""Kwenye korongo la Frida, pawekwe bango lenye maelezo ya Kiswahili, nako pia wapatikane vijana sita au nane, waeleweshwe hiyo historia, wakifuzu, Wizara iwawezeshe, wapangiane zamu ya kushinda hapo. Pia pajengwe kibanda cha wageni kupumzikia wakifika eneo hilo. Kuhusu makumbusho ya Dk Leakey, Waziri Mkuu alisema makumbusho hayo ni lulu kwa Taifa.""Ninawapongeza viongozi na watumishi wa Mamlaka ya Ngorongoro kwa kuendeleza na kutunza makumbusho haya."" Kwa upande wake, Waziri wa Maliasili na Utalii, Dk Hamisi Kigwangalla alisema kwa sasa dunia inatambua kuwa chimbuko la binadamu ni Afrika. ""Hata kama tunatofautiana sura na rangi, watu wote duniani wana asili ya Afrika.""Kwetu sisi Tanzania, tunaadhimisha uvumbuzi huu kwa sababu fuvu la Zinjanthropus ni alama na nembo ya Tanzania na dunia.""Alisema maadhimisho hayo yataendelea kwa kufanya maonesho ya fuvu la Zinjanthropus boisei na malikale zingine katika mikoa sita ya Arusha, Dar es Salaam, Mwanza, Iringa, Mtwara na Dodoma. Alisema wizara yake imebaini fursa zilizopo kwenye sekta ya urithi wa utamaduni yaani malikale au utamaduni tuli (static cultural heritage) na utamaduni hai (dynamic culture) ili kuvutia watilii na hivyo kuongeza idadi yao na kuwafanya waongeze muda wa kukaa nchini (length of stay) na hatimaye kuongeza pato la Taifa litokanalo na utalii. Naye Balozi wa Marekani hapa nchini, Dk Inmi Patterson ameipongeza Serikali kwa kukuza na kuendeleza utalii wa kitamaduni. Pia alisifu utajiri wa rasilmali misitu na wa nyama ambao Tanzania imejaliwa kuwa nao. ""Uamuzi wa Rais Magufuli wa kuanzisha hifadhi ya Burigi, unazidi kunogesha sifa ya Tanzania katika suala la hifadhi za maliasili na utalii na katika kukuza urithi na utajiri wa nchi,"" alisema kwa Kiswahili fasaha. Alisema maadhimisho hayo ni siku muhimu kwake kwani yamewakutanisha watu wa kaliba tofauti wakiwemo wanasiasa, wanasayansi, maprofesa kutoka Uingereza, Marekani na Ujerumani, wanafunzi kutoka shule za Tanzania na wenyeji wa Ngorongoro.",michezo,michezo,kitaifa,0.9995
SW3366,"MRADI wa kusafirisha mafuta ghafi kutoka Hoima nchini Uganda mpaka Tanga nchini Tanzania umeshika kasi baada ya Tanzania kuanza utekelezaji katika hatua mbalimbali huku majadiliano ya ndani kwa nchi yakikamilika Januari mwakani. Waziri wa Nishati, Medard Kalemani amesema hayo baada ya kikao cha mawaziri wa sekta zinazosimamia mradi kwa nchi za Uganda na Tanzania kuwa utekelezaji wa mradi huo haujasimama. Mkutano huo wa ngazi ya mawaziri, ulihudhuriwa pia na Waziri wa Ardhi, Nyumba na Maendeleo ya Makazi, William Lukuvi, Waziri wa Katiba na Sheria, Profesa Palamagamba Kabudi, Waziri wa Viwanda, Biashara na Uwekezaji, Joseph Kakunda na Naibu Waziri wa Nishati, Subira Mgalu na mawaziri wa Uganda kutoka sekta zinazoshiriki katika mradi walihudhuria. Amesema hatua zilizofikiwa katika utekelezaji wa mradi kwa upande wa Tanzania tayari wamekamilisha utafiti wa kijiolojia na kijiofizikia na sasa wanaendelea na uchimbaji wa mashimo ambamo bomba hilo la mafuta litalazwa. Aidha amesema uchimbaji mashimo umeshafanyika katika mikoa ya Tanga na Manyara na sasa inaendelea katika Mkoa wa Dodoma, wilayani Kondoa. Vilevile alieleza kwamba tathmini zote za mazingira zimekamilika, taratibu za masuala ya fidia na ustawi wa jamii ambapo mradi utapita zimekamilika na hatua inayofuata sasa baada ya majadiliano kukamilika ni ujenzi. Waziri Kalemani alibainisha kuwa mradi haujachelewa kwani unatekelezwa hatua kwa hatua.""Naomba mkawaeleze wananchi wa pande zote kuwa utekelezaji wa mradi huu haujasimama, kimsingi tunaanza kwa nguvu kubwa kuutekeleza ili ukamilike kama tulivyopanga,"" alisema na kuongeza kuwa mwaka jana ulisainiwa mkataba, yakapatikana maeneo, kutoa fidia upande wa Tanga, kukamilisha utafiti wa mazingira, kufahamu ukubwa wa bomba, na sasa kuanza kuchimba mashimo ambapo bomba litalazwa. Amesema Januari 17 mwakani utakapofanyika mkutano kama huo nchini Uganda wamekubaliana kukamilisha majadiliano ambayo lazima yake kwa manufaa ya nchi kama kwa upande wa Tanzania, kuainisha kampuni mbalimbali za ndani ili kuzijengea uwezo na kubainisha utaratibu wa namna ya kuzishirikisha ziweze kunufaika na mradi husika. Aidha, amesema ziko jamii za watanzania ambazo zinalengwa zinufaike na mradi husika na kwamba yako mapato yatokanayo na mradi ambayo yanapaswa yaingie kwenye Pato la Taifa, hivyo ni lazima majadiliano yazingatie taratibu zote ili mradi uwe wa manufaa. Waziri Kalemani amesema majadiliano ya pande hizo mbili yalikuwa chini ya Mwenyekiti ambaye ni Waziri wa Nishati na Maendeleo ya Madini wa Uganda, Irene Muloni na walikubaliana kuwa kila nchi ihakikishe inamaliza majadiliano kwa muda uliopangwa. Akieleza hatua iliyofikiwa katika utekelezaji wa mradi huo kwa Tanzania alisema kwa sasa wamekamilisha maandalizi ya utafiti wa kijiolojia, utafiti wa kijiofizikia na sasa wanaendelea na uchimbaji wa mashimo kwa kwenda katika mikoa mitatu na tayari wamemaliza Tanga, Manyara na sasa Kondoa mjii Dodoma. Amesema hatua za awali za utekelezaji zimeanza kwa kukamilisha tathmini za mazingira, fidia na ustawi wa jamii imekamilika katika mradi utakapopita na kinachofuata ni ujenzi baada ya majadiliano kukamilika. Waziri Kalemani alisema utekelezaji wa mradi uko katika hatua nyingi umeanza kwa kusaini mkataba, kupata maeneo, kufidia kwa upande wa Tanga, utafiti wa mazingira, kubaini ukubwa wa bomba, kuchimba mashimo ambapo bomba litalala hivyo utekelezaji haujachelewa. Waziri Muloni alisema wamekubaliana kuharakisha mchakato wa hatua za maandalizi ili ujenzi ufanyike kwa wakati na kuwanufaisha wananchi wa nchi zote mbili kama ilivyokusudiwa. Alisema mpaka sasa bado hawajakamilisha suala la uwekezaji kifedha, wanaendelea na majadiliano ili kukubaliana na wawekezaji,wanawasiliana na makampuni ili kukamilisha matarajio yao ya kutumia bomba.",biashara,biashara,kitaifa,0.9989
SW2459,"MSANII wa muziki nchini Richard Mavoko amekanusha taarifa kuwa aliwahi kwenda kupiga magoti ili kupata nafasi ya kurejea katika kundi WCB lililo chini ya msanii Nasib Abdul 'Diamond Platnumz'. Mavoko aliachana na kundi hilo Julai mwaka jana kutokana na sababu ambazo hakuziweka wazi, licha ya Diamond kuwahi kusema kuwa msanii huyo alihitaji kuwa na kundi lake la Bilionare Kid hivyo alishindwa kumzuia. Kwa mujibu wa mahojiano yake na kituo cha redio cha Clouds Fm Mavoko alisema hajawahi na hatothubutu kuomba msamaha kwa lengo la kurejea katika kundi hilo na kuwataka mashabiki zake kupuuza taarifa hizo alizoziita za uzushi. ""Mdogo wangu aliponitumia linki nikaona wao (Wasafi) ndo wanasema hivyo lakini mimi sijawahi kujaribu kufanya kitu kama hicho, niwaambie tu ndugu zangu wale waliokuwa wanategemea hicho hakiwezi kutokea, heri tu nibaki na nguo iliyochanika kuliko kuvua shati nibaki kifua wazi,""alisema Mavoko. Katika hatua nyingine msanii huyo alikanusha taarifa iliyotolewa na msanii Lulu Diva kuwa alimfanyia fujo nyumbani kwake baada ya kufanya kazi na kushindwa kumlipa.",kitaifa,kitaifa,michezo,0.9986
SW797,"Nyamohanga aliyasema hayo kwenye sherehe za uzinduzi wa mradi wa umeme vijijini unaofadhiliwa na REA, uliofanyika katika kata ya Shishiyu wilayani Maswa mkoani Simiyu. Alisema kuwa Mradi wa REA Awamu ya Pili, utaviwezesha vijiji vilivyounganishwa na umeme 3,734, kati ya vijiji 15,180 ambayo ni asilimia 24.6 kufikia vijiji 5,234, ambayo ni asilimia 34.5 ifikapo mwezi Juni mwaka huu. Aliongeza kuwa mradi wa REA Awamu ya Pili wa miaka miwili, ulioanza mwaka 2013, lengo lake lilikuwa ni kuhakikisha kuwa vijiji vyote Tanzania vinapatiwa umeme hivyo kuboresha maisha ya wananchi na kukuza uchumi wa nchi. Akielezea mchango wa mradi wa usambazaji wa umeme vijijini, unaotekelezwa na REA katika kuboresha maisha ya wananchi Nyamohanga, alisema kuwa awali wananchi wote walikuwa wakilipa Sh 467,000 kama gharama ya kuunganishiwa umeme, ambayo ilikuwa ni kubwa, hivyo kufanya wananchi wachache wenye uwezo kuwa na nishati ya umeme huku kundi kubwa la wasio na uwezo kuishi gizani. Alisema katika Awamu ya Kwanza ya REA, gharama za uunganishaji wa umeme zilishuka kutoka Sh 467,000 hadi Sh 177,000 na kuongeza kuwa katika kuhakikisha kila mwananchi anakuwa na uwezo wa kuunganishiwa umeme, Serikali iliamua kubeba gharama zote kupitia REA Awamu ya Pili na wananchi kutakiwa kuchangia Sh 27,000 tu kama Kodi ya Ongezeko la Thamani (VAT). Alieleza kuwa mara baada ya kumalizika kwa Awamu ya Pili ya REA, viongozi wataainisha vijiji ambavyo havijapata umeme REA Awamu ya Pili, ambapo vitajumuishwa katika mradi wa REA Awamu ya Tatu. Nyamohanga alieleza michango mingine kuwa ni kufungua fursa za ajira na uwekezaji kwa vijana, ufaulu kuongozeka kwa shule za sekondari na kuboreshwa kwa huduma za afya.""Kwa mfano kwa shughuli za kiuchumi bei ya kusaga debe la mahindi ilikuwa ni Sh 1,000 itashuka hadi Sh 500 kutokana na kwamba mashine za kusaga zitakuwa zinatumia umeme badala ya dizeli kama zamani,"" alisema Nyamohanga. Wakati huohuo, Meneja wa Shirika la Umeme Nchini (Tanesco) Kanda ya Ziwa, Joyce Ngahyoma akielezea jinsi ya kuunganishwa na huduma ya umeme kwa wananchi wa vijiji vilivyopitiwa na mradi wa REA Awamu ya Pili, alisema kuwa wananchi wanaoishi mita 30 karibu na miundombinu ya umeme, wataunganishiwa kwa Sh 27,000 na kuwataka kuchangamkia fursa hiyo kwa kuboresha makazi yao. Alisema kwa wananchi wenye nyumba zenye vyumba viwili na vioski, hawahitaji kufunga mfumo wa umeme kwenye nyumba zao (wiring), badala yake watashauriwa kununua kifaa maalumu kijulikanacho kama ""UMETA"" (Umeme Tayari), kinachoweza kutumika kama mfumo kwa kuwa na uwezo wa kuunganisha taa mbili na vifaa vingine kama vile jiko, friji na pasi.",biashara,biashara,kitaifa,0.9983
SW4490,"WAZIRI wa Habari, Utamaduni, Sanaa na Michezo, Dk. Harrison Mwakyembe amewapongeza wazee na viongozi wa kimila wa kabila la kimasai kwa kuendeleza na kuhifadhi mila na desturi. Alitoa pongezi hiyo juzi jijini Arusha wakati wa ku- funga mafunzo ya kimila kwa vijana wa Kimasai. Alisema mafunzo hayo ni muhimu katika kumjenga kijana kuwa mtu mwenye maadili na kuheshimika kwa jamii yake. ""Mafunzo mliyoyapata kutoka kwa viongozi wenu na wazee wa kimila yanawajenga kuwa rai wema na wenye maadili katika kujenga taifa letu, "" alisema Dk Mwakyembe alipowahutubia. Alisema wizara inaunga mkono juhudi za wazee wa kimasai kwa kuhakikisha mila na desturi ya Mtanzania inatunzwa na kuendelezwa kwa vizazi vijavyo. Waziri huyo aliahidi kush- irikiana na Waziri wa Ardhi, Nyumba na Maendeleo ya Makazi, William Lukuvi katika kuhakikisha maeneo yaliyotengwa kwa ajili ya shughuli za mila yanahifad- hiwa vizuri bila kuingiliwa na watu. Vilevile aliwapongeza viongozi wa Jeshi la Ulinzi la Wananchi wa Tanzania (JWTZ) kwa kuruhusu mae- neo ya kijeshi ambayo ni ya kihistoria kuendelea kutumika kwa ajili ya masuala ya kimila na kuzitaka taasisi nyingine ambazo zina maeneo hayo kuiga mfano huo. Mwenyekiti wa viongozi wa ukoo wa Wamasai, Isack Lekisongo aliiomba serikali kulinda, kuhifadhi na kuendeleza mila na desturi za jamii mbalimbali za kitanzania ili kupunguza madhara yanayoletwa na utandawazi nchini. Alisema kupitia mafunzo hayo yanayotolewa kwa vijana yanasaidia kujitambua, kuheshimu wakubwa na wadogo na kuachana na tabia zisizofaa ikiwemo utumiaji wa dawa za kulevya. Shughuli za kimila za kimasai zilifunguliwa Julai 6, mwaka huu kwa vijana kutoka sehemu mbalimbali za Tanzania na nchi jirani ya Kenya ambao walipewa mafunzo kwa siku 100 yaliyohitimishwa Sep- temba 15, mwaka huu.",michezo,michezo,kitaifa,0.9977
SW3964,"SERIKALI imekaribisha wawekezaji wakubwa wa ndani na nje ya nchi kuwekeza katika uzalishaji sukari, kwani taifa linahitaji tani 260,000, zikiwemo tani 155, 000 za sukari ya viwandani, jambo linalochangia matumizi makubwa ya fedha za kigeni katika uagizaji wake. Naibu Waziri wa Kilimo, Omary Mgumba amesema hayo baada ya kumaliza ziara ya siku moja katika kiwanda cha uzalishaji wa sukari cha TPC ambapo pamoja na mambo mengine alikagua uzalishaji wa sukari na kufahamu changamoto zinazokabili kiwanda hicho. Tuna mahitaji ya tani 105,000 za sukari ya matumizi ya nyumbani na tani 155,000 za sukari ya viwandani, tunayo ardhi ya kutosha katika maeneo ya Rufiji zaidi ya hekta 160,000, Malagarasi Kigoma, Musoma na kwingineko ambayo yanaweza kutumika kufanya uzalishaji,"" alisema. Amesema pamoja na suala la kuwepo kwa ardhi ya kutosha inayostawi zao hilo, lakini pia lipo soko la uhakika la bidhaa hiyo, kwani tangu nchi ipate uhuru hakuna kiwanda chochote nchini, kinachozalisha sukari ya viwandani hivyo mahitaji yake yanakuwa siku hadi siku.""Kabla ya kutembelea kiwanda cha TPC tulielezwa gharama zetu za uzalishaji ni kubwa zaidi, kumbe zinafanana katika nchi nyingi, ila wenzetu kwa kuwa wana wananchi wengi huuza kwa bei kubwa na wanapojitosheleza, huuza nje ya nchi kwa gharama ndogo,"" amesema. Alisema hiyo ni mbinu ya kibiashara ambayo inatumiwa na baadhi ya mataifa jambo ambalo lisipotazamwa kwa umakini huenda likatumika kuua viwanda vya ndani kutokana na bidhaa yake kukosa soko la uhakika. Mgumba alisema serikali itaandaa mazingira mazuri kwa wawekezaji watakaojitokeza kuchangamkia fursa hiyo kwani wanayo nafasi ya kutengeneza faida kutokana na soko la ndani pekee lakini pia kwenda katika baadhi ya nchi za Afrika Mashariki. Mahitaji ya sukari nchini yanakadiriwa kuwa tani 670,000 ambapo tani 515,000 ni kwa ajili ya matumizi ya kawaida na tani 155,000 kwa matumizi ya viwandani. Uzalishaji wa sukari kwa viwanda vitano vya ndani kwa 2018/19, unakadiriwa kuwa tani 353,651 kwa ajili ya matumizi ya kawaida na hakuna kiwanda kinachozalisha sukari kwa ajili ya matumizi wa viwandani. Mapema Ofisa Mtendaji Mkuu wa TPC, Robert Baisac alisema atawasilisha hoja ya fursa ya kufungua maeneo mengine ya uwekezaji wa sukari ya viwandani katika Bodi ya kampuni hiyo ili kutazama namna ya kuifanyia utekelezaji wa haraka.""Kama kiwanda tumepokea fursa iliyotangazwa na Naibu Waziri kuhusu uzalishaji wa sukari za viwandani.... jambo hili litawasilishwa katika Bodi ili kuona namna ya kulifanyia utekelezaji wa haraka,"" amesema. Amesema kiwanda hicho kimezalisha zaidi ya tani 110,000 za sukari kwa mwaka hadi kufikia mwaka 2018 ikiwa ni sawa na uzalishaji wa zaidi ya tani 140,000 za miwa kwa msimu huo. Ziara ya Naibu Waziri wa Kilimo, imelenga kutembelea viwanda vya sukari ya Mtibwa, Kagera, Kilombero na TPC, lengo likiwa kujifunza changamoto na kutafuta mbinu mbadala ya kuongeza uzalishaji wa bidhaa hiyo katika soko la ndani.",biashara,biashara,kitaifa,0.9957
SW4478,"NAIBU Waziri wa Viwanda, Biashara na Uwekezaji, Stella Manyanya ameiagiza Tume ya Ushindani (FCC), Jeshi la Polisi na taasisi zote zinazofanya ukaguzi na uchunguzi wa bidhaa bandia kufanya kazi kwa weledi na uadilifu na kujihadhari na vitendo vya rushwa. Akifungua mafunzo mahsusi kwa Wakuu wa Uchunguzi wa Makosa ya Jinai wa Jeshi la Polisi (RCO na OC-CIDs) kutoka mikoa ya Tabora, Dodoma na Singida, Manyanya alisema watumishi hao wanatakiwa kufanya kazi kwa weledi na uadilifu katika kukabili bidhaa bandia kwani ni janga linaloathiri uchumi wa Taifa. Manyanya aliwataka kufanya kazi hiyo huku wakisimamia maadili na kuzingatia uzalendo na weledi katika kutekeleza majukumu yao hayo.""Wafanyabiashara wasio waaminifu hawataacha kirahisi kufanya biashara ya bidhaa bandia licha ya sisi kujipanga kuwachukulia hatua wale walio wakorofi,"" alisema. Alisema viongozi hao wanatakiwa kujihadhari na rushwa, kwani wafanyabiashara wasio waaminifu watajaribu kuwachonganisha na wizara na mamlaka nyingine katika shughuli zao na watawashawishi zaidi kwa rushwa. Alisema watendaji hao wanatakiwa kuacha kupokea rushwa kwani inawafedhehesha na kuvuruga juhudi za kupambana na bidhaa bandia kufikia malengo ya uchumi wa viwanda.""Rushwa itavuruga na kuharibu misingi ya uchunguzi wa kijinai na kukwamisha haki kupatikana kwa wakati. Rushwa itawavunja moyo wawekezaji halali pale watakaposhindwa kuwadhibiti wafanyabiashara wanaowaibia nembo na alama zao za biashara,"" alisema. Awali Mkaguzi Mkuu wa Sheria za Alama za Bidhaa, Dk John Mduma alisema kupambana na bidhaa bandia kunahitaji nguvu na ushirikiano mtambuka wa taasisi zaidi ya moja za serikali. Alisema ndio maana kwa mujibu wa kanuni za alama za bidhaa za mwaka 2008, Jeshi la Polisi ni miongoni mwa taasisi zinazounda kikosi kazi cha kudhibiti bidhaa bandia zinazoingizwa.""Nyingine ni Shirika la Viwango Tanzania (TBS), Mamlaka ya Mapato (TRA), Ofisi ya Mwanasheria Mkuu wa Serikali (AG), Mamlaka ya Chakula na Dawa (TFDA),"" alisema. Alisema FCC kwa kushirikiana na Polisi imeweza kutekeleza operesheni mbalimbali za kudhibiti uhalifu unaohusisha bidhaa bandia. Akizungumza kwa niaba ya Mkuu wa Jeshi la Polisi (IGP) Simon Siro, Naibu Kamishna wa Jeshi la Polisi (DCP), Aziz Mohamed alisema wataendelea kushirikiana vizuri na FCC katika kutekeleza majukumu yake kwa ukamilifu zaidi. Alisema mkakati huo wa kuelimisha askari ulianza Dar es Salaam na sasa Dodoma na utaendelea nchi nzima ili kuhakikisha udhibiti wa bidhaa bandia nchini unakuwa endelevu.",biashara,biashara,kitaifa,0.9952
SW4166,"BARAZA la Habari Tanzania (MCT) na Chama cha Waandishi wa Habari za Michezo nchini (Taswa) vimelaani tukio la kupigwa na polisi mwandishi wa habari wa Kituo cha Wapo Radio cha Dar es Salaam, Silas Mbise Jumatano Uwanja wa Taifa Dar es Salaam. Taarifa ya pamoja ya Taswa na MCT iliyotolewa jana na kusainiwa na Katibu Mkuu wa TASWA, Amir Mhando na Katibu Mtendaji wa MCT, Kajubi Mukajanga imesema kuwa tukio hilo ni hujuma kwa tasnia ikiwa na nia ya kudhohofi sha uhuru wa kupatikana kwa habari.""MCT na Taswa tumefedheheshwa na kukasirishwa na tukio la ukatili lililofanywa na polisi dhidi ya mwandishi wa habari wa Kituo cha Wapo Radio cha Dar es Salaam.""Kwa mujibu wa Mbise tukio hilo lilitokea baada ya mchezo wa Tamasha la ""Simba Day"" kwenye mechi kati ya timu ya Simba na Asante Kotoko ya Ghana, ambapo kama ulivyo utaratibu mchezo ukimalizikawaandishi wa habari huenda kuzungumza na makocha katika eneo maalumu lililotengwa.""Lakini wakati akielekea eneo hilo, baadhi ya askari walikuwa wakizuia waandishi kuingia eneo hilo na alipojaribu kuwaelewesha na kujitambulisha ndipo akafanyiwa ukatili huo wa kupigwa na kuumizwa. Tukio hili na mengineyo ya kikatili wanayofanyiwa wanahabari wakiwa kazini hayatafumbiwa macho, kwani si udhalilishaji wa taaluma ya habari tu, bali pia tunalichukua kama hujuma,""ilisema taarifa hiyo. Taarifa hiyo ilisema wanatarajia Jeshi la Polisi kufanya kazi zake kwa kufuata sheria na weledi wa kazi na kuwa walinzi wa amani na mali za wananchi na kuwataka wadau wa michezo ikiwa ni pamoja na Polisi, wachezaji, viongozi na mashabiki wenye malalamiko kwa mwandishi wa habari binafsi, au chombo chake wafuate taratibu za kistaarabu zilizopo, ikiwemo kuwasiliana na uongozi wa chombo cha habari husika na wakishindwa kuafi kiana wapeleke malalamiko yao Taswa na MCT na kwa hatua za zaidi za usuluhishi.""Baraza la Habari, Kituo cha Sheria na Haki za Binadamu na Chama cha Waandishi wa Habari za Michezo Tanzania wanawasiliana na wanasheria wao kwa ajili ya kufungua mashtaka dhidi ya wahusika kwa vitendo vya mateso ""tourture"" alivyofanyiwa Mbise,"" ilisema taarifa hiyo. Wakati huohuo, msemaji wa Jeshi la Polisi, Barnabas Mwakalukwa alisema jana kuwa jeshi hilo litafungua majarida mawili kuhusu polisi kudaiwa kumpiga mwandishi wa habari Mbise na mwandishi huyo wa habari kuwazuia polisi kufanya kazi yake. Mwakalukwa akasema: ""Jarida litafungliwa la mwandishi huyo kupigwa na polisi akiwa kazini na ana haki ya kumshitaki huyo polisi, lakini pia litafunguliwa lingine la yeye kufanya vurugu kuwazuia polisi kutekeleza majukumu yao.""Awali katika taarifa iliyotolewa jana na Kamanda wa Polisi Kanda Maalumu ya Dar es Salaam.",michezo,michezo,kitaifa,0.9939
SW1192,"MAHAKAMA ya Hakimu Mkazi Kisutu imemhukumu msanii wa Bongo Movie, Wema Sepetu kulipa faini ya Sh milioni mbili au kutumikia kifungo cha mwaka mmoja jela, baada ya kutiwa hatiani kwa mashitaka ya kukutwa na kutumia dawa za kulevya aina ya bangi. Sababu zilizochangia Wema kutiwa hatiani ni kitendo cha kukiri mwenyewe kwamba alikutwa na dawa za kulevya aina ya bangi nyumbani kwake, kukubali kwamba alipekuliwa, kusaini hati ya upekuzi na kukiri kuwa mkojo wake ulichukuliwa na kupelekwa kwa Mkemia Mkuu wa Serikali, ambao ulikutwa na chembechembe za dawa za kulevya. Aidha, washitakiwa wenzake katika kesi ya kukutwa na dawa za kulevya na matumizi ya dawa hizo, Angelina Msigwa na Matrida Abbas wameachiwa huru baada ya upande wa mashitaka kushindwa kuthibitisha mashitaka dhidi yao. Akisoma hukumu hiyo jana, Hakimu Mkazi Mkuu, Thomas Simba alisema upande wa mashitaka ulileta mashahidi watano kuthibitisha mashitaka hayo. Alisema baada ya upande wa mashitaka kufunga ushahidi wake, washitakiwa wote walikutwa na kesi ya kujibu na washitakiwa walijitetea wakiongozwa na Wakili Albert Msando.""Ni jukumu la upande wa mashitaka kuthibitisha mashitaka bila ya kuacha shaka na sio mshitakiwa. Mshitakiwa wa pili na wa tatu hawakushiriki kwenye upekuzi na bangi zilikutwa jikoni, chumbani na kwenye kiberiti,"" alisema Hakimu Simba. Alieleza kuwa mshitakiwa mwenyewe katika ushahidi wake alikiri kwamba alikutwa na bangi nyumbani kwake, alitia saini katika barua ya upekuzi na alikubali kwamba mkojo wake ulichukuliwa na kupelekwa kwa Mkemia Mkuu wa Serikali. Alisisitiza kuwa anawaachia huru mshitakiwa wa pili na wa tatu kwa kuwa upande wa mashitaka umeshindwa kuthibitisha mashitaka dhidi yao, lakini kwa upande wa Wema hakuna shaka lolote kwamba amepatikana na dawa za kulevya. Kabla ya kutolewa hukumu hiyo, Wakili wa Serikali, Constantine Kakula alidai kuwa matumizi ya dawa za kulevya yamekithiri katika Taifa na kwamba mshitakiwa ni msanii na ni kioo cha jamii ana watu wengi wanaomuangalia na kumfuata. Alidai mshitakiwa anatakiwa kupewa adhabu kali ili iwe fundisho kwa wanaotumia au wanaotegemea kujihusisha na dawa za kulevya. Akitoa utetezi kwa niaba ya Wema, Wakili Msando alidai kwa mujibu wa sheria aliyoshitakiwa nayo mteja wake kifungu namba 17 (1) b ya mwaka 2015, inaelekeza kwamba adhabu zake ni faini isiyopungua laki tano au kifungo cha miaka mitatu au vyote kwa pamoja.",michezo,michezo,kitaifa,0.9937
SW582,"Hatua hiyo imekuja baada ya mshitakiwa Masogange kujitetea mwenyewe jana mbele ya Hakimu Mkazi Mkuu, Wilbard Mashauri kutokana na upande wa mashitaka uliokuwa ukiongozwa na Wakili, Constantine Kakula kufunga ushahidi wake baada ya mashahidi watatu kutoa ushahidi dhidi yake. Akiongozwa na Mawakili wa utetezi, Nehemiah Nkoko na Ruben Simwanza, Masogange alidai kuwa hajawahi kutumia dawa za kulevya hata siku moja na kwamba mahakama imuachie huru kwa sababu hana kosa lolote. Masogange ambaye alidai licha ya usanii, alikuwa mfanyabiashara wa nguo na kwamba Februari 14 mwaka huu Polisi walikwenda nyumbani kwake bila yeye kuwapo kwa sababu alikuwa amempeleka mjomba wake Orca deco kununua vitu hivyo walimkuta dada yake. Alidai kuwa polisi hao walimweka chini ya ulinzi dada yake na kumtaka ampigie simu ajifanye anaumwa ili arudi nyumbani. Masogange alieleza kuwa dada yake alimpigia simu na kumweleza kuwa anaumwa sana, naye akamjulisha kuwa atarejea nyumbani muda mchache kutoka saa hiyo alipopigiwa simu na kufika nyumbani saa 12:00 jioni.""Nilipofika nyumbani kwangu getini kabla sijashuka kwenye gari, nilimuona mlinzi amekaa na watu wanne, niliwasalimia na kuingia ndani. Nilipofika ndani nilimkuta dada yangu, askari wa kike na askari wawili wa kiume, ambao waliniambia kuwa wananisubiri mimi na walijitambulisha kuwa wao ni polisi,'' alidai Masogange. Masogange alidai kuwa aliwauliza shida yao na walimweleza wamekwenda kufanya upekuzi, lakini hawakupata kitu chochote. Alidai kuwa baada ya upekuzi huo, walimchukua na kupeleka Kituo Kikuu cha Polisi na walipofika mapokezi akaandikisha jina na wakampeleka rumande ambako alikaa siku tisa. Alidai baada ya kukamatwa Februari 14, mwaka jana , siku iliyofuata akiwa polisi alipelekwa katika ofisi iliyokuwa na watu 15, ambako kwa nyakati tofauti walikuwa wakimuuliza maswali. Masogange anakabiliwa na kesi ya kutumia dawa za kulevya aina ya Heroin na Oxazepam ambapo anadaiwa kuwa kati ya Februari 7 na 14 mwaka jana katika maeneo yasiyojulikana ndani ya jiji la Dar es Salaam alitumia dawa za kulevya aina ya Heroin (Diacety Imophine). Pia anadaiwa kuwa kati ya Februari 7 na 14, mwaka huo huo alitumia dawa za kulevya aina ya Oxazepam.",michezo,michezo,kitaifa,0.9919
SW457,"WAZIRI Mkuu, Kassim Majaliwa amewataka wakulima katika Mkoa wa Tabora kuchangamkia fursa ya mikopo inayopatikana Benki ya Maendeleo ya Kilimo Tanzania (TADB) kujitanua kwenye shughuli zao kilimo.""Napenda kuwashauri wawekezaji binafsi na taasisi mbalimbali mkoani Tabora, tumieni fursa za mabenki ikiwemo Benki yenu ya Kilimo kuleta mageuzi makubwa katika sekta za kilimo na mifugo,"" alisema Waziri Mkuu. Akizungumza hivi karibuni kwenye Jukwaa la Uwekezaji la Mkoa wa Tabora, Majaliwa alisema dhamira ya serikali ya kuanzisha Benki ya Kilimo ililenga kuwakomboa wakulima waondokane na kilimo cha mazoea ili kwenda sambamba na kilimo biashara. Aliyataja mazao yanayostawi katika Mkoa wa Tabora kuwa ni mpunga, tumbaku, pamba, alizeti, karanga na asali. Pia alisema mkoa huo pia umebarikiwa kuwa na mifugo mingi ambayo ikitumika ipasavyo inaweza kubadilisha maisha ya wakazi wa mkoa huo.""TADB inafanya vizuri sana hata Rais John Magufuli ameisifu pia. Wakati ndiyo huu wa kujiimarisha katika kilimo. Tumieni uwepo wa Benki yenu ya Kilimo kupata mikopo kupanua wigo wa shughuli zenu za kilimo na mifugo,"" alisema. Waziri Mkuu Majaliwa ambaye ameshawahi kuwa Mkuu wa Wilaya ya Urambo mkoani Tabora, aliuelezea mkoa huo kuwa una fursa lukuki za biashara na uwekezaji na kuwaomba Watanzania kuzichangamkia kubadilisha maisha yao. Kwa upande wake, Mkuu wa Mkoa wa Tabora, Aggrey Mwanri alisema mkoa wake umejipanga kuhakikisha unatengeneza mazingira mazuri na wezeshi kwa wawekezaji ikiwemo kuondoa urasimu katika usajili wa ardhi na utoaji wa vibali mbalimbali.""Sitamfumbia macho wala kumwonea aibu mtendaji yeyote ambaye anakuwa kikwazo kwa mwekezaji. Serikali ya mkoa imejipanga kuleta mageuzi makubwa ya kiuchumi na maendeleo,"" alisema Mwanri. Meneja wa TADB Kanda ya Magharibi, Geofrey Mtawa alisema benki yake ina mikopo inayolenga kutatua changamoto mbalimbali katika mnyororo wa thamani za mazao kama vile ujezni wa miundombinu ya umwagiliaji.""Tunatoa mikopo kwa ajili ya maghala ya kuhifadhia mazao, ununuzi wa zana bora za kilimo,"" alisema na kuwasihi wana Tabora kuchangamkia fursa hizo zilizopo kwenye Benki ya Kilimo kujiweka katika nafasi nzuri. Katika kipindi kifupi TADB imefanya mageuzi makubwa kiasi cha kuweza kurejesha imani na matumaini makubwa kwa wakulima na wadau mbalimbali wa kilimo hapa nchini.",kitaifa,kitaifa,biashara,0.9906
SW2427,"KAMPUNI ya simu za mkononi ya Tigo imeingia kwenye ushirikiano na Kampuni ya SportPesa kuzindua promosheni walioipa jina la 'Faidika na Jero'. Promosheni hiyo, wateja wa Tigo watajishindia zawadi wanapobashiri baada ya kuweka fedha kwenye akaunti ya SportPesa kupitia Tigo Pesa. Promosheni hiyo inatarajiwa kufika mwisho Oktoba 29 ambapo mbali na zawadi nyingine ndogo ndogo kama simu za mkononi aina ya Sumsung A10, mshindi wa jumla atajinyakulia gari mpya aina ya Renault KWID, ambayo haijatembea hata kilo meta moja. Akizungumza na waandishi wa habari kwenye hafla ya kuitangaza promosheni hiyo Mkurugenzi wa Utawala na Udhibiti wa SportPesa, Abbas Tarimba alisema lengo la kuanzisha promosheni hiyo ni kutaka kuwakwamua wateja wao kutoka sehemu moja kwenda nyingine.""Sasa hivi tumeamua kuja kivingine kabisa kwa kutoa gari badala ya bajaji kama ilivyozoeleka na lengo letu ni zuri kuhakikisha wateja wa Tigo na SportPesa, wananufaika nayo hii promosheni hasa ukizingatia imekuja kipindi muhimu cha ligi mbalimbali zinazoendelea Ulaya na hata hapa nchini,"" alisema Tarimba. Tarimba alisema ili kuingia kwenye kinyang'anyiro hicho mteja anatakiwa kujisajili kwa kuweka fedha kwenye akaunti ya SportPesa ambayo ni *150*87#, kupitia mtandao wa tigo kucheza na SportPesa ili aweze kushinda. Kwa upande wake Meneja Uhusiano wa Tigo Woinde Shisael, alisema hii ni fursa muhimu kwa wateja wao wa Tigo, kujiimarisha kimaisha kupitia promosheni hiyo ambayo ni ya kipekee tangu kuanzishwa Kampuni hiyo.""Sisi kama Tigo tunajisikia faraja sana kufanya kazi na Kampuni kubwa kama SportPesa, naamini wateja wetu wataipokea kwa furaha promosheni hii na kuichangamkia kwa kasi na kunufaika nayo na hiyo ni kutokana na faida zilizopo ndani yake,"" alisema.",michezo,michezo,biashara,0.9894
SW6181,"MWENYEKITI wa Bodi ya Shirika la Umeme Tanzania (Tanesco), Dk Alexander Kyaruzi amesema bodi hiyo itatoa ushirikiano wa asilimia 100 kwa shirika hilo katika kutekeleza miradi ya kimkakati ya umeme ambayo itachangia kufikia Tanzania ya viwanda na hatimaye kufanya biashara ya umeme. Dk Kyaruzi ameyasema hayo jijini Dodoma wakati wa kutembelea miradi ya kimkakati wa kujenga njia kuu ya kusafirisha umeme wa kilovolti 400 na upanuzi wa kituo cha kupoozea umeme cha Zuzu. Alisema kwa sasa kazi inayofanyika ni kutekeleza miradi ya kuongeza uzalishaji wa umeme, kuboresha na kujenga njia kuu za kusafirisha umeme na miradi ya kusambaza umeme. Bodi alisema inaisaidia Tanesco kutekeleza vipaumbele vya taifa vya kuhakikisha nchi inakuwa kwenye uchumi wa kati kupitia viwanda ambao unatengemea uwepo wa nishati ya umeme ya kutosha. Kuhusu kusambaza umeme, Dk Kyaruzi alisema kwa kipindi cha miaka miwili iliyopita yamefanyika marekebisho ya usambazaji umeme katika mikoa ya Dar es Salaam, Arusha na Kilimanjaro na kuwa juhudi hizo zimeelekezwa katika mikoa mingine ili kupunguza wasiwasi wa umeme kukatika katika. Kuhusu maendeleo ya upanuzi wa Kituo cha Zuzu, Dk Kyaruzi alionesha kufurahishwa na hatua iliyofikia na kuwa kukamilika kwake kutasaidia Jiji la Dodoma kuwa na umeme wa uhakika. Naye Mratibu wa Mradi wa Ujenzi wa njia kuu ya kilovolti 400 kwa ajili ya kuunganisha mfumo wa Gridi ya Taifa na zile za Kenya kwa upande wa Kaskazini na Zambia kwa upande wa Kusini, Peter Kigadye alisema hatua ya kwanza ya utekelezaji wa mradi huo ni kujenga vituo vinne vya kupoozea umeme wa kilovolti 400. Alisema vituo hivyo ni Dodoma, Singida, Sinyanga na Iringa ambavyo vitagharimu dola za",biashara,biashara,kitaifa,0.9859
SW2940,". Naibu Waziri wa Ardhi, Nyumba na Maendeleo ya Makazi Dkt Angeline Mabula, ameitaka halmashauri ya wilaya ya Mafia mkoani Pwani kuandaa mazingira ya kupokeaWawekezaji katika sekta ya utalii kwa kupanga na kupima maeneo yake. Dkt Mabula ametoa kauli hiyo kwa nyakati tofauti, baada ya kusikiliza kero za migogoro ya ardhi kutoka kwa Wakazi wa kata za Baleni na Kilindoni, akiwa katika ziara yake ya siku mbili iliyokua na lengo la kuhamasisha ukusanyaji maduhuli ya serikali kupitia kodi ya ardhi, kukagua masijala ya ardhi pamoja na mfumo wa ukusanyaji kodi ya ardhi kwa njia ya Kielektroniki. Amesema kuwa, eneo la Mafia limekaa kimkakati na yasipofanyika maandalizi mapema kama vile kupima maeneo ya Uwekezaji, basi migogoro ya ardhi haitaisha na hivyo kuwafanya Wawekezaji kushindwa kuwekeza katika wilaya hiyo."" Huu ni mwaka wa uwekezaji, Wizara ya ardhi ni Wizara wezeshi, tutafanya kila jitihada kupima viwanja katika eneo la Mafia, kwa kuwa watu wengi wanataka kuwekeza Mafia lakini Mafia yenyewe haijawa tayari"" amesema Dkt Mabula.",biashara,biashara,kitaifa,0.9839
SW2615,"WAZIRI Mkuu, Kassim Majaliwa ameutaka uongozi wa mkoa wa Ruvuma uendelee kutangaza fursa za uwekezaji zilizopo na kuondoa vikwazo vyote ili kuvutia wawekezaji zaidi.""Mkoa wa Ruvuma kama ilivyo mikoa mingine, unazo fursa ambazo zikiendelezwa, zitaleta tija na kusaidia kuongeza kasi ya ukuaji wa uchumi wa Taifa letu. Nitoe rai kwa mkoa uendelee kutangaza fursa za uwekezaji zilizopo sambamba na kuondoa vikwazo vyovyote vya uwekezaji na biashara ili kuvutia zaidi wawekezaji wa ndani na nje,"" alisema. Alitoa wito huo jana wakati akifungua Kongamano la Biashara na Uwekezaji mkoani Ruvuma linaloendelea kwenye uwanja wa Majimaji, Manispaa ya Songea. Pia amezindua Mwongozo wa Uwekezaji wa mkoa huo. Alisema katika ustawi wa uchumi, nchi nyingi duniani zimekuza uchumi wao kupitia ujenzi wa viwanda na zikafanikiwa kupunguza umasikini katika jamii zao. Amezitaja nchi hizo kuwa ni Marekani, China, Japani, Korea ya Kusini na Ujerumani.""Tunapaswa kuiga kutoka wa wenzetu. Ndio maana Tanzania pia tunahamasisha ujenzi wa viwanda kuanzia ngazi ya vijiji mpaka mikoa ili tulete mageuzi ya kiuchumi yatakayowezesha upatikanaji wa ajira na hatimaye kuondoa umaskini,"" alisema Waziri Mkuu na kuongeza: Kongamano hili ambalo kaulimbiu yake ni ""Ruvuma itavuma kwa uchumi wa viwanda, wekeza sasa,"" imelenga kutangaza fursa za uwekezaji na biashara zilizopo mkoani humu, na inajipambanua vyema na kuendana na azma ya Serikali ya awamu ya tano ya kujenga uchumi wa kati unaoongozwa na viwanda ifikapo 2025. Alisema mchango wa sekta ya viwanda, kiuchumi na kijamii nchini ni pamoja na kuongeza pato la Taifa na kupandisha hali ya maisha ya wananchi; kusaidia nchi isiyumbe kiuchumi ikizingatiwa kuwa viwanda vingi havitegemei hali ya hewa kama kilimo; kuboresha urari wa biashara kwa sababu tija yake ni kubwa na hasa zikiuzwa bidhaa nyingi nje ya nchi na kupunguza uagizaji wa bidhaa kutoka nje ya nchi. Alizitaja faida nyingine kuwa ni kuchangia maendeleo ya sekta nyingine kama za kilimo, uvuvi, elimu na madini; kutengeneza ajira kwa wananchi; kuchagiza na kuharakisha maendeleo ya teknolojia na rasilimali watu na kuwezesha matumizi mazuri ya maliasili zilizopo kwa faida zaidi. Nyingine ni kuleta uhakika wa soko la mazao ya kilimo, mifugo, uvuvi, misitu na madini kwa sababu hutumika kama malighafi na kuwepo kwa uhakika wa kuingiza fedha za kigeni nchini kupitia mauzo ya bidhaa nje ambapo husaidia kuagiza mitambo, malighafi na bidhaa nyingine ambazo hazizalishwi nchini. Mapema, akitoa salamu kwa niaba ya mabalozi wengine, Mwakilishi wa Balozi wa China, Xian Ding alisema ana uhakika kuwa kongamano hilo litafanikiwa kuleta mabadiliko mkoani humo kwa sababu wana bidii ya kazi.""Ninaahidi kuleta wawekezaji kutoka China kwa sababu tunataka waje kuleta teknolojia mpya, wafanye kazi pamoja na Watanzania na wawafundishe teknolojia hizo mpya. Tunataka hapa Ruvuma iwe model (mfano) kwa mikoa mingine,"" alisema.",kitaifa,kitaifa,biashara,0.9765
SW388,"NMB ni moja ya benki zilizopo nchini, lakini ndiyo inayoongoza kwa kuwa na matawi mengi nchini. Pia ni benki inayoongoza kwa kujenga majengo yake katika maeneo mengi nchini. Kwa miaka mingi, benki hii ambayo wateja wake wengi ni watu wanyonge na wafanyakazi wa ngazi ya kawaida, imekuwa ikijitahidi kuboresha huduma zake na kuinua teknolojia inayotumika. Mathalani, hivi karibuni NMB imeamua kuzindua kadi mbili mpya za kutolea fedha kwenye mashine maarufu ATM. Kadi hizo zimepewa majina ya NMB Mastercard na NMB Masterpass QR. Mkuu wa Kitengo cha Biashara na Kadi wa Benki hiyo, Boma Raballa, anasema kuwa lengo la kuzindua kadi hizo ni kuwarahisishia wateja wao, siyo tu kutoa pesa kwenye ATM, bali pia kupata huduma mbalimbali za kijamii kama vile kununua mafuta kwenye vituo vya kuuzia mafuta au kununua bidhaa kwenye maduka makubwa. ""Kadi hizi mbili zinaweza kumrahisishia mteja wetu kufanya huduma sehemu yoyote ikiwemo kwenye migahawa, maduka makubwa na sehemu nyingine za huduma za kijamii,"" anasema Raballa. Anasema wamejipanga kuhakikisha wateja wa NMB, wanaifurahia huduma hiyo na watajitahidi kuboresha baadhi ya mambo ambayo muhimu ili kuzidi kuwavutia wateja wao ambao ndiyo nguzo muhimu kwao. Aidha Raballa, anasema pamoja na kuja na huduma hiyo, lakini bado wataalamu wao wamekuwa wakiumiza vichwa ili kuhakikisha huduma zao zinapatikana kwa urahisi bila kupoteza muda wa mteja ambaye anaamini ana shughuli nyingi za kufanya. Huduma kama hizo kwa nchi za wenzetu ni vitu vya kawaida zilishaanza kutumika muda mrefu, lakini kwa Tanzania ambayo ni miongoni mwa nchi zinazoendelea, ndiyo kwanza wameanza kuitambulisha wao na anaamini itapunguza foleni kwenye ATM na sehemu za huduma za kijamii. Huduma kama hizi kwa namna moja au nyingine, husaidia kurahisisha utendaji wa kazi kwa haraka na kupunguza matukio ya wizi yaliyokuwepo zamani wakati ambapo watu walilazimika kutembea na kiasi kikubwa cha pesa kufanya manunuzi. Naye Mkuu wa Kitengo cha Wateja Binafsi, Omary Mtiga anasema matumizi ya kadi hizo yataambatana na promosheni maalumu, itakayodumu kwa kipindi cha miezi miwili mpaka mwezi wa pili mwaka 2019. Anasema ndani ya kipindi hicho, kila wiki watakuwa wakichezesha droo na kupata washindi 20 kila wiki, ambao watakuwa wakijishindia Sh 100,000 pamoja na kutoa simu za mkononi aina ya Samsung S9 kwa washindi sita wa kila mwezi. Washindi watatu wa jumla watapata nafasi ya kwenda Dubai pamoja na wenzi wao, huku wakihudumiwa kila kitu na NMB, ikiwamo kutembelea sehemu za vivutio na majengo marefu ya kihistoria yaliyopo nchini humo. ""Hii ni fursa yetu pekee kwa wateja wetu wa NMB, kuichangamkia fursa hii lakini pia wale ambao hawajajiunga na huduma zetu wafanye hivyo sasa ili kuwa miongoni mwa washindi ambao tunawategemea siku zijazo,"" anasema Mtiga. Mtaalamu mmoja wa masuala ya benki, Ali Jumanne anasema hatua ambazo benki hiyo inachukua zina lengo la kwenda na maendeleo ya utandawazi. Anasema utandawazi ni moja ya vitu vinavyochangia uchumi wa Tanzania kukua kwa kasi, ikilinganishwa na mataifa mengine jirani. Anasema katika sekta za benki, utandawazi umezifanya benki kubadilisha mtindo wao wa utoaji huduma kutoka analojia kwenda wa kidijiti. Jumanne anasema utandawazi umeifanya Tanzania ya leo kuwa na tofauti kubwa na ile ya miaka 10 iliyopita kwa kuweze- sha upatikanaji wa huduma muhimu za jamii, kama vile afya, elimu na mawasiliano katika ubora wa hali juu. Mathalani katika afya, kwa miaka kadhaa, baadhi ya Watanzania walikuwa wakilazimika kusafiri nje ya nchi kupata huduma bora za matibabu, kama vile ya moyo ambayo kwa sasa yanapatikana hapa nchini katika Taasisi ya Moyo ya Jakaya Kikwete (JKCI). Matibabu mengine ya upandikazaji wa figo na mengine ya kibingwa yanapatikana katika taasisi hiyo. Mbali na afya, kuhusu elimu pia imeboreshwa kwa kiwango kikubwa ikilinganishwa na miaka ya nyuma. Hali hii inatokana na juhudi za serikali za kuongeza idadi za shule za msingi na sekondari pamoja na vyuo vikuu, kama vile Chuo Kikuu cha Dodoma. Hayo yote na mengine mengi, kama vile kuboreshwa kwa huduma ya mawasiliano ya simu za mkononi, mitandao ya kijamii katika kutoa na kupokea taarifa, yamesaidia kuifanya jamii ya Tanzania kwenda na wakati, lakini pia ni muhimu kwa maendeleo ya nchi. Ni wazi kuwa hatua ya NMB kuzindua huduma hiyo, kutawezesha watu wengi kujiunga na benki hiyo kutumia kadi mojawapo kati ya Master Bata au ile ya Mastarpass QR, ambazo kwa sasa ndiyo suluhisho la kupoteza muda kwa kukaa kwenye foleni kwenye mashine za ATM. Kuanzishwa kwa huduma hii pia kunaongeza ushirikiano wa biashara kutoka kampuni moja kwenda nyingine, kwani ni wazi kadi hizo mbili zitakuwa na uwezo wa kutumika hata kwenye makampuni mengine ya benki. Jitihada hizi zinaifanya Tanzania kuingia kwenye mifumo bora ya utandawazi na kuifanya ikimbizane na mataifa yaliyoendelea. Mbali na urahisi wa kupatikana kwa huduma, lakini pia matumizi ya kadi hizo, yanaongeza mapato ya fedha za kigeni wakati watalii watakapotembelea nchini na kufanya miamala kwa ajili ya matumizi, watakapohitaji huduma za kila siku, kama chakula malazi na mengineyo. Upatikanaji kwa urahisi huduma nyingi za kijamii, unaweza kurahisisha juhudi za serikali katika kuufanya uchumi wa Tanzania kukua kwa haraka zaidi, kama serikali ilivyopanga. Mbali ya uwapo wa hoteli za kisasa, usafiri wa kuaminika na usalama na huduma nyingine kama hizi za miamala na mali za raia, nao utasaidia uchumi wa taifa kukua. Kwa jitihada hizi zinazooneshwa na sekta binafsi na juhudi zinazofanywa na serikali ni dhahiri kuwa Tanzania inapiga hatua kubwa katika safari yake ya maendeleo.",kitaifa,kitaifa,biashara,0.9714
SW2028,"SERIKALI kwa sasa iko katika hatua ya kuchambua na kupitia upya muundo wa kifedha na kiuchumi, utakaotumika kwenye mikataba ya uchimbaji na utafutaji wa gesi ili kuweza kuinufaisha nchi. Aidha, serikali imebainisha kuwa imejiandaa na haina wasiwasi kwenye malipo ya Mradi wa Kuzalisha Umeme wa Rufiji. Akijibu hoja wakati wa kuhitimisha mjadala wa hotuba ya bajeti ya Wizara ya Nishati, Mwanasheria Mkuu wa Serikali, Dk Aderaldus Kilangi alisema hatua hiyo imetokana na kubaini upungufu uliokuwepo ndani ya mikataba hiyo baada ya serikali kupitia upya.""Hatua ya kuchambua muundo ni katika kutekeleza mapendekezo ya kamati iliyoundwa na Spika wa Bunge, Job Ndugai, kuchunguza namna taifa inavyoweza kunufaika kwenye sekta ndogo ya gesi na uvuvi,"" alisema. Dk Kilangi alikuwa akijibu hoja ya Mbunge wa Mtwara Vijijini, Hawa Ghasia (CCM), kuhusu sababu ya serikali kutotoa leseni mpya za uchimbaji na utafutaji gesi.""Moja ya mapendekezo ya kamati uliyoiunda (Spika Ndugai) kuchunguza sekta ndogo ya gesi na uvuvi, ni kurejea mikataba ya utafutaji na uchimbaji na kazi hiyo ikapewa ofisi ya AG (Mwanasheria Mkuu wa Serikali). Tulianza kazi kuipitia mikataba yote, tukaunda timu kutoka wizara na sekta mbalimbali za serikali,"" alisema. Dk Kilangi alisema kuwa ofisi yake ililazimu kuijengea uwezo timu hiyo baada ya kupitia mikataba yote 11 ya utafiti na uchimbaji gesi.""Tuligundua kuna kitu muhimu kukiangalia ambacho ni ""Economic and Financially Modeling (muundo wa kiuchumi na kifedha). Siri nzima ipo hapo kama tunapata au kupoteza, hivyo tukaja na awamu nyingine ili ifanye kazi kwa mwezi mmoja.""Tulichokifanya ilikuwa kuangalia muundo gani wa kifedha na kiuchumi uliotumika ikagundulika lazima kama nchi kuangalia inapendekeza mfumo upi ambapo kazi hiyo itafanyika kuanzia Juni 6 hadi 25 mwaka huu,"" alisema. Naibu Waziri wa Fedha na Mipango, Dk Ashatu Kijaji alisema serikali imejiandaa na haina wasiwasi kwenye malipo ya mradi wa kuzalisha umeme wa mradi wa Rufiji.""Tumeshalipa Sh bilioni 723. Si kama tumefanya makosa hapana. Serikali ilikuwa inafahamu kuwa bajeti iliyopitishwa ni Sh bilioni 700 kamili. Tumefanya hivyo kwa sababu ya umuhimu wa mradi huu.""Kuhusu na hizo Sh bilioni 28 zinazodaiwa kutolewa bila ridhaa ya bunge, mamlaka ya kufanya uamuzi wa kuhamisha mafungu ni ya Waziri wa Fedha na Mipango. Unapokuwa na jukumu la msingi ambalo halipaswi kusubiri yapo mamlaka kwa waziri ambaye alihamisha fedha kutoka fungu 21 hazina kwenda fungu 58,"" alisema. Naibu Waziri Ofisi ya Makamu wa Rais (Mazingira), Mussa Sima alisema Mradi wa Kuzalisha Umeme kwenye Mto Rufiji, una umuhimu mkubwa kwenye uchumi wa nchi. Alisema madai kuwa utekelezaji mradi huo, utavunja mkataba wa mbuga ya Selous kuwa urithi wa dunia si kweli, bali mkataba ulikuwa tayari.",biashara,biashara,kitaifa,0.971
SW291,"Agizo hilo lilitolewa juzi na Mkuu wa Wilaya ya Mbinga, Senyi Ngaga alipofungua mkutano wa Jumuiya ya Serikali za Mitaa (ALAT), uliofanyika mjini hapa. Ngaga alisema viongozi wa Halmashauri, wasipokuwa wabunifu katika kuongeza mapato, hawatakwenda mbele na kuhudumia jamii, ikiwemo ujenzi wa miundombinu, kama vile barabara na miradi ya kilimo.""Tukijiongezea wigo wa mapato katika maeneo tunayowaongoza wananchi wetu, tutaweza kusonga mbele, ni vyema tuzingatie hilo"", alisema Ngaga. Alisema Halmashauri ikitegemea chanzo kimoja cha mapato kufikia malengo iliyojiwekea, itakuwa ni vigumu na kusababisha kushindwa kutoa huduma husika kwa wananchi. Pamoja na mambo mengine, Mkuu huyo wa Wilaya alisisitiza uboreshaji wa kiwango cha elimu katika shule za msingi na sekondari mkoani humo ili kuufanya mkoa huo, ufikie malengo mazuri ya ufaulu, ambayo imejiwekea katika sekta hiyo.",biashara,biashara,kitaifa,0.9702
SW1780,"Benki Kuu ya Tanzania (BoT) imetangaza kuhamishia mali, madeni pamoja na wafanyakazi wa Benki M kwenda Benki ya Azania. Haya yamesemwa na Naibu Gavana wa BoT, Dk Benard Kibese, mapema leo, Jumanne, alipofanya mkutano na waandishi wa habari jijini Dar es Salaam. Dk Kibese ameeleza kuwa uamuzi huu ulifikiwa ulifikiwa Januari 2, 2019 na unakuja baada ya jitihada za kuinusuru benki hiyo kugongwa mwamba. Alieleza kwamba tangu mwezi Agosti 2018, benki hiyo imekuwa chini ya uangalizi huku vikao kadhaa baina ya wamiliki, bodi pamoja na uongozi vikifanyika bila mafanikio. ikiwa ni pamoja na kupewa siku 90 na baadaye 60 kujinusuru.""Maamuzi yalifikiwa baada ya Benki Kuu kubaini kuwa Bank M ina ukwasi na imeshindwa kulipa madeni yake ikiwa ni pamoja na amana za wateja ,"" alisema. Dk Kibese aliongeza kwamba mpaka Benki M inaunganishwa na Benki ya Azania ilikiwa na madeni ya bilioni 618/-.",kitaifa,kitaifa,biashara,0.9665
SW3360,"WAKULIMA wa mihogo nchini wamepata fursa ya kuuza tani 35,000 za muhogo mbichi kwa mwaka nchini Rwanda baada ya kampuni moja ya kuzalisha bidhaa zinazotokana na zao hilo kusaini mkataba wa kukusanya mihogo kwa wakulima na kuwauzia kwa mawakala watatu na kuwa idadi hiyo inatarajiwa kuongeza idadi ya bidhaa hiyo. Fursa hiyo imepatikana katika Maonesho ya 43 ya Biashara ya Kimataifa ya Dar es Salaam yaliyomalizika hivi karibuni ambapo yaliwakutanisha wazalishaji na wauzaji kutoka ndani na nje ya nchi. Katika maonesho hayo, Mamlaka ya Maendeleo ya Biashara Tanzania (Tantrade), iliweka utaratibu kuwa na mikutano maalumu kila siku katika maonesho hayo, iliyohusu sekta mbalimbali ambapo, neema ya soko la muhogo Rwanda lilitimia baada ya wakulima na wanunuzi kukutana kwenye mkutano wa Siku Maalumu ya Sekta ya Nafaka, Muhogo na Mazao Jamii ya Kunde katika maonesho hayo. Mwakilishi wa kampuni kutoka nchini Rwanda ya Kwiza Commodities inayonunua zao la muhogo, David Batty alisema kupitia mkutano huo wamepata wasambazaji watatu wa Tanzania watakaowauzia tani 35,000 za muhogo mbichi kwa mwaka na kwamba idadi itaongezeka kulingana na bidhaa zitakazopatikana.""Tunashukuru maonesho haya ya Sabasaba yamekuwa ya maana kwetu na kwa wakulima wa zao la muhogo, tumeonana ana kwa ana na kufahamu wapi tutapata bidhaa na kwa kuanzia tumekubaliana na tutaendelea kufanya mawasiliano na mawakala 10 tuliowapata leo (jana) watakaotusambazia muhogo,"" alisema. Batty alisema kampuni hiyo ya Rwanda mahitaji yake ya muhogo mbichi ni tani 75,000 hadi 150,000 kwa mwaka na kwamba zao hilo wamekuwa wakinunua Tanzania kwenye mikoa ya jirani na Rwanda.""Awali tulikuwa tunanunua muhogo mbichi kutoka mikoa jirani na Rwanda, lakini sasa tumekuja hapa na tumepata soko zaidi ambalo litatosheleza mahitaji ya kampuni yetu, sisi tutachukua muhogo kutoka kwa mawakala ambao wao watakuwa wanakusanya kutoka kwa wakulima,"" alisema Batty. Alisema mwaka jana walinunua tani 50,000 za muhogo mbichi kutoka Tanzania kwenye mikoa hiyo ya jirani na Rwanda na kwamba kampuni hiyo inazalisha bidhaa za wanga kutokana na muhogo kama unga, vyakula vya mifugo na mbolea na kiasi kinauzwa nchini Rwanda na kiwango kingine kinasafirishwa nje.",kitaifa,kitaifa,biashara,0.9639
SW5338,"Utekelezaji huo unatokana na kilio cha siku nyingi cha wananchi kuyahitaji makapi hayo ili waweze kuyachenjua na kujipatia dhahabu badala ya kurejeshwa kwenye mashimo ambako dhahabu inachimbwa. Hivi karibuni Makamu wa Rais, Samia Suluhu Hassan alipofanya ziara mkoani hapa alipatiwa kilio hicho na wananchi na ndipo akaiagiza Wizara ya Nishati na Madini kuhakikisha kuwa suala la kuwapatia wananchi na wachimbaji wadogo makapi ya dhahabu (magwangala) ya mgodi wa GGM linapatiwa ufumbuzi. Kutokana na hatua hiyo, Serikali ya Mkoa wa Geita imeshatenga eneo maalumu ambako makapi hayo yatahamishwa kutoka mgodini hapo na shughuli hiyo itaanza mwishoni mwa mwezi Februari. Hayo yalielezwa na Naibu Waziri wa Nishati na Madini, Dk Medard Kalemani baada ya kikao chake na uongozi wa mgodi wa GGM, wabunge wa mkoa wa Geita, Baraza la Taifa la Hifadhi na Usimamizi wa Mazingira (NEMC) na Ofisi ya Mkuu wa Mkoa Geita kilichofanyika hivi karibuni katika Ofisi za Ofisa Madini Mkazi wa Mkoa.""Wakati wa shughuli za uchimbaji kwenye maeneo hayo kuna mabaki ambayo hutunzwa kwa ajili ya kurudishia katika mashimo baada ya uchimbaji kukamilika katika eneo husika; lakini wananchi wanaozunguka mgodi wanayahitaji ili kuyachenjua na kupata dhahabu,"" alisema Dk Kalemani. Alisema baada ya kikao hicho GGM wameridhia wananchi wanaozunguka mgodi huo kuchukua makapi hayo baada ya kila upande (Serikali na GGM) kutekeleza majukumu waliyopangiana ambayo yanapaswa kutekelezwa hadi kufikia Januari 21, 2016. Hata hivyo, alisema kuwa kabla ya uhamishaji makapi kuanza rasmi Februari 28 mwaka huu, Serikali itatafuta eneo ambalo mabaki hayo yatahifadhiwa ili wananchi waendelee kuyafanyia kazi bila kuathiri shughuli za mgodi. Alimwagiza Ofisa Madini Mkazi wa Geita kuhakikisha kwamba hadi kufikia Januari 21, 2016 eneo liwe limepatikana. Aidha alieleza kuwa kabla ya Januari 21 mwaka huu, Serikali itaunda timu itakayoshirikiana na mgodi katika kutathmini aina ya makapi ya dhahabu yanayohitajika na wananchi kwani makapi hayo yapo ya aina nyingi.",biashara,biashara,kitaifa,0.9636
SW3116,"KATIKA kuunga mkono sera ya serikali ya kukuza viwanda sambamba na kuwawezesha wananchi kiuchumi, kampuni inayozalisha vinywaji jamii ya soda ya Watercom imetoa ajira kwa wananchi zaidi ya 3000 wanaofanya kazi ya uzalishaji na usambazaji wa bidhaa zinazozalishwa na kampuni hiyo. Aidha, pamoja na ajira hizo, kampuni hiyo pia imeviwezesha kimitaji vikundi 300 vya wajasiriamali vikiwemo 40 vya jijini Dar es Salaam ili waweze kutimiza ndoto zao za kibiashara na hivyo kujinasua kutokana na tatizo la umasikini linalozikabili familia nyingi nchini na dunia kwa ujumla. Akizungumza wakati wa uzinduzi wa vinywaji hivyo Jijini Dar es Salaam jana, Meneja Mauzo wa kampuni hiyo Shiraz Batchu, alisema ujio wa bidhaa hizo zinazozalishwa kupitia uwekezaji uliofanywa na mzawa ni hatua iliyolenga kuunga mkono juhudi za Rais John Magufuli kuanzisha na kuendeleza viwanda hapa nchini. Alisema kampuni hiyo inayojihusisha na uzalishaji wa maji aina ya afya, pamoja na kinywaji hicho imekuja na vinywaji jamii ya soda ambavyo kimsingi vyote vimelenga kunyanyua soko la ndani na nje ya nchi sambamba na kutoa ajira kwa makundi mbalimbali ya wananchi.""Kupitia viwanda vyetu mbalimbali kikiwemo kinachozalisha bidhaa hii mpya ya soda, tumeweza kutoa ajira kwa wananchi mbalimbali pamoja na kuviwezesha kiuchumi vikundi vya akina mama kwa kuvipa mitaji ambayo kimsingi imewasaidia katika kupambana na umasikini,"" alisema Batchu. Alisema kampuni hiyo inayomiliki pia kiwanda cha maziwa cha maarufu kama Dar Fresh, pamoja na kampuni ya mafuta jamii ya Petrol ya Oilcom, imekuja na kinywaji cha kusisimua misuli kiitwacho 'jembe' na Turbo ambavyo humsaidia mtumiaji kuondoa uchovu mwilini"" alisema Batchu. Aidha alisema ukiacha ajira rasmi 3000 zilizotolewa na kampuni hiyo, pia kuna ajira zingine zisizo za moja kwa moja kwa wafanyakazi 300,000 wakiwemo wauzaji na wasambazaji wa bidhaa hizo waliopo maeneo mbalimbali nchini, hatua aliyoidai kuwa kwa kiasi fulani imesaidia kutatua tatizo la ajira kwa vijana wengi nchini. Aidha aliwataka wananchi hususani vijana kuendelea kufanya kazi kwa bidii ili kuunga mkono juhudi za Rais John Magufuli za kuliletea maendeleo Taifa ili kufikia uchumi wa kati wa viwanda ifikapo 2025.",kitaifa,kitaifa,biashara,0.9618
SW5211,"KUNDI la wasanii wa uzalendo kwanza wamehimiza wananchi wa Kinondoni kujitokeza kwa wingi na kujiandikisha katika Daftari la Wapiga Kura ili kushiriki kikamilifu katika Uchaguzi Mkuu wa Serikali za Mitaa utakaofanyika Novemba 24, mwaka huu. Akizungumza jana na waandishi wa habari, Mwenyekiti wa kundi hilo, Steven Mengele 'Steve Nyerere ', alisema mchakato wa kujiandikisha katika Daftari la Kudumu la Wapiga Kura unatarajiwa kuanza Oktoba 8-14, mwaka huu. Alisema wakazi wa Kinondoni wawe mfano kwa kuhakikisha wanajitokeza kwa wingi na kupata fursa ya kuwachagua viongozi wanaowataka wenye sifa zinazotakiwa na dhamira ya kweli kwa vijana. ""Leo tumekabidhiwa kanuni na sheria za uchaguzi kuhamasisha jamii ya Kinondoni kujiandikisha Daftari la Wapiga Kura na kushiriki uchaguzi, wanawake, vijana na wazee tujitokeze ili kuwa mfano mzuri kwa kujaza daftari, tuna ahidi kufanya kazi kwa weledi kwa kuwatoa pangoni waliojificha,"" alisema. Mengele aliyekuwa na kundi kubwa la wasanii wa muziki wa dansi, maigizo na bongo muvi na kizazi kipya, alisema taasisi yao itakuwa inaelimisha jamii ya manispaa hiyo kujiandikisha kwa kutumia burudani, lengo likiwa ni kuelimisha watu kushiriki kwa wingi katika uchaguzi. Kwa upande wake, Katibu Msaidizi ambaye pia ni kiongozi wa bendi ya muziki wa dansi ya Twanga Pepeta, Luiza Mbutu, alisema wao kama wana uzalendo wako tayari kuhamasisha kujiandikisha na kushiriki uchaguzi kupitia wimbo maalum watakaotunga.",michezo,michezo,kitaifa,0.9549
SW1244,"SERIKALI imeeleza mpango wake wa kusukuma mbele viwanda na kufanya biashara nchini kwa kuhakikisha inatekeleza mfumo rafi ki wa uwekezaji na ufanyaji biashara nchini. Imesema katika kuendeleza ujenzi wa uchumi wa viwanda serikali itaendelea kuweka vivutio na kufanya maboresho katika maeneo kadha yanayoleta vikwazo ili sekta binafsi ishiriki kikamilifu katika ujenzi wa uchumi. ""Pamoja na kuweka mazingira rafiki ya uwekezaji katika viwanda na biashara, utekelezaji wa Blue Print utakuwa tiba ya changamoto zinazotatiza sekta binafsi,"" alisema Waziri wa Viwanda na Biashara Joseph Kakunda wakati akiwasilisha bajeti ya wizara yake Bungeni jana. Alisema sekta binafsi ni injini ya kujenga uchumi wa viwanda hivyo serikali itafanya kila linalowezekana kuhakikisha sekta hiyo inashiriki kikamilifu ujenzi wa uchumi. Alisema lengo ni kushawishi ujenzi wa viwanda vitakavyo ongeza thamani ya mazao yanayozalishwa nchini ili kuondokana na uuzaji wa malighafi nje ya nchi. Aidha, kwa msukumo wa sasa wa serikali, inatarajiwa kwamba sekta binafsi itajenga viwanda vinavyotoa ajira kwa wananchi kwa wingi na vile vinavyozalisha bidhaa zinazotumiwa na Watanzania walio wengi. Pia, serikali imesema itaimarisha taasisi zake za viwango na mfumo wa stakabadhi ghalani katika manununuzi, vituo maalumu vya mauzo ili kuwa chachu ya ulinzi wa viwanda na mlaji. Imesema itaboresha mifumo ya usajili wa biashara na leseni kutoka Brela na pia halmashauri kwa kuhakikisha inatoa mafunzo ya Tehama ili kumudu mfumo wa Dirisha la Taifa la Biashara (NBP) ambao ndio unaotoa leseni za biashara. Kakunda alisema kwa mwaka 2019/2020 serikali itaendelea na miradi ya kimkakati, urasimishaji wa viwanda na biashara ndogo na za kati, uongezaji thamani ya mazao ya kilimo na malighafi na kuunganisha masoko. Alisema ni lengo la serikali kufanya tathmini ya hali halisi ya uzalishaji na mahitaji ya bidhaa viwandani katika viwanda vya sukari, korosho, mafuta ya kula chuma, ngozi nguo na dawa za binadamu.",kitaifa,kitaifa,biashara,0.9527
SW2790,". Mahakama nchini Afrika Kusini imetoa hati ya kukamatwa kwa Rais Mstaafu wa nchi hiyo, Jacob Zuma kutokana na kutofika mahakamani katika kesi ya rushwa inayomkabili. Rais Zuma alitarajiwa kufika mbele ya Mahakama Kuu ya Pietermaritizburg, lakini hakutokea. Amedai kwamba asingeweza kufika kwa sababu ni mgonjwa, na kuna taarifa kuwa yupo nchini Cuba kwa ajili ya matibabu, lakini haijaelezwa anasumbuliwa na tatizo gani. Zuma anatuhumiwa kupokea rushwa kutoka kampuni ya vifaa vya kijeshi ya Ufaransa, Thales, kupitia kwa mshauri wake wa masuala ya kifedha, Schabir Shaik ambaye alitiwa hatiani kwa makosa ya wizi na rushwa mwaka 2005.",kimataifa,kimataifa,kitaifa,0.9522
SW2077,"MKURUGENZI Mtendaji wa Benki ya Mendeleo ya Kilimo Tanzania (TADB), Japhet Justine ametoa mwito kwa vyama vya ushirika katika zao la korosho, kuwekeza kwenye viwanda vya kubangua korosho ili kuongeza thamani na kupata bei nzuri sokoni. Ametoa mwito huo alipofanya ziara ya Operesheni ya Korosho wilayani Tunduru mkoani Ruvuma, kujionea hali ya zao la korosho lilivyo na kufanya ukaguzi wa awali kwa ajili ya malipo ya zao hilo, pia kutazama uwezo wa viwanda vya kubangua korosho kama inajitosheleza.""TADB ipo tayari kutoa mkopo kwa vikundi ushirika kuanzisha viwanda vya kubangua korosho nchini ili kuongeza thamani zao hilo ili liwe na soko zuri duniani, lengo kubwa ni kumhakikishia mkulima soko la korosho yake,"" alisema Justine. Aliongeza kuwa jambo kubwa ni utayari wa wana ushirika katika kuandaa mpango wa biashara, utakaoongeza thamani ya zao hilo kwa kujenga maghala, viwanda vya kubangua korosho ili faida iliyokuwa ikipotea kwa kuuza korosho ghafi iweze kubaki kwa mkulima.""Uwezo wa kuanzisha viwanda hivi upo kwa Shirika la Kuhudumia Maendeleo Viwanda Vidogo (SIDO) lina teknolojia na wataalamu wanaoweza kusimamia ujenzi wa kiwanda cha kubangua na kuweka kwenye vifungasho,"" alieleza Justine. Alisema kinachotakiwa ni vyama vya ushirika kuunda kampuni ambayo wao watakuwa wanahisa na TADB itatoa mkopo wa kuweza ujenzi wa viwanda hivi, lengo likiwa kumuondolea mkulima changamoto ya kukosa soko ya korosho ghafi.""Serikali ya awamu ya tano chini ya Rais John Magufuli inalenga kumsaidia zaidi mtu wa hali ya chini akiwemo mkulima na kama benki imejipanga kutekeleza azma hiyo serikali ya kuwaondolea changamoto wakulima katika maeneo mbalimbali hapa nchini. Alisema nchi ina uwezo wa kuzalisha korosho kuanzia tani 200,000 na kuendelea hivyo, kama juhudi za kuziongezea thamani zitafanya soko kuimarika na kuongeza hamasa kwa wakulima kulima zaidi korosho nchi. Justine alisema vyama vya ushirika na wawekezaji nchini waiangalie hiyo fursa ya kuanzisha kiwanda cha kubangua korosho, kitakachosaidia kuongea thamani zao hilo ambalo lina soko zuri duniani.""TADB itaendelea kutoa ushirikiano kwa wakulima kwa kutoa mikopo ya pembejeo na dhana za kilimo ili kuweza kukuza uzalishaji wa korosho hapa nchini,"" alisema. Alisema kuwa benki yake ipo katika kuchagiza maendeleo ya sekta ya kilimo hapa nchini. Alisema utekelezaji wa Mpango wa Awamu ya Pili wa Maendeleo ya Kilimo (ASDP- II), unategemea ushiriki wa wadau wote kutoka sekta za binafsi na umma, hivyo TADB ni miongoni mwa wadau katika kufanikisha utekelezaji wake. Mapema Juni mwaka huu, Rais Magufuli alizindua ASPD-11 lengo likiwa ni kuongeza uzalishaji zaidi utakaofanikisha ujenzi wa uchumi wa kati na viwanda ifikapo mwaka 2025.",kitaifa,kitaifa,biashara,0.9507
SW5907,"TAJIRI namba moja nchini China ambaye pia ni mwanzilishi mwenza na mmiliki wa kampuni ya kimataifa ya Ali Baba, Jack Ma (54), amewaeleza wafanyakazi wake kuwa, wanapaswa kufanya tendo la ndoa mara sita katika siku sita za wiki na pia wazingatie muda watakaotumia kufanya tendo hilo. Bilionea Ma amewaeleza wafanyakazi hao kuwa, wapaswa kukutana kimwili wakizingatia kanuni ya 669 ikiwa na maana ya kufanya tendo la ndoa mara sita, siku sita za wiki na kuzingatia muda wa kufanya tendo hilo. Ameyasema hayo kwenye makao makuu ya kampuni hiyo, Hangzhou wakati wa harusi ya pamoja ya wafanyakazi wa kampuni ya Ali Baba huku akisisitiza kwamba, kanuni ya '669' itawasaidia kuboresha utendaji wao kazini. Hivi karibuni, Ma alitoa kanuni nyingine iitwayo '996' inayowataka wafanyakazi wa Ali Baba wafanye kazi kuanzia saa tatu asubuhi hadi saa tatu usiku kwa siku sita za wiki. Ma amesema, kanuni ya 996 ni baraka kubwa kwa wafanyakazi vijana.""Kazini tunasisitiza ari ya '996', kwenye maisha tuzingatie 669, 669 ni nini? Siku sita, mara sita, na muhimu zaidi ni muda wa kufanya tendo hilo"" amesema Ma. Bilionea huyo pia ametoa mwito kwa wanandoa hao wapya wapate watoto.""KPI ya kwanza ya ndoa (kipimo cha ufanisi kwenye ndoa) ni matokeo, lazima kuwe na mazao, mazao ni nini? Pata watoto"" amesema Ma. Ma ni mwalimu wa zamani wa somo la kingereza, na 1999 alishirikiana na wenzake kuanzisha kampuni ya mtandaoni ya Ali Baba iliyomuwezesha kuwa mtu tajiri zaidi nchini China.",kimataifa,kimataifa,kitaifa,0.9496
SW3016,"Waziri Mkuu Majaliwa alisema kwa sasa serikali imejipanga katika msimu huu wa kilimo mazao yote ya biashara kuuzwa kupitia vyama vya ushirika. Kutokana na hilo, amewaagiza wakuu wa mikoa na wilaya kuhakikisha vyama hivyo vinakuwa na viongozi waadilifu na waaminifu.""Wakuu wa mikoa hakikisheni vyama vya ushirika vinakuwa na watu makini, simamieni ushirika ili uwanufaishe wananchi,"" alisema na kuongeza kuwa hatua ya kuuza mazao kupitia vyama vya ushirika itasaidia wakulima kutolaliwa na wafanyabiashara pindi watakapotaka kununua kwa bei ndogo. Aidha, ameitaka jamii kujenga utamaduni wa kuhifadhi chakula katika ngazi ya kaya. Alisema serikali imedhamiria kwa dhati kuongeza uwezo wa uhifadhi wa chakula kuweza kufikia tani laki 700,000 ifikapo mwaka 2025. Pia aliwataka wananchi kutumia fursa ya mvua zinazonyesha kulima mazao mengi. Akizungumza kwa niaba ya Kamati ya Kudumu ya Bunge ya Kilimo, Mifugo na Maji, Mwenyekiti wa kamati hiyo, Mahmoud Mgimwa aliitaka serikali kuiangalia kipekee Wakala wa Taifa wa Hifadhi ya Chakula (NFRA). Mgimwa alisema kama serikali haitaongeza fedha, maghala na vihenge vinavyojengwa havitakuwa na tija. Alisema ujenzi huo utakuwa na tija kama fedha zilizoombwa na NFRA katika bajeti yake zitatolewa. Mwenyekiti huyo alisema katika mwaka wa fedha 2018/19, Wakala huo umeomba kiasi cha Sh bilioni 86 kwa ajili ya utekelezaji wa majukumu yake ikiwemo kununua mazao ya wakulima. Waziri wa Kilimo, Dk Charles Tizeba alisema changamoto wanazokutana nazo ni pamoja na katika msimu wa mvua waliingia panya na wadudu aina ya viwavijeshi ambao alidai wamekuwa wakila mazao ya wakulima. Alisema wamejipanga kukabiliana nao kwa kuwataka wakurugenzi kutoa taarifa pindi wanapoona panya hao kwa wizara yake ili dawa ya kuwazuia itumwe. Kaimu Mtendaji wa NFRA, Vumilia Zikankuba alisema mradi huo utatekelezwa katika maeneo nane ya wakala ambayo ni Songea, Makambako, Mbozi, Sumbawanga, Mpanda, Shinyanga, Dodoma na Babati. Zikankuba alisema NFRA inamiliki maghala ya kuhifadhi nafaka 34 yenye uwezo wa kuhifadhi tani 251,000. Alisema uwezo huo wa sasa hautoshelezi mahitaji ya dharura ya chakula kwa mfululizo wa miezi mitatu kwa akiba isiyopungua tani 700,000, hivyo kuwapo uhitaji wa kuongeza uwezo wa kuhifadhi.",biashara,biashara,kitaifa,0.9376
SW4525,"MWAKA jana, Mkurugenzi Mtendaji wa Mamlaka ya Usimamizi wa Bandari Tanzania (TPA), Deusdedit Kakoko, alifanya mahojiano na gazeti hili na kusema kwamba kimsingi majukumu makubwa ya mamlaka hiyo yanatokana na sheria ya Bunge iliyoanzisha TPA. Alisema sheria hiyo namba 17 ya mwaka 2004 inasema kwamba kazi za TPA ni kuhakikisha inajenga, kuendeleza na kusimamia bandari zote nchini. Akijibu swali la Bandari ni nini, Kakoko alisema eneo lolote lile ambalo chombo cha majini, hata kama ni mtumbwi, kinakwenda, inaweza kuwa kwa madhumuni ya kufanya biashara, kubeba abiria au kwa sababu ya kujihifadhi dhidi ya upepo mkali, kipindi chote ambacho chombo hicho kitakuwa kimesimama mahala hapo, kwa mujibu wa sheria, eneo hilo ni bandari.""Hivyo, Mamlaka ya Usimamizi wa Bandari Tanzania inaangalia mahali kokote ambako vyombo vya majini vinakwenda na kusimama kwa ajili ya biashara au shughuli nyingine,"" alisema. Alisema baadhi ya watu hawana uelewa wanapoamua kuanzisha bandari bila kujua kwamba kwa mujibu wa sheria kila bandari lazima iwe chini ya usimamizi wa TPA.""Ndio maana unasikia maneno kama bandari haramu, bandari bubu, bandari zisizo rasmi au bandari binafsi kwa sababu watu wanaanzisha bandari bila kujua sheria zinasemaje huku wakitaka kuendelea na hizo bandari,"" alisema. Alisema kwamba wakati mwingine wanaoanzisha bandari hizi zisizo rasmi ni taasisi za umma lakini nao unakuta hawana uelewa kuhusu sheria inasema nini kuhusu bandari. Akasisitiza kwamba moja ya jukumu la TPA ni kujenga na kuendeleza bandari kwenye eneo la bahari nchini kuanzia eneo la kaskazini ambako Tanzania inapakana na Kenya hadi kusini inakopakana na Msumbuji. Pia kwenye maziwa yote hasa yale ya Ziwa Victoria, Tanganyika, Nyasa na kwenye mito.""Hivyo utaona kwamba bandari inaweza kuwa tayari imeendelezwa au imejengwa na TPA, lakini inaweza ikawa haijajengwa na kuendelezwa na TPA pia,"" alisema. Mkurugenzi huyo Mkuu alisema kazi nyingine ya TPA ni kushirikiana na taasisi zingine za umma au sekta binafsi kuendeleza bandari nchini. ""Pamoja na kujenga na kufanya matengenezo au kushirikiana na wawekezaji wengine, TPA tuna kazi pia ya kuendesha shughuli za kibandari. Yaani, bila kupitia kwa mtu mwingine, tunapokea meli, tunazileta bandarini, tunazifunga, tunaanza kupakia mizigo au kupakua pamoja na kutunza shehena tukisaidiana na wadau wengine,"" alisema. Hivi karibuni, gazeti hili lilifanya mazungumzo na Meneja wa Bandari za Ziwa Victoria, Morris Mchindiuza, akiwa ofisini kwake jijini Mwanza, ambapo anasema moja ya changamoto wanazokutana nazo ni ziwa hilo kuwa utitiri wa bandari bnafsi. Meneja huyo anasema ziwa hilo katika fukwe zake hadi visiwani, kwa upande wa Tanzania kuna bandari zisizo rasmi zaidi ya 300. ""Licha ya sheria kueleza waziwazi kwamba TPA ndio pekee yenye mamlaka ya kusimamia bandari, lakini kumekuwa na changamoto kidogo kwa baadhi ya halmashauri kuelewa na kusaidia TPA katika kutekeleza sheria hii ya Bunge (17/2004),"" anasema. Anasema katika kupambana na tatizo hilo wamekuwa wakitoa elimu kwani baadhi ya watu hawana kabisa uelewa huo. ""Tulianza kufanya mikutano na wakuu wote wa mikoa mitano inayozunguka Ziwa Victoria (Mara, Mwanza, Kagera, Simiyu na Geita), kwa kuwaeleza juu ya hii sheria na pia tumekutana na wakuu wa wilaya zote ambazo ziko pembezani mwa Ziwa pamoja na wakurugenzi wa halamshauri zote,"" anasema. Mchindiuza anasema bado",biashara,biashara,kitaifa,0.9268
SW2037,"Nchemba aliyasema hayo mwishoni mwa wiki bungeni mjini hapa wakati akijibu hoja mbalimbali za wabunge zilizotolewa katika mjadala wa hotuba ya bajeti ya Ofisi ya Waziri Mkuu na Tamisemi kwa mwaka wa fedha 2015/16. Akijibu hoja hizo, ambazo nyingi zilitolewa na wabunge wa vyama vya upinzani wakisema serikali haijafanya chochote katika miradi ya maendeleo bali kilichoongezeka ni deni ya taifa, Nchemba alisema hata kama TRA na Halmashauri zote nchini zingekusanya mapato kwa asilimia 100, zingefikia asilimia 62 ya bajeti.""Kwanza watu wanaotazama bunge hili huko nje wakiwasikia hawa wanaosema serikali haijafanya chochote watawashangaa, wengi wanalalamika deni la taifa limeongezeka, ila miradi ya maendeleo iliyofanywa hawaioni..."",alisema Nchemba. Alifafanua, ikiwa TRA pekee ingekusanya mapato kwa asilimia 100 fedha hizo zingekuwa ni asilimia 57 ya bajeti na kwamba kama rais angeamua asikope taifa lingekuwa wapi hivi leo, hakuna nchi iliyotulazimisha kukopa,ila hiyo asilimia inayobaki ya bajeti ni lazima ipatikane kwa wahisani,"" alisema Nchemba. Na kuwashangaa wabunge wa upinzani ambao wamekuwa wakibeza miradi mbalimbali na kusema kama wanapenda miradi iliyofanywa ni lazima wapende na deni lililopo.""Hivi unalipendaji jengo la bunge tunalokaa humu ndani ambalo tumelijenga kwa mkopo halafu usiupende mkopo wenyewe, utakipendaje Chuo Kikuu cha UDOM, kilichojengwa kwa mkopo alafu usipende deni lake"", hivyo hivyo kwa miradi ya barabara, umapita kwenye barabara nzuri halafu hampendi madeni yake,"" alihoji Nchemba. Na kusema miradi ipatayo 360 iliyotekelezwa nchini imekamilika na mingine iko kwenye hatua za mwisho kutokana na fedha za mikopo kutoka kwa wahisani wa maendeleo, na kwamba hata reli ambayo inagharimu Sh trilioni 15 ni fedha za mkopo.""Ni vyema tukatimiza wajibu wetu, na ni heri aliyechoka kwa kufanya kazi kuliko yule mvivu aliyechoka kwa kutotambua kazi zilizofanywa,"" alisisitiza Nchemba. Na kusema deni la nchi lililofikia takribani Trilioni 30, Nchemba alisema bado linalipika kwani kuna viashiria vyote vinavyoonesha ulipikaji wake na kwamba nchi haiwezi kuendelea bila kuwa na mikopo.""Tumekopa nchi mbalimbali, India, China, Japan na nchi nyingine na fedha zimetumika kwenye miradi ya maendeleo na leo mmeona mafanikio yake , kuna mtandao wa barabara za lami ambao umerahisisha usafiri kwa wananchi na kuokoa muda.",biashara,biashara,kitaifa,0.9207
SW991,"Wamesema hatua hiyo ya serikali imeonesha namna serikali ya Chama Cha Mapinduzi (CCM) ilivyo sikivu kwa wananchi inaowaongoza na ndiyo sababu ikawasikia na kukijali kilio chao. Viongozi wa waendesha boda boda hao, walitoa pongezi hizo katika kikao chao na Mwenyekiti wa Jumuiya ya Vijana wa CCM (UVCCM) Aman Kajuna aliyekutana nao ili kujua mapendekezo yao juu ya kero zinazowakabili katika utekelezaji wa majukumu yao. Viongozi hao waliotokea katika wilaya mbalimbali za mkoani hapa, ikiwemo Mbeya Mjini na Mbeya Vijijini, Chunya na Rungwe waliwapongeza pia wanahabari nchini wakisema walikuwa kiunganishi kizuri kati yao na serikali wakati wakitoa kilio cha kubadili namba za usajiri. ""Katika mafanikio ya jambo hili hatuwezi kuwaacha wenzetu wanahabari. Walikuwa kiunganishi baina yetu na viongozi wa serikali. Tunaamini wao wamewezesha kwa kiasi kikubwa kuwepo kwa maafikiano mazuri juu ya jambo hili,"" alisema mmoja wa viongozi hao, Paul Christophe kutoka Mbeya. Kwa upande wake Noah Mwakajebele kutoka Tukuyu wilayani Rungwe, alishauri maofisa wa Mamlaka ya Mapato (TRA) kuutumia muda ulioongezwa kupita katika kanda za bodaboda na kutoa elimu juu ya ubadilishwaji wa namba za usajili za pikipiki sambamba na kushauriana juu ya kero zinazoleta mkanganyiko juu ya shughuli hiyo.",biashara,biashara,kitaifa,0.9198
SW2712,"Mtoto wa umri wa miaka mitano nchini Urusi amepata gari aina ya Mercedes Benz baada ya kushinda shindano la kupiga push-up 3200 kwa wakati mmoja. Mtoto huyo Rakhim Kurayev ambaye pia anafahamika kwa jina la 'Schwarzenegger wa miaka mitano' alipiga push-up hizo kwa muda wa saa 2 na dakika 22. Kurayev anaripotiwa kuvunja rekodi sita za dunia za mchezo huo kwa nyakati tofauti. Amepewa gari hilo pamoja na mafasi ya kwenda duka lolote la ma-toy ya watoto na kuchukua chochote anachotaka. Mmoja wa majaji wa shindano hilo Ramzan Kadyrov ameeleza kuwa Kurayev alifanya push-up 1000 kwa muda wa dakika 40 na sekunde 57, push-up 2000 kwa saa moja na sekunde 47 Pia alifanya nyingine 1419 kwa saa moja, huku 2559 akizifanya kwa saa mbili.",kimataifa,kimataifa,michezo,0.9185
SW1638,"Alisema asilimia 81 ya mabomba yameshawasili eneo la mradi kutoka China. Idadi ya mabomba inayohitajika ni 440 hali ambayo alisema inamfariji kuwa mradi huo utakamilika kwa wakati. Aliongeza kuwa mabomba zaidi ya nusu (kilometa 265 ) yameshaunganishwa kati ya kilometa 542 ambazo ndio umbali wa Mtwara hadi Dar es Salaam. Mtaro ambao umechimbwa hadi sasa ni kilometa 114 kazi ambayo Pinda alisema inaendelea vizuri na inasimamiwa na wataalamu wazuri kutoka Afrika Kusini na nchini. Kuhusu ubora wa mabomba, Pinda alihakikishiwa na mtaalamu mwelekezi anayesimamia mradi huo kuwa yana ubora wa hali ya juu.""Hili la ubora linatuhakikishia tusiwe na wasiwasi, kwani hawa wataalamu wamekwenda hadi China, kukagua utengenezaji wa mabomba haya na kuridhika na ubora wao,"" alisema Pinda. Aliongeza kuwa uhai wa mabomba hayo chini ya ardhi ni miaka 30, na yakifanyiwa matengenezo yana uwezo wa kudumu miaka 50 hadi 70. Jambo ambalo linaonesha mradi utadumu kwa miaka mingi. Awali akimpa maelezo Waziri Mkuu, Mhandisi wa Shirika la Maendeleo ya Petroli Tanzania (TPDC), Baltazar Mroso alisema kati ya kazi zinazofanywa ni kuweka zege kwenye mabomba yatakayotandazwa baharini umbali wa kilometa 25. Alisema asilimia 85 ya kazi ya kutandaza mabomba inafanywa na Watanzania, hivyo mradi umesaidia kuongeza ajira nchini. Pinda alikagua kiwanda cha kusiliba mabomba baharini na ya maeneo ya ardhi oevu kwa saruji, alitembelea maeneo wanayochimba mtaro wa mabomba, alikagua eneo linapoibukia bomba la baharini litokalo Songosongo na sehemu mabomba yanakopindwa.",biashara,biashara,kitaifa,0.9185
SW5833,"Akizungumza jana katika viwanja vya Maonesho vya Sabasaba, Ofisa Vipimo wa WMA, Rehema Michael alisema wameanza kutoa elimu kwa umma jinsi ya kubaini wizi huo pamoja na kuwanasa wahusika. Alisema ni kwa muda mrefu wananchi hasa wanunuzi wa mbao wamekuwa wakiibiwa kutokana na baadhi ya wafanyabiashara kuchezesha futi kamba. Alisema wamebaini wizi wa wafanyabiashara wengi wanaotumia futi kamba hivyo inatakiwa kukomesha tabia hiyo kwa kuwanasa wote wanaojihusisha kwa kufanya ukaguzi wa kushtukiza. Mwanasheria wa WMA, Tenes Rwiza alisema wapo kwenye mchakato wa kubadilisha sheria za vipimo kwa kuwa zilizopo zimepitwa na wakati. Alisema makosa ya kuchezea vipimo yamekuwa yakiongezeka siku hadi siku hivyo ni vyema wakabadili sheria ili kukomesha vitendo hivyo. Tenes alisema sheria iliyopo sasa imetungwa mwaka 1982 hadi 2002 hivyo ni vyema ikafanyiwa mabadiliko ili kwenda na wakati. Alisema pia WMA wameamua kupanua wigo kwa kuanza ukaguzi katika upande wa afya, mazingira na usalama.""Tumeona mahitaji ya wananchi katika sekta hiyo ni makubwa hivyo umepokea maombi katika sekta tofauti ya uhakiki,"" alisema Tenes.",biashara,biashara,kitaifa,0.9126
SW3145,"WAKATI jana tukishuhudia Liverpool ikiifunga Arsenal bao 3-1 kwenye mechi ya Ligi Kuu ya England, DStv Tanzania imeona vyema ikapunguza vifurushi ili watanzania waweze kufurahia burudani ya soka la Ulaya. Hivyo kampuni hiyo ambayo ina haki za kurusha matangazo ya mechi za Ulaya mubashara imethibitisha rasmi kupunguza kwa kiasi kikubwa ada ya mwezi ya vifurushi vyake kuanzia Septemba Mosi, 2019Mabadiliko hayo yanakuja muda mfupi tu baada ya kuanza kwa msimu wa soka ambapo ligi kubwa maarufu diniani zimeanza hivyo kuwawezesha wateja wa DStv kushuhudia ligi hizo kwa bei nafuu sana. Akithibisha punguzo hilo la bei, Mkurugenzi Mtendaji wa MultiChoice Tanzania Jacqueline Woiso amesema kuwa muda wote wamekuwa wakisikiliza maoni ya wateja wao na moja ya mambo watejawaliyoshauri ni kupunguzwa kwa bei za vifurushi.""Wateja ndiyo moyo wa biashara yetu na muda wote tunawasikiliza na kutekeleza maoni yao pale inapowezekana. Kwa msingi huu, tumeamua kupunguza bei ili wateja wetu waendelee kufurahia burudani kabambe kwa bei nafuu zaidi,"" alisema Jacqueline. Amezitaja bei hizo mpya kuwa kifurushi cha DStv Premium kutakuwa na punguzo la Sh 40,000 kutoka bei ya sasa ya Sh 169,000 hadi 129,000; Kifurushi cha DStv Compact+ punguzo la Sh 25,000 kutoka 109,000 hadi 84,000; Kifurushi cha DStv Compact punguzo la Sh 25,000 kutoka 69,000 hadi 44,000; na kifurushi cha DStv Family punguzo la Sh 10,000 kutoka 39,000 hadi 29,000. Kuhusu vifurushi maalum, Jacqueline amesema kifurushi chenye nyongeza maalum ya chaneli za Asia- DStv Premium+Asia Addon kitapungua kwa shilingi 40,000 kutoka 220,050 hadi 170,050 wakati kile chenye chaneli za ziada za Kifaransa DStv Premium+French addon nacho pia kitapungua kwa 40,000 kutoka 259,000 hadi 2019,000. Mkurugenzi huyo amewahakikishia wateja wa DStv kuwa kushuka huko kwa bei hakutasababisha mabadiliko wa chaneli katika vifurushi hivyo mteja ataendelea kupata chaneli zile zile alizokuwa akipata awali ila sasa atakuwa analipa bei ndogo zaidi.",michezo,michezo,biashara,0.9081
SW1947,"MIONGONI mwa mazao yanayotoa mafuta ambayo yanalimwa nchini ni ufuta na karanga. Jitihada kubwa zikifanyika katika kukuza uzalishaji wa mazao hayo, uchumi wa wakulima na taifa kwa jumla utaimarika. Mbali na kuboresha uchumi, Tanzania pia itapunguza matumizi ya fedha za kigeni kuagiza mafuta ya kula kutoka nje ya nchi. Hii ni kwa kuwa kwa sasa, uzalishaji wa mazao hayo kwa ajili ya kupata mafuta ya kula bado ni mdogo ikilinganishwa na mahitaji. Sambamba na hilo, uzalishaji wa mazao hayo ukiwa mkubwa, utavutia pia uwekezaji zaidi wa viwanda vya kukamua mafuta ya mazao hayo na hivyo, kuzalisha pia ajira kwa Watanzania na hasa katika zama hizi nchi inapojielekeza katika uchumi wa kati unaotegemea viwanda. Hayo yamebainika hivi karibuni wakati wa mafunzo ya siku nne kwa waandishi wa habari kutoka vyombo mbalimbali nchini walio katika mikoa ya Lindi na Mtwara pamoja na watafiti. Mafunzo hayo yaliYOfanyika mkoani Mtwara yaliyoandaliwa na Tume ya Taifa ya Sayansi na Teknolojia (Costech) yakilenga kuwajengea uwezo waandishi hao ili kutoa taarifa sahihi kwa wananchi, zikiwemo zinazohusu matumizi ya sayansi na teknokojia katika kilimo. Mtafiti wa mazao yanayotoa mafuta kutoka Taasisi ya Utafiti wa Kilimo Tanzania (TARI) katika Kituo cha Naliendele, Joseph Nzunda, anasema, Tanzania inatumia zaidi ya Sh bilioni 400 mpaka 600 kwa mwaka kuagiza mafuta nje ya nchi. Kwa kuagiza kiasi hicho cha mafuta, anasema maana yake pia ni kusafirisha ajira za Watanzania (wakulima) kwenda nje. Anasema takribani asilimia 70 ya mafuta ya kula inaagizwa nje kutokana na uzalishaji wa ndani kuwa mdogo. ""Kwa sasa nchi inazalisha tani 180,000 za mafuta huku mahitaji yakiwa ni tani 400,000. Kwa mantiki hiyo, nawahamasisha sana wakulima nchini kuzalisha kwa wingi mazao yanayotoa mafuta,"" anasema. ""Kwa kuwa mbegu bora za mazao haya tunazo, tunahamasisha wakulima wazitumie kwa wingi ili kufikia kiwango kikubwa cha uzalishaji wa mafuta na hivyo tuweze kujitosheleza kwa mafuta katika nchi yetu,"" anasema Nzunda na kuongeza kwamba, taasisi yake (Tari) inawathibitishia wananchi kwamba, mbegu zilizopo ni bora. Kwa mujibu wa mtafiti huyo, Tanzania ni nchi ya kwanza kwa uzalishaji wa ufuta duniani na kwa upande wa karanga anasema katika Afrika Tanzania ni nchi ya pili ikiwa ni miongoni mwa nchi 10 bora katika kuzalisha zao hilo. Anatoa takwimu zinazoonesha kwamba, Tanzania huzashalisha tani milioni 1.2 za ufuta na karanga tani milioni 1.8. Kaimu Mkurugenzi wa Costech, Dk Msangi Bakari anawataka wandishi wa habari kushirikiana na watafiti na kisha, kutoa taarifa sahihi kwa wananchi mintarafu wanavyopaswa kufanya kilimo cha kisasa na hatimaye, kuleta mapinduzi yenye tija katika sekta ya kilimo nchini. ""Baada ya kutafiti tunatakiwa kufikisha taarifa au elimu hii kwa wananchi wajue kilichofanyika. Mwisho wa siku, tunataka kuona matokeo chanya ya utafiti uliofanyika kwa hiyo tunategemea baada ya mafunzo haya waandishi mtakuwa sehemu ya mchango mkubwa katika shughuli hizi kwa kushirikiana na watafiti wetu,"" anasema Msangi. Mwandishi Shabani Mkumba kutoka kituo cha radio cha Newala FM kilichopo wilayani Newala mkoani Mtwara, anaipongeza Costech kwa kuwapa mafunzo waandishi wa mikoa ya Kusini kuhusu umuhimu wa kuandika habari za kisayansi zenye tija kwa taifa. Anasema mafunzo hayo yamemzindua na kwamba sasa atakuwa mfuatiliaji mkubwa wa taarifa za tafiti mbalimbali kwa ufanisi zaidi ikilinganishwa na hapo awali kabla ya kushiriki mafunzo hayo. ""Mafunzo hayo yana umuhimu mkubwa kwetu wanahabari. Kwanza, yametuwekea ukaribu kati yetu na watafiti na kwamba sote tunahitajiana. Kwamba mtafiti akishagundua kitu chenye umuhimu kwa jamii anatutegemea sisi tufikishae taarifa hizo kwa walengwa. Ukaribu huu utatusaidia kuleta ufanisi wa kiutendaji baina yetu na mkulima ambaye ndiye atanufaika zaidi,"" anasema Mkumba. Mkulima wa ufuta kutoka Kijiji cha Chikonji mkoani Lindi, Hamisi Omari katika mazungumzo na mwandishi wa makala haya, anasema anazo taarifa za uwepo wa mbegu bora za zao hilo na kwamba, yupo mbioni kupanua kilimo chake. ""Serikali imekuwa ikitupatia elimu na hamasa ili kuboresha kilimo chetu na kwa kweli, kila mara inatuboreshea mazingira ili tuweze kulima kilimo kitakachotupa mavuno kwa wingi. Ni wajibu wetu kutumia hii fursa kwa tija,"" anasema. Omari anayeahidi kupanua kilimo cha ufuta, anaongeza: ""Tunaona jitihada mbalimbali za serikali za kutuboreshea na kutupatia mbegu bora kwenye kilimo chetu hasa hiki cha utufa na hii itatuwezesha kupata mavuno mengi kwa muda mfupi."" Mkulima mwingine wa ufuta kutoka Kijiji cha Jangwani mkoani humo, Somoe Abdallah, anasema amekuwa akilima na kupata faida kadri uzalishaji ulivyo kwa sasa. Anakiri kwamba, soko siyo tatizo kubwa, lakini wakati mwingine kikwazo ni vitendea kazi vinavyoweza kuwasaidia kulima eneo kubwa. ""Mwenyezi Mungu ametujaalia kuwa na ardhi yenye rutuba nzuri, lakini nikiri tu kwamba, hatuelekezi nguvu nyingi kwenye mazao haya. Kama tukifanya hivyo naamini tutaongeza kipato na kama unavyosema tutaipunguzia gharama serikali kuagiza mafuta nje ya nchi,"" anasema Abdallah.",kitaifa,kitaifa,biashara,0.8893
SW873,"KATIBU Mkuu wa Wizara ya Mifugo, Profesa Elisante ole Gabriel amezitaka taasisi za fedha nchini kuchangamkia soko la usindikaji wa maziwa linalohitaji uwekezaji wa kimkakati kutokana na kiasi kidogo cha maziwa kusindikwa. Gabriel ametoa rai hiyo katika kongamano la 10 la Wiki ya Maziwa kitaifa nchini. Alisema kiwango cha maziwa kwa mwaka ni lita bilioni 2.7 wakati kiwango cha maziwa kinachosindikwa ni lita milioni 56 hatua inayomnyima mapato mazuri mfugaji nchini. ""Nitoe mwito kwa taasisi za fedha kuchukua fursa hii muhimu kwa kuwekeza kwa nguvu kwenye mnyororo wa thamani ili kuyapa thamani maziwa yetu. Ipo fursa kubwa ambayo itawasaidia wafugaji na taasisi zenu kupata faidi,"" alisema Gabriel. Kongamano hilo la wadau kutoka mikoa mbalimbali nje ya nchi linajadili namna ya kuongeza uzalishaji bora wa maziwa nchini. Pia linajadili kukabiliana na changamoto za upatikanaji mbegu bora za uhamilishaji, malisho ya mifugo, masoko ya maziwa na uhaba wa viwanda vya usindikaji wa maziwa nchini. Mwenyekiti wa Bodi ya Maziwa nchini, Lucas Malunde alisema viwanda zaidi vinahitajika kuongeza kiwango cha maziwa yaliyosindikwa kumpa faida mfugaji na mtumiaji wa maziwa. Alisema kiwango cha matumizi ya maziwa kwa mtu mmoja hapa nchini kipo chini kiasi cha lita 49 kwa mwaka wakati lengo ni kumwezesha mtu kutumia lita 200 za maziwa kwa mwaka. Ofisa Utafiti wa benki ya NMB, Mboka Mwanitu alisema wametenga Sh bilioni 500 kwa tasnia ya maziwa kwa ujumla. Alisema wapo wajasiriamali walionufaika kwa kuchukua mkopo wa Sh bilioni 30 kutokana na kuongezeka mahitaji ya maziwa nchini. Alisema mikopo yao imelenga kupata mbegu bora za ng'ombe, vituo bora vya kukusanyia maziwa, vifaa vya kisasa vya usindikaji maziwa, malisho na huduma za chanjo na matibabu.",kitaifa,kitaifa,biashara,0.8828
SW1174,"NYOTA ya uwekezaji katika nchi za Jumuiya ya Afrika Mashariki (EAC), imeendelea kung'aa na itazidi kung'aa mwaka 2019. Ripoti ya Benki ya Biashara ya Rand (RMB) ya Afrika Kusini, imeonesha kuwa Afrika Mashariki itakuwa kitovu cha uwekezaji barani Afrika mwaka huu. Hii ni kutokana na juhudi za nchi wanachama wa jumuiya hiyo kuboresha miundombinu mbalimbali ikiwemo barabara, reli hasa ya SGR, umeme, usafiri wa anga na uchimbaji wa mafuta na gesi, ambavyo ni vivutio vya uwekezaji duniani. Utafiti huo uliopewa jina la 'Wapi Pa Kuwekeza Barani Afrika 2019' ulihusisha kanda tano za bara la Afrika, za Kaskazini, Magharibi, Kati, Mashariki na Kusini, ukiangalia juhudi na mipango endelevu ya kuimarisha uwekezaji kikanda. Kwa mujibu wa utafiti huo, tangu mwaka 2017 hadi mwaka huu bara la Afrika limepiga hatua kutokana na shughuli mbalimbali zinazofanywa na baadhi ya mataifa, ambazo zimesababisha kusiwe na ugumu katika upatikanaji wa fedha. Baadhi ya shughuli hizo ni vita dhidi ya rushwa, kuimarishwa kwa miundombinu yenye kuwasaidia wananchi katika kupata huduma mbalimbali na utawala bora. Kwa kuangalia nchi moja moja katika jumuiya hiyo, ripoti hiyo imeonesha kuwa Kenya imeongoza kwa nchi za kanda hiyo, kuvutia uwekezaji kuliko mataifa mengine. Sababu iliyotolewa ambayo iliisaidia Kenya kuwa kivutio kikubwa cha uwekezaji ni kufanyika kwa maridhiano ya kisiasa kati ya Rais Uhuru Kenyatta na Kiongozi Mkuu wa Upinzani, Raila Odinga yaliyofikiwa mwezi Machi mwaka jana. Hali hiyo inatajwa kuleta mazingira bora ya kuvutia wageni wakiwemo watalii na wawekezaji katika sekta mbalimbali. Ripoti hiyo ilisema sehemu yenye msuguano wa kisiasa, baina ya watu wake, haivutii wawekezaji, badala yake inawafukuza. Nafasi ya pili ya kuwa na mazingira bora ya kuvutia uwekezaji, kwa mujibu wa ripoti ya utafiti huo, imechukuliwa na Rwanda. Taifa hilo limetajwa kuwa lenye uchumi unaokua kwa haraka na limeongeza mara mbili ya mazingira ya ukuaji wa uchumi wake katika kipindi cha miaka kumi. Kitu kingine kilichoifanya Rwanda kupata mafanikio hayo ni juhudi za serikali katika kuwekeza katika ukuaji wa viwanda, vinavyomilikiwa na wazawa na maendeleo ya teknolojia. Nafasi ya tatu imechukuliwa na Tanzania, kwa kuwa na mazingira rafiki ya uwekezaji wa ndani na kimataifa. Mambo yaliyotajwa katika ripoti hiyo yaliyoiinua Tanzania ni usimamizi mzuri wa kodi kwa wawekezaji. Vilevile Tanzania imesifiwa kwa kiasi kikubwa kutokana na juhudi zake za kuanzisha kanda maalum za uwekezaji. Hali hiyo inatajwa kuwa inawasaidia wawekezaji kuwa na uhakika wa uwekezaji wa fedha zao. Pia, juhudi za serikali za kuwekeza katika miundombinu hasa ya barabara, miundombinu ya reli ya kisasa (SGR) kutoka Dar es Salaam kupitia Morogoro na Dodoma. Lengo la Serikali ya Awamu ya Tano ni kuunganisha reli hiyo hadi Mwanza, hali itakayorahisisha usafiri na usafirishaji kutoka na kwenda Kanda ya Ziwa. Tanzania imetajwa pia katika uwekezaji katika nishati ya umeme na gesi, kiasi cha kuwa kimbilio kwa wawekezaji wa kimataifa. Hii inashajihishwa na uwepo wa usafiri wa uhakika wa ndege, baada ya kufufuliwa kwa Kampuni ya Ndege ya Tanzania (ATCL), ambayo mpaka sasa ina ndege saba. Nchi za Sudan Kusini na Burundi, zimetajwa kuwa ni zenye changamoto ya kiuwekezaji, lakini bado zinapewa nafasi kubwa ya kuwa vivutio vya uwekezaji kutokana na matukio ya kisiasa ya hivi karibuni. Kwa upande wa Sudan Kusini, muafaka wa kisiasa uliofikiwa baina ya serikali na wapinzani, umetoa uhakika wa kuwa na amani katika siku zijazo.",kitaifa,kitaifa,biashara,0.8762
SW238,"UBANDIKAJI wa majina ya wakulima wote wa korosho kwenye mbao za matangazo katika vyama vyao vya msingi, waliolipwa fedha za mauzo ya zao hilo mkoani Mtwara, utaanza kesho ili kuondoa kauli ya kila mkulima kudai kuwa hajalipwa, jambo linaloichafua serikali. Akizungumza na gazeti hili jana jijini Dar es Salaam, Waziri wa Kilimo, Japhet Hasunga alisema amepokea mrejesho wa maagizo aliyotoa kwa wataalamu wa timu ya Operesheni Korosho ya kubandika majina ya wakulima wote waliolipwa na sasa wanamalizia kuyachambua ili kila chama cha msingi kibandike majina ya wanachama wake na kiasi cha fedha walicholipwa.""Nimezungumza na timu ya wataalamu niliowapa maagizo kujua utekelezaji wake, kwa sababu nilitoa muda wa siku saba kuanzia Machi 19 hadi 25, mwaka huu, wawe wamebandika majina hayo, sasa wameniarifu wanamalizia kuyachambua na kuanzia kesho (keshokutwa) wataanza kuyabandika kwenye mbao za matangazo ya vyama vyao vya msingi,"" amesema Hasunga. Amesema ubandikaji wa majina hayo ni lazima uoneshe jina la mkulima, benki aliyolipwa na kiasi cha malipo na kwamba kufanya hivyo hakuna athari yoyote kwa mlipwaji, bali ni kuondoa malalamiko au kauli za kila mkulima kudai hajalipwa, jambo ambalo linaichafua serikali.""Tumeona ni vizuri kila Chama cha Msingi cha Ushirika wa Mazao (Amcos) ambacho wakulima wake wa korosho walilipwa majina yao yabandikwe ili kukata mzizi wa fitina, kwa sababu kuendelea kusema hujalipwa wakati umelipwa na vithibitisho vipo sio sahihi,"" amesema.",biashara,biashara,kitaifa,0.8755
SW6427,"UONGOZI wa Bandari ya Tanga umesema katika muda mfupi ujao, bandari hiyo itakuwa kitovu cha biashara katika Afrika Mashariki na Afrika kwa ujumla kutokana na mageuzi makubwa yanayofanyika. Umesema hali hiyo itachangiwa hasa na uboreshaji wa bandari, ulioanza kuzaa matunda pamoja na ukweli kuwa bandari hiyo kongwe Afrika Mashariki, iko katika eneo la kimkakati ikihudumia zaidi ya nchi nane. Kwa mfano, umesema bandari hiyo imehudumia mafuta mazito (HOF) tani 4,000 ya Rwanda na tani 11,667 ya Zambia. Meneja wa Bandari ya Tanga, Percival Salama alisema hayo wakati akizungumza na waandishi wa habari wa Kampuni ya Magazeti ya Serikali (TSN), waliotembelea bandari hiyo kujionea uboreshaji wake. Salama alisema tayari bandari hiyo iko katika mageuzi makubwa, yakiwamo ya miundombinu yake na yameanza kutoa matunda ikiwamo kuongezeka kwa shehena za mizigo pamoja na mapato.""Hivi sasa bandari ya Tanga iko katika mageuzi makubwa ambayo katika miaka michache ijayo, tutakuwa kitovu cha biashara Afrika Mashariki na Afrika kwa ujumla. Zipo sababu nyingi zinazotupa nguvu ya kufikia azma hiyo,"" alisema Salama ambaye bandari yake pia inasimamia Bandari ya Pangani mkoani humo. Alisema kutokana na agizo la Rais John Magufuli alilolitoa Agosti mwaka juzi, Bandari ya Tanga inaongezwa kina chake ili kuruhusu meli kubwa kutia nanga. Salama alisema Mamlaka ya Usimamizi wa Bandari Tanzania (TPA), umelenga kuifanya Bandari ya Tanga kuwa bandari ya kimkakati kuhudumia soko la mikoa ya Kaskazini na nchi jirani za Uganda na Sudan Kusini. Alieleza kuwa hata jiografia ya Bandari ya Tanga inaruhusu kuhudumia pia nchi za Kenya, Rwanda, Burundi, Jamhuri ya Kidemokrasia ya Congo (DRC), Zambia na Malawi kupitia mpaka mmoja.""Kwa mfano hivi karibuni bandari ya Tanga imehudumia mafuta mazito (HOF) tani 4,000 ya Rwanda na tani 11,667 ya Zambia,"" alibainisha. Katika kufikia azma hiyo, TPA inatekeleza jumla ya miradi 48 katika mwaka wa fedha 2018/2019 inayohusu uboreshaji wa miundombinu, ununuzi wa mitambo na ununuzi wa vifaa wezeshi vya kuhakikisha bandari inatoa huduma bora. Miradi hiyo ni pamoja na kuchimba na kuongeza kina katika gati mbili za sasa ili kuwezesha meli kubwa kutia nanga. Mradi huu ni sehemu ya utekelezaji wa maagizo ya Rais John Magufuli, aliyoyatoa wakati wa sherehe za kuweka jiwe la msingi la mradi wa bomba la mafuta kutoka Hoima-Uganda hadi Chongoleani-Tanga, Agosti 5, 2017. Mradi huu umeshaanza kutekelezwa ambako TPA iliingia mkataba wa miezi minne kuanzia Aprili 18, 2018 na Kampuni ya BICO Engineering ya Chuo Kikuu cha Dar es Salaam kufanya 'geotechnical study' ili kubaini aina ya udongo katika maji ya Bandari ya Tanga. Kwa mujibu wa meneja huyo, BICO wamekamilisha kazi hiyo Septemba 17, 2018 na imebainika kuwa hakuna mwamba uliosemwa kwa miongo mingi. Aliutaja mradi mwingine kuwa ni kuweka mita za kupima mafuta eneo la Raskazone, ambao pia ni sehemu ya utekelezaji wa maagizo ya Rais Magufuli aliyoyatoa sambamba na uchimbaji na kuongeza kina. Alisema mkataba umeshatiwa saini na mradi unatarajiwa kukamilika katika mwaka wa fedha 2019/2020. Pia kuna jumla ya mitambo 24 iliyo kwenye hatua za manunuzi inatarajiwa kupokelewa yote hadi kufikia Desemba mwaka huu. Mbali ya kuongezwa kwa kina cha bandari hiyo, tayari imepata mashine 16 mpya mwaka jana na nyingine mbili zitaingia baadaye mwaka huu, hivyo kurahisisha kazi ya kupakua na kupakia mizigo bandarini hapo. Salama alieleza kuwa kina hicho kitakapoongezwa kitawezesha meli kubwa kutia nanga na hivyo kuifanya Bandari ya Tanga kupokea meli kubwa zaidi kuliko sasa. Alisema ukiondoa hilo, bandari hiyo imeendelea kuboresha utendaji wake kwa kuhakikisha inakuwa na vifaa vya kutosha wakati wote. Alisema kwa sasa bandari ina jumla ya mitambo 29 na matela 29 ya kuhudumia mizigo, matishari 12 yenye uwezo wa kubeba jumla ya tani 11,740 kwa wakati mmoja, jumla ya vyombo vya majini (boti) saba vikijumuisha vyombo vya kufanyia doria ya ulinzi na vile vinavyotumika katika kuvutia matishari na kuegesha meli. Aliongeza kuwa hayo yote yatachagizwa na ukweli kuwa Bandari ya Tanga iko katika ukanda unaozungukwa na nchi takribani nane ambazo zinaweza kuhudumiwa nayo. Alizitaja kuwa ni Kenya, Malawi, Msumbiji, Rwanda, Burundi, Uganda, Zambia na Jamhuri ya Kidemokrasia ya Congo (DRC), ambazo zote wanaweza kuzihudumia.""Nchi hii zote ni rahisi kuzihudumia kwani kwa sasa bandari imeanza kuboreshwa. Lakini pia kuna reli ya Tanga - Arusha - Musoma ambayo serikali inakamilisha kuifufua, hivyo itasaidia sana katika kubeba mizigo inayoshuka hapa Tanga,"" alieleza Salama",biashara,biashara,kitaifa,0.8726
SW4449,"WATANZANIA wamehimizwa kuchangamkia fursa zilizopo kama wanavyofanya wa nchi jirani, badala ya kubweteka na kuishia kulalamika. Ushauri huo ulitolewa na Waziri wa Habari, Utamaduni, Sanaa na Michezo, Dk Harrison Mwakyembe, wakati akitoa neno kabla ya kuanza kwa siku ya pili ya Jukwaa la Fursa za Biashara na Uwekezaji mkoani Tabora jana. Dk Mwakyembe ndiye Mwenyekiti wa Jukwaa la Biashara lililofunguliwa juzi na Waziri Mkuu, Kassim Majaliwa na kuendelea hadi leo. ""Kama kuna ugonjwa mkubwa ambao Watanzania wanao ni kushindwa kuchangamkia fursa zinazowazunguka,"" alisema. Katika muktadha huo wa Watanzania kutochangamkia fursa, Dk Mwakyembe alisema katika safari zake nje ya nchi alishangaa kugundua kwamba nchi jirani ndio wamechangamkia fursa za kufundisha Kiswahili wageni nje ya Afrika. Alisema ingawa hawajui Kiswahili kama Watanzania lakini ndio wanaochangamkia fursa hizo kuliko Watanzania. Alisema wakati wa uzinduzi wa bomba la mafuta mkoani Tanga mwaka jana, aligundua kwamba wafanyabiashara kutoka mji jirani na Tanga wa Mombasa, nchini Kenya walikuwa wameweka kambi mjini Tanga wakifanya kampeni kwa wazungu wanaokuja kwa ajili ya bomba wakaishi Momba na kufanya kazi Tanga. Alitoa mfano mwingine kwamba wakati serikali ikihamishia makao makuu Dodoma, bado Watanzania wanajivuta kuchangamkia fursa lukuki zinazopatikana mkoani huo kutokana na hatua hiyo ya serikali. Alisema kuna baadhi ya mabalozi kutoka nje wana hofu ya kuhamia Dodoma kwa kutojua ni wapi watoto wao watasoma kutokana na uchache wa shule za kimataifa. Ni kwa msingi huo, Dk Mwakyembe aliwataka wananchi wa Tabora kuchangamkia fursa lukuki zilizotajwa kuwepo katika kila halmashauri kabla ya kusubiri wageni kuja kuzichukua. Fursa ambazo zimekuwa zikitangazwa na halmashauri nane za mkoa huo ni za kilimo cha mazao mbalimbali, kikiwemo cha umwagiliaji na ufugaji wa kisasa, ikiwa ni pamoja na kufungua ranchi. Lakini kuna fursa za kuanzisha viwanda vya kuchakata mazao hayo ya kilimo na mifugo, uzalishaji wa mazao ya misitu kama mbao na ufugaji nyuki na fursa katika madini ambayo hupatikana takribani kila wilaya ingawa hakuna wachimbaji wakubwa.",kitaifa,kitaifa,biashara,0.8711
SW877,"Alisema hayo jijini Arusha wakati wa kikao chake na Kamati za Ulinzi na Usalama za mikoa ya Arusha, Kilimanjaro na Manyara ambazo zimeamua kufanya kazi kwa pamoja ili kudhibiti utoroshaji wa madini ya tanzanite na kufuatilia kwa karibu shughuli za uchimbaji na biashara ya madini hayo ili yanufaishe taifa. Alisema tanzanite hiyo ghafi yenye uzito wa gramu 2,015.59, ilikuwa ikitoroshwa na raia wa India, Jain Anurag aliyekuwa akitaka kwenda mji wa Jaipur kwa kutumia ndege ya Shirika la Ndege la Qatar wiki iliyopita. Alisema madini yaliyokamatwa yameshataifishwa kama ambavyo sheria na kanuni za madini zinavyoelekeza na kwamba ukamataji dhidi ya watorosha madini hufanywa na Wizara ya Nishati na Madini kupitia Wakala wake wa Ukaguzi wa Madini (TMAA) kwa kushirikiana na taasisi nyingine kama Mamlaka ya Viwanja vya Ndege, Jeshi la Polisi, Idara ya Usalama wa Taifa, Mamlaka ya Mapato Tanzania (TRA) na Idara ya Uhamiaji. Aidha, amesema Serikali itafuta leseni za wafanyabiashara wa madini watakaobainika kutorosha rasilimali hiyo nje ya nchi ikiwemo kuwakamata wachimbaji na wafanyabiashara wanaokwepa kulipa kodi stahiki kwa serikali. Katika hatua nyingine, Mwenyekiti wa Kamati za Ulinzi na Usalama za mikoa ya Arusha, Kilimanjaro na Manyara, Mkuu wa Mkoa wa Kilimanjaro, Amos Makalla ametoa saa 24 kwa raia wa kigeni wote wanaojihusisha na biashara ya madini ya tanzanite na madini mengine kinyume cha sheria, kuondoka nchini mara moja na watakaokaidi agizo hilo watachukuliwa hatua kali za kisheria.",biashara,biashara,kitaifa,0.8695
SW4900,"SERIKALI kupitia Wizara ya Habari, Utamaduni, Sanaa na Michezo imesema itaangalia uwezekano wa kubadilisha sheria ya Chama cha Hakimiliki Tanzania (Cosota) iweze kumnufaisha msanii hata kama atakuwa ametangulia mbele za haki. Akizungumza kwenye kumbukizi ya wasanii iliyoandaliwa na Kamati ya Tamasha la Muziki na Sanaa za Maonesho Tanzania (Kamusata), Dar es Salaam jana, Waziri Dk. Harrison Mwakyembe alisema wasanii waliotangulia mbele za haki miaka 50 iliyopita hawanufaiki kutokana na sheria hiyo kusema kuwa baada ya miaka hiyo nyimbo zinakuwa urithi wa dunia.""Ndugu zetu waliingia mikataba lakini haiwanufaishi hasa wale waliotangulia mbele za haki, wameacha familia na watoto lakini changamoto iliyopo ni sheria ya Cosota inayosema nyimbo ikifikisha miaka 50 ni urithi wa dunia, familia hazinufaiki inabidi suala hili liangaliwe,"" alisema. Pia, alisema serikali iko mbioni kujenga majengo ya sanaa na michezo, ambapo baadhi ya kuta zake zitabandikwa picha za wasanii maarufu waliofariki. Aliiagiza Basata kuhakikisha wasanii zaidi ya 300 waliotajwa katika kumbukizi hiyo zipatikane picha zao au michoro ya sura zao ili katika tukio la mwakani Kamusata itumie kutengeneza kalenda maalum kwa ajili ya kuziuza. Akisoma risala mbele ya mgeni rasmi, Mjumbe wa Kamusata, Hashim Kambi, alisema tukio hilo ni la kwanza kufanyika likiwa na sura ya kitaifa ili jamii itambue wasanii waliotangulia mbele za haki ni tunu kwa taifa. Tukio hilo lilienda sambamba na uzinduzi wa kamati hiyo chini ya udhamini wa Wizara ya Habari, Utamaduni, Sanaa na Michezo kwa kushirikiana na Basata.""Malengo ya kumbukizi hii ni kuwakumbuka, kuwaenzi, na kuwaombea dua na maombi wasanii wa fani zote waliotangulia mbele ya haki, kuhamasisha na kutangaza shughuli za sanaa ili msanii aweze kunufaika wakati wa uhai wake katika nyanja za kiafya, kifedha na kiuchumi, "" alisema. Baadhi ya wasanii waliotangulia mbele ya haki na kukumbukwa ni Maalim Gurumo, Shakila Said, Steven Kanumba, Mbaraka Mwinshehe, Marijani Rajabu, Morris Nyunyusa, Salum Abdallah, Nasma Hamis, Siti binti Saad, Omar Kopa, na Amri Athumani 'Mzee Majuto'. Kaimu Katibu Mtendaji wa Basata, Onesmo Kayanda, alisema amefarijika kuona wazee wanaandaa tukio kama hilo la kuwakumbuka wasanii waliofariki dunia ambalo limeunganisha makundi mbalimbali na ndugu wa marehemu. Alisema kadiri siku zinavyosogea matukio ya sanaa yamekuwa yakiongezeka na kuwahimiza wasanii watengeneze jukwaa maalum kwa ajili ya kuburudisha watu licha ya kwamba ni kazi. Mwakilishi wa Bodi ya filamu Tanzania, Simon Pete, aliwahimiza wasanii kufanya kazi kwa nidhamu na kwamba hata hao wanaokumbukwa ni kwasababu walifanya kazi nzuri.",michezo,michezo,kitaifa,0.8656
SW689,"NAIBU Waziri wa Madini, Stanslaus Nyongo amesema serikali kupitia wizara hiyo haitamwonea aibu mchimbaji wa madini atakayekwepa kodi kwa kuwa ni kinyume cha sheria ya madini na kanuni zake. Amesema hayo juzi alipozungumza na wachimbaji wadogo wa madini katika machimbo ya Reef D yaliyopo mgodi wa Magamba mkoani Katavi ikiwa ni sehemu ya ziara yake mkoani humo kukagua shughuli za uchimbaji wa madini, kusikiliza na kutatua kero za wachimbaji wadogowadogo wa madini. Nyongo aliambatana na Mkuu wa Wilaya ya Tanganyika, Salehe Mhando, Mwenyekiti wa Chama cha Wachimbaji wa Madini Mkoa wa Katavi (KATAREMA), William Mbongo, Kaimu Ofisa Madini Mkazi wa Mkoa wa Katavi, Giliard Luyoka, wataalamu wa madini na ofisa wa vyombo vya ulinzi na usalama. Amesema kuna tabia ya wachimbaji wadogo wa madini wasio waaminifu kukwepa kulipa kodi serikalini hivyo kukwamisha upatikanaji wa huduma nyingine muhimu katika jamii kama vile elimu, maji, barabara. Naibu Waziri amewataka maofisa madini wakazi katika mikoa yote kuwa wabunifu kwenye ukusanyaji wa maduhuli kwani sekta ya madini nchini inategemewa mno kwenye ukuaji wa uchumi wa nchi. Alisema serikali inaamini kuwa iwapo sekta ya madini itasimamiwa kikamilifu, inaweza kuleta mabadiliko makubwa kwenye ukuaji wa uchumi wa nchi kupitia uimarishaji wa sekta nyingine muhimu. Aidha, aliwataka maofisa madini nchini kushirikiana na vyombo vya ulinzi na usalama katika wilaya kwenye kazi ya ukaguzi wa shughuli za madini ili kuongeza tija kwenye ukaguzi wa madini unaofanywa. Mbali na wachimbaji kumpongeza kwa kazi kubwa ya kusikiliza na kutatua changamoto za uchimbaji madini Katavi, wachimbaji hao waliwasilisha changamoto ya mikopo katika utafutaji na uchimbaji wa madini, mafunzo ya sheria ya madini na kanuni zake, uchimbaji salama na vifaa vya kisasa vya uchimbaji. Akizungumza kwa niaba ya wenzake, Imso Masumbuko wa kikundi cha Kagera Group amesema wanataka elimu kuhusu uchimbaji madini salama na vifaa vya kisasa ili wazalishe na kulipa kodi zaidi serikalini. Masumbuko aliiomba Wizara ya Madini kuiomba Wizara ya Nishati ifikishe umeme katika machimbo hayo kupitia Mradi wa Usambazaji wa Umeme Vijijini unaosimamiwa na Wakala wa Nishati Vijijini Awamu ya Tatu (REA III). Amesema kutokana na ukosefu wa nishati ya umeme katika eneo lao, wamekuwa wakitumia gharama kubwa kwenye uzalishaji wa madini kutokana na matumizi ya dizeli hivyo kupata faida kidogo. Karusum Daudi ambaye ni mchimbaji wa madini ya dhahabu katika eneo hilo, aliiomba serikali kupitia Wizara ya Madini iangalie uwezekano wa kuwapatia mikopo ili wachimbe kwa kutumia vifaa vya kisasa.",biashara,biashara,kitaifa,0.8608
SW534,"Kutokana na hali hiyo, imesema inakusudia kuunda kamati ya uchunguzi kubaini hasara ambayo Serikali imepata tangu kuanza kutumika kwa mfumo wa sasa. PAC ilifikia uamuzi wa kuunda kamati hiyo jana baada ya kutembelea makao makuu ya TPA na kubaini mfumo huo ambao umefanya mapato kwa Serikali kupungua. Akitoa taarifa ya miradi inayotekelezwa na TPA, Kaimu Mkurugenzi Mkuu wa TPA, Madeni Kipande alisema ikilinganishwa na mfumo wa awali, huu wa sasa umesababisha mapato kushuka ingawa alishindwa kufafanua ni kwa kiasi gani.""Ni kweli baada ya mabadiliko hayo kuacha kutumia mfumo huo mapato yameshuka,"" Kipande alisema wakati akijibu swali la Makamu Mwenyekiti wa Kamati hiyo, Deo Filikunjombe aliyetaka kujua kama mabadiliko hayo yameleta hasara kwa Serikali. Naibu Waziri wa Uchukuzi, Dk Charles Tizeba alisema hata hivyo Serikali imeagiza hadi mwezi ujao, mfumo huo uwe umefungwa na kukamilika. Hata hivyo, kauli hiyo ilipishana na ya Naibu Mkurugenzi wa TPA ambaye alisema kutokana na mtiririko wa fedha za Mamlaka haitawezekana kufanyika hadi bajeti ijayo. Mwenyekiti wa PAC, Zitto Kabwe alisema katika kipindi cha miaka mitatu tangu kuondolewa kwa mfumo huo, Serikali kwa ujumla inapoteza mapato mengi hivyo kamati hiyo itaundwa kuchunguza hasara hiyo.""Kamati hii itachunguza kuona ni kiasi gani Serikali imepoteza, ni akina nani wanawajibika na mbali na hayo itatoa suluhisho ni nini kifanyike,"" alisema Zitto. Awali mfumo wa zamani ulikuwa ukisoma ni kiasi gani cha mafuta na kuonesha ni kodi kiasi gani kinatakiwa kulipwa, tofauti na wa sasa ambao ni wa kienyeji wa kutumbukiza fimbo. Mfumo huo ulilalamikiwa na wafanyabiashara kuwa unawanyonya na kuondolewa. Kamati hiyo pia ilitoa agizo la kuharakisha upatikanaji wa mkandarasi katika ukarabati wa malango bandarini ili kuongeza mapato ya Serikali. Katika miradi ya TPA ambayo Kamati hiyo ilitembelea ni pamoja na jengo la TPA ambalo likikamilika litaweka wadau wote wa bandari pamoja na kurahisisha huduma. Kamati ilipongeza hatua iliyofikia jengo hilo ambapo ilipewa taarifa kuwa mpaka sasa jengo limefikia asilimia 40 ya ujenzi ambapo thamani ya jengo hilo ni Sh bilioni 94. Hata hivyo, wajumbe wa Kamati walihoji wingi wa miradi ambayo TPA imejipanga kutekeleza ambapo Mamlaka hiyo iliihakikishia Kamati kuwa itaikamilisha kwa wakati, miradi hiyo ni pamoja na ujenzi wa lango la mafuta. Mingine ni ujenzi wa bandari kavu Kisarawe, kuongeza maeneo ya kuhifadhi mizigo, bandari za Mtwara, Tanga, Lindi, Kilwa, Mwanza, Kigoma na uboreshaji wa magati.",biashara,biashara,kitaifa,0.8567
SW2581,"MKUU wa Mkoa wa Ruvuma, Christina Mndeme amesema kufungwa kwa Benki ya Wananchi ya Mbinga mkoani humo kumeathiri kiasi kikubwa uchumi wa wakulima na jamii. Mndeme amesema hayo jana kwenye ufunguzi wa Kikao cha Kamati ya Ushauri ya Maendeleo ya mkoa wa Ruvuma (RCC) mjini Songea. Amesema kufungwa benki hiyo kumesababisha baadhi ya wakulima kutomudu gharama za uendeshaji kilimo kwa kukosa mikopo ya pembejeo za kilimo iliyokuwa ikitolewa nao. Alisema ili kukabiliana na hilo, serikali imeanza kuchukua hatua dhidi ya walioifilisi benki hiyo na kuikabidhi Taasisi ya Kuzuia na Kupambana na Rushwa (Takukuru) kufanya uchunguzi. Mkuu wa mkoa alihimiza wataalamu kuzitumia mvua zilizoanza kunyesha mkoani humo kwa ajili ya kwenda kutoa elimu ya kilimo bora kwa wakulima vijijini, badala ya kukaa ofisini tu. Ametoa onyo kwa mawakala ambao watauza pembejeo za kilimo kwa bei kubwa tofauti na bei elekezi ya serikali. Alisema atakayeenda kinyume atachukuliwa hatua kali za kisheria. Mkuu wa Wilaya ya Tunduru, Julius Mtatiro amesema migogoro kati ya wakulima na wafugaji inazidi kuongezeka hivyo ameshauri kujengwa kwa majosho na kutengwa kwa matumizi bora ya ardhi kubaini mae",biashara,biashara,kitaifa,0.84
SW4073,"BENKI Kuu ya Tanzania (BoT) iko katika hatua ya kuandaa Kanuni za Udhibiti na Usimamizi wa Huduma ndogo za fedha kulingana na madaraja tofauti, yaliyoainishwa kwenye Sheria ya Huduma Ndogo za Fedha ya Mwaka 2018. Aidha, mtu au taasisi yoyote inayohitaji kufanya au kuendelea kufanya biashara ya huduma ndogo za fedha, itahitajika kuomba upya leseni ya Benki Kuu ya Tanzania, pamoja na kukidhi matakwa yote kama yatakavyoainishwa katika Kanuni za Udhibiti na Usimamizi wa Huduma ndogo za Fedha, ambazo zitachapishwa kwenye Gazeti la Serikali mara zitakapokuwa zimekamilika. Hayo yamebainishwa katika taarifa iliyotolewa na BoT juzi kuhusu Bunge kupitisha Sheria ya Huduma Ndogo za Fedha ya Mwaka 2018 Novemba 16, mwaka jana ili kutekeleza matakwa ya Sera ya Taifa ya Huduma Ndogo za Fedha ya Mwaka 2017. Kwa mujibu wa taarifa hiyo, BoT inawataka watu na taasisi zote zinazofanya biashara ya huduma ndogo za fedha, isipokuwa vyama vya ushirika vya akiba na mikopo (Saccos), kuwasilisha taarifa muhimu kabla ya Januari 31 mwaka huu. Taarifa zinazohitajika kuwasilishwa, kwa mujibu wa BoT, ni cheti cha Uandikishwa, Leseni ya Biashara iliyotolewa na Wakala wa Usajili wa Biashara na Leseni (BRELA), eneo au sehemu ya biashara na taarifa za anuani zikiwemo anuani ya eneo ambayo ni mtaa, kijiji, wilaya na mkoa, namba ya simu na barua pepe. Taarifa nyingine zinazohitajika ni orodha ya wamiliki, bodi ya wakurugenzi, mkurugenzi mtendaji na uraia wao.""Aina ya huduma ndogo za fedha zitolewazo, taarifa kama mahesabu ya taasisi ama biashara yamekaguliwa au hayajakaguliwa ndani ya kipindi cha mwaka mmoja, maelezo ya mfumo unaotumika kutunza taarifa za fedha, mawasiliano na teknolojia. ya fedha, ikionesha jumla ya mali, jumla ya dhima na jumla ya fedha za wanahisa,"" ilisema taarifa hiyo. Kwa mujibu wa BoT taarifa hizo zinapaswa kutumwa kwa Mkurugenzi wa Usimamizi wa Taasisi za Fedha wa Benki Kuu ya Tanzania. Ilielezwa kuwa Kifungu cha 12 cha sheria hiyo kimeipa mamlaka Benki Kuu ya Tanzania, kusajili, kusimamia na kudhibiti biashara ya huduma ndogo za fedha Tanzania Bara. Vile vile, sheria imetoa tafsiri juu ya ""huduma ndogo za fedha"" kuwa ni biashara inayojumuisha kupokea fedha, kama amana au riba kutokana na amana au mkopo na kuikopesha kwa wanachama au wateja, kupokea amana na kutoa mikopo au huduma ya mikopo kwa wajasiriamali wadogo, kaya au mtu mmoja mmoja. Kutoa huduma za mikopo midogo, akiba ndogo, bima ndogo, huduma ndogo za karadha, pensheni ndogo na mikopo midogo ya nyumba, huduma za kutuma fedha na malipo, ikijumuisha huduma ndogo za fedha kwa njia ya mtandao, kutoa elimu ya fedha na huduma nyingine zinazofanana na hizi kama zitakavyoainishwa kwenye kanuni za Sheria ya Huduma Ndogo za Fedha ya Mwaka 2018. Kifungu cha 16 cha sheria hiyo kimetoa katazo kwa mtu au taasisi yoyote, kufanya biashara ya kutoa huduma ndogo za fedha bila kuwa na leseni iliyotolewa na BoT, aidha, sheria imeweka adhabu itakayotolewa kwa mtu au taasisi yoyote itakayokiuka matakwa ya Kifungu cha 16. Manufaa yake kwa wananchi Kwa mujibu wa Waziri wa Fedha na Mipango, Dk Philip Mpango, lengo kuu la sheria hiyo ni kulinda na kuboresha utoaji wa huduma ndogo za fedha, utoaji leseni kwa watoa huduma ndogo za fedha na kufuta leseni chini BoT. Serikali iliamua kuwasilisha muswada huo kwa haraka, kupitia hati ya dharura kutokana na kutokuwepo kwa sheria mahsusi ya kusimamia sekta ndogo ya fedha vikiwemo vyama vya ushirika vya akiba na mikopo (Saccos). Hatua hiyo ilifanya kuibuka kwa changamoto mbalimbali, zikiwemo za taasisi au watu binafsi kutoa mikopo kwa wananchi kwa vigezo na masharti magumu na kusababisha madhara, ikiwemo mali zao kuuzwa holela. Dk Mpango alitaja changamoto nyingine, zilizoifanya serikali kuja na sheria hiyo kuwa ni viwango vikubwa vya riba na tozo, ambazo huanzia asilimia tatu hadi 20 kwa mwezi sawa na asilimia 36 mpaka 240 kwa mwaka. Nyingine ni kukosekana kwa uwazi wa masharti ya mikataba ya mikopo na kuwepo kwa masharti magumu ya kulipa mikopo na utoaji holela wa mikopo, ambao unasababisha limbikizo la madeni kwa wateja. Aliitaja sababu nyingine kuwa ni utaratibu mbovu wa ukusanyaji wa madeni, ambao unasababisha wananchi kupoteza mali zao na kudhalilika na kuwepo kwa watu wasio waaminifu, wanaowakopesha wananchi kwa lengo la kuwaibia kwa kutumia mitandao mbalimbali na majina ya viongozi wa serikali. Alisema sekta ndogo ya fedha, inahusisha utoaji wa huduma za kifedha kwa wananchi wa kipato cha chini ili kuwasaidia katika kuongeza kipato na hivyo kuongeza ukuaji wa uchumi na kupunguza umasikini. Alisema kwa kuzingatia kuwa jukumu la usimamizi na udhibiti wa sekta ya fedha nchini, lipo chini ya Benki Kuu ya Tanzania kwa mujibu wa Sheria ya Benki Kuu ya Tanzania Sura ya 197 na Sheria ya Mabenki na Taasisi za Fedha, Sura ya 342, inapendekeza kuwa sekta ndogo ya fedha iwekwe chini ya BoT.",kitaifa,kitaifa,biashara,0.837
SW184,"WAZIRI Mkuu, Kassim Majaliwa ameahidi kupokea kundi la watalii wasiopungua 300 wanaotarajiwa kuwasili nchini Machi, mwaka huu. Watalii hao ni kundi la kwanza miongoni mwa watalii 10,000 wanaotarajiwa kuwasili nchini mwaka huu chini ya mpango unaosimamiwa baina ya Wizara ya Maliasili na Utalii, Bodi ya Utalii Tanzania (TTB) na Kampuni ya TouchRoad International Holding Group ya China. Ametoa ahadi hiyo alipokutana na Mwenyekiti wa Touchroad Group, Liehui He na Mwenyekiti wa Bodi ya Wakurugenzi ya TTB, Jaji mstaafu Thomas Mihayo ofisini kwake Mlimwa jijini Dodoma. Waziri Mkuu amefikia uamuzi huo baada ya kuelezwa na Liehui kwamba kundi hilo la watalii likiwa Djibouti litapokelewa na Waziri Mkuu wa nchi hiyo na likienda Zimbabwe litapokelewa na Rais wa nchi hiyo.""Tanzania imeamua kuweka mkakati wa kuongeza idadi ya watalii nchini kwa kuboresha miundombinu ya usafiri na kukuza utalii kupitia vivutio vya vyakula vya asili, mavazi ya asili, wanyama, fukwe za bahari na milima. Kwa hiyo, ujio wa kundi hili kubwa, unatoa fursa mpya ya kutangaza vivutio vya nchi yetu,"" alisema.""Nitoe wito kwa Watanzania wanaoishi maeneo ya jirani na vivutio vyetu, wachangamkie fursa ya ujio wa watalii hawa katika maeneo mbalimbali. Wakifika Dar es Salaam, wanaweza kwenda Kigoma kuona Ziwa Tanganyika, mbuga zilizoko Nyanda za Juu Kusini, Arusha au vivutio vya Zanzibar. Tujiandae, tuwe tayari kuwauzia bidhaa mbalimbali,"" alisema. Pia alisema amefurahishwa na wazo lao la kuifanya Dar es Salaam iwe kitovu cha utalii kwa makundi ya watalii ambayo yatakuja Tanzania na baadaye kutoka Tanzania kwenda Lusaka, Harare, Johannesburg na Djibouti. Mwenyekiti huyo ambaye aliwasili nchini juzi, ameambatana na ujumbe wa watu 31 ambao unajumuisha waandishi wa habari, wasanii, wanamuziki na watu mashuhuri. Akiwa Beijing, China, wakati akishiriki Mkutano wa Jukwaa la Biashara baina ya Tanzania na China lililofanyika Septemba mwaka jana, Waziri Mkuu alikutana na uongozi wa Kampuni ya TouchRoad ambayo ilionesha nia ya kutangaza fursa za utalii zilizopo nchini. Ziara ya Liehui ni sehemu ya utekelezaji wa makubaliano yaliyoingiwa kati ya Kampuni ya TouchRoad na Bodi ya Utalii ya Tanzania, Novemba mwaka jana. Mapema, Liehui alimweleza Waziri Mkuu nia ya kampuni hiyo kutekeleza makubaliano yao ya kutangaza vivutio vya utalii vya Tanzania katika soko la China ili kuvutia watalii wapatao 10,000 watembelee nchini mwaka huu.""Tumepanga kuleta watalii 10,000 kwa mwaka huu wa 2019 na tumeweka lengo la kuongeza idadi hiyo kwa asilimia 20 kila mwaka kwa muda wa miaka mitano. Pia tuna lengo la kuitumia ndege ya ATCL ili ilete watalii moja kwa moja kutoka Shanghai, China,"" alisema. Akielezea ujio wa kundi la kwanza la watalii, Liehui alisema kundi hilo litakaa Djibouti kwa siku moja, Tanzania siku nne (tatu za kulala) na Zimbabwe siku tatu (mbili za kulala) na kisha kurejea China. Alisema wanapanga kila mwezi wawe na kundi kubwa la watalii watakaokuwa wanafikia Tanzania na kupelekwa nchi nyingine kwa sababu Wachina wengi hupenda kufanya utalii kwa siku walau 10, lakini wapelekwe maeneo matatu au manne tofauti kuona vivutio vya aina nyingine badala ya kukaa sehemu moja kwa kipindi chote hicho.""Watalii hawa wakija kwa siku tatu au nne, wana uhakika wa kutumia dola za Marekani zaidi 2,000, wakienda eneo jingine watatumia fedha pia, namna hiyo tuna uhakika wa kuongeza Pato la Taifa, lakini pia tuna uhakika wa kutengeneza ajira kwa Watanzania,"" alisema.",kitaifa,kitaifa,biashara,0.8356
SW4790,"JUMLA ya Sh milioni tisa zimetolewa kwa Mabaraza ya Vijana matatu ya Mkoa wa kusini Unguja katika mwaka 2017/18 kwa ajili ya kutekeleza miradi ya maendeleo na kiuchumi. Hayo yamesemwa na Naibu Waziri wa Uwezeshaji, Vijana Wanawake na Watoto, Shadya Suleiman wakati akijibu swali la mwakilishi wa jimbo la Tunguu, Simai Mohamed Said. Mwakilishi huyo alitaka kufahamu mabaraza ya vijana yamewezeshwa kwa kiasi gani katika kutekeleza majukumu yake. Suleiman amesema fedha za kuyasaidia mabaraza hayo ya mikoa mbalimbali Unguja na Pemba zipo lakini hakuna mwamko kwa vijana kuomba fedha hizo. Alisema fedha zilizotolewa ni za kikundi cha Machuwi na Kitogani Mkoa wa kusini Unguja wanaojishughulisha na kilimo na ufugaji. Akifafanua zaidi, Suleiman aliwataka viongozi wa majimbo ikiwemo wajumbe wa Baraza la Wawakilishi kuwahamasisha vijana kuchangamkia fursa za fedha kwa ajili ya maendeleo. Nawaomba wabunge na wajumbe wa Baraza la Wawakilishi kuwahamasisha mabaraza ya vijana kuchukua mikopo ya fedha kwa ajili ya kujiendeleza kiuchumi na kujiajiri,'' alisema. Amesema kwamba lengo la Serikali ya Mapinduzi ya Zanzibar (SMZ) ni kuanzisha mabaraza ya vijana ambayo yataibua fursa za kiuchumi na maendeleo kwa ajili ya kuajiajiri. Amesema hakuna ubaguzi wala itikadi za kisiasa katika kuyaendesha na kuyasimamia mabaraza ya vijana kwa sababu yapo kwa ajili ya kuwawezesha vijana kiuchumi.",biashara,biashara,kitaifa,0.8304
SW161,"MARAIS Dk John Magufuli na Profesa Arthur Peter Mutharika wa Malawi wamekubaliana kwa pamoja kukuza uchumi wa nchi zao. Akiwa nchini humo, Rais Magufuli jana alifungua msimu wa soko la tumbaku na kusema nchi za Afrika zina haja ya kufanya mapinduzi kwenye sekta ya kilimo, kwa kuanzisha viwanda vya usindikaji vitakavyoongeza thamani mazao na kuokoa uharibifu wa asilimia 40, ya mazao yanayovunwa na kukosa mahali pa kuhifadhia. Kauli hiyo ya Rais Magufuli aliitoa jana mjini Lilongwe nchini humo, ikiwa ni siku ya pili na ya mwisho ya ziara yake aliyoifanya kutokana na mwaliko wa Rais wa Malawi, Profesa Arthur Peter Mutharika. Akizungumza kabla ya kufungua rasmi msimu huo, Rais Magufuli alisema uchumi wa Bara la Afrika kwa asilimia kubwa unategemea sekta ya kilimo na kwamba nusu ya watu wake wameajiriwa kwenye sekta hiyo huku pia nchi hizo zikitegemea kilimo kwa usalama wa chakula, lakini bado kinatekelezwa kwa njia duni. Alisema nchini Malawi asilimia 80 ya wananchi wake wanategemea kilimo kupata ajira huku asilimia 60 ya fedha za kigeni zinatoka kwenye mazao na asilimia 37 ya Pato la Taifa hilo hutegemea kilimo hivyo kuna haja ya kufanya mapinduzi makubwa kwenye sekta hiyo kwa kufungua zaidi viwanda vya usindikaji ili kuongeza thamani mazao. Rais Magufuli pia alitoa mfano kwa Tanzania akisema kilimo kinategemewa kwa asilimia 100 kwenye usalama wa chakula, lakini pia asilimia 70 ya wananchi wanategemea ajira huku malighafi za viwandani ikitegemewa kwa asilimia 60. Aidha, kilimo kina mchango kwenye fedha za kigeni ambako asilimia 25 za fedha hizo hutokana na mazao ya kilimo, huku pia pato la nchi likitegemea kilimo kwa asilimia 30 na kusema hiyo inathibitisha kuwa kilimo barani Afrika ni sekta muhimu ya kukuza uchumi inayohitaji kufanyiwa mapinduzi makubwa. Akizungumzia zao la tumbaku, Rais Magufuli alisema zao hilo sio tu muhimu nchini Malawi, bali pia Tanzania kwani ni miongoni mwa mazao yanayoingiza fedha nyingi za kigeni na kutolea mfano kwa kipindi cha miaka mitano mfululizo, kuanzia 2014 zaidi za Sh bilioni 1.33 zimetokana na zao hilo. Kwa upande wa Malawi, alisema kwa msimu uliopita nchi hiyo imepokea dola za Marekani milioni 300 kwa mauzo ya tumbaku na fedha hizo zingeweza kuongezeka maradufu iwapo wangekuwa na viwanda vya kusindika zao hilo.""Msimu uliopita nimeambiwa ulipata dola milioni 300 kwa mauzo ya tumbaku, sasa kama tungekuwa na viwanda vya usindikaji ina maana tungepata fedha nyingi zaidi, kuliko kuuza malighafi, tunahitaji mageuzi kwenye kilimo na nyie nasikia mmeanza, ni vizuri hongereni,"" alisema Rais Magufuli. Kuhusu changamoto za kilimo, Rais Magufuli alisema bado Afrika inakabiliwa na matumizi madogo ya pembejeo, mbinu za zamani za kilimo na matumizi madogo ya mbolea na zana za kisasa hivyo tija haiongezeki. Alisema mbali na changamoto hiyo, pia kuna ukosefu wa maghafa ya kutosha ya kuhifadhi mazao baada ya kuvunwa, takwimu zikionesha asilimia 40 ya mazao yaliyovunwa huharibika kwa kukosa maghala ya kuhifadhia. Aidha, Rais Magufuli alitaja changamoto nyingine kwenye kilimo kuwa ni ukosefu wa masoko ya mazao kwa sababu kilimo cha Afrika kwa asilimia kubwa kinategemea masoko ya kimataifa ambayo bei zake hazitabiriki na wakati mwingine hazina faida kwa mkulima.",kitaifa,kitaifa,biashara,0.8251
SW1848,"Akizungumza na gazeti hili katika mkutano na waandishi wa habari jijini Dar es Salaam jana, Mwenyekiti wa kamati ya maandalizi ya ziara hiyo ya Dk Munroe nchini, Thomas Massamu alisema Dk Munroe atakuwa na mkutano muhimu na wanafunzi wa vyuo mbalimbali vya elimu ya juu hapa nchini katika ukumbi wa Nkrumah uliopo Chuo Kikuu cha Dar es Salaam (UDSM). Katika mkutano huo, Dk Munroe ataelezea nafasi ya vijana katika mazingira ya kisiasa na kijamii, na kuwaeleza namna ambavyo wanaweza kuwa mawakala wa mabadiliko. Kabla ya kuondoka, Dk Munroe atafanya mkutano juu ya masuala ya uongozi ambao utahusisha wafanyabiashara, viongozi wa Serikali pamoja na wanasiasa. Mwenyekiti wa mradi wa Dk Munroe nchini, Stella Matte alisema Dk Munroe amekuwa akisafiri duniani kwa ajili ya kuzungumzia masuala muhimu yanayogusa binadamu.",biashara,biashara,kitaifa,0.8229
SW5007,"WAKALA wa Vipimo Tanzania (WMA), umewataka watumiaji wote wa maji nchini wanaofungiwa mita au dira za maji kuhakikisha wanafungiwa zilizohakikiwa na kuwekwa lakiri ya WMA ili kuwa na uhakika wa kutumia kifaa kitakachotoa bei halisi ya maji isiyo na makosa. Akizungumza na gazeti hilo kwenye viwanja vya Maonesho ya 43, ya Biashara ya Kimataifa ya Dar es Salaam yanayoendelea kwenye viwanja vya sabasaba, Meneja wa WMA, Mkoa wa Pwani, Alban Kihulla alisema hilo ni takwa la kisheria na wateja wote wanapaswa kuuliza mamlaka ya maji inayomfungia huduma hiyo kama mita hiyo imehakikiwa na WMA.""Wateja wote wa maji nchi nzima msikubali kufungiwa mita au dira za maji ambazo hazijahakikiwa na WMA, na kuwekwa lakiri yenye nembo yetu ya WMA pamoja na namba,kwa sababu mita ambazo hakijahakikiwa baadhi yao zina matatizo au mbovu na mteja akifungiwa mwisho wa siku analetewa bili isiyo halali, ama kwa kuzidi bei au kutosoma kabisa lakini pia kusoma bei ndogo,"" alisema Kihulla. Akizungumza kwenye banda lao katika viwanja hivyo, Kihulla alisema wasambazaji wa mita hizo walioidhinishwa wanafahamu takwa hilo na kwamba mamlaka ya maji inapaswa kununua mita au dira zilizohakikiwa na WMA na kuwafungia wateja wake. ""Wananchi wengi hawafahamu hili na ndio maana tuko hapa viwanjani kuwaelimisha ili kuondokana na kufungiwa mita isiyo sahihi itakayomletea bili ya maji yenye utata,"" alisema Kihulla. Alisema mamlaka inayomfungia mteja mita ya maji ambayo haijahakikiwa ni kosa kisheria na adhabu yake ni faini ya kuanzia laki moja hadi Sh milioni 20 kwa kosa moja na kuwataka wananchi kuhakikisha kabla ya kufungiwa mita waikague kuona ina lakiri iliyoandikwa WMA na kuwa na namba.""Kagueni mita zenu za maji mlizofungiwa kwa wale ambao tayari mmeshafungiwa lazima iwe na lakiri yenye nembo ya WMA pamoja na namba pia inawezekana hii ni ya lazima, lakini pia unaweza kukuta lakiri nyingine ya mamlaka inayokufungia maji, cha msingi na muhimu ni lazima iwe kwanza na hiyo yenye nembo yetu,""alisema. Kihulla alisema WMA imenunua mtambo wa kisasa wa kupima na kuhakiki mita zote za maji kabla havijafungwa kwa mteja na kwamba mtambo huo umefungwa kwenye kituo cha Wakala huyo kilichopo MIsugusugu Pwani ambapo kwa siku kina uwezo wa kuhakiki mita 400. Aidha, alisema kuanzia mwishoni mwa mwaka jana hadi sasa WMA wameshahakiki na kupima mira 57,000 ambazo zinaletwa kwao na wasambazaji walioidhinishwa kufanya kazi hiyo.""Sheria inawataka wauzaji na wasambazaji wote wa mita za maji kuhakikisha wanazileta kwetu kuzipima na kuzihakiki kasha tunaziweka lakiri iwapo ziko sawa, ndio wasiuze kwenye mamlaka husika ambao nao wanapaswa kuhakikisha wamenunua mita zilizohakikiwa na kuwekwa lakiri, vinginevyo wateja msikubali kufungiwa mira isiyohakikiwa,"" alisema Kihulla.",kitaifa,kitaifa,biashara,0.8067
SW393,"Shirikisho la Filamu Tanzania (TAFF) linatekeleza mchakato wa marekebisho ya katiba na limetoa siku 30 kwa wadau na wanatasnia ya filamu nchini kutoa maoni yao kwa rasimu ili kuwa na katiba yenye tija kwa tasnia hiyo. Rasimu ya TAFF iliundwa na kupelekwa kwa wadau na baada ya kikao cha utendaji kazi kati ya Bodi ya Filamu Tanzania, Basata na TAFF, ikaazimiwa upatikanaji wa katiba. Rais wa TAFF, Simon Mwakifamba, alisema hayo jana Dar es Salaam na kuongeza kuwa, ukusanyaji maoni utajumuisha wadau mbalimbali na wanatasnia ili kuboresha sekta ya filamu nchini.""Nitoe mwezi mmoja tu tangu siku ya leo (jana). Rasimu itapatikana kupitia njia mbalimbali iki- wamo kwenye ukurasa maalum wa Facebook, kusambazwa kwa njia mbalimbali za mitandao,"" alisema Mwakifamba. Alisema baada ya kupokea maoni, kupitia kikao cha bodi, TAFF itaitisha mkutano mkuu wa wanachama wake kwa ajili ya ajenda kuu moja kisha kuipitisha ama kuikataa rasimu ya katiba hiyo pendekezwa. Alisema TAFF inawaomba wote wenye nia njema wasisite kutoa mawazo yao ili kuujenga umoja huo wa wenye tasnia ya filamu Tanzania ili kuifanya kuwa yenye mchango katika sa- fari ya Tanzania kuwa na uchumi wa kati kufikia mwaka 2025. Mbali na wadau kutakiwa kutoa maoni ya rasimu ya katiba, alisema TAFF inajivunia kuipi- gania Sera ya Filamu Tanzania tangu mwaka 2014 kwa kiasi na serikali imeshatoa ahadi kwamba kabla mwaka huu haujaisha ita- kuwa tayari imeshapatikana. Alisema pia katika sekta ya sanaa bunifu, shirikisho hilo linaendelea kufanya utafiti kuhusu sera ya miliki bunifu (IP) ambayo inalenga kuwa na maboresho makubwa katika tasnia ya filamu. Alisema shirikisho hilo lilianzishwa na wadau wa tasnia ya filamu Tanzania, kisha kupewa baraka za utendaji kazi kwa usajili namba BST 4536 wa mwaka 2010 wa Baraza la Sanaa la Taifa (Basata) linalofanya kazi chini ya sheria ya serikali ya uendeshaji wa Tasnia ya sanaa nchini namba 4 ya mwaka 1984.",michezo,michezo,kitaifa,0.793
SW5024,"UBALOZI wa Uswisi nchini umetoa zaidi ya Sh Milioni 170 kwa vikundi vitano vya sanaa vilivyoshinda wito wa mapendekezo ya taka yangu, hazina yangu. Mapema mwaka huu, Shirika la Maendeleo na Ushirikiano la Uswisi kupitia programu yake ya utamaduni, limetoa wito huo unaolenga kuhamasisha jamii juu ya umuhimu wa kuhifadhi mazingira kupitia sanaa. Akizungumza jana kwenye hafla fupi ya uzinduzi wa vikundi hivyo, Balozi wa Uswisi nchini Florence Mattli amesema taka yangu, hazina yangu inatoa wito kwa kila mtu kuangalia taka kwa mtizamo tofauti.""Taka nyingine bado zinaweza kuwa na thamani iwapo zitatumika tena kwa njia nyingine, lengo la mradi huu ni kutafakari kwa kutumia sanaa juu ya tabia zetu na wajibu wetu kama raia, namna tunavyotumia na kutupa inaweza kuwa na athari katika mazingira yetu,""alisema. Alitaja vikundi vilivyoshinda kupitia miradi mbalimbali kuwa ni Makumbusho ya Taifa, CDEA, Chuma Art Workshop, Alama Art and Media Production na Wasanii 14.""Ubalozi wetu umekuwa ukichangia katika kuendeleza masuala mbalimbali ya utamaduni wa Tanzania tangu mwaka 2005. Nchi ya Uswisi hutoa asilimia moja ya bajeti yake ya maendeleo kuunga mkono sekta hiyo,""amesema. Mmoja wa wanufaika walioshinda Mkurugenzi wa Makumbusho na nyumba ya Utamaduni, Achiles Bufure alisema wanatarajia kuwafundisha wasanii kuzalisha kazi zinazoweza kubadilisha takataka kuwa kitu kingine. Rais wa Shirikisho la Sanaa za Ufundi Tanzania (Tafca), Adrian Nyangamalle amewaasa waliofanikiwa kupata fedha hizo kwenda kuzitumia kama walivyokusudia. Alisema fedha walizopata zitumike kama madaraja, lengo ni kuhusisha wasanii wengi walioko mtaani. Ameushukuru Ubalozi wa Uswisi kwa kuona kwamba takataka zinaweza kutumika kutengeneza ajira kwani itaendana na dhana ya serikali ya viwanda na watu wanaweza kupata ajira kupitia miradi hiyo.",michezo,michezo,kitaifa,0.7881
SW4400,"Mkuu wa Doria za Idara ya Maendeleo ya Uvuvi, Haji Shomari alisema katika taarifa yake kuwa samaki wameanza kuingia kwa kuzaliana katika eneo hilo. Shomari alisema utafiti uliofanywa, unaonesha kuwa katika eneo la ghuba, idadi ya samaki wameongezeka. Alisema hiyo pia ni kwa mujibu wa wavuvi wanaovua samaki hao na kuwapeleka sokoni.""Tumefanya utafiti tangu kuwekwa kwa matumbawe hayo bandia mwaka jana, tumegundua kwamba yameanza kuzalisha samaki huku wavuvi wenyewe wakipata samaki wengi zaidi,"" alisema. Mvuvi mmoja wa Kijiji cha Marumbi Wilaya ya Kati Unguja, Shaaban Zubeir alisema matumbawe bandia yameleta faraja kubwa na matumaini mapya kwa wavuvi wa ghuba ya Chwaka na Marumbi, ambao sasa wamekuwa wakipata kipato kizuri kutokana na samaki.""Tunaipongeza Idara ya Maendeleo ya Uvuvi kwa kuleta mradi wa matumbawe bandia ambayo yameleta faraja kubwa na mabadiliko katika sekta ya uvuvi kwa wananchi kupata mapato zaidi ya samaki,"" alisema. Idara ya Maendeleo ya Uvuvi imebuni mradi wa matumbawe bandia, yaliyowekwa baharini kwa ajili ya kuingiza na kuzalisha samaki wapya, kufuatia eneo hilo kuathirika na uvuvi haramu.",biashara,biashara,kitaifa,0.7871
SW6028,"KIWANJA cha Ndege cha Lindi kinatarajiwa kuvutia biashara na uwekezaji ndani ya mkoa huo. Hayo yamesemwa na Mkuu wa Mkoa wa Lindi, Godfrey Zambi wakati alipozungumza na waandishi wa habari kutoka Kampuni ya Magazeti ya Serikali (TSN). Zambi alisema ingawa kiwanja hicho kinaendelea kutumika kwa ndege chache hasa za viongozi, kinatarajiwa kuingia katika matengenezo makubwa wakati wowote hali itakayoruhusu kutua ndege nyingi na kubwa kutoka maeneo mbalimbali ya ndani na nje ya nchi. Alisema kiwanja hicho tayari kimekabidhiwa kwa Wakala wa Barabara Tanzania (Tanroads) kwa ajili ya ujenzi wa kisasa utakaoruhusu ndege za ukubwa wowote kutua hali itakayochangia kuwa na watalii wengi watakaoutembelea mkoa huo mashuhuri duniani. Zambi alisema moja ya maajabu ndani ya kiwanja hicho ni kutokana na uwepo wa njia tatu tofauti za kuruka na kutua ndege na kuongeza kuwa kutokana na hali hiyo, kiwanja hicho hakitaruhusu ndege kushindwa kutua au kuruka kwa sababu za hali ya hewa tofauti na mikoa mingine. Meneja wa Wakala wa Barabara Tanzania (Tanroads) Mkoa wa Lindi ambaye amekabidhiwa kiwanja hicho kwa ajili ya ujenzi, Isaac Mwanawima amesema Mkoa wa Lindi una viwanja vitatu vya ndege ambavyo ni kiwanja cha ndege cha Nachingwea, Kilwa Masoko na Kiwanja cha Ndege cha Lindi. Alisema usanifu umekamilika katika viwanja viwili ambavyo ni Kiwanja cha Ndege cha Kilwa Masoko na Kiwanja cha Ndege cha Lindi ambacho kitajengwa kwa kuzingatia njia tatu za kuruka na kutua ndege kama kilivyosanifiwa wakati wa ukoloni. Akizungumzia ujenzi wa njia tatu za kuruka na kutua kwa ndege, Mwanawima amesema hali hiyo ni ya kipekee katika kiwanja hicho kutokana na hali ya upepo Mkoa wa Lindi kubadilika mara kwa mara. Alisema kutokana na tatizo hilo, ujenzi wake utalazimu kuweka njia hizo ili kumfanya rubani kutua au kupaa kutokana na mwelekeo wa upepo kwa wakati huo. ""Kwa kuweka njia tatu za kuruka na kutua kwa ndege kutarahisisha upepo ukibadili mwelekeo rubani atachagua njia itakayokuwa salama ama kutua au kupaa ili kuepuka usumbufu,"" amesema Mwanawima. Mwanawima alisema viwanja vya Lindi na Kilwa Masoko usanifu wake umekamilika kinachosubiriwa sasa ni kibali kwa ajili ya kuanza kazi za ujenzi ambapo kikikamilika kitavutia wasafiri wengi kwenda katika Mkoa wa Lindi kwa ajili ya biashara, uwekezaji na utalii. Kwa upande wa Kiwanja cha Ndege cha Nachingwea, Mwanawima amesema hakijafanyiwa usanifu, lakini kinatarajiwa kufanyiwa ukarabati ambapo kitapandishwa hadhi hadi kufikia kiwango cha changarawe.",biashara,biashara,kitaifa,0.7785
SW6273,"Kanisa na Kiinjili la Kilutheri (KKKT) Dayosisi ya Magharibi Kati limesema, wananchi wa Tabora wanaishi kwenye lulu na kama kuna umasikini si wa vitu ila wa akili. Askofu wa kanisa hilo, Dk. Isaack Laizer amesema mjini Tabora kuwa, atashangaa sana akiona watu kutoka nje ya Tabora wanakwenda mkoani humo kuzitumia fursa na kukuta wakazi wa hapo wanashangaa tu.""Kuna watu, anaketi kitandani anasema Biblia inasema ombeni nanyi mtapewa, bisheni nanyi mtafunguliwa, anaketi kitandani anasema kwa jina la Yesu gari lije, katika jina la Yesu pesa zijae, ndugu zangu hiyo ni bangi"" amesema. Dk Laizer amesema, mabadiliko ni mchakato na ametoa mwito kwa wananchi wa Tabora waamke wazitumie fursa zilizopo kwa kuwa baada ya miaka mitatu ijayo watatafuta ardhi na hawataipata.""Ngoja niwaambie, neema haiji wakati wote, kuna wakati wa neema na kuna wakati neema inatoweka... utashangaa baada ya miaka miwili influx ya watu itakuwa kubwa, kwa nini, kuna maji ya uhakika, kuna barabara , kuna umeme, na nimeshangaa sasa hata barabarani kuna taa za umeme, taa za kuongoza magari, nilipokuja hapa Tabora hazikuwepo"" amesema Dk. Laizer. Amesema Tabora panafaa kwa sababu kuna ardhi ya kutosha, inapatikana kwa gharama ndogo, kuna eneo la kutosha la malisho ya mifugo, miundombinu mizuri, umeme wa uhakika, maji, mazao mengi na hajawahi kuona sehemu yenye asali kama Tabora na kwamba zao hilo la nyuki ni lulu.""Nataka niwaambie watu wa Tabora mnaishi kwenye lulu, watu wa Mungu nataka niseme Tabora panafaa, kama kuna mtu anakuambia Tabora hapafai huyo hakutakii mema, Tabora panafaa... watu wa Tabora naomba mfahamu ya kwamba Tabora panafaa"" amesema. Kwa mujibu wa kiongozi huyo wa kanisa, mwaka jana alipochaguliwa kwenda kufanya kazi Tabora alikataa na kulikuwa na kauli za kumkatisha tamaa, roho mtakatifu akamweleza aende, na baada ya kuishi huko amebaini kuwa Tabora panafaa na hataondoka.""Hapa Tabora panafaa, haondoki mtu hapa, eeh haondoki mtu, tutabanana huku Tabora mpaka kieleweke... haondoki mtu hapo, hasogei mtu hapo, Arusha bai bai""amesema Dk. Laizer. Amesema ili kuthibitisha azma yake, alikwenda kijijini akawaeleza anataka kuwa Msukuma, akaketishwa chini, yeye ni sehemu ya familia ya Wasukuma na sasa jina lake ni Askofu Masanja. Amemshukuru Mkuu wa Mkoa wa Tabora, Aggrey Mwanri kwa kumpa fursa ya kuwa sehemu ya maandalizi ya Jukwaa la Fursa za Biashara Tabora litakalofanyika Novemba 21 hadi 23. Dk. Laizer amesema, Tanzania ni nchi nzuri, ina rasilimali za kutosha na kama zingetumika vizuri nchi hii isingekuwa kwenye orodha ya nchi masikini duniani.""Naishukuru Serikali kwa kuchukua hatua madhubuti za kuhakikisha kwamba rasilimali za Watanzania zinatumiwa na Watanzania wenyewe. Ninajua vita hi sio rahisi, ni vita vya kutoana macho...""Nashukuru sana jitihada za mheshimiwa Rais na Serikali yake kwa kutuingiza kwenye mkakati wa viwanda na uchumi wa kati jambo ambalo kwa hakika litatutoa kutoka sehemu moja kwenda nyingine"" amesema. Dk. Laizer ametoa mwito kwa madhehebu ya dini na Watanzania kwa ujumla waende kuwekeza Tabora na amewaomba wajasiriamali na wafanyabiashara mkoani humo wakae chonjo kwa kuwa baada ya muda mfupi mji huo utajaa.",biashara,biashara,kitaifa,0.7726
SW1958,"Hatua hiyo inaenda sambamba na kuboresha masuala mbalimbali, ikiwemo utoaji huduma ambao unalalamikiwa na watalii wengi na kuboresha ulinzi na usalama. Akifungua Kamati ya Huduma za Watalii (TFC) inayoshirikisha wadau mbalimbali wa kutoa huduma kwa watalii, alisema kwa mwaka jana watalii milioni 1.1 waliingia nchini.""Hii inaanzia katika hati za kusafiria kwa watoa huduma za usafiri na hoteli, upatikanaji wa chakula na kuboresha miundombinu,"" alisema. Alisema wizara inaandaa utaratibu mpya wa kutoa mafunzo kwa vitendo kwa wataalamu, wanaoanza kufanya kazi na baadaye ndipo waingie darasani. Alisema hatua hiyo itaongeza mapato, yatokanayo na utalii. Alisema mwaka jana utalii uliingiza zaidi ya Sh trilioni moja, hivyo kuongeza pato la taifa. Akizungumzia ulinzi na usalama kwa watalii, Mkuu wa Kitengo cha Usalama wa Diplomasia na Watalii, Benedict Kitarike alisema vitendo vya watalii kuvamiwa nchini, vimekuwa vikipungua kila mwaka. Kitarike alisema matukio ya uvamizi, hufanywa mara nyingi na madereva teksi, ambao hushirikiana na wavamizi. Alisema Jeshi ya Polisi limetoa elimu kwa madereva hao na limeandaa mikakati kukomesha uvamizi.",biashara,biashara,kitaifa,0.7682
SW4651,"UONGOZI wa Shirika la Taifa la Hifadhi ya Jamii (NSSF) umetembelea kiwanda cha sukari cha Zanzibar kilichopo Mahonda Wilaya ya Kaskazini B Unguja, kinachomilikiwa na Kampuni ya Shanta Sugar Holding Ltd. Akizungumza wakati wa ziara hiyo, Mkurugenzi wa Mipango, Uwekezaji na Miradi wa NSSF, Gabriel Silayo aliushukuru uongozi wa kiwanda cha sukari Zanzibar kwa kuwapatia fursa ya kujifunza stadi za kilimo cha miwa na uendeshaji wa kiwanda cha sukari.""Tunaushukuru uongozi wa kiwanda cha sukari Zanzibar kwa fursa hii ya kujifunza, NSSF tunatekeleza shughuli kama hii kule Mkulazi ambapo tayari tumeshalima shamba la miwa lenye ukubwa wa hekta 1,200 na tupo katika hatu za mwisho za kuanzisha ujenzi wa kiwanda cha sukari,"" alisema Silayo. Meneja Uhusiano wa Kiwanda cha Sukari Zanzibar, Frank Mtui alisema kiwanda hicho kiliazishwa mwaka 1974, lakini kilisimama kufanya kazi na mwekezaji mpya aliingia mwaka 2013 na kuanza shughuli za uwekezaji mwaka 2015. Alisema kiwanda hicho kina uwezo wa kuzalisha tani 30,000 kwa mwaka, lakini kutokana na changamoto mbalimbali zinazowakabili, ikiwemo ufinyu wa ardhi kiwanda hicho kina zalisha tani 8,000 kwa mwaka. NSSF kwa kushirikiana na Jeshi la Magereza, wameanzisha Kampuni ya Mkulazi Holding Company Limited inayoendesha mashamba ya Mbigiri mkoani Morogoro, ambako kunatarajiwa kujengwa kiwanda cha sukari.",kitaifa,kitaifa,biashara,0.7676
SW2106,"JUKWAA la Fursa za Biashara na Uwekezaji mkoani Tabora linamalizika leo baada ya kufanyika kwa siku tatu mfululizo. Limekuwa ni jukwaa la kwanza kati ya saba yaliyokwishafanyika, kuhudhuriwa na Waziri Mkuu, Kassim Majaliwa pamoja na mawaziri wengine watatu kwa mpigo. Ni jukwaa ambalo pia lilitia fora kwa kuhudhuriwa na wabunge wengi kulinganisha na mengine yaliyotangulia. Mawaziri waliohudhuria Jukwaa la Tabora ni Waziri wa Habari, Utamaduni, Sanaa na Michezo, Dk Harrison Mwakyembe, Waziri wa Viwanda, Biashara na Uwekezaji, Joseph Kakunda na Naibu Waziri, Ofisi ya Rais, Tawala za Mikoa na Serikali za Mitaa (Tamisemi), Mwita Waitara. Jukwaa la Tabora, kama mengine yaliyotangulia, huandaliwa na Kampuni ya Magazeti ya Serikali (TSN) kwa kushirikiana na mikoa husika. Mpaka sasa mikoa iliyokwisha fanya majukwaa hayo ukiondoa Tabora ni Simiyu, Mwanza, Geita, Arusha, Tanga na Zanzibar. Kwa mujibu wa Kaimu Mhariri Mtendaji wa TSN, Tuma Abdallah, TSN iliamua kuandaa majukwaa hayo ili kutoa mchango wake katika kuibua fursa mbalimbali za mkoa husika. Anasema kampuni hiyo katika kuandaa majukwaa hayo hutuma timu yake ya waandishi wa habari kwenda kwenye mkoa husika na kutafuta habari zinazoibua fursa za kiuchumi, biashara na uwekezaji na kuzitangaza kupitia vyombo vyake vya habari. Anasema moja ya vitu TSN ilivyogundua kupitia majukwaa hayo ni utayari mkubwa wa wananchi katika kujitafutia maendeleo yao. TSN ni wachapishaji wa magazeti ya Daily News, HabariLeo, Spotileo na pia hutangaza habari zake kupitia mtandao ya kijamii na chaneli ya Youtube ya Daily News Digital. Kutokana na jitihada hizo za TSN za kuibua fursa za kiuchumi katika mikoa mbalimbali, Waziri Mkuu, Majaliwa, wakati akifungua jukwaa la biashara Tabora juzi alisema serikali inafarijika kwa kazi kubwa na nzuri inayofanywa na TSN. Anasema kampuni hiyo imeendelea kutekeleza wajibu wake kwa ufasaha kwa kuhabarisha na kuelimisha jamii kupitia majukwaa ya fursa za biashara na uwekezaji ya mikoa. Anasema TSN imekuwa ikiandaa majukwaa hayo kwa miaka miwili sasa na kwamba katika mikoa yote walikopita, TSN imeibua fursa za biashara na uwekezaji na kuzitangaza kwa kuziandika kwenye vyombo vyake vya habari na pia kuzitangaza kupitia majukwaa hayo wanayoyaandaa. ""Majukwaa haya yamesaidia sana kupata wawekezaji mbalimbali. Lakini pia yamekuwa na faida nyingi mfano kusaidia upatikanaji wa mitaji, teknolojia, ajira na kuongeza mapato ya serikali,"" anasisitiza Waziri Majaliwa. Alisema hata Rais John Magufuli na Makamu wa Rais, Samia Suluhu Hassan, walikuwa wanajua uwepo wa Jukwaa la Biashara Tabora na hivyo kumtuma alete salamu nyingi kwa wananchi wa mkoa wa Tabora na waandaaji wa jukwaa hilo. Ni kwa msingi huo, Waziri Mkuu anaihimiza kampuni hiyo ya magazeti ya serikali kuendelea kuandaa majukwaa hayo ya biashara na fursa za uwekezaji katika mikoa mingine. ""Ni matumaini yangu kuwa kila baada ya jukwaa kama hili (la Tabora lililokutanisha watu zaidi ya 500), kutafanyika tathmini za kina na kupima matokeo yaliyotarajiwa.""Ni matumaini yangu pia kwamba siku nyingine mtaandaa haya majukwaa hadi mikoa ya kule..."" anasema Waziri Mkuu akiacha fumbo ambalo wafumbuaji wanasema alimaanisha mikoa ya Kusini ambayo kwa muda mrefu imekuwa ikidaiwa kuwa nyuma kimaendeleo licha ya kuwa na raslimali lukuki. Waziri Mkuu pia anatoa wito kwa TSN kwamba baada ya kukamilisha majukwaa ya mikoa iangalie uwezekano wa kuandaa majukwaa hayo katika ngazi za wilaya na ngazi ya kisekta.""Kwa mfano katika ngazi ya kisekta mnaweza kuangalia zao moja la kilimo, au mkaangalia madini, ufugaji au ujasiriamali ili msaidie kuziibua na kuzitangaza fursa zilizopo kwenye sekta husika kama mnavyofanya sasa,"" anafafanua. Waziri Mkuu pia anaziagiza idara zote za serikali katika ngazi za mikoa na wilaya kushirikiana katika kubuni njia zitakazosaidia kuibua fursa zilizopo ili zipate uwekezaji haraka. Anasema suala la uchumi wa viwanda ndio azma ya serikali ya awamu ya tano chini ya Rais John Magufuli ambayo imeazimia kufikia uchumi wa kati kupitia viwanda ifikapo 2025.""Mikoa yote lazima ijikite katika kufikia azma hii, lengo ni kujenga fursa za ajira. Uchumi utakapokua utaiwezesha serikali kutengeneza mipango ya maendeleo ya wananchi,"" anasema. Anafafanua kuwa jitihada hizo zitasaidia upatikanaji wa ajira kwa vijana wanaohitimu masomo na kozi mbalimbali na hivyo kutumia rasilimali na fursa zilizopo kuzalisha mali. Anasema uchumi wa viwanda unaojengwa nchini, unategemea zaidi rasilimali zinazozalishwa na wakulima wadogo, wa kati na wakubwa. Anaagiza kwamba fursa zote za biashara na uwekezaji zilizobainishwa kupitia Jukwaa la Tabora ziandaliwe na kuandikwa vizuri ili wenye mitaji kutoka ndani na nje ya nchi wazione na kuja kuwekeza. Katika mkoa huo wa Tabora fursa lukuki zilibainishwa mbele ya Waziri Mkuu huku ikielezwa kwamba mpaka sasa ardhi inayotumika kwa makazi, kilimo na uwekezaji mkoani Tabora ni asilimia 50 tu ya ardhi yote inayofaa kwa mambo hayo. Ikaelezwa kwamba Tabora kwa sasa ina miundombinu bora zikiwemo barabara za lami zinazounganisha mkoa wa Tabora na mikoa mingine, reli ya kati lakini pia ujenzi wa reli ya kisasa (SGR). Fursa nyingine inayotajwa ni itokanayo na misitu na mazao yake kama vile uzalishaji wa mbao, asali na nta. Pia zinatajwa fursa za utengenezaji wa samani kwa kiwango cha kimataifa, kilimo cha tumbaku, mpunga, zao mkakati la korosho, alizeti, karanga pamoja na pamba. Majaliwa anaigeukia mikoa mingine akisema: ""Nitoe wito kwa viongozi wote wa mikoa yote nchini, wahakikishe wanashirikiana na makundi yote, kuzibaini fursa, kuziorodhesha na kuzitangaza kwenye vyombo vya habari na majukwaa ya biashara na uwekezaji bila kukawia.""Anasema fursa za uwekezaji nchini ni nyingi na serikali ya awamu ya tano imetengeneza mazingira mazuri na wezeshi ya uwekezaji na ufanyaji biashara ikiwemo kuanzisha benki mbalimbali kwa ajili ya kutoa mikopo. ""Sote tunatambua juhudi za serikali katika kusaidia maendeleo ya kilimo nchini. Serikali kwa makusudi imeunda Benki ya Maendeleo ya Kilimo Tanzania (TADB) ili kusaidia wakulima. Naomba tuitumie benki hii vizuri kwani ipo tayari kutoa mitaji kwa wanaotaka kuwekeza katika kilimo na ufugaji,"" anabainisha. Pamoja na benki hiyo, Waziri Majaliwa anaipongeza benki ya NMB kwa kutenga kiasi cha Sh bilioni 500 kwa ajili ya kilimo.""Na jambo zuri ni kwamba Tabora imenufaika na Sh bilioni 30 kupitia fedha hizo,"" anasema Kwa upande wake, Waziri wa habari, Dk Mwakyembe, anaeleza namna majukwaa hayo ya fursa za uwekezaji na biashara yanavyoendelea kuleta manufaa nchini na kwamba kadri yanavyoendelea kufanyika ndiyo yanavyoboreka zaidi. Waziri wa Viwanda, Biashara na Uwekezaji, Joseph Kakunda. anaipongeza kampuni ya TSN kwa kuandaa jukwaa hilo, ambalo limezitangaza na kuziibua fursa za uwekezaji na biashara za Tabora. ""Nakiri mbele yako, hakuna washauri wazuri kama watalaamu katika tasnia ya habari kwani kazi yao inagusa kwa weledi kila sekta,"" anasema. Anawataka wananchi wa Tabora kufanyia kazi fursa zilizoibuliwa wakati wa jukwaa hilo ili kukuza uchumi wao na taifa kwa ujumla. Naibu Waziri, Ofisi ya Rais (Tamisemi), Mwita Waitara, anapongeza hatua ya kuandaliwa kwa jukwaa hilo akisema ni kutekeleza maagizo ya viongozi wakuu wa nchi wa kuhakikisha kila mkoa unakuwa na viwanda angalau 100. Akimwakilisha Waziri wa Tamisemi, Selemani Jafo, Waitara anasema tathamini iliyofanywa huko nyuma ilionesha kwamba viwanda vilivyoanzishwa vilikuwa viwanda 2,280 sawa na asilimia 46 lakini katika tathmini itakayofanyika baadaye mwakani, matarajio ni kuwa na viwanda asilimia 90. Tangu aingie madarakani mwishoni mwa mwaka 2015, Rais John Magufuli alitangaza kwamba serikali yake imedhamiria kujielekeza katika kujenga uchumi wa kati unaotegemea viwanda ifikapo mwaka 2025.",kitaifa,kitaifa,biashara,0.7348
SW2483,"TANZANIA imefanya maboresho makubwa na kutengeneza mazingira rahisi ya uwekezaji kwa ajili ya mtu yeyote kuwekeza nchini bila usumbufu. Waziri Mkuu, Kassim Majaliwa ameliambia Bunge jana kwamba miongoni mwa mazingira hayo ni pamoja kuweka mfumo wa kielektroniki, unaowezesha wawekezaji kuomba leseni, ardhi na ithibati ya uwekezaji kutoka popote walipo bila kulazimika kufika nchini. Alisema hayo wakati akijibu swali la papo kwa hapo la Mbunge wa Viti Maalumu, Jasmine Tiisekwa (CCM), aliyetaka kusikia kauli ya serikali kuhusu wawekezaji wanaosumbuliwa. ""Serikali ya Awamu ya Tano imejielekeza katika uchumi wa viwanda na kuweka mazingira ya uwekezaji. Hata hivyo wawekezaji wengi wanasumbuliwa. Nini kauli ya serikali kuhusu suala hilo?"" Alihoji Tiisekwa. Waziri Mkuu alisema ni kweli nchi imejikita katika kuboresha uchumi wake wa viwanda, ambavyo vinatoa fursa kwa Watanzania na mtu yeyote kutoka nje kuja kuwekeza. Akielezea maboresho yaliyofanyika, alisema awali serikali ilikuwa ikitumia Kituo cha Uwekezaji (TIC), lakini Rais ameanzisha wizara maalumu ya uwekezaji na kuteua waziri na katibu mkuu kusimamia uwekezaji kwa ukaribu zaidi, kuondoa usumbufu kwa wawekezaji. Januari mwaka huu Rais John Magufuli alimteua Angellah Kairuki kuwa Waziri wa Nchi, Ofisi ya Waziri Mkuu anayeshughulikia Uwekezaji. Majaliwa alisema wamefikia hatua nzuri kwa kutengeneza andiko maalumu linaloonesha njia rahisi za uwekezaji nchini kuondoa usumbufu. Kituo cha Uwekezaji (TIC) kimeboreshwa kwa kukaribisha wizara zote zinazoguswa na uwekezaji kwa kuwa na mtu wao kuwezesha mwekezaji anapofika kupata huduma zote karibu. Alisema zipo takribani idara 11 za kuhudumia wawekezaji. Waziri mkuu alitaka wilaya na mikoa kutenga ardhi kwa ajili ya uwekezaji.",kitaifa,kitaifa,biashara,0.7266
SW4704,"WAKATI wasanii wakiandaa tamasha la kumkumbuka Baba wa Taifa, hayati Mwalimu Julius Nyerere, mtoto wake, Makongoro Nyerere amewaeleza wasanii jinsi alivyoshiriki vita kati ya Tanzania na Kagera, wakati baba yake hajui alipo. Alisema hayo baada ya viongozi wa mashirikisho ya wasanii walipotembelea nyumbani kwa Baba wa Taifa, eneo la Msasani jijini Dar es Salaam. Shirikisho hizo ni pamoja na upande wa sanaa za maonesho,ufundi,muziki na filamu. Wasanii hao walifika nyumbani hapo kwa lengo la kuishukuru familia ya Nyerere kwa mchango mkubwa wa Baba wa Taifa aliouonesha kwa taifa na Afrika kwa ujumla, ikiwemo kutumia wasanii katika harakati mbalimbali. Akizungumza, Makongoro alianza kwa kuwauliza wasanii hao iwapo wangependa kusikia ratiba ya kila siku ya Mwalimu Nyerere wakati wa uhai wake,na walipoitika kwa furaha na nderemo ndipo alipoanza kueleza. Kuhusu kwenda vitani, Makongoro alisema alishiriki kama kijana kutoka katika makundi ya Jeshi la Kujenga Taifa (JKT) na akiwa nchini Uganda alipata nafasi ya kuwasiliana kwa njia ya simu na ndugu zake nyumbani, bila baba yake ( Nyerere) kukumbuka alikokuwa. Hata hivyo alisema wakati akiendelea kuwasiliana na ndugu zake, ambao walikuwa wakigombania kupokea simu katika muda ambao baba yake alikuwa amesharudi nyumbani akitokea Ikulu ndipo alipouliza kila siku mnazungumza na nani na kwa nini mnagombea simu.""Ndugu zangu walimjibu kuwa wanazungumza na kaka Makongoro, ambapo aliuliza kwani yuko wapi, huku ndugu zangu wakishangaa walimjibu yuko Kampala na kisha kuuliza anafanya nini huko, kesho akipiga simu nipeni nizungumze naye,"" alisema Makongoro huku wasanii wakishangilia kwa utendaji wa Mwalimu Nyerere. Makongoro aliongeza kuwa kesho yake alivyopiga simu aliisikia sauti ya baba yake katika simu (Mwalimu Nyerere), ambapo alimuuliza unafanya nini huko na Makongoro alimjibu, lakini hakumalizia kueleza kilichoendelea. Kuhusu ratiba ya siku nzima kwa wakati wa uhai wake, alisema alikuwa akiamka alfajiri mapema akifanya mazoezi, huku akienda kanisani kwa ajili ya kusali kila siku kabla ya kwenda ofisini ambapo ilikuwa ni Ikulu. Alisema jambo kubwa alilojifunza kwa baba yake ni pamoja na kujali muda, lakini pia kufanya maamuzi yakishirikisha pande mbalimbali na kwa makubaliano. Kuhusu wasanii hao, Rais wa Shirikisho la Muziki Tanzania, Ado Novemba alisema walikwenda nyumbani kwa mwalimu kwa ajili ya kushukuru mchango wa Mwalimu Nyerere kwa tasnia ya sanaa nchini.",michezo,michezo,kitaifa,0.7191
SW2715,". Baraza la Seneti nchini Marekani limemuondolea Rais Donald Trump wa nchi hiyo mashtaka yaliyokua yakimkabili, na hivyo kumaliza mchakato wa kumuondoa madarakani. Baraza hilo linaloongozwa na Chama Cha Republican cha Rais Trump, lilipiga kura 52 dhidi ya 48 kuhusu mashtaka ya matumizi mabaya ya madaraka na kura 53 dhidi ya 47 kuhusu mashtaka ya kuzuia bunge kufanya kazi yake. Rais Trump alikua akikabiliwa na tuhuma za kuishinikiza Ukraine kumchunguza kwa siri mpinzani wake wa kisiasa Joe Biden. Endapo angekutwa na hatia kwa kosa lolote kati ya hayo, Trump angelazimika kukabidhi madaraka yake kwa Makamu wa Rais wa nchi hiyo Mike Pence.",kimataifa,kimataifa,kitaifa,0.7168
SW235,"Hayo yamesemwa na Diwani wa kata ya Mkuranga Mjini, Muhidini Abdallah kwa niaba ya Mbunge huyo kwenye mkutano mkuu wa mwaka wa chama cha soka wilaya hiyo ulifanyika ukumbi wa Parapanda na kuhudhuriwa na wajumbe wa mkutano mkuu. Diwani huyo alisema wanadhamira ya kushirikiana na chama cha soka wilayani humo (MDFA) kwa ajili ya kusaidia ukuaji na ustawishaji mpana na maendeleo ya soka wilayani humo.""Unajua Mkuranga tunaweza kufika mbali kisoka na timu zetu zinaweza kucheza Ligi Kuu kwani tunaweza kuonesha maajabu kipindi hiki hivyo tunatakiwa kufanya jitihada za makusudi katika kuinua na kuendeleza soka wilayani kwetu nami kama mbunge nitaunga mkono,"" alisema Muhidini akimnukuu mbunge Ulega. Aidha katika kufanikisha ligi hiyo kuwa bora amewataka MDFA kuanza kuandaa bajeti maalumu wampelekee ili aone cha kusaidia na vijana wenye vipaji wanufaike. Mwenyekiti wa MDFA, Ibrahimu Husein amesema, kufanya mkutano mkuu ni jitihada kubwa zilizofanya na kamati ya utendaji yake kwa ushirikiano mzuri wa katibu mkuu wao, Shukuru Ngweshani hivyo wametimiza matakwa ya kikatiba",michezo,michezo,kitaifa,0.7149
SW2585,". Aliyekuwa Waziri wa Mambo ya Nje katika Serikali ya awamu ya Nne na kada wa Chama cha Mapinduzi (CCM) Bernard Membe amesema kuwa, kuhojiwa na Kamati ya Maadili ya chama chake ni faida kwake pamoja na ChamaAkizungumza nje ya Makao Makuu ya CCM jijini Dodoma Membe amesema kuwa, mahojiano na Wajumbe wa Kamati hiyo yamemfanya kuwa na amani. Amesema wakati wa mahojiano hayo amepata nafasi nzuri ya kujadili masuala ya Kitaifa na Kimataifa pamoja na kufafanua mambo kadhaa ambayo CCM ilitaka kuyajua.""Nimepata nafasi nzuri ya kutoa mawazo ya yale mambo nilioombwa kutoa mawazo, kwa hiyo sasa hivi mimi na mke wangu tunaenda kula chakula kizuri sana, lakini niwaambie safari hii ya kuja Dodoma ilikuwa na manufaa makubwa sana sana kwangu, kwa chama na kwa Taifa letu"", amesema Membe.",burudani,burudani,kitaifa,0.7122
SW4228,"SHIRIKA la Viwango Tanzania (TBS) limesema hatua ya serikali ya kurudisha kazi zote za chakula chini ya shirika hilo, limefanywa kwa wakati na tayari wameshaanza kupokea maombi mapya ya leseni na vibali vya chakula, kutoka kwa wafanyabiashara na wazalishaji wa bidhaa hizo. Akizungumza kwenye Maonesho ya 43 ya Kimataifa ya Biashara ya Dar es Salaam yanayoendelea kwenye Viwanja vya Sabasaba, Mkuu wa Kitengo cha Uhusiano wa TBS, Roida Andusamile (pichani) alisema TBS imepokea majukumu hayo na tayari wameshaanza kuyatekeleza. Awali, masuala ya chakula yalikuwa wakifanywa kwa sehemu pia na iliyokuwa Mamlaka ya Dawa na Chakula na Dawa (TFDA), hivi sasa Mamlaka ya Dawa na Vifaa Tiba (TMDA).""Unajua TBS sio kwamba tunapewa majukumu mapya kabisa, hapana tulikuwa tunafanya kwa sehemu yetu masuala ya chakula na mamlaka iliyokuwa ikishughulika na chakula na dawa nao walikuwa wanafanya kwa sehemu yao na tunazo mashine za kisasa za kupima vyakula na mambo mengine, sasa hili la kurudishwa kwetu moja kwa moja ni jema kwa sababu tuna uwezo nalo tangu mwanzo,"" alisema Andusamile. Alisema kuanzia Julai mosi mwaka huu, walianza kupokea maombi ya vibali na leseni kutoka kwa wazalishaji, wasambazaji na wafanyabiashara wa vyakula kwa sababu leseni walizokuwa nazo awali ziliisha muda wake Juni 30, mwaka huu hivyo kutakiwa kisheria kuomba kuhuisha leseni zao au kuomba upya vibali na leseni.",biashara,biashara,kitaifa,0.7101
SW6131,"KATIKA kuhakikisha inakamata fursa za kibiashara ndani na nchi jirani upande wa Kusini, Mamlaka ya Usimamizi wa Bandari Tanzania (TPA) imeelekeza nguvu katika mradi wa upanuzi wa bandari ya Mtwara wenye thamani ya jumla ya Sh bilioni 137. Tayari mradi huo unaokwenda sambamba na maboresho mengine, umeshafikia asilimia 25 ukihusisha ujenzi wa gati mpya, ujenzi wa gati kubwa, uchimbaji wa sehemu ya kugeuzia meli na ununuzi wa kitambo ya kisasa kwa ajili ya kuhudumia meli kubwa kwa kiwango cha kimataifa. Mbali ya kuhudumia mikoa ya Kusini, bandari hiyo iliyoanza kurejesha kasi ya kupokea shehena na meli kwa wingi, pia inahudumia nchi za Malawi, Zambia, Msumbiji na sehemu ya Jamhuri ya Kidemokrasia ya Kongo (DRC). Akizungumzia maboresho na mafanikio ya bandari hiyo kwa kipindi cha miaka mitatu ya serikali ya awamu ya tano chini ya Rais John Magufuli, Meneja wa Bandari hiyo, Nelson Mlali, alisema bandari ya Mtwara kwa sasa inafunguka zaidi kuliko kipindi cha nyuma kutokana na maboresho na utafutaji wa masoko. Alisema upanuzi wa bandari hiyo iliyokuwa na gati moja lenye urefu wa meta 385, ulichagizwa na ongezeko la shehena za mizigo inayohudumiwa bandarini hapo hadi kukaribia uwezo wa juu wa bandari hiyo pamoja na uwekezaji mkubwa katika sekta mbalimbali za kiuchumi unaoendelea katika mikoa ya kusini.""Bandari yetu kwa sasa ina uwezo wa kuhudumia tani 400,000 kwa mwaka na kwenye msimu wa korosho uliopita ambao ulikuwa na mavuno mengi uliongeza shehena hadi tani 377, 590, ambayo ukiangalia inakaribia uwezo wetu, hivyo tukaona uhitaji wa upanuzi ili tuendane na jitihada za serikali za kuvutia uwekezaji ambao kwa kiasi kikubwa utahitaji bandari kusafirisha mizigo na malighafi,"" alisema Mlali. Aliongeza kusema, wanategemea bandari ya Mtwara miaka kadhaa ijayo itakuwa na mizigo mingi kutokana na uwekezaji unaotarajiwa kufanyika katika mikoa ya kusini ikiwemo uzalishaji wa mpunga Kilwa, uzalishaji wa korosho, uchimbaji wa madini aina ya graphite na kilimo cha mihogo kwa ajili ya utengenezaji wa wanga ambapo zaidi ya hekta 3,000 zimetengwa. Makaa ya mawe yanatarajiwa pia kusafirishwa kwa wingi kwenda nje kupitia bandari hiyo inayogeuzwa kuwa ya kisasa zaidi, maboresho yanayokwenda sambamba na bandari nyingine zilizo chini ya usimamizi wa TPA, zikiwemo za Tanga na Dar ea Salaam. Alisema maboresho hayo yataiwezesha bandari hiyo kuhudumia meli kubwa za kimataifa zenye urefu wa hadi mita 211 kutokana na kuwa na gati imara itakayoweza kuhudumia tani 65,000 kwa wakati mmoja. Aliongeza kuwa upanuzi huo wa bandari utaipa uwezo wa kuhudumia hadi tani milioni moja kwa mwaka ambayo ni karibu mara nne ya uwezo wa sasa. Akizungumzia mafanikio yaliyotokana na mabadiliko ya uendeshaji katika miaka mitatu ya serikali ya awamu ya tano, Mlali alisema Bandari ya Mtwara imeongeza kasi ya ukuaji katika kuhudumia shehena za mizingo na kufikia asilimia 16 kwa mwaka kutoka asilimia 13 kwa kipindi cha miaka mitatu mfululizo. Akizunguzia ulinzi na usalama bandarini hapo, Mlali alisema katika bandari hiyo kuna ulinzi imara wa mizigo ya wateja, usalama wa eneo hilo pamoja na ulinzi wa miundombinu ya bandari.",kitaifa,kitaifa,biashara,0.7076
SW160,"Waziri Mwakyembe ametoa ojnyo hilo mjini Kigoma wakati anafunga mafunzo ya ngazi ya chini (Grass Root) ya ualimu wa mpira wa miguu kwa walimu kutoka shule za msingi na sekondari, ikiwa ni programu ya kuibua vipaji kuanzia ngazi za chini. Alisema amekuwa akipitia video zilizofungwa katika uwanja huo na kuona baadhi ya watu wakionekana kunyunyuzia dawa kwa maana ya kuroga ili kupata ushindi na kusema kuwa vitendo hivyo lazima vikomeshwe na adhabu kali zitatolewa. Waziri huyo wa michezo alisema kuwa sambamba na viongozi wa klabu na wapenzi wao pia serikali itachukua hatua kali kwa viongozi wa vyama vya soka watakaojihusisha na vitendo hivyo ikiwemo kusafiri na waganga nje ya nchi kwa nia ya kupata ushindi. Aidha Waziri huyo alisema kuwa serikali inasikitishwa na kilio cha gharama kubwa ya kuingiza vifaa nchini kinachotolewa na uongozi wa TFF na kwamba ameamua kulisimamia jambo hilo kwa kulifikisha kwa Waziri wa Fedha ili kuona namna ya kusaidia kuondoa kodi katika uingizaji wa vifaa vya michezo nchini. Alisema, vifaa ni muhimu katika mazoezi na maandalizi ya michezo na kwamba kilio cha muda mrefu katika hilo lazima kipatiwe ufumbuzi sasa kwa kulifikisha jambo hilo kwa Waziri wa Fedha na kumshauri namna ya kulishughulikia.",michezo,michezo,kitaifa,0.6879
SW3038,"SHIRIKA la Umeme Tanzania (Tanesco) limekutana na wateja wake wakubwa na wenye viwanda Kanda ya Kati na kutakiwa kutetekeleza ahadi ya serikali kwa Watanzania ya kusambaza huduma ya umeme iliyo bora nchini kote. Mkutano huo uliofanyika jijini Dodoma jana, ulihusisha wawekezaji wenye viwanda katika mikoa ya Morogoro, Dodoma na Singida na kufunguliwa na Mkuu wa Mkoa wa Dodoma, Dk Binilith Mahenge. Dk Mahenge amesema serikali iliahidi kuwapatia Watanzania huduma ya umeme iliyo bora na yenye uhakika ili kuwakwamua kiuchumi hususan walioko maeneo ya vijijini na kuitaka Tanesco kutekeleza ahadi hiyo kwa kuwekeza katika miradi mikubwa ya uboreshaji wa miundombinu ya umeme. Aliitaja miradi midogo na mikubwa inayoendelea kutekelezwa mkoani Dodoma kuwa ni uboreshaji wa kituo kikubwa cha gridi ya taifa cha Zuzu kinachoongezewa uwezo kutoka kupokea megawati 48 hadi megawati 400 ambao unatekelezwa na serikali kwa kushirikiana na Benki ya Maendeleo ya Afrika (AfDB). Dk Mahenge aliwataka wawekezaji kutumia fursa hiyo ya upatikanaji wa umeme wa uhakika kuwekeza zaidi katika viwanda mbalimbali hasa ikizingatiwa kuwa Dodoma ndio makao makuu ya serikali. ""Jiji la Dodoma lina fursa nyingi hivyo ni wakati sahihi wa kuwekeza katika kulijenga jiji,"" alisema. Amewakaribisha wadau wote waliohudhuria kikao kazi hicho kupita katika ofisi ya mkurugenzi wa jiji la Dodoma na kupata maelezo ya uwekezaji kwani hali ya umeme mkoani humo ni nzuri.",biashara,biashara,kitaifa,0.6563
SW37,"SOKO kubwa la kimataifa la mazao yanayotokana na muhogo linatarajiwa kujengwa wilayani Kasulu mkoani Kigoma kwa lengo la kupata soko la uhakika kwa nchi za Afrika Mashariki. Mratibu wa mpango wa pamoja wa Umoja wa Mataifa unaotekelezwa na mashirika 16 ya Umoja wa Mataifa, Evance Sangicha alisema kuwa soko hilo litajengwa katika kijiji cha Mvugwe wilaya ya Kasulu mkoani Kigoma na kwamba kiasi cha shilingi milioni 390 tayari kimeshatolewa kuanza utekelezaji wa ujenzi wa soko hilo. Sangicha alisema kuwa soko litajengwa chini ya utekelezaji wa mipango ya Shirika la maendeleo la UN (UNDP), Shirika la umoja wa matifa linalotoa ruzuku kwa wajasiliamali (UNCDF) na Shirika la Umoja wa mataifa la Viwanda (UNIDO) ambapo soko hilo litaenda sambamba na mchakato wa kuongeza uzalishaji (Mashamba) na usindikaji kwa kutumia viwanda vidogo. Mratibu huyo alisema kuwa utekelezaji wa mpango huo utafanyika chini ya ushirikiano na hlmashauri ya wilaya Kasulu, shirika la viwanda vidogo (SIDO) mkoa Kigoma na wadau mbalimbali ambao watashiriki moja kwa moja kwenye utekelezaji huo huku wajasiliamali wakishirikishwa kwa karibu. Sambamba na hilo Mratibu huyo alisema kuwa ujenzi wa soko hilo utaenda sambamba na ukarabati wa soko la Sofia lililopo mjini Kasulu ambapo kiasi cha shilingi milioni 90 katika awamu ya kwanza kitatumika kwa ajili ya kujenga vizimba vya wafanyabiashara. Mkurugenzi wa Halmashauri ya Mji wa Kasulu, Fatina Hussein alisema kuwa katika kushiriki utekelezaji wa mpango huo Halmshauri imejaga katika kuongeza maeneo ya uzalishaji, kuongeza wataalam ambao watawafikia wakulima,kuvipatia vikundi vya wajasiliamali mikopo ikiwemo wakulima na wachakati ili kuweza kwenda sambamba na mipango hiyo.",kitaifa,kitaifa,biashara,0.6548
SW1080,"NCHI wanachama wa Jumuiya ya Afrika Mashariki (EAC) zinafi kiria kugeukia kilimo cha mianzi kama moja ya vyanzo vya fedha za kigeni kutokana na soko la bidhaa hiyo kuongezeka kwa kasi duniani. Kwa sasa, bidhaa zitokanazo na mianzi zinatajwa kuwa na thamani ya Dola za Kimarekani bilioni 7 (zaidi ya Sh trilioni 15.4 za Tanzania kwa mwaka) kote duniani. Ni kutokana na ukweli huo, baraza la kisekta linaloshughulikia kilimo na usalama wa chakula, limeshauri nchi za EAC kufanya utafiti kabla ya kugeukia moja kwa moja katika kilimo hicho kinachoziingizia fedha nyingi nchi za Asia-Pasifiki. Soko la mianzi linakua kwa kasi kutokana na kufaa kwa uzalishaji chakula, utengenezaji wa karatasi, mbadala wa mbao, kazi za sanaa za mikono, mkaa, ujenzi wa nyumba na vibanda vya kisasa, mabomba ya maji, mapambo, chakula, pombe, dawa, nyuzi za kutengenezea magodoro na kadhalika. Katika kikao kilichomalizika hivi karibuni cha mawaziri wa kilimo, pia imeziagiza nchi wanachama wa EAC kulinda vyanzo vya maji kwa kupanda mianzi katika kingo zake na pia matumizi mengine yenye manufaa kwa jamii. Maazimio hayo yamechangiwa pia na ripoti ya EAC iliyotokana na Mafunzo ya Teknolojia ya Mianzi ya mwaka 2018 yaliyofanyika kati ya Aprili na Juni huko Hangzhou, China. Mafunzo hayo yaliandaliwa na Kituo cha Taifa cha Utafiti wa Mianzi China (CBRC) na kudhaminiwa na Wizara ya Biashara ya China yalikusanya washiriki kutoka nchi za Tanzania, Kenya, Uganda, Argentina, Brazil, Colombia, Peru, Thailand, Timor Mashariki na Sekretarieti ya EAC. Taasisi ya Future Market Insights ya London, Uingereza itatabiri kuwa, takribani tani milioni 63 zitauzwa kote duniani ifikapo mwaka 2027 na kutoa mapato ya zaidi ya Dola bilioni 10 (sawa na Sh trilioni 22 za Tanzania).",kitaifa,kitaifa,biashara,0.6537
SW2229,"MAHARUSI wawili wameibua hisia za watu mbalimbali nchini Marekani hivi karibuni baada ya kupata ajali ya helikopta na kufariki takribani saa mbili tu baada ya kufunga ndoa. Inaelezwa kuwa wawili hao, Will na Bailee Byler walifunga ndoa yao jioni ya Jumamosi, wiki iliyopita, nyumbani kwa familia ya bwana harusi katika eneo la Texas Kaskazini. Mara baada ya harusi wanaelezwa kuwa walipanda na kuondoka na helikopta hiyo iliyokuwa ikiongozwa na rubani, Gerald Lawrence, ambaye pia ametajwa kufariki dunia baada ya ajali hiyo. Kwa mujibu wa taarifa ya polisi, helikopta hiyo ilipata ajali katika eneo la lakini hata hivyo walifanikiwa kuipata siku ya Jumapili asubuhi. Watu mbalimbali wametumia mitandao yao ya kijamii kutoa pole kwa familia za wafiwa, huku wakiandika jinsi gani wameguswa na kifo cha wanandoa hao wachanga. Wawili hawa walikuwa wanafunzi wa Chuo Kikuu cha Sam Houston State.",kimataifa,kimataifa,kitaifa,0.6537
SW5870,"BENKI ya Maendeleo ya Afrika (AfDB) inatarajia kuipandisha daraja Tanzania kutoka katika hadhi ya kunufaika na Mfuko wa Maendeleo wa Benki (ADF) hadi kuwa na hadhi itakayoiwezesha Tanzania kuweza kupata rasilimali fedha zaidi kupitia dirisha la African Development Bank (ADB) la Benki ya Maendeleo ya Afrika. Endapo Tanzania itafanikiwa kupandishwa hadhi, nchi itaweza kunufaika na ongezeko la fedha kutoka Benki ya Maendeleo ya Afrika kutoka Dola za Marekani milioni 350 kwa mwaka hadi Dola za Marekani milioni 812 kwa mwaka. Hayo yamesemwa jijini Dodoma na Mwakilishi Mkazi wa Benki hiyo, Dk Alex Mubiru alipokutana na kufanya mazungumzo na Waziri wa Fedha na Mipango, Dk Philip Mpango, katika Ofisi Ndogo ya Wizara ya Fedha na Mipango. Katika mazungumzo hayo, Dk Alex alieleza kuwa hatua hiyo ya kupandishwa hadhi ama kupandishwa daraja, inatokana na uchumi wa nchi kufanya vizuri na kuwa na deni himilivu. Mwakilishi Mkazi wa Benki ya Maendeleo Afrika (AfDB), Alex Mubiru alisema kuwa benki hiyo inajivunia kufanya kazi na Tanzania ambayo ni miongoni mwa nchi waasisi wa Benki hiyo. Katika mazungumzo yao, Dk Mpango alieleza kuwa serikali inajivunia kufanya kazi pamoja na AfDB kwa kuwa benki hiyo imekuwa na masharti rafiki katika upatikanaji wa mikopo. Dk Mpango alisema kuwa benki hiyo ina mtazamo chanya katika maendeleo ya watu na kuwa dira katika mipango ya maendeleo. Aliahidi kushirikiana nao vyema katika kukuza uchumi wa nchi. Aidha, Mpango aliipongeza benki hiyo kwa kukubali kutekeleza miradi ya ujenzi wa barabara ya mzunguko Dodoma (kilometa 110.2) kwa kiwango cha lami na ujenzi wa Uwanja wa Ndege wa Dodoma (Msalato)",kitaifa,kitaifa,biashara,0.6494
SW4780,"Utumiaji wa rajisi hiyo, umeelezwa kuwa na manufaa makubwa kwani wateja wanaopata huduma kupitia mitandao hiyo, huwa na uhakika na huduma inayotolewa. Aidha unaelezwa kuwa rajisi hiyo ina uwezo mkubwa wa kupambana na uhalifu unaofanywa katika mitandao, kupitia . tz information centre inyohusika na usajili wa rajisi. Akizungumzia suala hilo katika Maonesho ya 38 ya Biashara ya Kimataifa ya Dar es Salaam yanayoendejea, Mhasibu wa . tz information centre, Peter John, alisema, bado watu wengi hawana uelewa wa umuhimu wa . tz.""Moja kati ya faida hizo ni kukabiliana na uhalifu ambao kwa sasa umeshika kasi kubwa, endapo utapokea ujumbe kwenye barua pepe yako na ikaonyesha ina rajisi ya . tz uwezekano wa kumpata mtu aliyefanya uhalifu ni mkubwa,"" alisema. Alisema mbali na usalama anaopata mteja mwenye rajisi hiyo, lakini pia gharama zake ziko chini. ""Unajua unapotumia rajisi za kijamii ni rahisi zaidi kuibiwa lakini pia huna pa kwenda kulalamika, lakini ukiwa na rajisi ya . tz ni vigumu sana kwa wewe kuibiwa,"" alisema.",biashara,biashara,kitaifa,0.6083
SW2857,"Katibu Mtendaji wa Baraza hilo, Beng'i Issa amesema waratibu hao wana wajibu wa kuhakikisha wanatumia ujuzi walioupata kwa faida ya wananchi katika mikoa yao. Jumla ya waratibu 41 wa madawati ya uwezeshaji kutoka katika mikoa ya Ruvuma, Iringa, Njombe, Rukwa, Songwe na Mbeya walipatiwa mafunzo ya siku tatu jijini Mbeya. Mafunzo hayo yalimalizika mwishoni mwa wiki. ""Tumewapatia mafunzo waratibu hawa wakafanye kazi kwa niaba ya baraza kutekeleza sera ya taifa ya uwezeshaji wananchi kiuchumi,"" alisema. Alisema mafunzo hayo yamelenga kuwapatia ufahamu wa kujua wajibu wao, kufanya kazi na jamii, kuibua fursa, kuwaonyesha fursa wananchi na kuwaunganisha na vyombo vya fedha na mifuko ya serikali kupata mikopo kuendeleza shughuli za kijasiriamali. Kwa mujibu wa kiongozi huyo wa NEEC, mafanikio na changamoto zitakazojitokeza katika kanda hiyo zitatumika katika kuboresha kanda nyingine zilizobaki. Alisisitiza kuwa serikali ya awamu ya tano chini ya Rais John Magufuli imeweka kipaumbele katika kuwawezesha wananchi kiuchumi hivyo kupitia waratibu hao wananchi watafikiwa kwa wingi na urahisi. Kaimu Katibu Tawala, mkoa wa Mbeya, Nyasebwa Chimagu alisema waratibu hao wamepatiwa dhamana kubwa na serikali hivyo wakatumike katika kupeleka elimu kwa wananchi juu ya uwezeshaji. Mratibu wa dawati la uwezeshaji, Halmashauri ya Manispaa ya Sumbawanga, Pelisius Kalikule alisema ameyapokea vizuri mafunzo hayo na amejipanga kwenda kufanya kazi aliyopewa na serikali.",biashara,biashara,kitaifa,0.5955
SW5267,"Katika taarifa aliyoituma kwa vyombo vya habari kupitia kwa Ofisa Habari wa Mkoa wa Mtwara, Evarist Masuha, ilisema Dangote ambaye ni raia wa Nigeria, aliwasili nchini kwa ndege yake binafsi na kutembelea kiwanda chake kuona shughuli za ujenzi zinavyoendelea. Akiwa eneo la ujenzi, tajiri huyo alisema kukamilika kwa kiwanda hicho kutaongeza ajira nchini na faida nyingine kwa wakazi wa eneo husika. Alisema atarudi baada ya wiki mbili kwa ajili ya kuweka jiwe la msingi. Mkuu wa Mkoa huo, Halima Dendego alisema ujio huo unatoa matumaini ya kukamilika kiwanda hicho kitakachotoa fursa nyingi kwa Watanzania. Mratibu wa mradi huo, Esther Duruti alisema ujenzi wa kiwanda hicho umefikia asilimia 80 kwa sasa.",biashara,biashara,kitaifa,0.5953
SW5637,"Mke wa Mwanamfalme wa Uingereza Meghan Markle ametahadharishwa kutovaa 'jeans' zilizochanika na viatu aina ya 'wedge' pindi atakapokwenda kumtembelea Malkia Elizabeth wa nchi hiyo. Markle na mumewe Prince Harry na mtoto wao waliyempata hivi karibuni Archie wanatarajiwa kumsalimu malkia huyo kwenye kasri yake ya Balmoral. Inaelezwa kuwa Malkia Elizabeth ameweka wazi kuwa anachukia mavazi hayo hivyo ni vyema Markle aepukane nayo. Hatahivyo Ikulu ya Kesington imekataa kzungumzia suala hilo, pindi walipotafutwa na moja ya vyombo vya habari nchini humo.",kimataifa,kimataifa,michezo,0.5916
SW5758,"RAIS John Magufuli amewataka mabalozi wanaowakilisha nchi zao hapa nchini kumpa majina ya watendaji wa Serikali wanaowazungusha wawekezaji wanaotaka kuwekeza Tanzania kutoka nchi wanazoziwakilisha. Alitoa kauli hiyo mkoani Njombe wakati akizindua kiwanda cha kuchakata chai cha Kabambe. Kiwanda hicho ambacho kiko chini ya Kampuni ya Unilever ambayo ni muungano wa makampuni ya Uingereza na Ufaransa, uwekezaji wake unafikia Sh bilioni 49.6 sawa na Euro milioni 19 na kimeajiri watu zaidi ya 75 na kuwahudumia wakulima wadogo wa chai zaidi ya 3,000 wanaouza chai yao katika kiwanda hicho. Aidha kiwanda hicho kina uwezo wa kuchakata tani 50 za chai kwa siku, lakini uwezo wa wakulima wadogo kuuza chai zao kwenye kiwanda hicho kwa sasa ni asilimia 30 tu badala ya asilimia 70 waliyopangiwa. Kwa kuzingatia umuhimu wa kutekeleza azma ya kuwa na Tanzania ya Viwanda, Rais Magufuli alisema anachukizwa na tabia ya baadhi ya watendaji serikalini wanaokwamisha juhudi za serikali kwa kuwasumbua wawekezaji wanaotaka kuwekeza katika sekta mbalimbali hapa nchini. Amesema moja ya changamoto alizoelezwa na Balozi wa Uingereza hapa nchini, Sarah Cooke ambazo makampuni ya Uingereza yanayotaka kuwekeza hapa nchini yanakumbana nayo, ni pamoja na usumbufu wanaoupata kutoka kwa watendaji wa idara husika za serikali zinazohusika na uwekezaji.""Kuna wawekezaji waliokwenda kuwekeza nchi jirani kutokana na tabia ya watendaji wetu kuwakwamisha kwa kuwaomba rushwa na kuwawekea vikwazo mbalimbali ikiwemo kisingizio cha mazingira, natoa mwito kwa mabalozi nileteeni jina la mtu yeyote anayewazungusha katika uwekezaji, mwekezaji ukishapata ardhi, anza kujenga kiwanda usisubiri, mambo mengine yatafuata,""amesema Rais Magufuli na kuongeza;""Ndiyo maana niliamua kukihamisha Kituo cha Uwekezaji Tanzania (TIC) kutoka Wizara ya Viwanda na Biashara kwenda Ofisi ya Waziri Mkuu, na huko wasipofanya vizuri nitakileta chini yangu,"" amesema. Kuhusu viwanda vya vinywaji vikiwemo viwanda vya bia na soda kutozwa kodi kubwa na kuisababishia serikali kupoteza zaidi ya Sh bilioni 20 kama ilivyoelezwa na Mbunge wa Mvomero ambaye ni Mwenyekiti wa Kamati ya Viwanda na Biashara, Sadiq Murad, Rais Magufuli alisema uamuzi wa kuyatoza kodi makampuni hayo ni sahihi kwa kuwa yalikuwa yakikwepa kodi kwa muda mrefu. Alisema baadhi ya makampuni ya vinywaji kwa kushirikiana na watendaji wasio waaminifu wa Mamlaka ya Mapato Tanzania (TRA), walikuwa wakipatiwa stempu za wizi kutoka kwa watendaji hao na kuzibandika katika vinywaji vyao, hivyo kuisababisha serikali kukosa mapato yake. Alisema utaratibu wa sasa wa kufunga kifaa maalumu kinachofuatilia uzalishaji wa vinywaji katika viwanda hivyo, kimesaidia serikali kujua kiasi cha chupa za vinywaji kinachozalishwa kila siku na hivyo serikali inapata kodi yake halali. Kutokana na umuhimu wa kulipa kodi serikalini, Balozi Cooke alisema asilimia tano ya kodi inayokusanywa nchini inatoka katika makampuni ya Uingereza yaliyowekeza hapa nchini. Awali, Mkuu wa Mkoa wa Njombe, Christopher Ole Sendeka, alimweleza Rais Magufuli kuwa ujenzi wa kiwanda hicho cha Kabambe umefanikishwa na juhudi za watu mbalimbali akiwemo aliyekuwa Katibu Mkuu Ikulu, Philemoni Luhanjo, Spika mstaafu, Anne Makinda na Askofu wa Kanisa Katoliki Jimbo la Njombe, Alfred Maluma.",biashara,biashara,kitaifa,0.571
SW864,"MREMBO wa vyuo vikuu nchini ya El Salvador, Mariselo De Montecristo ameahidi kujitolea kutangaza vivutio vya utalii vya Tanzania nje ya nchi kwa kuwa bado havijulikani nje ya nchi. Mrembo huyo aliyasema hayo alipokuwa katika Hifadhi ya Taifa ya Tarangire iliyopo mkoani Manyara na kupokelewa na mkuu wa idara ya Utalii ya Hifadhi hiyo, Neema Philipo. Alisema aliposhuka tu katika kiwanja cha ndege cha Kimataifa cha Kilimanjaro, KIA, alijiona yuko katika nchi yenye hali tofauti kimazingira na kila alipokuwa akipata taarifa ya vivutio mbalimbali kutoka kwa muongoza watalii, Denis Meela pale KIA na Tarangire, alijuwa wazi kuwa nchi hii ina vivutio vingi, lakini havijatangazwa nje ya nchi. Montecristo ambaye aliambatana na mama yake mzazi na rafiki yake wa kiume alisema ni mara yake ya kwanza kuja nchini, lakini aliahidi kuwa Balozi mzuri wa kutangaza vivutio katika mji wa Califonia nchini Marekani anakoishi na kufanya kazi.''Ni mara yangu ya kwanza kuja hapa Tanzania na nimefurahishwa sana na vivutio vya kitalii nilivyoviona hapa Tarangire na nitakuwa Balozi wa kutangaza vivutio katika mji wa Calfonia ili watalii wengi waweze kuja kutembelea hifadhi hii,'' alisema.''Zawadi za kitamaduni nilizopewa na uongozi wa Tarangire na akina mama wa kimasai ni kichocheo kikubwa kwangu kuutangaza utalii wa Tanzania nje ya nchi, ""alisema mrembo huyo. Mkuu wa Idara ya Utalii katika Hifadhi ya Tarangire, Neema alisema kuja kwa mrembo huyo kutautangaza utalii nje kwani ameahidi kufanya hivyo baada ya kujionea mwenye vivutio kibao katika hifadhi ya Tarangire ukiachilia mbali wanyama. Neema alisema ameahidi kutembelea hifadhi mbalimbali hapa nchini ikiwemo Mamlaka ya Hifadhi ya Ngorongoro (NCAA) na kupiga picha, lengo ni kuutangaza utalii nje ya nchi. Muongoza Watalii Meela alisema kuwa mrembo huyo amevutiwa sana na vivutio vingi vya hapa nchini na alipokuwa akimpa taarifa za vivutio hivyo alisema angependa kwenda kila sehemu ya vivutio hivyo. Meela amesema, mrembo huyo ameahidi mambo mengi, ikiwemo kuutangaza utalii nje hasa Calfonia anakoishi na ameahidi kuwahimiza warembo wengi zaidi wa nchi mbalimbali kuja nchini kutalii.",michezo,michezo,biashara,0.5699
SW1068,". Naibu Waziri wa Habari, Utamaduni, Sanaa na Michezo Mhe. Juliana Shonza amewataka wabunifu wa Tanzania kuhalalisha kazi zao za mitindo ili kupata furusa mbalimbali zinazopita kwenye wizara kutokana na kujulikana na kutambulika na serekali kihalali. Duka la Ally Rehmtullah jipaya lina ""Wi-Fi"" ya bure ili kuwapa wabunifu nafasi nzuri ya uwezekano wakuuza vitu mtandaoni na kunitangaza zaidi kama njia yakurasimisha usasa uliopo katika biashara ya ubunifu wa mavazi duniani.",burudani,burudani,kitaifa,0.5648
SW5439,"TANZANIA imedhamiria kukabiliana na vikwazo, vinavyowakabili wafanyabiashara mipakani, kwa kuanzisha mfumo wa kupokea taarifa kuhusu kikwazo chochote, kinachotokea na kukipatia ufumbuzi haraka. Katika kuwasaidia wafanyabiashara mipakani, Wizara ya Viwanda na Biashara kwa kushirikiana na Mamlaka ya Maendeleo ya Biashara Tanzania (TanTrade), imeanzisha kundi (grupu) maalum katika mtandao, linalounganisha wataalamu na watendaji wakuu wa taasisi zote husika ili kurahisisha upatikanaji wa haraka wa taarifa kuhusu kikwazo chochote, anachokumbana nacho mfanyabiashara wa Tanzania mpakani na kutafuta ufumbuzi wa haraka. Akizungumza na HabariLeo Afrika Mashariki kuhusu vikwazo vya biashara mipakani, Waziri wa Viwanda na Biashara, Innocent Bashungwa alisema wizara hiyo imekuwa ikipokea malalamiko mengi kutoka kwa wafanyabiashara wa Tanzania kuhusu vikwazo wanavyokutana navyo, wanapopeleka bidhaa zao katika masoko ya nchi za jirani.""Hii inaondoa maana ya soko huria ambalo viongozi wa mataifa ya Afrika akiwamo Rais wetu Dk John Magufuli, wamekuwa wakipigania liwapo ili kuondoa utegemezi wa bidhaa za nje ya Bara na kujenga uchumi wa mataifa yetu,"" alisema. Waziri huyo alisema Wizara ya Viwanda na Biashara kwa kushirikiana na wizara na taasisi nyingine, wanawasiliana na nchi jirani kushughulikia vikwazo vinavyojitokeza na kuzitaka hizo kuondoa vikwazo kwa wafanyabiashara wa Tanzania.""Nawasihi wafanyabiashara wa Tanzania kuwasiliana nasi kupitia mfumo huo pale mnapopata vikwazo mipakani ili tuchukue hatua stahiki na haraka.""Tunachotaka ni wafanyabiashara wetu kupanua wigo wa kibiashara kwenye nyanja za kimataifa bila vikwazo kwa kuanzia na masoko ya nchi majirani wetu,"" alisema. Bashungwa alisema kipindi cha nyuma wafanyabiashara wa Tanzania, walikuwa hawapati fursa ya kukaa na wizara husika na kueleza aina ya vikwazo wanavyovipata, lakini sasa kuna utaratibu wa kuwasiliana na wizara mara wanapopata vikwazo. Akizungumzia mawasiliano na wafanyabiashara katika mipaka yote ya Tanzania, Kaimu Mkurugenzi wa Huduma za Biashara wa TanTrade, Twilumba Mlelwa alisema wameunda kundi (grupu) katika mtandao wa kijamii lenye wafanyabiashara, maofisa watendaji wa taasisi za kibiashara kama TanTrade, Mamlaka ya Mapato, Shirika la Viwango Tanzania (TBS) na nyinginezo. Alisema katika kundi hilo, wamekuwa wakipata taarifa za vikwazo vya biashara katika mipaka yote nchini na kuvitafutia suluhisho la haraka na kisha mhusika kupewa taarifa. Alisema tangu kuanzishwa kwa kundi hilo, wamefanikiwa kutatua vikwazo mbalimbali hasa katika mpaka wa Tunduma. Mlelwa alisema vikwazo vingine mipakani, husababishwa na watendaji kutotimiza wajibu wao, hivyo kwenye kundi hilo wataalamu waliopo hutoa njia muafaka kwa watendaji ili kutatua suala hilo kwa kupeleka taarifa haraka na kupata muafaka kwa wakati.",biashara,biashara,kitaifa,0.5643
SW3935,"Akichangia Bajeti ya Wizara ya Elimu, sayansi na Teknolojia, Mbunge wa Chemba, Juma Nkamia (CCM) alisema, michezo hiyo imeshuka thamani kutokana na serikali kutoipa uzito na kutoithamini. Nkamia alisema kinachotakiwa kwa serikali, ni kuthamini michezo hiyo, ambayo ni muhimu katika kuandaa vijana kwa ajili ya timu za taifa. Amesema serikali inatakiwa kuipandisha hadhi na kuijali kwani ndiyo iliyowaibua wachezaji wa zamani kama Zamoyoni Mogela, Abeid Msiba, Makumbi Juma na wengineo na kuwa wachezaji wakubwa nchini. Amesema michezo hiyo inatakiwa kuwa na tija na faida kwa taifa, kwani ndiyo chimbuko la kuandaa vijana katika kuingia kwenye timu za taifa. Mbunge wa Viti Maalumu, Nuru Awadh Bafadhili (CUF) alisema michezo hiyo ya Umiseta inatakiwa kuthaminiwa na serikali kwa kupewa fedha za kutosha kuindesha.""Zimekuwa zikitolewa fedha kidogo, kitendo ambacho kinawafanya walimu washindwe kuendesha michezo vizuri, wafanye kwa kujitoleee na wakati mwingine kutakiwa kuwasaidia wanafunzi wao wanapokuwa katika michezo hiyo,"" amesema. Amesema hata walimu wanaokuwa kwenye michezo hiyo wanakuwa hawana fedha za kujikimu, hivyo ni vema serikali ikatoa fungu la kutosha kwa ajili ya kuendesha michezo hiyo.",michezo,michezo,kitaifa,0.5611
SW3287,"Baadhi ya nchi Barani Afrika zikiwemo Rwanda na Uganda zimesherehekea Sikukuu ya Eid al-Filtr leo, Jumanne. Mbali na nchi hizo, Waislam katika nchi za Somalia, Ethiopia, Sierra Leone na Jamhuri ya Kidemokrasi ya Congo (DRC) nao wameshiriki ibada ya Eid baada ya kukamilisha mfungo wa Ramadhan. Huko jijini Kigali, Sheikh Salim Hitimana amewaongoza Waislamu katika sala maalumu iliyofanyika katika viwanja vya Nyamirambo. Kwenye sala hiyo Sheikh Hitimana amewasihi Waislamu kuendelea kutenda mema kama walivyokuwa wakifanya katika kipindi chote cha Ramadhan.""Nautakia Umma wa Kiislamu Eid Mubaraka, nawanasihi waendelee na matendo ya upendo, kujikagua nafsi zao na kumcha Allah na kufanya kazi kwa bidii kama walivyofanya katika kipindi chote cha mfungo,"" amesema. Kutokana na nchi ya Saudi Arabia kuwa nchi yenye ushawishi mkubwa hasa linapokuja suala la muandamo wa mwenzi na kutangaza kuwa leo ni Sikukuu ya Eid, baadhi ya Waislamu watasherehekea leo sikukuu hiyo, japo mamlaka za nchi zao hazijatangaza Eid.",kimataifa,kimataifa,kitaifa,0.5567
SW3651,"Huku Wizara ya Nishati na Madini imetakiwa kuwanyang'anya vitalu vya gesi na madini wawekezaji wa ndani wasioviendeleza na kusubiri waje wawekezaji wengine kuingia nao ubia. Mbunge wa Donge,Yusuf S Yusuf (CUF) aliliambia bunge juzi wakati wakichangia majadala ya utekelezaji wa kamati maalumu ya nishati na madini huku akisisitiza kuwa ni vema wanasiasa kuwaacha wataalamu katika utekelezaji wa majukumu yao. Yusuf alisema ni vema kuwapa nafasi ya kuajiri wataalamu na siyo wanasiasa kutoa vimemo kwa ajili ya kuajiri ndugu huku akitaka watanzania kupewa kipaumbele katika masuala ya nishati na gesi.""Kamati imetembelea ujenzi wa gesi lakini kuanzia mwanzo mpaka mwisho ni wageni pekee hata kwa kazi ambazo hazina utaalamu hivyo ni vyema kuwapa kipaumbele wazalendo kwanza na kuwa na wageni wacheche.""Alitoa mfano wa nchi ya Oman katika uwekezaji wa dhahabu, mafuta na gesi watu wanaofanya kazi katika sekta hizo ni wazalendo huku kukiwa na wageni wachache ambao ni wataalamu katika sehemu mbalimbali. Aliitaka wizara hiyo kutoa taarifa sahihi na kwa wakati kuhusiana na masuala hayo ya gesi na mafuta ili kutowapa nafasi wanaotaka kupotosha kwa maslahi yao binafsi. Alisema katika siku za hivi karibuni kuna mmoja wa wawekezaji alishutumu serikali katika masuala ya uwekezaji, lakini Waziri wa Nishati na Madini alikuwepo na kutoa ufafanuzi na kusaidia kuondoa upotoshaji. Naye,Mbunge wa Viti Maalum, Naomi Kaihula (Chadema) alitaka kujua sababu kwa nini sekta ya nishati haitaki kuinuka huku kukiwa na nyenzo zote za kuwezesha kama kupata umeme wa jua na upepo.",biashara,biashara,kitaifa,0.5538
SW3556,"WAZIRI wa Viwanda, Biashara na Uwekezaji, George Kakunda amesema serikali ya Cuba ipo tayari kuendeleza ushirikiano na serikali ya Tanzania kwa kuwekeza katika uzalishaji wa miwa na viwanda vya sukari nchini. Kakunda alitoa kauli hiyo baada ya kufanya mazungumzo na Naibu Waziri wa Kilimo wa Cuba, Jose Rodriguez aliyekuwa akiongoza ujumbe kutoka Cuba ambao walikuwa na mazungumzo juu ya kuimarisha uhusiano katika kiwanda cha viuadudu wa viluwiluwi wa mbu wa malaria. Mazungumzo hayo yalifanyika katika ofisi za Shirika la Taifa la Maendeleo (NDC) yakihudhuriwa pia na Balozi wa Cuba nchini, Profesa Lucas Domingo, Katibu Mkuu wa Wizara ya Viwanda, Biashara na Uwekezaji, Profesa Elisante Ole Gabriel na Mkurugenzi Mwendeshaji wa NDC, Profesa Damian Gabagambi na maofisa wengine wa serikali.""Tumeomba tuongeze ushirikiano katika eneo la uzalishaji wa miwa na viwanda vya sukari hapa Tanzania. Lakini tumeenda mbali zaidi, tumewaomba wenzetu waongeze na ushirikiano wa kiutamaduni, mfano kuleta matamasha mfano ya muziki wa charanga,"" alisema Waziri Kakunda. Kwa upande wake, Almas alisema ushirikiano wa Tanzania na Cuba umekuwa wa siku nyingi tangu wakati wakiwa katika matatizo na kuishukuru Tanzania kwani walikuwa tayari hata kuipigania nchi hiyo Umoja wa Mataifa wakati wamewekewa vikwazo vya kiuchumi. Alisema umuhimu wa kuimarisha uhusiano na wanaangalia sasa juu ya uwekezaji katika mashamba ya miwa na viwanda vya sukari. ""Mungu akijalia mbele ya safari tutaangalia uwezekano wa uzalishaji wa mashamba ya miwa na viwanda vya sukari kwa sababu ni mambo ambayo tukiyafanya kwa dhati matokeo mazuri ya ziara hii yatakuja kuonekana "" alisema. Serikali ya Cuba ni mmiliki mshirika na Tanzania katika uanzishwa wa kiwanda cha Biotec Product kilichopo kibaha mkoani Pwani kikikusudia kuzalisha lita milioni mbili za dawa za viuadudu vya kuua viluwiluwi wa mbu waenezao ugonjwa wa malaria nchini.",kitaifa,kitaifa,biashara,0.5535
SW5350,"WADAU wa utalii wametabiri kuwa Wilaya ya Kisarawe itakua kimapato na kupata umaarufu kitaifa na kimataifa kutokana na utalii baada ya kufunguka kwa Barabara ya Dar es Salaam-Kisarawe hadi Hifadhi ya Taifa ya Mwalimu Julius Nyerere. Chama cha Watembeza Watalii Kusini mwa Tanzania (STTGS) kupitia kwa katibu wake, Dioniz Kazungu kimesema vivutio vya utalii vilivyomo wilayani Kisarawe katika Mkoa wa Pwani vitafahamika na wakati huohuo safari za kwenda katika hifadhi hiyo zitakuwa nyingi ikizingatiwa wilaya ipo karibu na Jiji la Dar es Salaam.""Kutoka Dar es Salaam hadi gati la kuingia hifadhi ya Mwalimu Nyerere kwa kupitia barabara hii, takribani Kilometa 180 ni saa nne. Hii ina maana sasa badala ya kufanya safari zile fupi za Mikumi, ambayo iko mbali, sasa safari nyingi zitakuwa kwa Mwalimu Nyerere National Park,"" alisema Kazungu. Alisema hayo hivi karibuni baada ya Mkuu wa Wilaya ya Kisarawe, Jokate Mwegelo kukutana na waongoza watalii na wadau wengine wa sekta ya utalii kwa lengo la kutangaza rasmi fursa zitokanazo na barabara hiyo. Katika mkutano huo ambao waongoza watalii walifanya ziara kwenye vivutio mbalimbali vya utalii wakiongozwa na Ofisa Utalii wa wilaya, Kennedy Muhoza, Kazungu aliomba serikali kufanyia matengenezo sehemu korofi ambazo kipindi cha mvua hazipitiki. Akipongeza serikali ya awamu ya tano kwa kuendeleza utalii Kusini na Magharibi ya Tanzania hususani kwenye hifadhi hiyo mpya ya Mwalimu Nyerere, Kazungu alisema ""tunaomba ione umuhimu wa kutengenza kwa kiwango cha lami angalau mpaka gati la Mtemere ili kuongeza ufanisi wa kazi yetu.""Kiongozi huyo wa waongoza watalii alisema hifadhi hiyo itakuwa ni ya kipekee na yenye mandhari nzuri ya kuvutia itakayoungana na hifadhi nyingine zilizotawanyika kikanda. Alitaja kanda hizo na idadi idadi ya hifadhi kwenye mabano ni Kaskazini (tano), Magharibi (saba), Mashariki (tatu) na Kusini zipo tatu. Akitaja fursa za uwekezaji katika utalii, Ofisa Utalii wa Wilaya, Muhoza, alisema Kisarawe ni wilaya iliyo jirani na hifadhi ya Mwalimu Nyerere (kilometa 152). Pia iko karibu na Kiwanja cha Ndege cha Kimataifa cha Julius Nyerere (JNIA) na Jiji la kibiashara la Dar es Salaam kwa takribani kilometa 15.",biashara,biashara,kitaifa,0.548
SW360,". Raia wa Uganda ambaye pia ni mwanafunzi anayesoma nchini China amekwama kukamilisha safari yake ya kurudi nyumbani baada ya vyombo vya usafiri mjini Wuhan kufungwa ili kudhibiti kusambaa kwa maambukizi ya virusi vya Corona. Juliet Nsiima amekiandikia kituo cha habari cha New Vision cha nchini Uganda kwamba alipaswa kuanza safari yake ya kurudi Uganda leo Jumatano, Januari 29 lakini hajafanikiwa kutokana na kukosa usafiri wa kumfikisha uwanja wa ndege.""Kwa hivyo, ndege yangu ya Guangzhou bado ilikuwa imepangwa kwenda Entebbe. Niliondoka chuo kwenda mjini ili nione hali ya vizuizi ilivyokuwa. Ilikuwa ngumu.""Mfumo wa usafiri wa umma ulikuwa umefungwa. Hakukuwa na mabasi au teksi kubeba abiria."" ameandika Nsiima. Kutokana na maambukizi ya virusi hivyo kuzidi kuongezeka nchini China, Nsiima amewaomba wasomaji wa ujumbe huo aliouweka New Vision wamuombee yeye na mamia ya raia wa Uganda waliomo nchini humo ili wawe salama.",kimataifa,kimataifa,kitaifa,0.5475
SW3383,"Mazrui alisema hayo wakati akijibu swali la Mwakilishi wa Kwahani (CCM), Ali Salum Haji aliyetaka kujua lini Shirika la viwango Zanzibar litafanya kazi ya kupambana na bidhaa bandia, zilizoingia katika soko la Zanzibar, ikiwemo vipuri vya gari. Akifafanua, Mazrui alisema kwa sasa shirika la viwango la Zanzibar (ZBS) halina uwezo wa kufanya ukaguzi wa kitaalamu kwa baadhi ya vipimo, ikiwemo bidhaa za magari. Alisema shirika la viwango la Zanzibar ili kutekeleza majukumu yake vizuri, linatakiwa kuwa na maabara 9 zitakazotoa huduma mbalimbali za vipimo, ambapo jumla ya Sh bilioni 12 zinahitajika.""Tunahitaji kuwa na maabara 9 kwa ajili ya kupima na kuchunguza sampuli mbalimbali ambapo kwa sasa hatuna huduma hizo na kulazimika kwenda Tanzania Bara,"" alisema. Alisema uchunguzi wa kuwepo kwa bidha zilizopita muda wake, unafanyiwa kazi na taasisi mbalimbali, ikiwemo kuchunguza bidhaa za binadamu. Alitaja baadhi ya bidhaa hizo ni mipira ya gari ambayo huingizwa nchini kwa 'njiza za panya' na taasisi za mapato na forodha.",biashara,biashara,kitaifa,0.5384
SW1557,"SEKTA za fedha zikiwamo benki na huduma nyingine za kifedha, wadau wa usafirishaji na wamiliki wa hoteli wametakiwa kuchangamkia fursa zitokanazo na mkutano wa Jumuiya ya Maendeleo ya Nchi za Kusini mwa Afrika (SADC) utakaofanyika Agosti, mwaka huu. Mkutano huo utaanza Agost 5 hadi 18, mwaka huu na utaambatana na matukio mbalimbali kati ya matukio hayo ni ufunguzi wa Jengo la Mwalimu Nyerere huku pia Rais mstaafu, Jakaya Kikwete naye ataongoza mjadala wa uchumi utakaofanyika Chuo Kikuu Dar es Salaam. Akizungumza na waandishi wa habari jana, Katibu Mkuu wa Wizara ya Mambo ya Nje, Ushirikiano Afrika Mashariki, Dk Faraj Mnyepe alibainisha kuwa mkutano huo utaleta nchini wageni zaidi ya 1000 ambapo kutakuwa na uhitaji wa huduma ya magari zaidi ya 500 kwa siku, uhitaji wa huduma za kifedha, afya, burudani na huduma nyingine muhimu. Alisema uhitaji huo wote ni fursa kubwa kwa watanzania ambapo aliwataka kuzitumia vema na kwa uadilifu ili kujiongezea kipato na kuliletea sifa taifa. Dk Mnyepe aliongeza kuwa Wizara yake imejipanga kushirikiana na watoa huduma hao kwa kuwapatia nafasi maalum za ushiriki huku akiwataka watanzania wengine kujitokeza kwenye kongamano la uchumi katika wiki ya viwanda itakayoanza Agost 5 hadi 9, mwaka huu. Alisema katika kipindi hicho cha mwezi Agosti kutakuwa na fursa nyingi ambazo watanzania watapaswa kuzitumia huku akitolea mfano wa kongamano hilo la kiuchumi kuwa watanzania wengi wanapaswa kuhudhuria ili kujua fursa za kibiashara na mataifa ya nje. Akizungumzia kuhu- siana na huduma za hoteli alibainisha kuwa kutakuwa na wageni wengine ambao watataka kutumia hoteli zilizopo nje ya kidogo ya jiji na kuwataka wamiliki wa hoteli hizo kuweka mazingira rafiki zaidi kwa wageni hao. ""Wapo wageni ambao moja kwa moja serikali itawahudumia usafiri na huduma za hoteli lakini kama wanakuja na ujumbe ambao ni mkubwa zaidi usioku- wapo kwenye mpango wetu wa kuwahudumia hawa wanaweza kuhitaji kukodi usafiri au hata kwenda kupata huduma za hoteli kwa gharama zao wenyewe... hivyo hapo ndio wadau binafsi wa usafiri wanapoingia na hata wamiliki wa hoteli hata zile za nje kidogo ya jiji, ninawatakia maandalizi mema ya mkutano huu na pia sekta ya habari nina imani imejipanga kusaidiana na serikali katika kuutangaza mkutano huu,"" alisema. Alisema kuwa pia SADC itaadhimisha miaka 27 tangu kuanzishwa kwake ambapo jengo la Mwalimu Nyerere lililopo katikati ya jiji litafunguliwa ikiwa ni heshima ya Hayati Baba wa Taifa, Mwalimu Nyerere ambaye ni kati ya waasisi wa SADC. Kabla ya mkutano huo kutakuwa na mikutano kad- haa ambapo kuanzia Agost 5 hadi 9 kutakuwa na ma- onesho ya wiki ya viwanda ikifuatiwa na mkutano wa viongozi wa ngazi ya juu utakaoanza Agost 9 hadi 12 na kuanzia Agost 13 hadi 15 kutakuwa na mkutano wa Mawaziri kabla ya kufanyika wa wakuu wa nchi Agost 17 na 18. Utahudhuriwa na wakuu wa nchi 16 na wageni zaidi ya 1,000 ambapo ndani yake wapo watu ambao walishawahi kuishi hapa nchini ambapo kwa mujibu wa Dk Mnyepe wageni hao wame- onesha nia ya kutembelea sehemu mbalimbali za kitalii nchini na maeneo waliyowa- hi kuishi wakati wakiwa hapa nchini.",kitaifa,kitaifa,biashara,0.5373
SW1625,"Akizungumzia mfumo huo alisema mfumo huo utatumika kutoa mizigo bandarini, katika viwanja vya ndege na mipakani na wenye kuhusisha wadau mbalimbali.""Awali Idara ya Forodha ilikuwa ikitumia mfumo wa asycuda kwa ajili ya kutolea mzigo ambapo umekuwa na changamoto nyingi zilizokuwa zikisababisha ucheleweshwaji wa kutoa mizigo bandarini,"" alisema Silaa na kuongeza kuwa mfumo huo ni wa Watanzania na katika kuutekekeza umegharimu dola za Kimarekani milioni 11.6. Alisema katika mfumo wa awali ulipaji wa mizigo ilikuwa lazima kwenda benki ambapo ulijumuisha pia mifumo mingine midogomidogo ambayo imekuwa ikisababisha usumbufu haswa wakati wa kuandaa ripoti. Silaa ambaye pia ni Mkurugenzi wa mfumo huo, alisema baada ya kuona mfumo wa awali ulikuwa na changamoto mbalimbali ndipo idara hiyo ilianza mchakato wa kutafuta mzabuni atakayefanya upembuzi juu ya mfumo huo wenye kukidhi matakwa ya Watanzania. Alisema faida za mfumo huo ni kurahisisha taratibu na kupunguza gharama na muda wa kutoa mizigo kutoka siku tisa hadi tano, kuwa na taratibu za wazi zenye kuleta manufaa katika utoaji wa mizigo na kuunganisha vitengo vya ndani vya TRA. Kuhusu kama mfumo huo utaweza kubaini mizigo haramu alisema mfumo huo utaweka wazi hatua kwa hatua ya mzigo tangu kuingia hadi kuondoka na kwamba nanikafanya nini hali ambayo itarahisisha kubaini watakaohusika na kitendo chochote chenye kutiliwa shaka.""Katika mfumo huu nyaraka za kughushiwa zitapunguzwa, utazingatia uadilifu kwa wanaoutumia kwani utatoa taarifa kila wakati unapotumiwa, kufahamu mzigo ulikocheleweshwa na ni nani aliyehusika, kuondoa uongo na kuondoa kufahamiana wakati wa kufuatilia nyaraka,' alisema. Kwa upande wake, Vileth Kazimoto wa kitengo cha Teknolojia ya Habari na Mawasiliano TRA, alisema chini ya mfumo huo zipo changamoto wanazotarajiwa kukumbana nazo, ikiwa ni pamoja na kuwepo kwa uelewa mdogo wa taaluma hiyo kwa wafanyakazi wengi wa TRA.",biashara,biashara,kitaifa,0.5373
SW3709,"KAMPUNI ya Vodacom Tanzania imeongeza ushiriki wa wasichana katika masuala ya sayansi, teknolojia, uhandisi na hisabati (STEM), kupitia mafunzo ya teknolojia ya ku-code yaliyodhaminiwa na kampuni hiyo. Awamu ya pili ya mafunzo hayo ilichukua siku tano na kushuhudia wanafunzi 59 wakihitimu mafunzo yaliyofanyika katika Taasisi ya Dar Teknohama Business Incubator (DTBI). Shirika la Sayansi na Utamaduni la Umoja wa Mataifa (UNESCO) linasema, 'ushiriki wa wanawake katika sayansi na teknolojia ni mdogo ukilinganisha na wanaume. Code like a girl ni programu ya kimataifa yenye lengo la kuandaa wasichana kuwa na ujuzi unaohitajika katika soko la ajira ya tekinolojia. Vodacom imesema, kwa kushirikiana na DTBI, mafunzo hayo yalijumuisha elimu ya lugha za kompyuta na utengenezaji wa programu kama HTML, CSS, GitHub and Bootstrap. Mafunzo yalitolewa kwa mfumo wa ushirikiano na yalijumuisha mafunzo ya kijamii na ku-code kuwawezesha kutengeneza tovuti. Washiriki pia walipata mafunzo kuwasilisha mada na mawasiliano.""Tumefurahishwa na wanafunzi waliohudhuria semina hii, wiki ilifana na mafunzo mbalimbali ya maisha, coding, mawasilisho, na mafunzo ya ujuzi wa mawasiliano, "" ilisema Vodacom.""Wasichana walikuwa wamiliki wa tovuti ambazo walitengeneza wao "" alisema Zaituni Ally, Mkuu wa Kitengo cha Ufanisi wa Shirika akimwakilisha Mkurugenzi wa Rasilimali Watu Vodacom, Vivienne Penessis na kuongeza:""Mabadiliko ya kidijitali yanatokea kila mahali duniani, hivyo ni muhimu kuandaa wasichana kwa mabadiliko haya katika soko la ajira"". Ofisa Mtendaji Mkuu wa DTBI Dk George Mulamula alisema; ""awamu ya kwanza ya mafunzo, tuliona idadi kubwa ya wanafunzi, hasa wasichana katika shule za sekondari wanafundishwa kwa nadharia badala ya vitendo kuhusiana na teknolojia ya Mawasiliano (ICT).""Hivyo basi mkakati huu wa mafunzo haya una lengo la kuwawezesha wasichana nchini kote kupata elimu ya ICT, kuwasaidia kupata fursa mbalimbali katika mazingira ya teknolojia kama vile vijana wenzao wa kiume, "" aliongeza. Lengo la Vodacom ni kutoa fursa wasichana nchini kote kushiriki a masomo ya STEM; ""Coding ndio nati na spana za dijitali siku zijazo. Kupitia mipango kama hii, tunatarajia kuona wasichana wengi katika Teknolojia. Pia kuwasaidia vijana kupanua ujuzi wao kupitia teknolojia kuleta maendeleo, ""alielezea Zaituni.",kitaifa,kitaifa,biashara,0.5252
SW1586,"Kauli hiyo imetolewa na Mwenyekiti wa Bodi ya Uongozi wa chuo hicho, Profesa Mathew Luhanga, katika hotuba yake iliyosomwa na Profesa Eliuter Mageni katika mahafali ya 48 ya chuo hicho mwishoni mwa wiki. Alisema kwamba ufugaji wa nyuki ni eneo linalokua kwa kasi hapa nchini hivyo chuo hicho kinajipanga kutoa mchango wake kwa jamii katika eneo hilo.""Tayari elimu ya awali juu ya bidhaa za nyuki imeanza kutolewa kwa baadhi ya wanafunzi ndani ya chuo,"" alisema Profesa Luhanga na kuongeza mitaala imezingatia utoaji wa mafunzo ya ujasiriamali ambayo dhamira yake ni kufanya utafiti, kutoa huduma za ushauri na mbinu za kutafuta masoko na mitaji kwa wajasiriamali. Katika mahafali hayo, ambayo mgeni rasmi alikuwa Waziri wa Viwanda na Biashara, Dk Abdallah Kigoda aliyewakilishwa na Naibu wake, Gregory Teu, jumla ya wahitimu 2,272 katika ngazi za astashahada, stashahada na shahada ya uzamili walitunukiwa. Aidha, kulikuwa na wahitimu waliomaliza mafunzo ya lugha ya Kifaransa daraja la kwanza na wanane wa daraja la pili. Katika mahafali hayo, ambayo Desemba 14 yataendelea kwenye Kampasi ya Mwanza, Mkuu wa Chuo, Profesa Emmanuel Mjema aliiomba Serikali kupitia Wizara ya Viwanda na Biashara kutoa ushirikiano katika kukiendeleza chuo kimuundombinu.",biashara,biashara,kitaifa,0.5205
SW2141,"Kijiji cha Ololosokwan hivi karibuni kitaingia katika kijiji cha dijitali ambapo matumizi ya data na mawasiliano ya kawaida yatakuwa makubwa. Ujumbe huo ambao uliongozwa na diwani wa Kata ya Ololosokwan,Yannick Ndoinyo ulisema kuwapo kwa mnara huo na radio kumesaidia kutoa fursa za kutatua changamoto mbalimbali za kijamii na kiuchumi. Airtel mwaka jana ikishirikiana na Shirika la Umoja wa Mataifa la Elimu, Sayansi na Utamaduni (UNESCO) walizindua Radio ya Jamii katika kijiji cha Ololosokwan, Loliondo Wilayani Ngorongoro mkoani Arusha. Redio hiyo inalenga kusaidia jamii hiyo yenye changamoto mbalimbali ikiwemo za mila potofu za ukeketaji, elimu duni, ukandamizaji wa wanawake na masuala ya afya ya mama na mtoto.""Tunawashuru Airtel, mnara mlioweka pale Ololosokwan sasa unasaidia kurahisisha mawasiliano ya simu na pia huduma za kifedha kwa kuwa benki ziko mbali hivyo sasa tunaitumia huduma ya Airtel Money kutuma na kutoa pesa pale kijijini"", alisema Yannick. Aidha alisema kituo cha Radio ya Jamii kinawaletea mafanikio makubwa, kutokana na kuwaelimisha na kuwafahamisha mambo ya msingi yanayoendelea nchini. Kwa upande wake, Mkurugenzi Mtendaji wa Airtel, Sunil Colaso alisema wamefanya yote hayo kutimiza jukumu lake la kurejesha faida kwa jamii. Aidha, alisema kuwepo kwa mnara huo na redio kumelenga kuwawezesha wakazi wa Ololosokwan na vijiji vingine jirani takribani 14 kukuza soko kwa kuwa na uwezo wa kupata na kutoa taarifa mbalimbali.",biashara,biashara,kitaifa,0.511
SW6277,"Mamlaka ya Anga Tanzania (TCAA) imetoa siku 28 kwa shirika la ndege la Fastjet kutoa maelezo ya kwanini wasifutiwe leseni ya uendeshaji wa shughuli zao nchini. Mamlaka hiyo imefikia uamuzi huo kwa kuwa shirika hilo la ndege halina ndege za kutosha na hivyo limekuwa likileta kadhia kwa abiria wanaotumia ndege zake, mara kwa mara. Fastjet imeamriwa kusitisha mauzo ya tiketi kwa abiria, pamoja na kurudisha fedha kwa abiria ambao tayari wamekwisha nunua tiketi au wawaombee usafiri kwenye mashirika mengine. Pia wameambiwa wazingatie kuwa waliopata hasara wanafidiwa kwa mujibu wa sheria. TCAA imeongeza kuwa endapo ndani ya siku hizo 28, shirika hilo litashindwa kujieleza na kujinasua kwenye kufungiwa, stahiki zote za wafanyakazi zitalipwa.",kitaifa,kitaifa,biashara,0.4726
SW3003,"Aidha, serikali imeshauriwa kuangalia upya utaratibu wa kutoa misamaha ya kodi, hasa kwa kampuni kubwa zisizohitaji msamaha huo, kuwezesha kuongeza pato la Taifa kama Watanzania wanavyobanwa kulipa kodi katika mataifa ya nje waliomo. Hayo yalisemwa juzi na Mjumbe Kadari Singo, wakati akichangia mjadala wa Rasimu ya Katiba kuhusu Sura ya Kwanza na ya Sita. Akitoa mifano ya mataifa mengine, Singo alisema ripoti ya fedha ya mwezi wa pili mwaka huu ya Benki Kuu ya Tanzania (BoT), inaonesha kuwa Kenya inaingiza Dola za Marekani bilioni 1.7 kwa mwaka kutoka kwa Wakenya waliopo nje ya nchi hiyo.""Nigeria diaspora inaingiza Dola za Marekani bilioni 21 ambayo kwa hapa nchini, kiasi hicho cha fedha kinaendesha Wizara ya Tawala za Mikoa na Serikali za Mitaa (Tamisemi) kwa miaka mitatu. Uganda zinaingia dola za Marekani milioni 910 na China ni dola za Marekani bilioni 60 kwa mwaka,"" alisema Singo. Alisema Tanzania Diaspora inaingiza dola za Marekani milioni 10 hadi 37 kwa mwaka na kuwataka Watanzania kutopuuza raia walioko nje ya nchi, kwani wanaweza kuchangia kwa kiasi kikubwa katika kukuza uchumi. Singo alisema katika kuchangia katika pato la taifa, Uganda diaspora inachangia asilimia 4.3 wakati Lesotho inachangia asilimia 34. Alilitaka Taifa kufikiria kwa kina kuhusu uraia pacha na kueleza kuwa Tanzania ni moja ya nchi saba pekee Afrika, zinazokataa uraia huo.""Tusiwe wavivu kufikiria kuhusu uraia pacha, haki ya kuzaliwa kwa raia wa Tanzania walioko nje ni ya muhimu, viongozi wa Kitaifa wakija huko tuliko, tunawapokea na kuwazunguka kwa mazungumzo, leo tukija nyumbani tunaambiwa tumekimbia nchi, si kweli,"" alisema Singo. HabarzotenaGloriTesha",biashara,biashara,kitaifa,0.4652
SW2605,"Tamasha la muziki la Wasafi Festival linatarajiwa kufanyika kwenye mikoa minane kuanzia Julai mwaka huu. Wasafi Festival litafanyika sanjari na utoaji wa elimu ya matumizi sahihi ya kondom ili kujikinga kupata virusi vinavyosababisha upungufu wa kinga mwilini(VVU) na Ukimwi. Tume ya Kupambana na Ukimwi Tanzania (Tacaids) itatoa elimu hiyo na ni mmoja wa wadhamini wa tamasha hilo. Mkurugenzi wa lebo ya WCB Naseeb Abdul 'Diamond Platnumz' amewaeleza waandishi wa habari jijini Dar es Salaam kuwa, kuna uwezekano mikoa ikaongezeka kwa kuzingatia mwamko wa washiriki kwenye mikoa minane ya kwanza. Tamasha hilo litaanza Julai 12 wilayani Muleba mkoani Kagera, kisha litahamia Tabora Julai 14, na Iringa Julai 20. ""Tumejipanga kupeleka burudani ya kutosha kwenye mikoa husika na tutaendelea kutoa taarifa ya wasanii wangapi watashiriki na wangapi watatoka nje ya nchi,"" amesema Diamond.",kitaifa,kitaifa,michezo,0.4426
